amount,transaction_hour,merchant_risk,customer_age,account_age_days,transactions_last_24h,avg_transaction_amount,failed_transactions,international_transaction,device_risk,previous_fraud,is_fraud
85.53,8,0.603,24,3280,2,162.81,2,0,0.312,0,0
39.68,19,0.29,46,2947,3,181.47,1,0,0.342,0,0
415.96,1,0.337,34,2462,3,92.7,0,0,0.245,0,0
75.82,12,0.21,28,1015,3,115.51,0,1,0.409,0,0
272.06,10,0.432,58,3390,4,214.63,0,0,0.413,0,1
978.66,20,0.325,46,2615,1,95.97,1,1,0.443,0,0
63.05,21,0.291,53,1243,3,149.34,0,0,0.31,0,0
293.93,21,0.155,24,1339,1,55.86,0,0,0.508,0,0
59.29,16,0.306,26,3589,0,117.37,1,0,0.349,0,0
123.61,22,0.229,39,880,2,121.76,1,0,0.352,0,0
353.95,19,0.287,62,1263,4,84.85,0,0,0.264,0,0
72.58,9,0.208,19,577,3,28.95,0,0,0.287,0,0
196.18,0,0.085,62,2508,5,78.65,0,0,0.276,0,0
50.35,6,0.065,51,1695,2,738.82,2,1,0.242,0,0
93.4,10,0.439,52,1652,2,244.18,0,1,0.204,0,0
50.53,15,0.234,66,3407,5,175.7,0,0,0.07,0,0
41.14,0,0.299,22,1825,3,147.27,1,0,0.136,0,0
105.54,5,0.453,73,2925,0,48.34,2,0,0.192,0,0
58.71,1,0.293,25,1439,5,187.21,1,0,0.388,0,1
217.44,17,0.215,56,2217,4,43.8,2,0,0.293,0,0
84.87,15,0.52,73,1185,2,249.67,1,0,0.09,0,0
491.39,8,0.108,60,107,2,146.47,0,0,0.242,0,0
140.1,0,0.35,53,768,5,66.48,2,0,0.489,1,0
114.48,5,0.105,65,2821,5,479.34,1,0,0.313,1,1
115.27,2,0.04,47,1278,1,88.5,0,0,0.216,0,0
1001.66,19,0.279,72,2972,5,185.52,0,0,0.367,0,1
179.35,16,0.329,44,2627,3,26.3,0,0,0.213,0,0
75.4,16,0.196,27,980,1,145.0,0,0,0.227,0,0
52.61,2,0.155,26,623,3,51.92,1,0,0.268,0,0
77.74,10,0.683,63,2157,2,174.06,2,0,0.267,0,0
249.92,20,0.424,47,2561,5,220.01,1,0,0.439,0,0
926.54,7,0.428,60,1896,2,337.59,2,1,0.168,0,1
294.59,12,0.103,68,256,2,55.09,1,0,0.152,0,0
179.63,10,0.307,75,291,2,142.62,0,1,0.321,0,0
586.2,12,0.192,47,1533,3,145.23,1,0,0.264,0,0
206.0,11,0.669,75,3446,5,84.07,1,0,0.402,0,0
40.71,4,0.261,52,636,1,27.55,0,0,0.26,0,0
405.83,8,0.441,45,500,3,64.61,0,1,0.325,0,0
58.01,1,0.226,24,2846,7,149.36,0,0,0.448,0,0
336.26,13,0.478,38,1498,5,190.21,4,0,0.54,0,0
118.22,5,0.182,35,3132,3,135.15,2,0,0.506,0,1
129.37,5,0.373,61,3206,1,271.88,0,0,0.138,0,1
110.86,8,0.23,37,1492,5,123.31,1,0,0.263,0,0
576.08,12,0.098,45,1783,6,106.58,1,0,0.231,0,0
397.15,15,0.453,62,85,8,185.3,2,0,0.507,0,0
558.6,22,0.178,28,864,2,112.63,0,0,0.194,0,0
69.43,14,0.231,48,1090,4,342.6,0,0,0.213,1,0
8.05,20,0.561,68,2717,6,115.14,1,0,0.157,0,0
234.14,15,0.306,37,1473,0,64.57,1,1,0.233,0,0
258.08,15,0.225,24,1870,2,36.35,1,0,0.081,0,0
108.89,21,0.246,18,572,3,190.53,0,0,0.157,0,0
444.11,22,0.33,23,2115,4,326.12,0,0,0.253,0,0
64.6,10,0.788,50,3131,0,103.42,2,0,0.302,0,0
82.36,20,0.608,63,405,2,381.54,2,0,0.386,0,0
124.83,5,0.365,34,2262,0,143.78,1,0,0.325,0,0
187.55,2,0.313,47,638,2,81.68,0,0,0.248,0,0
129.08,1,0.382,52,2445,6,248.62,0,0,0.353,0,0
116.12,16,0.477,59,1110,2,15.92,0,0,0.403,0,0
116.87,2,0.351,30,2732,1,72.88,1,0,0.208,0,1
154.2,21,0.469,22,2684,6,224.76,0,0,0.81,0,0
39.41,19,0.289,20,2947,4,91.39,0,0,0.266,0,0
38.19,9,0.593,43,2189,6,88.31,1,0,0.178,0,0
616.77,11,0.525,47,288,3,191.74,1,0,0.492,0,0
147.37,7,0.426,22,2719,1,188.99,1,0,0.173,0,0
35.7,6,0.215,54,216,1,93.21,0,0,0.621,1,0
202.62,7,0.67,59,2681,8,90.45,0,1,0.104,0,0
300.69,22,0.053,29,1037,7,37.09,2,0,0.293,0,1
193.62,10,0.3,39,1939,3,503.68,1,1,0.095,0,0
177.45,6,0.313,43,3460,6,116.37,1,1,0.523,0,0
136.88,16,0.349,40,2066,5,86.27,1,0,0.331,0,0
48.1,11,0.181,48,347,7,263.15,0,0,0.157,0,0
66.12,13,0.41,51,2591,4,297.06,3,0,0.143,1,1
50.51,12,0.352,47,620,4,298.03,0,0,0.317,0,0
364.89,18,0.053,43,779,6,79.94,0,1,0.309,0,0
374.14,14,0.25,53,616,4,39.49,0,1,0.146,0,0
42.99,17,0.335,56,2019,4,91.43,2,0,0.373,0,1
134.73,9,0.039,67,2104,3,95.51,1,0,0.034,0,0
2193.02,0,0.431,54,2911,9,39.17,0,0,0.209,0,0
272.29,1,0.107,25,1159,1,200.7,1,1,0.204,0,0
519.49,7,0.256,57,1683,3,339.97,0,0,0.445,0,0
60.1,13,0.184,45,1680,4,144.11,0,0,0.35,0,0
250.17,6,0.348,41,3024,3,123.47,0,1,0.267,0,0
82.69,6,0.541,18,143,2,161.04,1,1,0.244,0,0
3615.94,7,0.4,51,2684,3,155.78,1,0,0.349,0,0
22.88,6,0.061,26,2407,7,155.61,0,1,0.317,0,0
1293.36,8,0.195,23,2367,6,48.28,1,0,0.319,0,0
134.82,10,0.49,70,3391,7,76.32,1,0,0.326,0,0
157.47,3,0.155,63,1123,5,56.06,0,0,0.447,0,0
21.13,17,0.288,20,464,5,145.32,1,0,0.417,1,0
35.4,5,0.361,31,3409,6,258.81,0,0,0.227,0,0
70.32,16,0.166,35,2117,5,70.03,0,0,0.506,0,1
87.31,17,0.645,52,1426,7,130.38,1,0,0.69,0,0
238.37,17,0.246,70,3288,4,189.89,1,0,0.079,0,0
134.44,9,0.11,43,1920,8,74.29,2,1,0.556,0,0
122.69,23,0.678,26,255,5,142.86,1,0,0.063,1,1
249.35,17,0.04,66,1661,7,199.92,1,0,0.195,0,0
402.05,4,0.195,40,3407,3,172.41,0,0,0.182,0,0
440.88,9,0.252,26,1972,1,110.26,0,0,0.475,0,0
387.33,21,0.234,38,3383,7,106.65,0,1,0.297,0,0
20.34,21,0.053,20,3182,2,300.47,1,0,0.442,0,0
64.92,8,0.264,68,1786,3,48.67,3,0,0.032,0,0
256.4,22,0.128,72,1447,0,145.76,1,0,0.587,0,0
151.35,15,0.231,27,1545,4,41.94,1,1,0.438,0,0
244.73,9,0.449,42,863,3,99.12,0,0,0.584,0,0
118.99,9,0.255,68,675,2,31.01,0,0,0.054,0,0
867.36,8,0.243,53,1335,3,66.36,0,0,0.149,0,0
973.75,19,0.196,48,438,6,333.65,3,0,0.107,0,0
105.94,23,0.499,43,1516,7,263.36,1,0,0.473,0,0
483.05,12,0.458,40,2449,4,49.11,1,0,0.274,0,1
100.67,15,0.32,73,1149,2,126.25,2,0,0.216,0,0
35.81,0,0.411,19,1139,3,119.52,0,0,0.562,0,0
138.16,0,0.325,72,2988,2,65.17,2,0,0.421,0,0
48.13,2,0.302,18,3615,4,112.94,0,0,0.235,0,0
79.45,1,0.108,74,1780,6,92.49,1,0,0.686,0,0
791.95,15,0.01,60,1589,8,190.4,1,0,0.425,0,0
72.3,21,0.118,34,2563,1,256.6,0,0,0.525,0,0
114.1,13,0.233,19,1483,6,109.13,0,0,0.653,0,0
419.52,5,0.46,53,3170,4,130.18,1,1,0.271,0,0
67.19,6,0.22,63,1547,3,165.27,1,0,0.135,0,0
275.06,23,0.132,63,1866,5,112.78,1,0,0.104,0,0
124.84,16,0.414,20,3530,5,237.89,2,0,0.703,0,1
479.49,10,0.039,35,1186,2,95.55,0,0,0.324,0,0
555.8,7,0.144,57,542,3,20.32,0,0,0.212,0,0
47.32,3,0.255,59,1474,2,50.94,0,0,0.03,0,0
26.42,9,0.2,21,1894,2,125.15,0,0,0.167,0,0
163.66,21,0.382,70,2083,5,43.82,1,0,0.178,1,0
103.72,6,0.121,70,816,3,237.53,3,0,0.741,0,1
55.99,18,0.333,42,547,5,316.35,1,0,0.241,0,0
21.59,17,0.514,23,473,5,147.03,1,1,0.258,0,0
344.46,20,0.234,43,1759,2,245.44,1,0,0.651,0,0
64.32,23,0.139,72,2989,9,150.83,0,0,0.206,0,0
263.06,2,0.313,45,2434,1,87.89,0,0,0.467,0,0
180.32,8,0.34,33,2025,2,396.72,2,0,0.172,0,0
120.38,20,0.444,40,1426,6,131.59,1,0,0.428,0,0
1113.51,22,0.297,22,434,1,436.27,0,1,0.399,1,0
57.35,11,0.296,64,212,2,64.83,0,0,0.192,0,0
69.31,16,0.171,63,3309,4,245.19,0,0,0.196,0,0
167.85,23,0.649,43,3195,2,129.49,0,0,0.185,0,0
135.68,19,0.046,60,1621,7,147.33,1,0,0.183,0,0
2253.34,16,0.406,22,3083,2,163.39,1,1,0.537,0,1
377.33,21,0.112,55,1050,3,71.66,2,1,0.316,0,0
194.28,13,0.141,32,1320,2,129.73,0,1,0.401,0,0
75.08,14,0.62,69,1877,7,239.51,1,1,0.356,0,0
216.94,14,0.591,62,3426,2,728.91,2,0,0.459,0,0
83.27,3,0.296,60,2402,5,38.83,1,0,0.586,0,1
178.52,20,0.614,60,2700,7,202.22,1,0,0.341,0,0
369.21,15,0.147,69,808,4,142.43,0,1,0.396,0,0
1242.36,18,0.097,43,1336,3,69.22,0,0,0.129,0,0
594.87,10,0.129,74,760,0,87.47,1,0,0.04,0,0
48.81,3,0.148,71,2514,6,58.03,2,0,0.411,0,0
246.62,23,0.242,57,1558,3,54.34,1,0,0.35,0,0
36.35,15,0.264,46,2017,7,323.42,1,1,0.48,0,0
51.67,10,0.448,27,2524,3,135.02,0,0,0.473,0,1
53.12,12,0.494,67,318,7,70.99,2,0,0.115,0,0
129.76,11,0.351,51,728,5,82.84,2,0,0.443,0,0
92.81,12,0.208,56,237,9,37.01,1,0,0.163,0,0
246.72,19,0.196,19,3122,0,235.74,0,0,0.361,0,0
64.25,23,0.498,42,2179,3,114.17,1,0,0.374,1,0
489.18,11,0.159,50,527,8,140.49,3,0,0.12,0,0
192.46,4,0.308,38,1847,8,458.73,0,0,0.196,0,0
45.18,23,0.355,60,748,5,151.01,0,0,0.524,0,0
81.22,22,0.259,31,3014,0,106.11,2,0,0.284,0,0
291.44,10,0.383,43,3603,6,116.46,1,0,0.403,0,0
139.19,12,0.328,55,2054,3,135.48,2,0,0.275,1,0
209.86,7,0.208,71,2362,3,75.51,1,0,0.244,1,1
271.54,4,0.273,54,649,2,230.26,2,0,0.613,0,0
243.24,3,0.181,21,3536,3,233.02,0,0,0.598,1,0
50.8,4,0.318,65,1236,10,234.05,1,0,0.486,0,0
438.21,16,0.135,42,610,5,164.69,0,0,0.524,0,0
90.77,0,0.368,34,2378,5,89.86,2,0,0.324,0,0
40.75,12,0.134,67,808,3,49.71,2,0,0.293,0,0
246.84,16,0.406,53,3451,2,108.41,0,1,0.58,0,1
437.8,18,0.307,48,990,1,32.6,1,0,0.197,0,0
120.71,18,0.283,47,404,0,162.59,0,0,0.535,0,0
32.62,17,0.59,40,1600,10,117.05,0,0,0.351,0,0
111.27,20,0.496,31,1593,1,49.28,0,0,0.061,0,0
95.02,15,0.283,40,2738,4,193.82,1,0,0.344,0,0
335.46,6,0.322,61,1677,7,84.92,0,0,0.649,0,0
100.96,4,0.271,26,2099,3,162.43,0,0,0.107,0,0
125.36,0,0.418,27,279,6,107.64,1,1,0.797,1,1
211.93,5,0.357,31,2416,7,254.65,1,0,0.343,0,0
87.69,18,0.274,41,1641,3,186.33,1,0,0.243,0,0
100.32,12,0.053,53,635,7,185.25,0,1,0.041,0,0
36.04,18,0.133,24,2455,2,163.48,2,0,0.32,0,0
134.9,14,0.539,65,1030,4,48.27,0,1,0.373,0,0
110.22,10,0.24,29,101,3,72.96,0,0,0.437,0,0
271.26,13,0.194,42,1571,3,73.81,0,1,0.096,0,1
71.66,11,0.304,39,2873,5,126.88,1,0,0.182,0,0
281.07,21,0.426,44,3287,5,258.48,1,1,0.137,0,0
66.05,17,0.226,18,622,2,157.29,1,0,0.258,0,0
47.99,13,0.248,27,1129,1,163.0,1,1,0.504,0,0
149.59,5,0.414,38,1682,2,49.09,0,0,0.277,0,0
98.28,22,0.254,52,3487,6,137.84,1,0,0.41,0,0
78.13,21,0.214,55,507,3,412.37,1,0,0.266,0,0
280.18,10,0.154,55,1916,1,199.11,0,0,0.408,1,0
160.55,13,0.481,41,3316,5,215.07,1,0,0.419,0,0
111.97,2,0.541,26,1176,1,298.61,0,0,0.298,0,0
25.12,21,0.101,60,3461,5,201.98,1,0,0.678,0,1
240.06,7,0.063,27,2751,7,47.47,1,0,0.178,0,0
177.01,3,0.146,62,220,3,48.13,2,0,0.464,0,0
265.75,1,0.336,38,2525,5,181.82,1,0,0.174,0,0
468.38,20,0.096,19,1686,4,42.34,1,0,0.475,0,0
233.86,2,0.437,20,371,3,60.06,0,1,0.701,0,1
811.95,19,0.558,53,3641,5,31.79,1,0,0.194,0,0
50.64,14,0.429,57,1153,3,90.78,1,0,0.563,1,0
179.42,8,0.439,27,2261,5,154.81,0,0,0.379,0,0
171.3,10,0.138,75,625,5,59.48,1,0,0.375,0,0
430.07,23,0.409,21,2527,4,32.68,0,0,0.114,0,0
51.95,5,0.31,61,3263,5,64.76,0,0,0.095,0,0
184.78,9,0.337,62,692,1,340.74,2,0,0.271,0,0
237.47,7,0.211,46,2617,5,91.95,1,0,0.139,0,0
263.11,16,0.137,45,528,5,198.47,0,0,0.233,0,0
65.0,15,0.178,26,2080,4,57.26,0,0,0.302,0,0
68.95,3,0.528,36,2491,4,162.88,1,1,0.193,0,1
103.22,22,0.516,35,3389,5,62.78,0,0,0.361,0,0
126.99,10,0.325,52,1190,1,130.25,1,0,0.338,0,0
572.98,2,0.117,45,1336,8,119.34,0,0,0.333,0,0
51.54,12,0.026,38,2028,4,23.76,0,0,0.109,0,0
546.36,14,0.18,71,1068,6,107.65,1,0,0.416,0,0
250.34,6,0.321,25,2657,0,42.92,0,0,0.124,0,0
397.71,13,0.174,44,1740,3,68.08,1,0,0.295,0,0
27.04,11,0.028,18,135,10,118.74,3,0,0.129,1,0
147.53,16,0.333,43,3489,4,434.96,1,0,0.416,0,0
59.37,6,0.161,30,3242,4,55.27,1,0,0.223,0,0
166.21,19,0.185,42,2734,3,177.0,1,0,0.38,0,0
231.14,23,0.076,47,886,1,236.96,3,0,0.312,0,0
273.82,9,0.259,36,1016,6,55.11,0,0,0.359,0,0
152.0,3,0.239,30,3265,5,118.7,0,0,0.048,0,0
201.8,5,0.411,41,3437,5,349.63,2,0,0.625,0,1
76.68,19,0.318,35,378,3,160.73,1,0,0.501,0,0
49.08,15,0.382,72,2270,0,70.74,0,0,0.508,0,0
25.25,17,0.444,65,1579,3,209.35,0,0,0.228,0,1
44.27,23,0.123,41,2639,3,82.4,2,0,0.169,0,0
91.13,7,0.186,45,131,2,91.01,1,0,0.67,0,0
71.5,13,0.362,75,1488,4,59.38,1,0,0.055,0,0
478.28,5,0.4,21,476,5,178.73,1,0,0.185,0,1
97.72,2,0.434,70,1954,2,101.18,1,0,0.356,0,0
473.11,0,0.17,58,983,1,134.88,0,0,0.084,0,0
137.83,17,0.64,19,3352,3,276.53,0,0,0.204,0,0
38.45,20,0.124,25,2997,5,514.39,0,1,0.714,0,1
35.49,21,0.334,64,2565,4,79.33,1,0,0.257,0,0
96.85,11,0.418,37,3436,5,212.91,0,0,0.331,0,0
132.49,18,0.231,55,2436,5,32.17,1,1,0.361,0,1
19.94,14,0.416,53,1783,4,94.18,0,0,0.054,0,0
252.07,6,0.507,27,461,5,56.98,0,1,0.149,0,1
187.39,22,0.48,32,1407,2,246.91,0,1,0.356,0,0
1122.83,0,0.496,38,1954,5,246.1,1,0,0.106,0,0
194.14,16,0.357,64,2234,3,151.93,0,0,0.142,0,0
32.96,1,0.506,32,2332,3,68.27,1,1,0.3,0,1
142.89,21,0.19,49,935,1,84.35,1,0,0.598,0,0
34.98,3,0.208,68,391,7,216.46,0,1,0.102,0,0
94.18,16,0.204,24,437,7,236.92,0,0,0.262,0,0
180.26,2,0.19,52,3155,3,332.7,1,0,0.232,0,0
99.52,20,0.56,34,2080,3,93.92,0,0,0.582,0,0
50.11,8,0.191,27,644,6,545.56,1,0,0.181,0,0
185.64,19,0.163,55,3581,5,94.41,2,0,0.12,0,0
45.88,14,0.097,70,1383,2,140.66,1,0,0.208,0,0
113.92,17,0.167,56,1974,3,61.71,4,0,0.536,0,0
56.55,21,0.278,18,203,1,118.52,1,0,0.096,0,0
55.17,8,0.304,45,3004,3,132.65,0,0,0.315,0,0
161.76,21,0.566,74,1594,6,80.09,1,0,0.26,0,0
123.81,20,0.093,73,1907,5,97.39,1,1,0.483,0,0
138.92,16,0.502,71,307,1,152.37,0,0,0.292,0,0
258.11,23,0.348,26,2532,1,171.88,1,1,0.185,0,0
377.13,15,0.5,63,2123,10,125.28,3,0,0.18,0,0
821.07,1,0.222,19,2514,2,216.89,0,0,0.269,0,0
80.97,2,0.087,19,1628,6,314.55,0,0,0.525,0,0
444.29,15,0.366,75,334,5,20.39,1,1,0.407,0,1
184.08,9,0.146,75,2370,3,94.55,2,1,0.279,0,0
199.73,13,0.167,42,1454,3,181.93,0,0,0.287,0,0
48.88,19,0.701,66,3391,3,13.48,0,1,0.34,0,0
160.13,3,0.503,37,50,2,100.03,0,0,0.628,0,0
101.94,14,0.227,55,1011,6,34.54,0,0,0.278,0,0
189.04,22,0.456,62,3483,8,396.19,1,0,0.12,0,0
197.77,10,0.323,23,1642,5,70.34,1,0,0.03,0,0
186.61,20,0.284,49,370,3,158.69,0,0,0.37,0,0
1916.39,15,0.058,35,1031,5,191.38,1,0,0.168,0,0
567.63,7,0.507,23,1384,2,66.73,0,1,0.152,0,0
1781.46,0,0.44,19,1390,6,22.1,0,0,0.435,0,0
52.21,5,0.176,58,2053,3,210.44,1,0,0.149,0,0
115.16,1,0.156,67,3267,5,89.28,1,0,0.042,0,0
173.83,4,0.466,62,1811,3,86.59,1,0,0.199,0,0
55.79,21,0.218,71,2430,4,183.75,0,0,0.105,1,0
37.72,14,0.165,68,405,2,63.03,1,0,0.597,0,1
106.19,0,0.187,28,1748,4,676.33,1,1,0.318,0,0
517.76,11,0.314,18,1511,6,132.66,3,0,0.142,0,0
42.78,0,0.296,49,1933,6,213.28,0,1,0.1,0,1
187.06,19,0.019,30,388,3,113.73,0,0,0.156,0,0
2088.8,2,0.057,28,2883,3,153.06,0,0,0.304,0,0
191.41,8,0.127,39,1519,6,318.05,2,0,0.507,0,0
651.93,18,0.453,54,2365,5,204.81,1,0,0.545,0,0
87.45,10,0.421,35,2431,3,164.53,0,1,0.248,0,1
346.92,19,0.372,41,905,3,219.54,2,0,0.156,0,0
76.56,9,0.145,62,2328,3,197.65,0,0,0.294,0,0
32.64,19,0.252,48,451,1,32.9,0,1,0.407,0,0
144.88,21,0.621,30,2521,6,287.05,1,0,0.343,0,0
453.68,6,0.148,70,64,1,63.88,0,0,0.139,0,0
556.3,11,0.386,18,394,6,174.44,0,0,0.385,0,0
139.79,14,0.275,74,3390,4,14.42,0,0,0.131,0,0
317.01,20,0.27,60,463,4,282.42,4,0,0.624,0,0
51.3,17,0.337,23,2652,5,172.02,1,1,0.385,0,0
14.85,14,0.134,71,108,3,49.69,0,0,0.269,1,0
55.26,4,0.548,47,986,4,136.67,1,0,0.333,0,0
69.63,0,0.185,26,1486,2,108.89,1,0,0.587,0,0
58.18,1,0.311,19,620,1,144.49,2,0,0.274,0,1
119.81,9,0.306,39,754,4,72.36,2,0,0.219,0,0
384.25,22,0.256,52,2824,4,189.44,0,0,0.401,0,1
516.41,14,0.146,70,2394,5,134.73,1,0,0.234,0,0
267.29,12,0.497,45,1837,4,113.39,0,0,0.616,0,0
98.41,8,0.281,22,840,5,280.79,2,0,0.182,0,0
218.98,8,0.056,67,394,1,41.76,0,0,0.502,0,0
57.52,20,0.264,25,366,2,132.44,1,0,0.277,0,0
186.81,23,0.203,42,3605,4,121.01,3,0,0.214,0,0
610.44,2,0.53,27,2718,1,162.35,0,0,0.311,0,0
96.9,3,0.153,19,3547,3,93.65,0,0,0.362,0,1
54.51,14,0.205,46,3479,1,416.03,1,0,0.149,0,0
32.66,9,0.133,26,172,3,376.09,2,1,0.25,0,0
63.58,17,0.127,67,2972,4,297.87,0,0,0.392,0,0
36.77,19,0.374,47,3196,4,221.5,0,0,0.382,0,0
731.02,2,0.146,23,2569,8,246.9,1,0,0.478,0,0
45.32,14,0.156,44,950,4,101.51,0,0,0.221,0,0
184.66,22,0.122,70,2702,4,87.79,2,0,0.585,0,0
281.01,17,0.511,39,978,5,120.85,1,0,0.256,0,0
303.27,23,0.126,59,1476,2,275.86,1,0,0.42,0,0
700.05,21,0.428,73,2306,3,70.01,1,1,0.106,0,1
13.15,4,0.378,51,777,5,88.15,2,0,0.119,1,0
208.64,12,0.203,31,2415,3,75.15,2,0,0.266,0,0
91.18,23,0.16,40,2555,5,51.73,1,0,0.216,0,0
161.76,19,0.088,22,1862,1,158.53,0,0,0.633,0,0
417.98,5,0.07,46,2172,4,129.49,0,0,0.205,0,0
507.87,0,0.197,31,379,6,285.04,1,0,0.164,0,0
206.92,5,0.137,50,3359,9,172.86,1,0,0.366,0,0
88.7,9,0.488,40,338,3,231.68,1,0,0.167,0,0
30.86,11,0.181,20,256,3,89.77,2,1,0.204,0,0
35.79,4,0.457,66,2514,3,114.28,1,0,0.153,0,0
477.85,8,0.302,34,2539,8,37.01,1,0,0.226,0,0
108.94,1,0.245,33,3637,7,161.36,1,0,0.283,0,1
98.31,1,0.085,63,1792,3,200.01,0,0,0.529,0,0
479.01,5,0.028,20,217,3,185.32,1,1,0.609,0,1
257.88,5,0.166,38,3123,5,81.48,1,0,0.224,0,0
49.82,19,0.17,41,2416,4,66.16,1,1,0.478,0,0
388.38,5,0.224,32,1948,5,302.39,2,0,0.18,0,0
343.26,14,0.169,62,1243,6,72.0,4,1,0.161,0,1
77.67,9,0.284,48,2912,5,157.5,1,1,0.488,0,0
89.86,1,0.132,29,1318,5,39.19,1,0,0.803,0,1
172.32,23,0.276,43,2931,3,83.85,1,0,0.359,0,0
76.29,12,0.273,35,2851,3,180.88,1,0,0.312,1,0
241.3,5,0.253,18,436,4,77.05,0,0,0.839,1,0
47.52,15,0.067,50,2125,7,113.82,1,0,0.241,0,0
113.68,22,0.116,63,2528,3,89.91,0,0,0.64,0,0
105.37,11,0.447,50,3169,5,104.97,2,0,0.227,0,0
383.6,0,0.255,67,55,2,213.83,1,0,0.267,0,0
49.78,16,0.53,66,647,2,56.29,0,1,0.081,0,0
120.53,8,0.208,62,136,2,70.39,3,0,0.301,0,0
329.64,21,0.248,43,3260,6,78.49,0,0,0.422,1,1
1239.12,3,0.023,60,2047,1,240.61,2,0,0.122,0,0
321.15,8,0.134,70,1448,6,348.03,0,0,0.235,0,0
202.53,19,0.187,28,641,3,138.67,2,1,0.372,0,0
118.55,0,0.366,67,565,4,334.17,0,0,0.401,0,1
197.46,17,0.684,21,300,4,56.91,1,0,0.44,0,0
115.7,23,0.424,57,3574,6,104.77,3,1,0.097,0,1
163.54,15,0.437,21,3016,4,208.96,1,0,0.386,0,0
14.64,12,0.154,20,1926,5,145.72,1,0,0.474,0,0
150.55,20,0.264,70,2261,0,158.75,0,0,0.343,0,0
515.99,0,0.06,73,3442,2,51.47,1,0,0.634,0,0
273.2,13,0.273,30,3093,8,47.28,0,1,0.323,0,0
46.95,9,0.252,24,2450,1,136.56,0,0,0.084,1,1
25.57,0,0.13,72,2590,5,65.36,2,0,0.593,0,0
242.11,0,0.371,48,582,2,134.88,1,0,0.407,0,0
474.77,13,0.253,46,1791,4,102.79,0,0,0.342,0,1
369.99,15,0.26,46,3505,5,467.16,1,0,0.131,0,0
756.85,4,0.2,41,3005,6,187.22,1,0,0.106,0,0
873.28,7,0.767,30,670,5,173.01,0,0,0.08,0,0
56.06,10,0.549,72,3344,7,130.49,1,0,0.589,0,0
20.7,17,0.227,59,2903,8,203.41,0,0,0.74,0,1
80.83,0,0.47,20,653,1,74.21,1,0,0.255,0,0
179.38,18,0.703,51,1617,9,112.52,0,0,0.297,0,0
32.48,22,0.323,19,2519,4,140.26,0,0,0.471,0,0
53.37,19,0.406,30,2487,6,105.62,1,0,0.408,0,0
205.27,4,0.369,61,2885,2,196.66,0,0,0.345,0,0
37.02,1,0.143,67,2077,3,98.62,0,0,0.33,0,0
155.14,10,0.143,21,2837,4,388.35,3,0,0.031,0,0
39.55,22,0.142,38,620,4,154.31,1,0,0.162,0,0
161.63,7,0.324,47,1175,4,75.69,1,0,0.292,0,0
241.41,14,0.086,27,1358,1,116.32,1,0,0.308,0,0
134.27,12,0.298,43,2773,4,339.05,0,0,0.629,0,0
143.37,16,0.405,71,1984,3,174.99,0,0,0.451,0,0
151.56,10,0.409,63,3061,7,79.14,2,0,0.189,0,0
82.96,8,0.295,66,595,2,29.91,1,0,0.463,0,0
59.37,2,0.043,74,1798,4,111.06,1,0,0.443,0,0
71.19,18,0.302,57,1039,7,79.27,1,1,0.668,0,0
524.01,1,0.445,22,2842,1,75.79,1,1,0.343,0,0
122.21,11,0.19,39,435,5,166.79,1,1,0.234,0,1
77.86,14,0.405,20,1549,2,60.74,1,0,0.162,0,0
279.48,11,0.384,27,3580,1,60.09,1,0,0.147,1,1
127.63,16,0.259,75,2244,3,131.27,1,0,0.323,0,0
77.98,22,0.194,30,3244,3,106.14,1,0,0.616,0,0
264.97,21,0.204,31,3096,3,314.07,0,1,0.189,0,1
94.45,19,0.301,21,3305,6,168.77,0,0,0.46,0,0
40.73,12,0.204,21,2738,1,77.46,1,0,0.086,0,0
401.93,16,0.104,24,848,4,145.16,1,0,0.346,1,1
143.85,17,0.295,18,1769,6,96.86,1,0,0.414,0,0
234.9,18,0.129,69,2195,6,120.5,0,0,0.421,0,0
123.41,3,0.122,53,2542,9,284.12,0,0,0.646,0,0
269.47,7,0.124,32,134,2,224.47,0,0,0.205,0,0
325.25,0,0.359,57,2440,8,109.33,1,0,0.218,0,0
550.21,16,0.077,56,808,3,312.29,0,0,0.341,0,0
95.61,12,0.312,35,1280,5,188.06,1,0,0.312,1,0
968.91,15,0.368,47,633,1,193.62,3,1,0.138,0,0
80.89,18,0.326,34,3516,6,132.95,0,0,0.165,0,0
112.09,3,0.338,28,3512,4,67.65,1,0,0.618,0,0
22.58,23,0.085,60,1955,4,325.63,0,0,0.174,0,0
608.17,10,0.605,52,1906,4,77.17,2,0,0.251,0,0
24.48,15,0.197,32,350,8,191.94,1,0,0.507,0,0
302.36,12,0.322,48,1287,2,72.03,0,0,0.12,0,0
329.59,10,0.252,47,120,8,117.11,1,0,0.228,0,0
137.77,11,0.167,74,1860,3,375.32,1,0,0.318,0,0
141.32,11,0.694,65,129,4,157.79,0,0,0.036,0,0
446.45,0,0.167,72,2749,2,121.93,0,0,0.087,0,0
85.67,23,0.245,22,46,2,57.66,1,0,0.173,0,0
346.69,8,0.321,72,691,6,210.9,0,0,0.209,0,0
996.39,17,0.273,39,798,3,206.17,1,0,0.26,0,0
174.17,5,0.294,25,2315,3,84.21,1,0,0.274,0,0
764.42,4,0.656,57,1768,2,110.18,0,0,0.332,0,0
29.94,21,0.225,39,160,4,447.56,0,0,0.438,0,0
37.57,21,0.453,35,1802,5,219.48,1,0,0.12,0,0
216.44,10,0.291,25,3327,8,177.59,2,0,0.282,0,0
125.57,1,0.538,24,3068,2,222.01,0,0,0.474,1,1
302.3,6,0.244,53,1777,6,84.99,4,0,0.734,1,1
405.98,13,0.208,66,3606,6,217.63,0,1,0.125,0,0
26.84,15,0.385,23,1126,1,47.95,1,0,0.543,1,1
76.07,20,0.22,26,2760,7,50.98,1,0,0.446,0,0
109.07,15,0.155,53,2252,5,381.87,1,0,0.207,0,0
49.54,7,0.266,68,424,3,55.24,0,0,0.393,0,0
109.54,18,0.319,65,185,7,93.59,1,0,0.522,0,0
47.94,12,0.375,57,1664,7,182.2,1,0,0.519,0,1
42.42,21,0.279,22,1865,6,157.34,0,0,0.322,0,0
407.27,16,0.371,49,2182,4,362.15,0,0,0.585,0,0
634.94,19,0.431,57,2821,2,142.74,1,0,0.578,0,0
170.93,12,0.104,46,3366,4,311.16,0,1,0.116,0,1
337.03,13,0.276,52,3123,0,89.46,1,0,0.388,1,0
119.14,7,0.185,60,2014,2,51.94,1,0,0.067,0,0
161.69,18,0.354,56,961,4,139.17,2,0,0.289,0,0
274.61,6,0.609,72,2839,9,239.43,1,0,0.129,0,0
69.98,4,0.206,61,3081,1,71.46,0,0,0.096,0,0
208.2,20,0.508,41,1033,1,170.22,1,0,0.12,0,0
297.54,2,0.184,53,2895,3,75.83,3,0,0.188,0,0
88.91,15,0.185,57,2678,4,139.3,2,0,0.119,0,0
22.94,15,0.31,33,604,7,83.22,0,0,0.049,0,0
106.95,9,0.214,57,546,3,176.6,0,0,0.182,0,0
531.06,15,0.445,51,1806,6,105.68,0,1,0.304,0,1
183.57,1,0.524,39,1363,4,82.97,0,1,0.447,0,1
272.85,5,0.331,47,2122,0,146.49,1,0,0.308,0,0
56.17,6,0.392,75,316,6,91.1,0,1,0.658,0,1
66.94,9,0.281,42,385,4,334.05,0,1,0.236,0,0
147.51,23,0.314,74,2669,3,456.91,1,0,0.354,0,0
720.93,3,0.274,37,630,3,37.12,0,0,0.351,0,0
100.24,13,0.6,61,1604,5,48.89,0,0,0.232,0,0
128.75,13,0.069,44,1935,5,35.76,2,1,0.481,0,1
630.79,20,0.341,58,1707,4,116.86,1,0,0.201,0,0
73.33,23,0.094,43,1761,2,158.9,0,0,0.221,0,0
449.76,19,0.138,67,120,11,306.48,1,0,0.332,0,0
814.21,4,0.548,33,3338,4,67.21,0,0,0.56,0,0
140.62,15,0.421,68,2570,5,177.19,0,0,0.753,1,1
374.01,11,0.151,74,2801,2,53.77,1,0,0.215,0,0
41.68,14,0.381,45,1053,4,38.94,0,0,0.284,0,0
292.7,4,0.098,44,2288,1,42.22,1,0,0.317,0,0
277.72,20,0.529,18,2420,1,195.0,0,0,0.078,0,0
21.89,11,0.231,20,3516,8,298.13,1,0,0.813,0,1
190.82,0,0.534,58,983,4,136.29,1,1,0.295,1,1
504.26,17,0.078,56,1098,2,172.46,0,0,0.429,0,0
192.57,8,0.122,26,3205,4,21.18,0,0,0.324,0,0
1182.52,20,0.477,62,3263,3,78.42,1,0,0.414,0,0
139.52,6,0.298,23,1443,2,137.48,0,0,0.594,0,0
123.11,3,0.377,55,57,2,61.23,1,0,0.238,0,0
214.59,2,0.287,28,1978,1,449.71,0,0,0.263,0,0
47.91,21,0.212,42,369,3,80.05,0,1,0.401,1,1
129.35,22,0.406,27,2024,4,32.97,1,0,0.683,0,0
176.07,4,0.032,37,2913,2,143.62,2,0,0.153,0,0
161.08,17,0.118,34,1738,3,108.28,1,0,0.425,0,0
149.04,14,0.069,33,1645,6,222.21,2,0,0.348,0,0
116.8,11,0.256,49,1901,3,119.38,0,0,0.446,0,0
64.87,21,0.229,30,3349,4,217.06,0,0,0.525,0,0
728.2,14,0.104,67,1933,5,274.8,2,0,0.116,0,0
99.76,5,0.037,39,1468,4,244.78,0,0,0.676,0,0
91.46,5,0.241,40,2066,3,47.98,1,0,0.224,0,0
109.83,14,0.198,41,320,3,322.81,0,1,0.272,0,0
62.78,5,0.315,56,1937,1,107.02,0,0,0.582,0,0
262.67,17,0.466,67,3298,7,180.11,1,1,0.57,0,0
856.0,9,0.125,64,628,5,629.32,2,0,0.421,0,0
145.62,3,0.489,62,2894,3,30.86,1,0,0.639,0,0
82.84,17,0.121,69,3098,3,74.87,1,0,0.448,0,0
189.3,13,0.786,31,3621,3,138.92,1,0,0.162,0,0
46.16,7,0.183,55,3486,5,81.33,2,0,0.669,0,0
320.82,18,0.299,55,617,2,126.15,1,0,0.591,0,0
45.63,8,0.506,73,2014,2,326.52,1,0,0.371,0,0
12.53,0,0.169,51,1212,5,90.66,3,0,0.341,0,1
150.29,0,0.372,55,3009,2,106.98,1,1,0.201,0,0
358.92,16,0.285,34,534,2,138.69,2,0,0.233,0,0
87.23,0,0.121,57,2242,1,157.93,1,1,0.16,0,0
3801.28,23,0.346,47,3085,4,659.16,0,0,0.277,0,0
136.17,14,0.171,49,1620,4,90.48,0,0,0.142,0,0
699.2,19,0.032,40,2202,0,372.14,1,0,0.479,1,0
44.95,3,0.429,58,2846,4,87.62,1,0,0.572,0,0
740.51,16,0.506,68,814,6,62.69,1,1,0.214,0,0
427.14,19,0.248,75,2609,7,103.03,0,0,0.251,0,0
146.16,0,0.529,59,1969,1,56.25,0,0,0.259,0,0
415.36,9,0.463,22,447,3,130.99,1,0,0.408,0,0
93.13,12,0.2,59,782,3,37.09,1,0,0.162,0,0
22.34,0,0.158,26,3029,6,61.75,2,0,0.085,1,0
107.17,11,0.394,36,2747,3,62.31,1,0,0.146,0,0
63.34,22,0.389,27,365,9,97.89,2,0,0.471,0,0
285.97,12,0.376,46,2747,5,208.63,1,0,0.189,1,1
895.77,17,0.274,69,2733,8,38.68,1,0,0.381,0,0
123.27,15,0.133,35,937,3,76.49,0,1,0.039,1,1
79.54,16,0.27,53,2902,5,37.78,0,0,0.1,0,0
567.06,23,0.194,29,819,2,83.79,0,0,0.772,0,0
34.35,17,0.108,25,1959,5,70.31,2,0,0.353,0,0
3225.62,7,0.054,27,3234,1,63.42,0,1,0.333,1,1
293.01,2,0.346,54,1815,4,77.81,0,1,0.151,0,1
705.42,9,0.263,61,2927,2,379.44,0,0,0.481,0,1
573.76,15,0.564,70,2663,5,143.07,0,0,0.34,1,0
8.2,18,0.142,26,3074,6,157.36,0,0,0.465,0,0
188.92,11,0.112,70,2782,4,206.95,0,0,0.516,1,0
398.35,22,0.108,68,2955,7,101.4,3,0,0.155,0,1
65.48,19,0.089,47,3023,1,198.66,0,0,0.441,0,0
187.51,9,0.52,50,1133,11,222.68,2,1,0.269,0,1
134.41,7,0.224,65,93,5,360.14,0,0,0.224,0,0
65.86,18,0.355,58,1508,2,155.33,1,0,0.18,0,0
89.91,2,0.405,21,422,7,170.44,0,0,0.028,0,0
162.67,22,0.152,58,567,3,188.73,1,1,0.316,0,0
63.63,11,0.05,28,792,5,74.72,0,0,0.328,0,0
111.7,14,0.545,22,239,1,44.3,1,0,0.128,0,0
90.65,10,0.42,41,2058,0,154.48,1,0,0.319,0,0
33.98,11,0.275,35,1729,3,145.34,3,1,0.1,0,0
74.02,2,0.318,48,2605,2,132.89,0,0,0.411,0,0
44.21,10,0.13,57,3601,2,81.12,0,0,0.139,0,0
437.9,10,0.106,31,1634,5,137.66,0,0,0.448,0,0
150.75,16,0.047,35,1452,5,182.09,2,0,0.399,0,0
316.24,16,0.358,53,2581,4,107.57,0,0,0.529,0,0
351.56,15,0.174,23,366,6,55.95,0,1,0.203,0,1
60.99,22,0.304,53,2145,6,157.45,1,0,0.411,0,1
248.04,15,0.208,50,3199,1,118.79,2,0,0.209,0,0
311.83,3,0.146,26,1585,4,114.78,0,0,0.229,0,0
91.45,9,0.275,67,823,7,346.84,1,0,0.24,0,0
46.84,16,0.152,37,2253,5,244.39,1,0,0.53,0,1
42.19,6,0.24,65,1587,6,88.64,0,0,0.314,0,0
268.42,8,0.491,64,625,0,88.34,0,0,0.036,0,0
64.44,15,0.192,30,2793,6,292.55,1,0,0.572,0,0
93.75,4,0.052,47,3601,1,62.44,2,0,0.486,0,0
61.49,8,0.344,37,2587,10,256.88,0,0,0.373,0,1
284.42,16,0.06,60,1612,7,225.55,0,0,0.222,0,0
1015.81,18,0.247,58,982,2,329.7,0,0,0.32,0,0
178.01,0,0.617,50,2484,5,207.75,0,0,0.115,0,0
142.1,1,0.472,41,3370,1,52.51,0,1,0.541,0,0
75.36,19,0.304,28,3215,2,141.4,0,1,0.1,0,0
466.05,11,0.296,41,226,7,124.53,0,1,0.436,0,0
783.47,12,0.104,64,635,5,105.5,0,0,0.59,0,0
246.42,0,0.38,42,2925,5,163.85,1,0,0.082,0,0
150.28,5,0.08,63,913,8,171.85,0,0,0.279,0,0
32.72,21,0.297,61,1425,4,47.38,1,0,0.075,0,0
245.37,16,0.571,74,1067,2,23.85,1,0,0.283,0,0
51.93,10,0.269,73,3026,4,192.83,1,1,0.626,0,0
126.12,11,0.221,62,878,10,109.86,0,0,0.33,0,0
69.83,11,0.368,65,680,3,119.49,0,0,0.649,0,1
74.66,13,0.149,42,926,4,281.44,0,1,0.776,0,0
225.92,20,0.475,49,1384,7,137.33,5,0,0.094,0,1
457.92,11,0.243,19,1353,2,114.48,0,0,0.269,0,0
270.1,9,0.351,21,594,4,143.66,0,0,0.109,0,0
204.29,1,0.172,66,677,4,132.96,1,1,0.124,0,0
92.37,16,0.08,73,1479,5,656.21,2,1,0.719,0,0
18.62,10,0.556,38,2473,3,61.38,0,0,0.345,0,0
441.8,16,0.312,56,585,4,157.03,1,0,0.36,0,0
257.62,11,0.153,48,1107,2,311.14,0,0,0.554,0,0
213.02,6,0.166,24,2067,2,61.77,3,0,0.048,0,0
400.93,3,0.447,46,1071,3,279.2,1,0,0.112,0,0
200.87,18,0.153,28,3237,7,91.09,0,0,0.267,0,0
75.29,11,0.208,23,1545,3,104.31,0,1,0.334,0,1
271.31,6,0.097,43,148,2,84.51,0,0,0.353,0,0
130.31,10,0.135,71,1136,3,227.08,1,0,0.414,0,0
136.9,15,0.084,22,1996,7,356.8,2,1,0.431,0,0
266.22,7,0.147,74,996,2,471.67,0,0,0.473,0,0
72.36,19,0.335,63,1331,5,195.72,2,0,0.473,0,1
185.72,3,0.231,62,2960,4,25.87,0,0,0.334,1,0
20.77,0,0.373,60,906,2,40.26,0,0,0.126,0,0
858.28,6,0.584,24,2643,6,727.75,1,0,0.066,0,0
60.47,6,0.105,51,3451,7,50.25,1,0,0.236,0,0
216.24,23,0.23,35,1532,3,349.27,0,0,0.184,0,0
91.95,8,0.321,55,2684,7,55.89,0,0,0.248,0,0
224.7,10,0.157,57,3224,1,108.53,0,0,0.626,0,0
82.61,13,0.219,51,2612,5,349.4,1,0,0.506,0,0
167.27,3,0.291,19,3297,2,127.63,2,1,0.536,0,0
80.06,15,0.161,27,2473,3,63.62,1,0,0.017,1,0
55.45,19,0.156,50,3063,2,87.64,0,0,0.291,1,0
243.67,16,0.167,74,3092,6,120.63,0,0,0.132,0,0
229.6,15,0.054,27,1218,3,26.46,2,0,0.157,0,0
22.88,19,0.068,57,3075,2,58.49,0,1,0.247,0,0
86.13,19,0.132,73,930,4,294.2,0,1,0.572,0,0
93.8,14,0.461,45,695,5,176.85,1,0,0.397,0,0
84.59,0,0.501,74,183,7,160.66,0,0,0.345,0,0
87.28,7,0.114,30,391,6,127.71,0,0,0.43,0,0
67.19,11,0.248,40,396,2,123.95,0,0,0.428,0,0
81.34,10,0.476,57,1147,3,73.23,0,0,0.088,0,0
372.01,12,0.204,70,1599,3,278.02,1,0,0.213,0,0
45.29,23,0.294,28,2772,4,720.1,1,0,0.316,0,0
415.49,23,0.453,18,2483,6,92.73,1,0,0.508,0,0
730.1,2,0.378,27,1053,4,68.08,0,1,0.519,0,0
263.26,1,0.316,49,1469,5,27.86,0,0,0.165,1,1
96.51,5,0.349,42,570,3,106.69,0,0,0.564,0,0
110.56,20,0.182,65,3466,3,125.4,0,1,0.511,0,0
77.35,16,0.181,42,690,5,158.19,0,0,0.312,0,0
348.09,9,0.303,48,1785,2,18.49,1,0,0.224,0,0
17.78,8,0.068,37,1765,4,108.24,0,0,0.221,0,0
70.21,17,0.48,45,1845,3,122.01,0,0,0.105,0,0
174.91,4,0.199,61,1322,5,395.31,2,1,0.144,0,1
172.73,21,0.334,62,1233,9,152.57,1,0,0.197,0,0
315.24,15,0.171,51,3138,8,206.32,0,0,0.274,0,0
178.89,0,0.196,52,2530,3,103.7,1,0,0.453,0,0
203.21,21,0.328,29,887,4,91.95,0,0,0.674,0,1
168.21,21,0.014,68,2026,1,144.53,0,1,0.144,0,0
177.61,0,0.285,36,3404,9,15.17,3,0,0.176,0,1
427.57,2,0.127,30,2790,4,127.89,2,0,0.321,0,0
113.31,14,0.105,21,168,5,130.74,1,0,0.512,0,0
63.63,11,0.335,41,1847,4,294.21,2,0,0.198,0,0
346.15,12,0.076,69,1937,5,263.25,1,0,0.261,0,0
165.97,17,0.56,18,2454,5,70.05,4,0,0.459,0,0
94.33,10,0.228,19,1125,4,55.57,0,0,0.223,0,0
234.13,4,0.402,35,652,6,80.25,2,1,0.162,1,1
162.32,12,0.069,38,723,5,105.56,1,0,0.279,0,0
244.2,9,0.122,75,478,2,95.49,1,0,0.13,0,0
174.26,6,0.176,57,2185,5,80.05,1,0,0.466,0,0
95.17,17,0.012,52,3503,5,178.23,1,0,0.631,0,0
76.57,23,0.552,21,563,0,98.15,0,0,0.167,0,0
242.6,18,0.157,57,1675,5,61.97,0,0,0.346,0,0
129.76,12,0.27,32,969,1,231.87,0,1,0.368,0,0
123.12,8,0.038,23,2813,2,98.57,1,0,0.111,1,1
308.78,11,0.186,30,389,6,95.87,0,0,0.243,0,0
69.23,23,0.347,45,2927,7,123.2,1,0,0.479,0,0
41.68,11,0.133,67,1428,3,68.79,0,0,0.356,0,0
159.68,7,0.272,49,1362,4,99.22,0,0,0.157,1,0
176.85,18,0.469,44,3160,5,38.03,1,0,0.059,0,0
432.94,7,0.33,66,3190,3,108.5,2,0,0.474,1,1
120.97,6,0.072,63,871,9,116.94,0,0,0.348,0,0
250.26,8,0.409,37,2239,3,102.83,0,1,0.536,0,0
535.98,12,0.037,53,3468,3,248.6,1,0,0.593,0,0
226.8,10,0.256,38,3014,2,107.55,1,0,0.205,0,0
94.52,17,0.462,25,3261,5,33.15,2,0,0.203,0,0
183.01,3,0.565,27,3508,3,74.45,1,0,0.414,0,1
93.48,12,0.249,20,2380,6,606.2,1,0,0.404,0,1
220.48,0,0.148,26,3280,2,148.1,0,0,0.619,0,0
201.87,5,0.458,39,721,6,48.71,0,1,0.235,0,0
38.41,12,0.259,59,2262,3,28.34,0,0,0.324,0,0
280.71,23,0.133,18,1782,4,111.14,0,0,0.43,0,0
58.77,6,0.405,21,3060,3,86.43,0,0,0.267,0,0
237.81,8,0.594,54,3189,4,356.38,1,0,0.525,0,0
602.81,2,0.621,23,2014,6,129.33,2,0,0.46,0,1
483.91,22,0.27,49,103,5,93.84,0,0,0.144,0,0
19.33,3,0.163,53,726,4,38.2,0,1,0.445,0,1
389.2,8,0.214,72,1967,3,54.61,1,0,0.437,0,0
155.84,8,0.615,43,3152,4,106.88,0,0,0.49,0,1
30.68,23,0.447,44,2859,6,63.17,0,1,0.515,0,0
100.98,8,0.03,42,3261,0,105.48,0,0,0.228,0,0
257.44,19,0.38,65,3108,4,355.65,0,0,0.317,0,0
124.88,13,0.399,54,105,2,253.58,0,0,0.224,0,0
103.81,2,0.481,44,1725,2,492.46,2,0,0.561,0,0
316.33,18,0.275,74,133,5,85.3,1,0,0.705,0,0
77.34,2,0.293,32,43,5,73.72,0,0,0.318,0,0
68.02,8,0.053,33,568,4,75.11,1,1,0.362,0,0
268.1,5,0.277,32,771,4,85.09,0,0,0.482,0,0
135.76,0,0.309,38,320,2,360.44,0,0,0.447,1,1
324.45,14,0.127,59,523,5,77.02,1,0,0.53,1,0
218.18,5,0.464,28,2170,5,110.52,0,0,0.583,0,1
213.78,0,0.174,22,3108,4,45.37,1,0,0.164,0,0
73.47,10,0.512,66,1757,1,40.66,2,1,0.602,0,0
102.55,12,0.473,28,3484,6,155.72,2,0,0.14,0,0
71.3,20,0.12,37,2518,5,144.21,1,0,0.769,0,0
98.14,4,0.271,71,1737,2,67.41,2,0,0.753,0,0
350.89,10,0.137,47,374,5,112.57,0,1,0.552,0,0
189.36,1,0.355,34,1457,6,59.88,0,1,0.155,0,0
533.5,12,0.133,65,1781,6,94.84,0,0,0.325,0,0
122.16,18,0.19,68,693,4,85.86,0,1,0.143,0,0
116.08,1,0.352,29,977,7,110.06,1,0,0.153,0,0
589.98,18,0.006,29,664,2,160.88,1,0,0.13,0,0
123.78,22,0.153,64,1818,1,134.62,0,1,0.452,0,0
185.22,20,0.288,71,1242,3,67.61,0,0,0.238,0,0
210.31,3,0.207,32,690,2,365.17,0,0,0.637,0,0
327.35,17,0.091,46,1389,6,90.38,1,1,0.396,0,1
76.85,3,0.113,67,1524,6,72.03,0,0,0.703,0,0
135.41,19,0.261,53,151,9,78.33,2,0,0.565,1,1
186.33,20,0.119,55,1767,4,109.44,0,0,0.257,0,0
238.18,12,0.3,21,210,2,133.04,2,0,0.507,0,0
189.25,21,0.374,67,141,4,147.72,1,0,0.352,0,0
59.18,7,0.185,57,3336,9,89.18,2,0,0.271,0,0
160.13,21,0.192,21,2844,3,143.93,3,0,0.305,0,0
81.81,21,0.171,18,1862,5,147.23,0,0,0.479,0,0
43.05,7,0.338,43,827,7,292.72,1,0,0.068,0,0
118.69,2,0.1,54,1266,4,115.37,1,0,0.425,0,0
1111.41,13,0.097,43,1268,4,99.77,1,0,0.111,0,0
292.77,10,0.338,20,3440,2,214.98,1,0,0.218,0,1
141.14,22,0.229,28,448,4,53.36,0,1,0.426,0,0
151.31,6,0.173,22,1334,3,101.19,2,0,0.635,0,0
53.53,15,0.225,29,2201,1,191.92,0,0,0.406,0,0
53.45,14,0.355,36,1782,3,154.5,2,0,0.601,0,0
277.45,3,0.132,69,2365,2,189.64,1,1,0.557,0,0
151.32,8,0.212,73,180,7,189.4,0,0,0.099,0,0
64.97,22,0.477,48,1809,2,226.55,0,0,0.719,0,0
54.91,8,0.312,67,3270,1,75.46,1,1,0.448,0,0
371.62,3,0.227,23,771,8,76.59,0,0,0.27,0,0
121.76,21,0.246,70,2729,5,349.85,0,0,0.305,0,0
40.48,10,0.436,63,508,5,88.14,2,0,0.315,0,1
36.4,21,0.413,41,398,5,211.08,0,0,0.175,1,0
385.79,18,0.437,58,2910,5,248.18,0,0,0.314,0,0
603.53,5,0.081,27,2822,6,277.57,0,1,0.259,0,0
61.08,15,0.239,62,1177,5,74.27,2,1,0.408,0,0
263.5,17,0.42,42,2335,5,162.42,0,0,0.406,0,0
119.71,4,0.138,30,3507,2,148.06,0,0,0.101,0,0
501.8,3,0.321,72,1239,3,135.52,1,0,0.118,0,0
54.16,8,0.049,37,1227,3,282.54,0,1,0.133,0,0
821.97,3,0.231,42,1346,6,253.93,0,0,0.615,0,1
561.48,13,0.237,67,1795,4,161.27,0,0,0.093,0,0
80.53,17,0.243,19,196,9,181.12,1,0,0.201,0,0
144.67,11,0.672,51,2603,1,306.17,2,0,0.178,0,0
64.56,7,0.355,72,1280,4,253.35,1,0,0.288,0,0
56.37,12,0.289,51,1911,5,263.9,0,0,0.289,0,0
87.25,19,0.171,75,2230,3,131.64,0,1,0.631,0,0
329.21,15,0.106,39,1255,2,386.14,1,0,0.067,0,0
71.73,9,0.192,64,528,4,95.4,1,0,0.336,0,0
201.91,19,0.301,47,933,8,149.94,1,0,0.575,1,1
65.47,13,0.439,26,1299,3,371.62,1,0,0.29,1,0
76.87,6,0.099,59,2532,8,479.96,0,0,0.338,0,0
228.66,4,0.329,50,2294,5,50.25,1,0,0.749,0,0
354.11,23,0.143,42,253,10,134.63,0,0,0.164,0,0
141.9,7,0.055,72,3439,2,71.22,1,0,0.727,0,0
77.53,23,0.1,72,2942,8,181.1,0,0,0.391,0,0
252.39,23,0.255,43,337,3,190.56,2,0,0.101,1,0
160.08,20,0.166,41,1944,3,68.63,2,0,0.272,0,0
205.24,12,0.261,32,290,4,44.36,1,0,0.438,0,0
97.5,3,0.392,66,2964,2,53.35,1,0,0.253,0,0
479.51,19,0.208,25,1955,0,91.79,1,0,0.138,0,0
55.62,10,0.391,19,714,3,110.28,0,0,0.744,0,0
235.85,10,0.308,73,3480,1,90.84,0,0,0.429,0,0
81.13,23,0.286,50,3474,4,126.74,0,0,0.295,0,0
123.65,22,0.718,37,3019,5,137.8,0,0,0.618,0,1
180.34,23,0.117,25,1353,4,141.77,2,0,0.305,0,0
83.98,1,0.462,41,348,3,144.33,0,0,0.059,0,0
356.4,19,0.196,45,2772,4,54.28,1,0,0.364,0,1
969.51,3,0.234,57,3044,7,86.91,3,1,0.265,0,1
125.57,8,0.306,28,880,3,390.26,5,0,0.728,0,1
155.72,10,0.115,19,2004,6,79.18,1,0,0.529,0,0
242.08,17,0.285,63,3603,4,46.25,2,0,0.234,0,0
62.63,12,0.362,63,1515,5,346.71,1,1,0.372,0,1
198.88,1,0.373,41,2653,9,80.42,1,0,0.42,0,0
332.96,17,0.22,54,2576,1,46.4,0,0,0.267,0,0
161.5,15,0.611,45,49,3,197.5,0,0,0.312,0,0
104.96,21,0.206,46,2529,4,64.62,2,0,0.495,0,0
334.58,10,0.049,69,2316,8,154.28,1,0,0.072,0,0
122.61,8,0.185,29,3347,3,90.87,0,1,0.1,0,0
393.79,18,0.178,75,1988,2,169.11,0,0,0.833,0,0
56.28,17,0.101,52,1228,1,79.34,3,0,0.424,0,0
214.35,16,0.205,71,1421,3,70.16,1,1,0.325,0,0
265.8,20,0.71,52,1776,4,115.27,1,1,0.247,0,1
259.39,11,0.383,35,1642,6,113.53,0,0,0.592,0,0
660.3,21,0.187,60,3434,5,287.9,3,1,0.666,0,1
283.3,4,0.192,43,2804,4,253.06,1,0,0.158,0,0
299.08,22,0.238,44,1923,3,207.9,1,0,0.248,0,0
243.06,9,0.469,22,78,4,87.12,1,0,0.424,0,0
554.13,2,0.1,26,1165,2,20.71,1,0,0.597,0,0
143.82,9,0.204,30,1949,8,113.95,2,1,0.16,0,0
314.37,17,0.436,75,965,3,36.62,0,0,0.519,0,0
49.12,22,0.377,45,180,7,68.6,1,0,0.191,0,0
406.47,3,0.107,23,1954,1,166.3,0,0,0.676,0,0
139.41,23,0.37,58,99,2,55.33,0,1,0.44,0,0
384.96,11,0.204,54,3338,1,199.03,2,0,0.279,0,0
355.07,12,0.372,32,74,4,88.81,2,1,0.025,0,0
49.05,12,0.474,68,3405,7,104.55,0,0,0.232,0,0
55.38,16,0.118,26,3470,2,122.14,3,1,0.6,0,0
152.68,9,0.094,66,446,1,105.57,0,1,0.212,0,0
1325.84,4,0.37,19,2822,1,56.37,2,1,0.541,0,1
396.14,6,0.411,58,826,5,226.55,1,0,0.076,0,0
45.42,18,0.272,48,3069,8,163.65,3,0,0.365,0,0
98.2,11,0.431,33,2766,5,128.12,0,0,0.252,0,1
164.99,4,0.589,40,1247,3,418.03,1,0,0.606,0,0
386.33,10,0.168,64,663,5,127.33,0,0,0.23,0,0
269.68,20,0.778,25,2592,4,35.28,0,0,0.314,0,0
55.42,16,0.531,53,987,3,192.5,3,1,0.234,0,1
117.15,9,0.227,70,2137,4,63.02,1,0,0.46,0,0
235.68,10,0.307,52,3521,2,80.69,0,0,0.753,0,0
185.76,7,0.218,22,195,4,65.9,1,0,0.822,0,0
624.12,14,0.33,35,1211,2,66.1,0,0,0.343,0,0
383.58,21,0.192,52,2400,3,624.53,0,0,0.082,0,0
65.01,3,0.42,61,1310,2,250.84,2,0,0.207,0,0
114.49,23,0.12,23,1728,4,133.71,2,0,0.048,0,0
92.64,12,0.266,42,3060,6,605.37,0,0,0.192,0,0
339.4,2,0.053,60,674,3,136.7,1,0,0.126,0,0
131.1,16,0.16,48,2784,4,228.39,1,0,0.172,0,0
171.22,4,0.289,63,259,4,202.29,1,0,0.262,0,1
72.25,14,0.563,37,508,1,86.28,0,0,0.207,0,0
1149.25,2,0.365,36,1380,2,77.89,2,0,0.436,0,1
337.91,15,0.385,46,2776,1,128.4,1,0,0.227,0,0
90.58,7,0.19,39,891,2,68.37,0,0,0.164,0,0
102.87,4,0.196,39,750,3,159.51,0,0,0.204,0,0
125.19,20,0.483,68,2461,3,275.76,1,0,0.297,0,0
360.56,5,0.329,62,755,7,118.94,0,1,0.229,0,1
115.74,23,0.194,19,2475,3,238.64,3,0,0.062,1,1
219.36,11,0.05,20,3476,4,105.01,1,0,0.425,0,0
258.05,18,0.176,62,1074,4,40.36,1,0,0.145,0,0
130.38,12,0.088,40,319,2,45.24,1,0,0.375,0,1
93.72,2,0.125,52,51,2,23.32,1,0,0.147,0,0
43.04,18,0.429,20,174,7,385.63,0,0,0.412,0,0
573.13,1,0.389,62,1274,3,119.61,2,0,0.426,0,0
48.29,8,0.324,32,1039,2,90.7,0,0,0.417,0,0
22.95,15,0.245,74,245,3,59.19,0,0,0.877,0,0
269.01,10,0.129,48,152,2,99.04,0,0,0.236,0,0
229.65,3,0.03,71,426,4,112.16,0,0,0.278,0,0
808.94,22,0.017,29,347,3,315.22,1,0,0.644,0,0
25.74,7,0.401,70,2305,7,95.27,2,0,0.095,0,0
93.28,11,0.049,39,2341,8,90.16,0,0,0.384,0,1
197.74,2,0.139,73,1850,4,80.66,1,0,0.086,0,0
3219.11,3,0.234,49,1641,4,222.19,1,0,0.718,0,1
3327.31,21,0.229,49,3463,2,189.1,0,0,0.178,0,0
42.46,14,0.123,42,1245,3,100.16,0,0,0.233,0,0
161.23,1,0.066,53,1622,2,60.46,4,0,0.073,0,0
67.78,7,0.384,63,2644,6,79.62,0,0,0.503,0,0
285.83,21,0.33,49,1849,2,160.1,0,1,0.272,0,0
203.6,15,0.66,52,2378,7,96.15,1,0,0.28,0,1
524.57,22,0.174,71,1535,1,99.57,1,0,0.277,1,0
216.42,1,0.088,57,1252,7,69.35,0,1,0.452,0,0
853.7,2,0.232,52,46,1,167.89,0,0,0.615,1,1
161.85,16,0.202,60,2189,1,121.62,1,0,0.061,0,0
202.99,16,0.165,24,2742,0,236.33,1,1,0.038,1,0
65.07,14,0.046,74,2487,7,149.72,0,0,0.38,0,0
313.53,23,0.052,18,475,3,94.62,1,0,0.076,0,0
648.95,0,0.227,61,424,3,538.26,1,0,0.55,0,1
290.3,20,0.077,26,1715,4,218.04,1,0,0.249,0,0
137.6,2,0.057,71,2965,2,25.6,0,0,0.438,1,0
89.5,22,0.57,50,87,4,257.6,1,0,0.4,0,0
360.35,0,0.11,34,583,4,139.91,0,0,0.33,0,0
103.17,16,0.065,33,2770,2,83.99,1,0,0.01,0,0
1110.17,18,0.339,56,2287,6,52.05,0,0,0.248,0,0
51.47,18,0.733,62,1014,5,192.46,1,1,0.758,0,1
828.02,3,0.344,34,157,2,217.75,1,0,0.09,0,0
256.49,8,0.238,24,773,9,43.82,1,1,0.768,0,1
107.52,13,0.036,42,653,4,55.9,0,0,0.255,0,0
68.87,13,0.32,62,3013,3,245.1,1,0,0.131,0,0
185.69,18,0.399,51,1364,3,159.59,2,0,0.237,0,0
296.03,18,0.316,66,1731,6,123.0,0,0,0.369,0,0
129.1,5,0.4,45,90,4,75.08,2,0,0.593,0,1
145.14,13,0.173,18,690,5,165.9,1,0,0.748,0,1
16.81,21,0.315,39,3408,2,100.27,0,0,0.483,1,0
425.77,10,0.293,69,2975,3,165.07,1,0,0.146,0,0
393.55,3,0.344,34,519,2,83.95,1,1,0.259,0,0
36.15,23,0.442,67,2422,2,163.55,0,0,0.34,0,0
138.31,14,0.403,23,1632,3,32.98,2,0,0.192,0,0
434.55,6,0.411,45,1285,3,67.92,1,1,0.076,0,0
2937.34,19,0.039,71,884,4,92.02,0,1,0.522,0,1
91.34,15,0.511,27,224,4,116.56,1,0,0.245,0,0
25.51,3,0.053,54,682,3,45.84,0,0,0.049,0,0
27.02,6,0.318,47,1897,5,157.93,0,0,0.514,0,0
124.54,20,0.306,28,3183,5,292.55,1,0,0.354,1,0
858.75,16,0.381,55,2821,6,374.68,1,0,0.828,0,1
79.22,16,0.171,19,2112,3,47.14,1,0,0.47,0,0
134.57,11,0.181,38,534,8,204.92,0,0,0.307,0,1
240.49,18,0.183,19,3573,4,105.7,0,1,0.215,0,0
115.74,9,0.344,21,3516,4,199.08,0,0,0.456,0,1
531.33,11,0.356,36,1908,3,88.39,1,0,0.746,0,0
78.92,23,0.082,27,2494,3,125.42,0,1,0.362,0,0
163.39,14,0.407,67,2082,4,155.91,0,1,0.703,0,0
42.87,23,0.062,61,133,1,71.26,2,0,0.194,0,0
22.95,11,0.382,71,1678,3,461.54,1,0,0.051,0,0
109.33,4,0.407,56,2451,5,135.92,0,0,0.352,1,1
494.67,7,0.165,65,3328,5,28.5,0,0,0.517,0,0
279.44,4,0.33,66,3424,5,53.83,0,0,0.533,0,0
425.73,7,0.071,28,3383,3,151.29,0,0,0.271,0,0
141.55,7,0.198,18,3174,4,60.86,1,0,0.281,0,0
470.4,4,0.097,69,3620,1,275.36,1,1,0.303,1,1
397.6,2,0.183,42,1126,6,219.54,1,1,0.27,1,1
202.35,2,0.504,33,163,3,29.55,2,0,0.271,0,0
107.73,8,0.201,34,2795,1,105.3,1,1,0.178,0,0
157.86,8,0.22,58,3109,3,121.55,1,1,0.552,0,0
221.23,3,0.247,49,1159,2,242.03,1,0,0.198,0,0
301.71,0,0.389,21,817,8,168.74,0,1,0.421,0,1
127.43,2,0.278,48,1535,4,82.0,0,0,0.43,0,0
327.13,1,0.19,42,704,5,111.55,1,0,0.454,0,1
88.29,2,0.326,70,3534,1,178.32,2,0,0.411,1,1
55.84,21,0.431,22,2197,4,106.48,1,0,0.423,0,0
244.96,6,0.347,21,2316,2,389.96,0,0,0.298,0,0
155.33,3,0.087,58,1819,9,221.39,1,0,0.748,0,0
19.72,1,0.096,29,1966,1,412.11,1,0,0.189,0,0
10.48,6,0.61,53,2465,4,127.74,0,0,0.278,0,0
117.1,1,0.504,33,841,1,232.72,0,0,0.522,0,0
179.54,18,0.345,64,2577,10,58.58,0,0,0.053,0,0
688.48,2,0.396,63,2228,5,82.06,1,0,0.393,0,0
106.68,12,0.262,61,2848,5,127.42,0,0,0.636,0,0
59.87,21,0.199,39,3515,5,79.15,1,1,0.494,0,0
199.65,4,0.126,28,1484,4,388.02,0,0,0.24,0,0
1453.39,20,0.303,75,2945,4,47.21,0,1,0.483,0,1
151.79,21,0.51,46,1831,3,221.06,0,0,0.212,0,0
53.3,19,0.27,23,293,3,31.9,0,0,0.179,0,0
137.83,10,0.576,56,2114,3,164.65,0,1,0.517,0,1
88.66,15,0.289,18,3146,2,265.43,1,0,0.292,0,0
298.96,17,0.222,61,2098,3,220.36,1,0,0.135,0,0
71.65,20,0.3,40,1953,3,63.32,0,1,0.234,0,0
38.21,19,0.121,36,222,2,117.59,1,0,0.055,0,0
225.9,13,0.12,28,2051,3,59.65,1,1,0.199,0,0
169.13,16,0.136,41,509,5,94.26,0,0,0.042,0,0
313.02,12,0.194,68,1254,5,122.27,1,1,0.043,0,0
308.55,21,0.229,29,446,2,114.69,0,0,0.614,0,0
108.28,14,0.089,36,1800,6,196.45,1,0,0.496,1,0
31.64,8,0.267,69,1417,4,196.29,1,0,0.345,0,0
31.45,15,0.522,61,2947,8,77.84,0,1,0.3,0,0
274.77,15,0.35,37,1589,2,180.47,1,0,0.291,0,0
147.91,21,0.104,46,3249,4,83.94,1,0,0.597,0,0
410.62,16,0.21,20,2139,5,84.39,0,0,0.254,0,0
11.45,3,0.13,57,3590,8,48.32,2,0,0.672,0,1
71.95,5,0.458,70,3581,3,98.43,2,0,0.222,0,0
240.39,2,0.139,29,3182,5,135.6,0,0,0.366,0,1
193.8,19,0.18,18,2877,2,87.19,1,0,0.63,0,0
189.26,21,0.256,69,2188,5,70.13,2,0,0.232,0,0
36.8,13,0.268,39,3328,2,72.24,0,0,0.626,1,0
61.32,8,0.042,50,3647,5,354.81,0,0,0.505,1,0
784.74,4,0.24,46,1731,4,113.8,2,0,0.453,0,0
93.96,9,0.355,67,919,5,91.58,2,0,0.173,0,0
685.91,8,0.403,75,2755,5,220.11,0,0,0.523,0,0
487.06,3,0.406,42,519,7,35.24,0,0,0.446,0,1
30.46,7,0.188,53,37,5,115.23,0,0,0.513,0,0
79.26,7,0.464,43,1223,1,186.77,1,1,0.33,0,0
100.18,4,0.293,44,854,7,48.5,1,0,0.065,0,0
18.19,20,0.055,39,1783,3,141.09,1,0,0.171,0,0
103.62,20,0.189,44,1008,4,140.45,2,0,0.303,0,0
33.62,22,0.135,63,2362,2,181.5,1,0,0.37,0,0
213.07,2,0.567,57,44,5,57.46,0,1,0.361,0,1
114.85,9,0.343,41,2279,2,131.13,0,0,0.556,0,0
60.87,23,0.247,53,216,2,119.22,2,0,0.597,0,0
22.86,8,0.308,48,2315,3,94.99,2,0,0.048,0,0
42.2,7,0.187,65,1606,5,145.9,2,0,0.258,0,0
199.56,19,0.498,22,514,9,99.05,0,0,0.38,0,1
89.19,1,0.197,19,3237,7,186.13,0,1,0.452,0,0
160.32,23,0.27,75,3028,4,207.96,1,0,0.41,0,0
43.34,23,0.318,59,3308,3,131.72,0,1,0.196,0,0
205.79,11,0.127,62,1362,3,542.15,3,0,0.344,0,0
78.62,16,0.408,73,3575,4,142.49,2,1,0.678,0,1
324.92,15,0.345,68,2701,9,289.59,0,0,0.433,0,0
283.04,10,0.144,39,2107,0,425.25,0,0,0.186,0,0
167.78,20,0.485,72,3474,3,141.43,2,0,0.245,0,0
348.2,14,0.386,33,343,5,615.67,0,0,0.104,0,0
8.4,9,0.31,72,3206,4,87.13,3,0,0.673,0,1
168.41,4,0.048,59,225,1,275.21,0,0,0.471,0,0
180.11,13,0.552,42,277,3,59.11,0,0,0.719,0,0
183.82,12,0.317,54,3486,2,42.79,0,0,0.17,0,0
110.61,12,0.319,23,1279,4,142.34,1,1,0.319,0,0
185.72,5,0.258,30,726,2,77.31,1,1,0.534,0,1
198.53,2,0.22,75,2856,2,179.22,0,0,0.57,0,1
418.86,0,0.241,39,1132,4,296.86,0,0,0.195,0,0
41.91,1,0.283,39,1074,5,247.68,2,1,0.046,0,0
89.01,4,0.079,33,2323,5,154.04,0,1,0.4,0,0
139.4,22,0.2,42,597,3,87.58,0,0,0.419,0,0
268.41,10,0.057,42,624,1,62.05,1,0,0.199,0,0
83.09,8,0.458,38,2525,1,266.95,2,0,0.62,0,0
152.35,13,0.649,45,2916,2,353.94,0,0,0.183,0,0
28.36,15,0.14,67,2875,5,35.19,1,0,0.131,0,0
87.44,0,0.066,44,3387,0,84.41,1,0,0.331,0,0
91.54,17,0.577,46,808,2,127.61,1,1,0.433,0,0
533.53,21,0.236,59,107,2,351.93,0,0,0.416,0,1
66.47,7,0.202,37,3380,3,143.94,0,0,0.157,0,0
990.06,5,0.391,61,1312,4,167.42,1,0,0.717,0,0
304.42,22,0.029,54,629,3,475.95,0,0,0.608,1,0
190.66,21,0.387,51,1254,2,19.51,0,0,0.294,1,0
254.24,0,0.182,21,1765,1,53.64,0,0,0.083,0,0
69.22,2,0.027,71,617,4,63.49,0,0,0.526,0,0
237.29,9,0.047,48,1509,7,127.54,3,1,0.189,0,1
108.94,18,0.491,54,815,2,152.54,1,0,0.194,0,0
87.38,15,0.375,33,2585,4,193.03,0,1,0.175,0,1
52.71,10,0.26,52,338,2,361.51,2,1,0.631,0,1
60.43,19,0.379,70,2656,6,179.28,1,0,0.096,0,0
190.99,9,0.06,67,1927,5,129.75,0,0,0.375,0,0
119.62,5,0.249,55,3234,3,184.28,2,0,0.347,0,0
517.82,15,0.158,45,854,1,305.94,0,0,0.445,0,0
78.14,4,0.486,72,3146,6,184.39,1,0,0.413,0,1
74.27,4,0.049,59,3023,5,77.45,0,0,0.242,0,0
192.22,2,0.503,27,2693,0,181.92,0,0,0.229,1,1
59.23,14,0.173,50,2358,8,340.32,0,0,0.458,0,0
348.08,22,0.626,60,326,3,142.46,1,0,0.258,0,0
83.39,17,0.138,72,3462,2,55.26,2,0,0.466,1,1
98.35,23,0.177,36,2541,6,73.62,0,0,0.381,0,0
132.87,22,0.314,32,1741,6,173.71,1,1,0.238,0,0
216.39,15,0.087,24,2626,5,64.97,0,0,0.246,0,0
111.62,16,0.225,65,2978,7,58.11,1,0,0.153,0,0
183.85,9,0.36,55,1390,4,161.66,1,0,0.289,0,0
239.69,23,0.548,32,1547,7,89.61,0,0,0.294,0,0
36.6,11,0.273,53,1126,3,42.06,1,0,0.449,0,0
940.71,0,0.284,43,2834,9,89.55,1,0,0.488,0,0
71.13,9,0.243,65,2556,3,71.2,0,0,0.242,0,0
575.69,7,0.085,61,1200,4,65.27,0,1,0.199,0,0
123.57,19,0.248,46,2982,5,243.77,0,0,0.035,0,0
60.3,20,0.385,23,1718,3,520.42,0,0,0.42,0,0
268.41,5,0.275,58,304,1,305.96,1,0,0.579,0,0
244.14,2,0.049,62,1207,5,224.24,1,0,0.403,1,1
309.71,21,0.285,45,441,4,236.15,0,1,0.308,0,0
260.57,0,0.223,30,3226,5,84.63,0,0,0.085,0,0
11.82,17,0.226,22,3397,4,175.12,2,1,0.128,1,1
225.81,4,0.277,65,3498,3,97.28,0,1,0.103,0,1
296.71,15,0.365,49,1073,7,94.46,0,0,0.322,0,0
379.28,3,0.308,66,2331,4,112.12,2,0,0.397,0,1
355.07,19,0.202,68,2024,4,46.35,0,0,0.278,0,0
13.11,11,0.262,71,3132,5,201.71,0,0,0.781,0,0
24.03,11,0.384,74,3594,5,26.98,3,0,0.179,0,0
193.3,14,0.749,64,3147,2,112.62,0,0,0.119,0,0
75.76,4,0.602,40,2994,4,29.38,1,0,0.447,0,0
114.87,0,0.294,34,661,2,72.9,1,0,0.294,0,0
21.93,15,0.199,25,2447,2,178.6,1,0,0.281,0,0
775.58,11,0.336,27,2696,5,645.1,1,0,0.126,0,0
474.32,5,0.121,20,2815,1,77.82,2,0,0.581,0,0
112.17,20,0.019,46,1381,1,97.3,2,0,0.33,0,0
43.94,11,0.472,52,518,9,115.06,0,0,0.52,0,1
7.25,18,0.636,50,3615,6,148.2,0,0,0.314,0,0
50.04,7,0.341,55,3375,6,201.47,1,0,0.333,0,0
117.38,15,0.07,42,472,2,506.32,0,1,0.251,0,0
201.39,22,0.277,25,640,4,186.74,0,0,0.435,0,0
168.37,12,0.298,61,2293,2,238.05,2,0,0.493,0,0
31.72,12,0.657,56,1404,6,69.4,1,0,0.376,0,1
133.51,21,0.141,30,432,3,40.63,1,0,0.352,0,0
429.52,1,0.157,72,1984,4,107.14,2,0,0.302,1,1
349.46,22,0.624,31,703,4,462.34,1,0,0.205,0,0
247.19,6,0.178,67,2203,2,75.23,0,0,0.316,0,0
161.17,15,0.199,69,1151,2,223.51,1,0,0.157,0,0
205.03,20,0.271,37,1252,2,115.31,2,0,0.25,0,0
116.35,19,0.435,29,3179,9,66.9,1,1,0.471,0,1
21.4,23,0.084,59,2005,3,448.84,0,0,0.089,0,0
183.35,4,0.419,30,2974,8,71.75,1,0,0.304,1,1
151.53,6,0.297,62,2303,7,74.7,5,0,0.171,0,0
74.26,23,0.172,26,2496,5,65.45,1,1,0.37,0,0
100.3,18,0.367,58,42,9,105.6,2,0,0.263,1,0
2040.18,19,0.09,61,1026,3,112.61,4,0,0.21,0,0
1438.63,6,0.177,59,401,1,61.3,1,0,0.309,0,0
179.75,0,0.275,51,2379,2,87.75,1,0,0.443,0,0
404.17,2,0.359,57,529,1,151.61,1,0,0.27,0,0
337.67,17,0.312,50,2123,3,52.43,1,0,0.324,0,0
292.33,7,0.286,32,828,5,178.95,0,1,0.143,0,0
95.83,12,0.271,70,1807,2,80.43,1,0,0.52,0,0
835.09,20,0.077,19,86,3,100.44,0,0,0.37,0,0
204.22,21,0.047,39,476,2,156.26,0,0,0.055,0,0
293.01,14,0.136,40,1821,6,96.44,0,0,0.111,0,0
37.3,11,0.258,31,2049,4,339.69,1,1,0.168,0,0
118.53,12,0.198,61,2573,4,169.04,1,0,0.453,0,1
45.26,0,0.065,48,292,4,116.98,2,0,0.218,0,0
54.64,10,0.106,40,1890,5,117.22,2,0,0.446,0,0
65.07,7,0.25,24,2240,5,117.81,1,0,0.241,1,0
75.19,19,0.244,48,2140,3,330.05,0,0,0.322,0,0
97.77,11,0.325,34,3416,2,132.56,0,0,0.465,0,0
35.04,12,0.499,53,1706,1,85.56,0,1,0.744,0,0
68.52,4,0.329,46,2064,4,260.17,0,0,0.385,1,1
231.51,21,0.54,67,108,4,554.4,1,0,0.091,0,0
64.52,19,0.144,58,413,4,172.79,0,0,0.253,0,0
256.95,5,0.443,48,879,7,158.57,0,0,0.308,0,0
122.67,20,0.192,48,185,5,28.1,4,1,0.349,1,1
193.26,1,0.076,39,2192,2,394.68,1,0,0.512,1,1
63.71,22,0.411,70,941,3,167.38,0,0,0.427,0,0
8.74,2,0.364,32,3321,2,55.87,0,0,0.502,0,0
158.7,13,0.509,34,262,2,115.09,0,1,0.048,0,0
946.03,1,0.563,59,3587,2,11.55,0,0,0.583,0,1
301.38,15,0.391,74,2195,6,207.25,1,0,0.167,0,1
516.84,14,0.474,30,3485,2,214.24,1,0,0.485,0,0
236.91,2,0.132,46,957,4,73.27,0,1,0.022,0,0
206.18,23,0.097,21,2796,10,101.39,1,0,0.899,0,1
121.24,0,0.308,43,2440,8,177.77,0,0,0.391,0,0
53.64,15,0.014,73,3462,4,250.88,1,0,0.054,0,0
117.45,6,0.025,52,2030,5,107.28,1,0,0.068,0,0
44.28,12,0.446,75,778,4,58.0,1,1,0.293,1,1
254.4,22,0.581,47,749,3,336.14,0,0,0.61,0,1
58.1,11,0.37,55,2715,3,233.31,2,0,0.155,0,0
86.59,11,0.137,68,1316,5,153.78,0,1,0.485,0,0
17.66,4,0.377,47,2485,2,120.54,2,0,0.488,0,1
121.2,23,0.234,45,702,6,206.63,0,1,0.319,0,1
166.89,16,0.328,20,490,3,315.27,1,0,0.259,0,0
116.67,5,0.239,73,2237,4,139.52,1,1,0.113,0,0
122.62,17,0.16,42,334,3,114.66,1,1,0.33,0,0
8.6,15,0.254,23,2468,2,117.4,1,0,0.483,0,0
217.55,2,0.183,61,52,7,141.24,1,0,0.323,0,0
49.53,21,0.521,44,2396,3,84.88,2,0,0.135,0,0
672.6,14,0.318,39,3501,6,18.76,1,0,0.091,0,0
462.0,20,0.32,74,753,0,219.92,2,0,0.061,1,1
107.74,5,0.184,74,194,3,314.35,1,1,0.498,0,0
529.3,8,0.529,63,2095,5,129.25,0,0,0.293,0,0
98.68,12,0.358,68,3477,4,24.88,3,1,0.471,0,0
613.1,14,0.183,61,3590,2,59.53,1,0,0.257,0,0
222.34,7,0.309,42,1790,1,383.14,1,0,0.301,0,0
305.42,1,0.638,68,1608,1,93.73,2,1,0.287,0,1
277.46,11,0.595,47,1687,3,95.12,2,0,0.504,0,0
213.57,2,0.507,40,884,3,163.12,1,0,0.467,0,0
334.69,15,0.503,33,217,2,51.78,1,1,0.317,0,0
343.42,2,0.361,59,2513,6,34.55,2,1,0.631,0,0
50.41,20,0.366,30,2422,8,95.4,2,1,0.453,0,0
159.14,12,0.063,53,495,7,34.27,2,0,0.115,0,0
507.36,13,0.536,54,3484,7,451.09,0,0,0.208,0,0
290.6,4,0.147,57,3573,2,88.59,0,1,0.628,0,1
113.36,11,0.118,75,3218,4,85.58,0,1,0.504,0,0
79.62,1,0.242,45,73,7,102.0,3,0,0.294,0,0
167.34,12,0.604,70,2374,4,24.81,0,0,0.281,0,1
155.62,19,0.259,48,3331,3,84.67,0,0,0.231,0,0
78.71,13,0.132,73,732,6,80.34,1,1,0.325,0,0
63.64,11,0.374,29,1724,4,100.12,1,0,0.734,0,1
64.38,12,0.124,60,1751,3,138.23,0,0,0.325,0,0
135.39,0,0.28,28,3040,2,157.45,0,0,0.448,0,1
328.16,7,0.131,41,1548,9,112.02,2,0,0.205,0,0
627.2,10,0.089,45,1800,5,111.83,1,0,0.405,0,0
214.28,17,0.138,53,128,3,78.35,2,0,0.166,0,0
166.19,11,0.137,58,3414,5,41.58,0,0,0.191,0,0
108.02,2,0.354,57,1333,5,154.7,2,1,0.153,1,1
684.05,9,0.147,33,1624,4,86.13,0,0,0.426,0,0
144.53,22,0.165,49,835,3,57.29,0,1,0.217,0,0
153.36,17,0.451,53,1377,3,117.35,1,0,0.543,0,0
1502.16,19,0.234,73,1248,1,291.65,0,0,0.518,0,1
130.87,21,0.303,40,3512,3,232.42,0,0,0.086,0,0
597.05,12,0.093,61,3247,7,85.65,1,1,0.468,0,1
488.11,0,0.465,47,2605,5,119.51,3,0,0.264,0,0
117.99,18,0.046,68,1019,0,34.39,0,0,0.175,1,0
228.06,10,0.406,34,2286,3,109.27,2,0,0.502,0,0
134.12,17,0.682,61,1621,2,73.34,1,1,0.156,0,1
153.74,10,0.188,36,491,3,294.02,0,0,0.344,0,0
61.6,9,0.118,35,730,4,146.03,2,0,0.139,1,0
127.02,6,0.213,51,2572,2,800.78,1,0,0.273,0,1
98.35,23,0.21,26,1728,3,92.81,0,0,0.539,0,0
221.34,17,0.141,27,1457,7,277.26,1,0,0.353,0,0
157.31,1,0.293,65,2192,7,334.53,2,0,0.148,0,0
139.28,10,0.464,28,3019,3,73.62,0,0,0.375,0,0
149.19,10,0.673,51,2509,0,137.46,1,1,0.309,0,0
178.83,14,0.376,49,3374,7,45.47,0,0,0.257,0,0
139.33,19,0.281,44,2332,5,51.53,0,0,0.597,0,0
217.94,1,0.043,33,1644,7,132.88,0,1,0.184,0,1
137.58,20,0.129,64,1942,3,367.39,1,1,0.228,0,0
141.81,11,0.312,26,2915,4,88.9,1,0,0.049,0,0
344.85,17,0.595,73,381,2,61.8,0,0,0.452,0,0
942.9,14,0.203,52,416,1,55.85,0,1,0.352,0,0
18.51,16,0.213,71,370,0,114.05,0,1,0.382,0,0
305.63,2,0.641,68,282,5,66.33,1,0,0.564,0,0
181.36,4,0.21,43,3037,2,76.17,0,0,0.544,0,1
204.71,5,0.367,24,134,5,54.84,0,1,0.528,0,0
34.83,23,0.496,20,2004,5,114.53,1,0,0.397,1,0
257.62,9,0.481,48,30,5,118.44,1,0,0.21,0,0
547.56,9,0.238,36,915,8,141.06,0,0,0.264,0,0
146.78,21,0.363,53,2932,2,73.28,0,0,0.596,0,1
65.14,21,0.087,37,1509,8,197.13,1,1,0.347,0,0
1742.79,14,0.163,61,845,3,166.84,0,0,0.344,0,0
282.23,23,0.013,41,1798,6,51.9,2,0,0.182,0,0
86.89,8,0.22,27,556,9,327.06,0,0,0.305,0,0
11.8,0,0.182,20,509,1,138.97,0,0,0.376,0,0
76.09,3,0.257,24,2608,4,145.23,1,0,0.419,0,0
31.53,2,0.521,51,2941,1,52.03,1,0,0.065,0,1
63.56,22,0.624,68,2992,5,49.19,0,0,0.197,0,0
120.17,16,0.208,31,574,2,190.63,1,0,0.543,0,0
31.98,19,0.347,63,2616,3,44.86,2,0,0.494,0,0
31.59,8,0.466,56,2922,6,145.65,1,0,0.349,0,0
85.62,14,0.144,64,1751,4,20.76,1,0,0.25,0,0
140.74,11,0.343,20,1044,6,58.49,0,0,0.663,0,0
734.1,6,0.381,53,1134,1,118.57,0,0,0.27,0,0
125.44,0,0.199,68,3046,2,66.12,0,1,0.294,0,0
442.0,14,0.207,28,685,4,215.17,1,1,0.275,0,0
147.04,5,0.305,52,306,7,240.44,0,0,0.435,0,0
131.19,9,0.188,20,2707,8,128.69,0,0,0.253,0,0
238.74,6,0.042,71,3285,1,54.43,0,0,0.532,0,0
510.17,23,0.38,21,3610,6,121.41,2,0,0.515,0,0
203.0,11,0.129,21,2683,6,124.18,0,0,0.228,0,0
363.89,18,0.349,63,1608,1,112.9,0,0,0.073,0,0
262.97,6,0.127,22,824,1,50.93,1,0,0.324,0,0
248.46,16,0.162,35,1547,4,82.83,0,1,0.678,0,0
164.43,1,0.235,71,1568,3,189.33,1,0,0.214,0,0
176.5,12,0.517,29,3393,5,148.81,2,0,0.068,1,0
94.89,11,0.413,28,1791,4,416.48,0,0,0.254,0,0
28.19,5,0.079,29,885,3,91.56,0,0,0.112,0,0
203.64,9,0.335,23,3003,4,203.36,0,0,0.496,0,0
546.94,17,0.16,75,183,5,135.92,0,1,0.105,0,0
109.09,9,0.234,27,2064,2,188.86,0,0,0.056,0,0
66.8,19,0.324,43,2615,4,186.73,0,0,0.323,0,0
61.99,23,0.117,18,1956,2,140.05,0,0,0.353,0,0
35.77,9,0.141,63,2649,2,177.84,0,0,0.291,0,0
709.56,2,0.37,60,1036,4,225.06,1,0,0.376,0,1
77.16,19,0.473,37,972,5,146.7,0,0,0.178,0,0
433.77,11,0.365,52,3223,7,95.26,0,0,0.257,0,1
345.42,23,0.095,61,1497,7,20.01,1,0,0.268,0,0
251.36,14,0.517,39,404,1,53.28,1,1,0.108,0,0
185.54,4,0.292,25,2419,3,141.5,0,0,0.202,0,0
118.92,3,0.27,68,117,1,165.27,0,0,0.062,0,0
333.89,0,0.484,70,469,5,117.24,0,0,0.541,0,0
747.86,8,0.183,68,2859,4,138.28,0,0,0.356,0,0
106.03,3,0.358,27,2057,6,83.67,0,0,0.116,0,1
193.15,22,0.332,26,2415,7,157.41,2,0,0.32,0,0
680.7,19,0.075,19,1935,3,266.53,0,0,0.626,0,0
135.74,16,0.334,35,2984,7,222.3,1,1,0.497,0,0
133.32,15,0.791,20,3539,3,134.45,1,0,0.297,0,0
56.59,3,0.173,30,1871,2,137.04,0,0,0.434,0,0
412.64,4,0.38,65,370,1,40.91,0,0,0.132,0,0
328.05,17,0.177,41,380,6,135.13,2,0,0.314,0,0
118.69,20,0.135,27,2835,2,303.26,0,0,0.186,0,0
286.99,20,0.239,65,2353,6,250.93,2,0,0.168,0,0
85.91,5,0.088,42,2212,3,77.97,1,0,0.088,1,0
134.44,9,0.415,65,2542,1,40.24,0,0,0.522,0,0
240.09,0,0.197,35,2264,5,301.81,1,0,0.161,0,0
75.36,15,0.097,27,2285,8,84.52,0,0,0.256,1,0
33.8,16,0.084,19,3007,4,154.71,0,0,0.191,0,0
3421.21,8,0.146,18,812,4,137.34,0,1,0.624,0,1
202.31,19,0.029,29,2471,2,82.46,1,0,0.321,0,0
180.79,7,0.047,37,2808,1,169.22,2,0,0.623,0,1
75.57,10,0.178,41,729,2,121.99,1,0,0.411,0,0
1107.88,4,0.219,53,558,3,411.21,0,0,0.232,0,0
82.08,14,0.142,38,2370,2,248.56,1,0,0.425,0,0
436.45,10,0.109,45,157,5,49.93,0,0,0.617,0,0
264.88,23,0.067,67,685,6,115.11,0,0,0.517,0,1
145.69,20,0.383,72,2183,2,88.45,0,0,0.253,0,0
36.98,15,0.139,69,2456,5,241.68,1,0,0.102,0,0
337.09,10,0.405,42,1097,3,136.23,1,0,0.348,0,1
281.09,20,0.184,46,2767,3,426.12,1,0,0.51,0,0
242.49,13,0.528,73,1517,2,98.48,1,1,0.265,0,0
148.51,6,0.198,66,282,6,252.29,1,0,0.491,0,0
267.0,22,0.277,50,223,1,53.99,2,0,0.104,0,0
16.92,12,0.135,52,1091,6,69.19,2,0,0.396,0,0
234.58,14,0.096,46,1322,3,38.9,1,0,0.142,1,0
215.74,20,0.147,41,677,6,95.95,1,0,0.633,0,0
1046.56,20,0.167,62,1338,6,746.46,1,1,0.097,0,0
160.1,20,0.181,18,1595,6,145.88,2,0,0.234,0,0
355.03,15,0.4,74,782,2,102.91,1,0,0.551,0,0
185.74,13,0.057,56,497,2,203.5,1,0,0.173,0,0
70.63,18,0.265,53,490,7,107.71,0,0,0.108,0,0
267.85,21,0.48,38,2148,1,191.38,1,0,0.022,0,0
240.98,9,0.041,56,249,5,45.4,1,0,0.686,0,0
1641.58,3,0.432,31,2572,4,74.6,2,0,0.345,0,1
227.51,15,0.199,40,754,3,415.44,1,0,0.348,1,0
23.57,18,0.168,56,3482,6,218.26,1,0,0.304,0,0
102.02,14,0.212,24,98,5,164.91,0,0,0.233,0,0
1034.03,11,0.446,57,3083,6,187.11,0,1,0.386,0,0
145.06,23,0.232,62,3504,6,115.89,1,0,0.535,0,0
289.94,17,0.31,58,1448,3,356.25,1,0,0.488,0,0
164.74,2,0.095,63,2982,5,30.93,0,0,0.63,0,0
55.38,9,0.34,25,1104,5,108.41,1,0,0.26,0,0
121.06,18,0.189,24,510,4,192.1,1,0,0.403,0,0
85.36,3,0.465,61,2480,4,407.83,0,0,0.061,0,0
57.46,13,0.397,24,448,10,115.69,1,0,0.146,0,0
26.45,19,0.279,52,1937,2,131.11,0,0,0.085,0,0
31.73,8,0.697,69,2926,9,318.26,0,0,0.296,0,0
50.9,11,0.4,18,3457,5,105.38,0,0,0.14,0,0
77.22,10,0.21,74,1108,7,12.87,0,0,0.203,0,0
529.84,19,0.472,73,3108,5,87.6,1,0,0.142,1,0
249.47,15,0.22,49,1134,4,179.03,0,0,0.399,0,0
108.28,3,0.493,52,2217,4,186.21,1,0,0.459,0,1
123.91,9,0.189,26,1442,5,119.6,0,0,0.346,0,0
190.6,15,0.438,33,1725,2,300.56,0,0,0.146,0,0
763.84,16,0.386,20,639,5,52.62,0,0,0.398,0,0
134.74,20,0.208,57,2165,1,145.07,1,0,0.016,1,0
38.92,1,0.335,59,3059,7,218.54,1,0,0.272,0,0
155.32,0,0.452,43,688,3,83.49,0,0,0.165,1,0
196.05,4,0.101,45,765,3,60.92,0,0,0.036,0,0
279.35,7,0.288,19,272,3,229.1,0,0,0.263,0,0
74.1,19,0.24,37,370,4,150.7,0,0,0.327,1,1
147.23,0,0.236,29,929,5,223.44,0,0,0.443,0,1
697.5,3,0.576,41,224,8,155.77,0,0,0.073,0,0
133.69,4,0.04,31,715,6,123.71,2,0,0.681,0,1
159.54,23,0.157,55,530,5,68.5,0,1,0.563,0,0
99.05,16,0.244,67,3598,6,88.78,0,0,0.22,0,0
117.4,4,0.223,18,955,2,113.16,3,0,0.082,0,1
30.85,15,0.351,56,3649,7,476.0,1,0,0.257,0,0
82.07,13,0.257,35,3511,2,500.85,2,1,0.347,0,0
31.04,4,0.122,62,2398,1,262.55,0,0,0.003,0,0
160.37,20,0.432,53,1242,5,256.39,3,0,0.185,0,0
194.25,22,0.406,75,34,4,380.88,1,0,0.295,0,0
279.72,18,0.091,50,1975,2,147.57,0,0,0.222,0,0
243.64,20,0.25,18,454,6,118.62,0,0,0.229,0,0
232.23,19,0.485,53,1932,5,101.52,1,1,0.404,0,1
225.47,16,0.335,60,3079,3,78.39,2,0,0.374,0,0
120.4,18,0.382,44,3601,5,25.12,2,1,0.485,0,0
239.91,5,0.296,72,744,5,128.71,0,0,0.318,0,0
304.16,5,0.182,54,3444,5,164.32,2,0,0.554,0,0
79.1,6,0.314,42,2124,7,357.18,0,0,0.354,0,0
52.53,15,0.477,28,306,6,41.13,2,0,0.361,0,0
109.96,22,0.66,50,592,4,99.86,2,0,0.183,0,0
276.5,1,0.412,24,2197,7,88.31,0,0,0.406,1,1
135.15,6,0.473,39,3577,2,315.7,2,0,0.598,1,0
93.78,11,0.237,64,2158,4,89.25,2,0,0.205,0,0
47.1,23,0.467,20,909,2,96.67,1,0,0.844,0,0
135.99,21,0.262,34,780,4,128.57,0,0,0.364,0,0
124.52,11,0.649,30,453,4,78.23,1,0,0.557,0,0
1197.96,7,0.091,66,247,4,91.53,1,0,0.216,0,0
511.98,3,0.22,71,1699,3,182.46,0,0,0.344,0,1
247.92,4,0.358,45,886,6,197.65,1,0,0.325,0,0
210.26,15,0.373,74,973,11,88.13,0,0,0.224,0,0
395.0,4,0.301,25,309,8,109.75,2,0,0.6,1,1
958.89,4,0.143,49,390,8,194.84,1,1,0.258,0,0
255.57,7,0.341,68,3268,4,61.62,1,0,0.455,0,0
180.3,17,0.393,39,1715,6,268.78,1,0,0.483,0,0
168.89,2,0.428,50,1809,3,51.13,2,0,0.237,0,0
33.01,4,0.409,61,1522,3,286.94,0,1,0.078,0,1
33.02,4,0.365,43,1202,0,107.79,2,0,0.144,0,0
56.45,21,0.427,39,2513,1,111.28,0,0,0.274,0,0
92.97,17,0.381,37,278,2,134.37,0,0,0.251,0,0
527.24,17,0.473,67,634,4,109.96,3,0,0.217,0,0
399.48,16,0.156,33,715,5,45.91,1,0,0.208,0,0
137.25,16,0.192,54,552,3,124.29,0,0,0.304,0,0
171.9,11,0.22,32,2481,5,91.88,0,0,0.564,0,0
146.61,3,0.265,21,2091,0,55.34,1,1,0.357,0,1
355.81,13,0.117,23,1363,6,212.84,1,1,0.467,1,1
102.46,10,0.133,21,414,0,44.72,2,0,0.188,0,0
235.61,15,0.126,74,1569,3,106.62,0,0,0.238,0,0
974.6,14,0.517,64,3146,2,171.77,0,0,0.641,0,0
54.07,23,0.067,26,1072,2,54.14,0,0,0.671,0,0
942.57,0,0.187,22,3437,6,145.68,0,1,0.173,0,0
123.49,10,0.239,71,85,7,77.3,1,0,0.58,0,1
228.0,21,0.267,33,1764,4,198.85,2,0,0.343,0,0
92.56,21,0.116,70,789,4,104.3,2,0,0.309,0,0
56.47,17,0.319,43,1594,4,97.87,2,0,0.416,0,0
316.26,5,0.213,64,2578,6,198.94,2,0,0.137,0,0
2063.96,7,0.369,42,1741,3,180.24,1,0,0.211,0,0
163.91,1,0.082,67,742,5,227.13,0,1,0.263,0,0
174.07,6,0.077,66,2253,6,192.36,3,1,0.201,0,0
146.42,12,0.294,60,815,5,101.28,2,0,0.228,0,0
117.97,7,0.118,43,1549,2,174.92,3,0,0.03,0,0
1411.54,14,0.57,68,2752,2,69.58,0,1,0.45,0,1
249.05,15,0.205,44,3551,5,27.69,0,0,0.232,0,0
496.89,16,0.245,45,3307,5,493.34,0,0,0.362,0,0
45.99,14,0.404,56,463,4,139.87,1,0,0.253,0,0
20.72,18,0.365,37,2572,7,75.45,0,1,0.199,0,0
93.94,0,0.206,51,896,3,102.2,1,0,0.192,0,0
273.3,15,0.059,69,2422,4,301.8,0,0,0.226,0,0
86.89,21,0.52,59,1967,5,179.05,1,1,0.126,1,0
29.06,7,0.255,45,1940,4,133.86,0,0,0.334,0,0
292.83,6,0.238,72,418,4,305.97,1,0,0.573,0,0
237.8,2,0.321,20,902,7,302.97,0,0,0.529,0,0
25.06,18,0.211,23,2291,4,226.67,2,0,0.556,0,0
19.65,13,0.049,35,1435,2,103.07,1,0,0.179,0,0
167.38,22,0.238,30,1607,2,77.05,0,0,0.487,0,0
60.98,22,0.152,30,1510,4,13.0,1,0,0.154,0,0
342.3,14,0.651,52,3099,2,69.84,0,0,0.502,0,0
42.5,4,0.344,63,216,3,306.07,0,1,0.175,1,0
1091.89,19,0.254,21,2256,4,269.89,1,1,0.296,0,1
284.61,7,0.251,25,1790,5,53.1,1,0,0.754,0,0
48.16,18,0.113,74,2938,4,58.45,1,0,0.481,0,0
60.22,15,0.389,63,1284,5,117.75,0,0,0.085,0,0
30.53,5,0.079,48,1153,2,48.23,1,0,0.024,0,0
40.92,1,0.28,29,1566,5,262.16,0,0,0.308,0,0
1466.95,9,0.328,57,450,4,41.47,0,0,0.299,0,1
249.61,19,0.24,53,34,3,50.25,1,0,0.244,0,0
776.97,13,0.362,33,1847,7,159.55,3,0,0.209,1,0
231.54,19,0.1,50,3320,4,130.24,0,0,0.378,0,0
110.85,19,0.072,75,3453,7,399.5,0,1,0.348,0,0
93.19,1,0.355,64,1892,4,86.09,1,0,0.497,0,0
232.58,17,0.134,63,1920,5,219.47,0,1,0.404,1,0
493.35,7,0.211,65,1416,2,146.29,0,0,0.572,0,0
551.14,7,0.315,74,1405,5,89.07,1,0,0.571,0,0
1334.38,8,0.099,66,2931,2,41.61,3,0,0.522,0,0
361.48,0,0.401,22,983,1,344.11,0,0,0.044,0,0
80.66,16,0.133,29,2444,5,44.42,1,0,0.309,0,0
199.65,10,0.08,66,680,8,365.23,0,0,0.171,0,0
213.05,7,0.26,70,465,3,71.16,1,0,0.205,0,0
40.83,9,0.232,41,610,2,198.07,1,0,0.136,0,0
41.08,18,0.605,22,2801,2,27.82,3,1,0.323,0,1
128.05,8,0.187,35,878,8,137.54,0,0,0.441,0,0
365.23,5,0.222,45,1523,4,262.56,2,0,0.292,0,0
85.66,22,0.06,21,1535,4,167.04,1,0,0.171,0,0
8.55,7,0.061,20,1293,3,287.69,2,0,0.433,0,0
164.71,4,0.477,67,1067,2,103.71,1,0,0.623,0,0
49.24,9,0.268,70,2274,3,36.99,1,0,0.166,0,0
44.07,8,0.109,58,181,8,27.95,2,0,0.216,1,0
220.48,9,0.297,75,3540,8,181.74,0,0,0.359,0,0
1510.27,3,0.152,51,305,1,175.97,0,0,0.16,0,0
249.13,15,0.293,47,570,4,67.79,1,0,0.421,0,1
102.32,7,0.127,29,112,6,189.17,3,0,0.151,0,0
45.17,8,0.087,41,3257,2,146.5,0,0,0.464,0,0
383.87,3,0.207,56,30,2,30.23,1,0,0.466,0,0
145.53,7,0.118,41,2362,3,291.8,0,0,0.347,0,0
67.32,20,0.157,40,3228,5,306.29,0,0,0.305,0,0
646.24,15,0.203,26,1137,6,76.21,0,0,0.476,0,0
123.06,8,0.053,65,740,6,107.86,1,0,0.047,0,0
56.35,21,0.494,38,3492,4,159.36,0,0,0.268,0,0
277.03,22,0.374,72,1701,4,99.7,3,1,0.205,1,1
117.81,3,0.433,54,1749,3,172.45,1,0,0.548,0,0
171.87,12,0.104,33,3482,4,211.32,0,0,0.379,0,0
23.48,0,0.375,27,3437,2,135.39,0,0,0.351,0,0
47.32,14,0.219,30,228,5,177.15,0,1,0.088,0,0
149.37,6,0.167,26,480,2,113.1,1,0,0.477,0,0
595.28,15,0.105,23,3557,9,62.54,0,0,0.028,0,0
99.5,7,0.301,72,2640,1,157.71,1,0,0.174,0,0
85.54,10,0.232,34,3131,3,94.24,0,0,0.123,0,0
31.09,2,0.128,64,394,2,60.17,2,0,0.036,0,1
366.48,3,0.23,18,2909,4,83.23,0,1,0.371,1,1
1195.17,4,0.157,52,2229,6,107.08,1,0,0.2,0,1
84.37,6,0.071,59,1736,5,92.11,0,0,0.041,0,0
237.17,16,0.083,62,800,2,465.27,0,0,0.09,0,0
28.19,2,0.336,18,2593,4,313.84,2,0,0.213,0,0
1264.3,22,0.366,18,531,3,122.02,1,0,0.402,0,0
7.84,20,0.192,43,3608,9,133.69,0,0,0.308,0,0
179.94,12,0.712,34,284,4,116.65,0,1,0.251,0,1
86.89,12,0.078,63,2758,2,107.45,1,1,0.235,0,0
179.56,1,0.436,59,2849,2,60.76,0,0,0.245,0,0
225.77,13,0.085,72,550,3,345.49,2,1,0.099,0,0
60.67,2,0.379,43,3041,6,221.03,0,0,0.377,0,0
85.78,11,0.25,47,2169,5,191.42,2,0,0.459,0,0
30.45,22,0.069,74,1810,10,121.2,0,0,0.22,0,0
57.39,8,0.168,74,2104,4,61.87,2,0,0.459,0,0
146.96,5,0.333,23,277,4,133.74,1,0,0.279,0,0
45.65,12,0.15,62,208,4,389.08,1,0,0.277,0,0
653.25,12,0.153,27,3400,3,37.36,0,0,0.659,0,0
136.64,15,0.183,24,1993,3,78.74,0,0,0.403,0,0
791.12,15,0.102,46,2862,3,120.52,2,0,0.35,0,0
195.86,7,0.213,20,937,0,226.6,0,0,0.236,0,0
56.48,20,0.22,38,2915,1,87.99,0,0,0.594,0,0
124.48,18,0.348,25,507,6,187.7,2,0,0.289,0,0
195.72,21,0.364,54,3117,4,253.47,0,1,0.192,0,0
118.34,18,0.422,63,2652,5,57.15,0,0,0.456,1,1
259.39,12,0.19,55,3088,2,125.0,0,0,0.141,0,0
834.61,13,0.242,70,1744,4,268.63,1,0,0.674,0,0
943.28,6,0.039,71,1958,2,154.28,0,0,0.385,0,0
117.12,7,0.242,21,1732,2,287.57,0,0,0.429,0,0
33.15,14,0.073,56,92,0,293.34,0,0,0.469,1,1
401.65,6,0.161,70,1755,2,290.17,1,0,0.292,0,0
103.44,12,0.196,74,1496,2,476.59,2,0,0.252,0,0
402.16,20,0.263,60,3175,3,187.71,2,0,0.571,0,0
362.35,3,0.005,72,1327,5,220.1,0,0,0.436,0,0
98.79,0,0.15,39,1877,6,188.6,1,0,0.258,0,0
273.9,2,0.471,28,1497,9,104.75,2,1,0.592,0,1
567.05,10,0.26,68,152,8,101.45,1,0,0.597,0,0
362.47,19,0.24,37,1853,3,143.35,0,0,0.131,0,0
130.13,10,0.516,28,2305,1,289.04,0,0,0.586,0,0
140.39,15,0.632,32,1053,6,145.23,0,0,0.62,1,1
103.54,18,0.056,69,2555,1,66.68,1,0,0.107,0,0
39.81,23,0.124,29,2163,11,208.95,0,1,0.234,1,1
187.84,5,0.153,59,1285,3,385.87,0,0,0.543,0,0
133.86,4,0.343,70,1172,2,145.58,0,0,0.204,0,0
297.63,4,0.589,57,1194,8,67.6,1,0,0.132,0,0
177.66,22,0.223,72,1645,2,113.23,3,0,0.498,0,0
267.91,19,0.365,35,961,4,182.18,0,1,0.425,0,1
159.6,14,0.2,70,732,5,390.33,1,1,0.785,0,0
145.56,0,0.106,46,1959,4,73.46,0,1,0.117,0,0
57.49,20,0.402,18,2409,1,187.3,1,0,0.208,0,0
361.27,15,0.603,67,41,7,97.5,3,0,0.333,0,0
169.74,15,0.418,58,3177,5,362.15,1,1,0.217,0,0
192.54,16,0.641,72,2446,1,89.96,0,0,0.264,0,0
248.4,18,0.441,18,1853,3,115.3,3,0,0.213,1,0
347.1,5,0.334,68,1317,2,72.51,0,0,0.441,1,1
424.39,16,0.115,75,1847,7,64.15,1,0,0.117,0,0
94.43,6,0.25,20,1594,2,37.13,1,0,0.426,0,0
115.31,10,0.573,44,3377,6,600.05,2,0,0.188,0,0
175.8,3,0.27,53,983,7,47.97,2,1,0.373,0,0
182.8,21,0.487,74,983,2,63.95,2,0,0.41,0,0
31.01,4,0.356,19,2467,3,176.28,3,0,0.5,0,0
200.09,14,0.302,27,3436,7,215.99,0,0,0.654,0,0
126.48,23,0.271,56,1927,1,86.46,1,0,0.116,0,0
212.76,21,0.444,29,1062,5,115.85,2,0,0.163,0,0
578.63,0,0.306,60,2778,4,42.15,0,0,0.185,0,0
252.99,20,0.381,40,2235,3,137.4,1,0,0.38,0,1
253.31,14,0.124,70,2215,6,118.42,1,0,0.497,1,1
227.12,18,0.112,31,1695,1,178.71,0,1,0.45,0,0
389.12,13,0.504,19,3245,4,108.11,0,0,0.07,0,0
322.03,23,0.494,26,2223,4,35.57,0,0,0.379,1,1
947.75,12,0.115,44,3434,4,60.6,0,0,0.579,0,0
143.02,0,0.127,61,299,4,109.56,0,0,0.469,0,0
299.31,15,0.171,53,2870,1,105.96,1,0,0.238,0,0
155.03,18,0.301,64,2927,4,155.59,0,0,0.102,0,0
27.86,18,0.31,75,2662,4,75.25,0,0,0.303,0,0
75.42,22,0.136,67,2986,4,245.45,1,1,0.299,1,1
51.39,15,0.133,25,2273,4,108.04,1,0,0.518,0,1
73.74,14,0.148,19,3411,0,64.51,1,0,0.176,0,0
139.62,15,0.046,69,3179,5,76.33,0,0,0.61,0,0
47.07,21,0.129,34,2356,5,48.57,0,0,0.332,0,0
40.6,15,0.131,30,3287,4,30.96,0,0,0.618,0,0
17.23,18,0.026,49,3205,1,132.64,0,0,0.779,0,0
283.5,0,0.319,33,649,4,101.22,1,1,0.032,0,0
20.12,23,0.321,27,1025,7,263.31,1,1,0.372,0,0
627.39,18,0.239,31,245,7,147.1,0,1,0.182,0,0
284.95,0,0.36,36,1274,1,174.31,1,0,0.31,0,0
135.86,14,0.031,67,3388,6,77.36,1,0,0.063,0,0
13.85,22,0.298,53,2768,5,133.99,1,0,0.409,0,0
81.31,8,0.27,19,3163,7,255.29,1,0,0.42,0,0
123.47,0,0.351,33,2396,6,148.78,1,0,0.127,0,0
52.99,14,0.438,56,272,6,86.25,0,0,0.663,0,0
305.77,4,0.349,61,1457,8,165.74,3,1,0.184,0,1
57.83,16,0.366,37,847,3,239.03,2,0,0.716,0,0
1160.04,0,0.094,48,3124,2,52.9,0,0,0.433,0,0
112.2,12,0.243,64,2722,8,69.68,0,1,0.407,1,0
756.43,9,0.255,51,2451,3,115.68,0,0,0.124,0,0
433.97,8,0.289,65,498,4,169.12,0,0,0.364,0,0
190.45,21,0.176,73,3358,6,572.26,1,0,0.757,0,0
147.59,10,0.128,67,470,2,90.81,1,1,0.09,0,0
115.69,5,0.53,72,3337,5,108.08,0,0,0.254,0,0
82.34,17,0.246,73,863,1,22.88,1,0,0.403,0,0
293.02,10,0.254,67,415,6,135.7,1,0,0.661,0,0
115.41,17,0.398,46,2089,5,231.97,1,0,0.513,0,0
539.84,6,0.176,50,1620,7,102.28,0,1,0.503,0,1
262.17,5,0.375,57,1055,4,152.91,0,0,0.367,0,0
532.96,18,0.403,66,2689,4,122.99,2,0,0.105,0,0
37.61,21,0.531,22,1042,4,98.3,1,0,0.239,0,0
19.57,19,0.255,67,3328,5,67.63,1,0,0.126,0,0
180.21,6,0.119,40,3639,6,213.44,0,0,0.381,0,1
62.55,3,0.402,59,2047,2,92.39,1,0,0.125,1,1
316.55,23,0.305,19,3605,2,123.54,1,0,0.493,0,0
240.44,9,0.477,62,2903,5,89.06,0,0,0.428,0,0
310.08,10,0.121,46,1115,4,200.76,2,0,0.178,0,0
190.43,2,0.321,21,995,2,202.07,0,1,0.082,0,0
269.12,0,0.211,38,3003,3,156.83,3,0,0.247,0,0
490.09,7,0.377,54,1586,6,36.22,0,0,0.204,0,0
46.07,1,0.424,26,2991,3,228.93,0,0,0.068,0,0
165.43,21,0.407,60,3140,6,344.51,1,0,0.453,0,0
56.61,16,0.148,39,2464,1,169.3,0,0,0.433,0,0
280.91,23,0.315,66,819,3,152.46,0,0,0.142,0,0
130.51,19,0.501,69,2183,3,59.06,0,0,0.487,1,1
88.84,3,0.417,53,444,4,141.94,0,0,0.175,0,0
113.01,10,0.499,32,816,6,746.71,0,1,0.198,0,0
49.59,16,0.361,23,1614,2,691.89,1,0,0.13,0,1
100.77,19,0.298,71,1306,6,46.18,1,1,0.648,0,0
33.83,7,0.185,35,2207,2,164.07,0,0,0.245,0,0
42.09,4,0.288,19,1456,2,120.34,2,0,0.415,0,0
977.1,10,0.308,48,1857,5,80.94,0,0,0.807,0,0
1546.35,5,0.139,64,2698,4,86.7,1,0,0.169,1,1
80.99,10,0.085,43,2402,8,258.95,1,0,0.208,0,0
63.86,8,0.07,18,3216,5,58.1,0,0,0.145,0,0
40.97,18,0.306,35,2796,2,68.73,0,1,0.125,0,1
532.55,0,0.461,38,1596,4,138.28,0,0,0.311,0,0
68.1,8,0.309,56,2469,4,160.62,0,1,0.775,0,1
666.03,14,0.202,27,1651,3,65.93,0,0,0.459,0,0
54.24,20,0.293,49,1163,3,63.19,0,0,0.173,0,0
88.58,22,0.266,71,974,8,254.4,1,0,0.192,0,0
49.24,7,0.087,30,1107,7,105.92,1,0,0.141,0,0
123.92,19,0.277,72,2322,6,467.43,2,0,0.375,0,0
66.68,1,0.098,43,1015,0,162.56,3,1,0.288,0,1
289.55,15,0.454,32,337,4,19.34,0,1,0.578,0,0
84.92,14,0.3,69,195,5,82.5,3,0,0.197,0,0
526.85,9,0.203,33,1615,4,133.44,1,0,0.149,1,0
1038.15,6,0.454,75,2013,5,531.83,1,0,0.231,0,0
932.79,23,0.255,27,2451,4,83.99,1,1,0.159,0,0
17.23,13,0.087,66,2289,4,155.53,0,0,0.104,0,0
32.5,0,0.201,64,3490,0,113.15,0,0,0.185,0,0
140.57,3,0.19,37,658,9,125.56,1,0,0.158,0,0
94.63,6,0.142,61,2891,3,45.07,2,0,0.178,0,0
279.98,9,0.085,20,2503,6,54.11,0,0,0.1,0,0
746.64,4,0.714,67,2583,5,153.64,1,0,0.354,0,1
288.5,22,0.402,56,2372,3,257.96,0,0,0.493,0,0
39.97,8,0.688,67,1158,6,37.03,0,0,0.261,0,0
136.79,1,0.32,49,3563,11,198.84,1,0,0.495,0,0
121.83,7,0.124,68,2052,4,144.42,0,0,0.263,0,0
360.43,9,0.426,53,3360,1,126.61,0,0,0.485,1,0
127.57,6,0.336,67,3048,2,58.03,0,0,0.255,0,0
46.06,13,0.068,61,478,3,63.2,0,1,0.366,0,0
793.45,9,0.068,40,3067,10,155.7,1,0,0.315,0,0
157.63,16,0.11,54,1095,2,122.31,0,0,0.081,0,0
661.78,12,0.413,52,2043,3,86.44,1,0,0.201,0,0
53.28,1,0.098,27,1450,2,92.15,1,1,0.036,1,0
170.13,14,0.24,23,1389,3,49.42,1,0,0.344,0,0
27.57,21,0.122,30,2049,9,22.27,2,0,0.52,0,0
55.56,18,0.076,41,2257,3,65.23,1,0,0.333,0,0
814.45,11,0.215,73,2325,4,37.41,0,0,0.42,0,0
64.12,12,0.11,28,2552,4,53.15,2,0,0.527,0,0
238.58,22,0.156,73,2208,3,245.59,0,0,0.355,0,0
108.9,16,0.13,41,2527,2,66.42,1,0,0.268,0,0
236.67,5,0.373,58,1382,2,116.4,1,1,0.008,1,0
86.84,12,0.28,72,2710,3,356.16,0,0,0.487,0,0
200.43,8,0.21,34,3363,8,121.72,3,0,0.475,0,0
401.87,3,0.32,43,973,2,282.82,0,0,0.385,0,0
130.3,4,0.545,19,1326,2,84.23,1,0,0.43,0,1
145.49,22,0.115,43,2265,4,51.17,2,0,0.465,0,0
87.84,15,0.078,22,1899,2,91.71,0,0,0.199,0,0
72.98,15,0.356,24,3358,4,229.27,0,0,0.279,0,0
680.78,20,0.123,70,500,7,177.88,1,0,0.192,0,0
67.19,4,0.563,72,3440,2,168.79,0,1,0.211,0,1
27.37,22,0.29,73,1424,4,153.21,1,0,0.148,0,0
139.71,23,0.26,68,296,5,102.51,2,0,0.13,0,0
127.51,7,0.101,57,2382,1,108.78,0,0,0.645,0,0
92.4,0,0.188,40,498,4,62.16,2,0,0.293,0,1
155.99,14,0.139,45,2911,3,39.99,1,0,0.151,0,0
176.83,2,0.266,66,833,2,104.52,0,0,0.337,0,0
47.05,10,0.211,30,1196,5,99.97,1,0,0.253,0,0
452.29,17,0.451,61,665,7,84.21,0,1,0.492,0,1
103.89,11,0.357,52,1648,1,540.93,0,0,0.177,0,0
86.66,16,0.194,62,3138,4,66.83,0,0,0.126,0,0
14.94,22,0.475,75,751,2,96.14,1,0,0.49,0,0
191.72,10,0.541,60,2282,2,143.33,0,0,0.07,1,0
140.13,9,0.074,21,1561,8,155.46,0,1,0.203,0,1
65.01,22,0.21,20,1371,9,166.25,2,0,0.115,0,0
80.91,1,0.254,55,2297,8,74.6,2,0,0.345,0,0
70.35,12,0.285,67,1157,8,694.62,1,0,0.262,0,0
128.98,21,0.433,24,1815,6,33.21,1,0,0.481,0,0
130.95,17,0.109,25,1830,4,225.28,3,0,0.628,0,0
239.14,16,0.663,44,2330,2,122.71,1,0,0.59,0,1
844.63,6,0.433,41,2132,8,116.28,0,0,0.249,0,1
100.31,19,0.285,24,1298,5,42.3,0,0,0.088,0,0
21.94,17,0.156,68,3557,1,151.92,1,0,0.319,0,0
435.0,14,0.195,71,2160,2,98.04,0,0,0.431,0,0
32.12,22,0.171,49,1876,2,149.7,1,0,0.684,0,0
254.91,17,0.431,20,65,4,170.23,0,0,0.311,0,1
87.72,22,0.272,33,1731,5,104.05,1,1,0.659,0,1
32.28,19,0.253,20,2602,5,32.78,0,0,0.207,0,0
61.83,3,0.552,40,1386,5,121.38,0,1,0.753,0,1
76.18,3,0.209,41,3492,6,368.71,1,0,0.098,1,1
593.69,22,0.013,29,891,4,86.83,1,0,0.195,0,0
219.02,1,0.62,75,3278,5,58.81,0,0,0.208,0,0
103.75,13,0.159,62,3250,3,51.03,2,0,0.519,0,0
312.63,15,0.079,66,498,1,123.42,0,0,0.227,0,0
1143.75,13,0.12,22,763,4,68.39,0,0,0.353,0,0
49.92,15,0.13,64,1265,6,146.07,1,1,0.34,0,1
93.91,12,0.208,59,1992,9,203.43,0,1,0.249,0,0
182.14,22,0.246,74,2774,1,95.4,2,1,0.33,0,1
428.47,15,0.362,71,864,4,99.36,0,0,0.165,0,0
144.84,22,0.391,62,789,3,59.42,0,0,0.325,0,0
489.85,11,0.367,23,717,2,116.17,1,0,0.337,0,0
68.6,12,0.164,59,2130,2,46.07,0,0,0.248,0,0
24.44,13,0.082,60,3472,6,175.15,0,0,0.3,0,0
87.42,6,0.153,51,610,7,263.4,1,0,0.764,0,0
1209.47,18,0.075,72,504,2,47.22,3,1,0.421,0,0
165.08,17,0.607,50,3387,3,66.38,1,0,0.696,0,0
360.5,10,0.32,20,3395,3,56.44,2,1,0.312,0,1
52.85,18,0.35,47,3396,7,104.92,0,0,0.363,0,1
34.23,14,0.133,69,2213,2,189.74,1,1,0.601,0,1
243.12,6,0.207,20,3563,6,147.4,1,0,0.193,0,0
80.47,7,0.603,38,2743,2,402.25,0,0,0.399,1,1
91.48,2,0.139,42,353,3,434.62,0,0,0.505,0,0
96.3,16,0.071,35,2856,2,186.19,0,1,0.23,0,0
159.07,22,0.172,74,974,1,68.17,1,0,0.505,0,0
76.49,12,0.171,62,1536,4,278.07,1,0,0.469,0,1
183.7,22,0.052,47,1593,2,23.99,2,0,0.497,0,0
49.8,18,0.219,21,989,8,150.39,0,0,0.231,0,0
83.63,10,0.37,58,2457,2,133.2,0,1,0.375,0,0
47.39,16,0.059,59,3602,3,577.31,1,0,0.023,0,0
51.74,14,0.16,39,112,3,43.61,0,0,0.748,0,0
106.22,6,0.233,44,884,4,348.92,0,0,0.104,0,0
28.63,6,0.318,21,3574,4,36.32,0,0,0.353,0,0
24.68,0,0.41,65,3092,3,198.75,1,0,0.265,1,0
759.31,12,0.182,46,1532,4,121.65,0,0,0.118,1,0
86.85,16,0.438,33,1427,4,86.94,1,1,0.275,0,1
172.5,9,0.136,29,816,5,109.53,2,0,0.355,0,0
44.87,21,0.252,61,967,6,102.96,0,0,0.36,0,0
142.19,1,0.181,58,1044,4,106.57,2,0,0.601,0,0
94.05,19,0.068,38,2272,2,120.53,1,0,0.295,1,0
69.53,16,0.172,34,2326,4,85.72,2,0,0.412,0,0
558.8,21,0.213,27,1111,7,169.2,0,0,0.337,0,0
322.19,11,0.581,25,1914,6,278.3,1,0,0.285,0,0
207.3,15,0.678,74,598,4,211.7,0,0,0.151,0,0
335.01,21,0.413,45,1469,5,93.92,0,0,0.249,0,0
181.08,3,0.505,67,3118,4,331.31,1,0,0.275,0,1
140.96,14,0.094,60,811,6,159.27,0,0,0.361,0,0
57.26,11,0.281,40,1428,6,149.52,2,0,0.826,0,0
85.32,1,0.521,58,2562,2,128.77,0,0,0.472,0,1
66.53,7,0.168,50,992,2,146.79,0,0,0.459,0,0
77.32,13,0.383,48,542,7,215.93,1,0,0.11,0,0
474.93,6,0.22,75,2593,3,176.08,1,0,0.399,0,0
155.79,4,0.4,49,3408,3,197.38,2,0,0.198,0,0
613.76,2,0.168,20,1531,5,126.54,3,0,0.255,1,1
455.95,23,0.25,42,2547,3,56.25,1,0,0.415,0,1
590.79,6,0.187,62,3082,5,178.04,1,0,0.452,0,0
100.72,18,0.511,75,3596,2,99.33,1,0,0.217,0,0
148.06,10,0.546,66,3335,2,204.17,0,0,0.217,0,0
283.01,12,0.598,42,1278,3,62.32,4,0,0.262,0,0
311.32,0,0.097,34,3125,6,50.7,0,1,0.228,0,0
597.92,9,0.529,23,536,4,94.52,0,0,0.026,0,0
534.33,2,0.127,46,1398,4,244.25,1,0,0.274,0,1
82.71,8,0.297,49,1408,3,82.2,1,1,0.421,0,1
118.33,23,0.245,73,406,2,75.13,2,1,0.396,0,1
187.58,11,0.37,59,3508,1,133.41,1,0,0.149,0,0
204.94,15,0.536,70,3539,6,122.45,0,0,0.665,1,1
334.79,9,0.063,51,766,4,186.44,1,0,0.328,0,0
278.56,10,0.164,23,753,6,36.89,2,0,0.427,0,0
370.03,21,0.312,69,514,6,99.01,0,0,0.14,0,0
77.72,10,0.258,46,3119,7,288.49,0,0,0.38,1,1
17.75,2,0.475,62,604,5,77.8,0,0,0.234,1,0
355.12,16,0.15,48,337,1,61.54,1,0,0.538,0,0
61.67,7,0.53,31,3066,7,54.47,0,0,0.502,0,0
483.75,7,0.298,65,3376,3,61.24,2,0,0.256,0,0
167.67,14,0.203,62,2980,5,105.57,1,1,0.047,0,0
116.6,8,0.543,27,596,2,108.13,1,0,0.266,0,0
323.65,17,0.247,26,1108,1,135.48,0,0,0.287,0,0
30.39,17,0.519,73,2911,5,166.97,0,0,0.275,0,0
89.29,7,0.62,62,1765,4,86.09,0,0,0.673,0,0
151.28,14,0.334,21,978,6,245.81,1,0,0.435,0,0
495.97,15,0.095,69,2998,3,46.82,1,0,0.287,0,0
212.86,15,0.298,20,3183,3,239.79,0,1,0.273,0,0
309.4,8,0.471,62,3361,3,33.77,0,0,0.276,0,0
485.75,16,0.312,70,2924,5,154.94,0,0,0.478,0,0
33.89,22,0.216,37,1898,4,148.51,1,0,0.381,0,0
85.58,12,0.381,43,1256,3,136.27,1,0,0.113,0,0
74.72,14,0.195,40,1852,6,220.12,1,0,0.556,0,0
851.81,20,0.466,25,51,3,112.89,0,0,0.28,0,0
72.47,3,0.192,66,2858,3,110.55,0,0,0.49,0,0
257.25,15,0.294,41,1152,7,168.82,0,0,0.581,0,0
1655.2,16,0.078,38,1513,1,115.3,3,1,0.334,0,1
148.49,22,0.046,20,2209,5,131.59,0,0,0.844,0,1
128.1,18,0.428,42,2548,2,203.23,1,0,0.143,0,0
41.42,13,0.151,59,2296,5,63.48,1,0,0.244,0,0
192.01,3,0.773,56,1933,3,56.43,1,0,0.253,0,1
168.4,15,0.091,38,2639,2,56.89,1,0,0.307,0,0
139.49,4,0.194,72,3122,4,77.39,0,0,0.207,0,0
50.09,1,0.382,69,1363,6,149.19,3,0,0.697,0,0
206.7,20,0.257,62,2035,4,66.13,2,0,0.465,0,0
161.91,4,0.522,46,775,5,652.43,2,1,0.403,0,1
142.66,21,0.137,31,3284,7,35.75,2,0,0.059,0,0
163.64,1,0.198,72,2583,2,86.29,0,0,0.675,0,0
375.5,2,0.068,62,1392,5,46.8,2,0,0.114,1,1
437.37,16,0.57,56,2981,4,580.28,2,1,0.226,0,0
94.33,3,0.241,25,1629,2,275.91,2,0,0.341,0,0
288.85,12,0.376,33,3439,5,108.46,1,0,0.326,0,0
448.5,13,0.257,28,2105,7,233.36,0,0,0.233,0,0
67.3,20,0.155,75,3335,4,158.73,0,0,0.38,0,0
68.21,6,0.373,45,3130,4,27.71,2,0,0.491,0,0
479.68,5,0.283,28,1537,7,144.73,0,0,0.352,0,1
450.2,23,0.277,34,1115,6,152.7,1,1,0.492,0,0
59.78,14,0.094,50,584,4,158.72,2,0,0.279,0,0
174.14,0,0.418,45,2072,5,72.29,0,0,0.377,0,0
510.71,12,0.31,56,2839,4,155.13,0,1,0.179,0,0
44.71,19,0.149,66,3205,6,488.24,0,0,0.576,1,0
109.1,1,0.154,47,2540,2,134.54,3,0,0.186,0,1
266.9,10,0.493,63,2152,5,158.85,2,1,0.585,0,0
109.98,22,0.346,64,1478,6,86.29,2,0,0.195,0,1
177.05,11,0.166,26,2216,6,166.23,0,0,0.307,0,0
225.66,13,0.08,31,1819,3,391.04,1,0,0.319,0,0
80.31,19,0.301,64,898,5,264.14,1,0,0.537,0,0
109.71,19,0.332,58,2961,5,173.76,2,0,0.361,0,0
121.47,23,0.501,46,549,6,51.41,0,0,0.378,0,0
55.22,6,0.057,62,2395,3,220.08,2,0,0.039,0,0
413.03,13,0.053,28,3450,7,70.41,0,0,0.111,0,0
119.26,1,0.327,51,1257,6,128.88,1,0,0.186,0,0
169.34,3,0.342,60,922,5,26.31,1,0,0.174,0,0
457.34,4,0.485,45,2534,7,94.26,2,0,0.366,0,1
18.78,19,0.397,49,1722,7,75.22,0,0,0.218,0,0
81.42,10,0.205,46,497,3,264.11,0,0,0.491,0,0
192.88,5,0.336,44,902,4,108.84,1,0,0.646,0,1
32.36,15,0.094,73,1318,5,53.92,1,0,0.31,0,0
1299.76,21,0.323,59,1284,4,77.41,0,0,0.395,0,0
658.43,21,0.447,36,451,2,103.47,0,0,0.564,0,1
150.68,0,0.277,64,1970,7,326.18,3,0,0.384,0,1
258.85,0,0.654,75,2023,1,106.85,1,0,0.484,0,0
98.32,14,0.016,58,2217,2,142.63,1,0,0.312,0,0
162.17,0,0.018,60,296,4,43.54,2,0,0.59,0,0
650.36,13,0.391,74,3534,1,245.65,0,1,0.341,0,0
128.12,14,0.423,73,387,4,64.61,1,0,0.216,0,0
31.89,6,0.353,40,533,6,80.86,3,0,0.073,0,0
79.39,16,0.512,60,2800,1,58.8,2,0,0.236,0,0
90.47,21,0.506,38,201,4,457.36,2,0,0.55,1,1
322.92,14,0.286,61,1003,2,61.51,1,0,0.206,0,0
253.74,23,0.739,75,2855,4,101.49,1,0,0.335,0,0
54.27,17,0.069,48,1880,3,246.03,2,0,0.157,0,0
631.0,12,0.35,24,362,5,71.39,4,0,0.362,1,1
64.59,22,0.302,38,3426,5,69.43,2,0,0.27,0,0
271.65,1,0.133,35,1474,5,188.87,0,1,0.278,0,0
46.84,22,0.209,24,788,5,49.4,0,0,0.313,0,0
232.03,21,0.171,35,427,3,159.58,2,0,0.359,0,1
413.25,12,0.292,54,1328,4,83.72,2,0,0.244,0,0
65.48,5,0.287,63,2944,6,79.85,0,0,0.26,0,0
363.29,6,0.362,49,3077,2,140.78,1,0,0.243,0,0
105.33,8,0.138,74,1575,1,1070.65,0,0,0.217,0,0
36.7,0,0.282,30,3517,9,130.87,1,0,0.145,1,1
66.98,8,0.226,22,2559,5,152.69,0,0,0.212,0,0
220.23,23,0.344,51,90,5,98.64,1,0,0.456,0,0
130.34,21,0.26,49,3327,2,43.97,1,0,0.52,0,0
173.83,0,0.31,35,502,7,74.5,0,0,0.223,0,0
204.31,10,0.35,49,3230,4,218.43,0,0,0.552,0,0
285.71,13,0.118,53,496,6,139.29,0,0,0.128,1,0
75.68,23,0.431,44,2034,7,516.89,0,0,0.33,1,0
246.22,0,0.518,64,165,5,87.24,0,0,0.454,0,0
122.95,9,0.616,18,2209,3,40.69,2,0,0.144,0,0
1165.32,7,0.286,51,2077,4,17.7,0,0,0.098,0,1
227.2,8,0.121,54,1388,3,46.14,0,0,0.425,0,1
719.97,23,0.11,46,2489,4,139.2,0,0,0.628,0,0
34.88,2,0.236,39,3031,4,154.49,1,0,0.468,0,0
92.3,6,0.314,57,1470,3,172.19,0,0,0.373,1,0
140.39,6,0.231,54,771,6,87.77,0,0,0.202,1,0
259.25,5,0.305,47,181,1,212.39,0,1,0.566,0,1
378.3,22,0.445,61,416,1,191.31,1,1,0.317,0,0
105.3,21,0.035,36,2160,1,107.56,1,0,0.364,0,0
158.83,10,0.475,21,3366,3,219.88,2,0,0.19,0,0
53.21,20,0.348,25,2450,5,77.03,2,0,0.808,0,0
89.64,4,0.226,67,1577,1,91.28,0,0,0.16,0,0
343.01,8,0.131,75,1411,0,59.04,1,0,0.396,0,0
279.68,22,0.146,54,190,2,79.06,1,0,0.143,0,0
117.94,9,0.242,63,2814,3,70.53,1,0,0.688,0,0
29.77,23,0.192,19,1447,4,91.95,2,0,0.625,0,0
118.92,21,0.248,60,2126,4,99.78,0,1,0.452,0,0
133.01,15,0.041,75,157,3,57.66,1,0,0.404,0,0
152.2,18,0.634,63,278,5,146.27,1,0,0.128,0,0
51.9,9,0.117,30,2929,5,411.41,2,0,0.465,0,0
906.24,1,0.422,20,1981,9,119.71,0,0,0.423,0,0
176.48,5,0.677,59,3176,3,52.28,0,0,0.295,0,0
67.7,21,0.703,28,2603,6,179.35,0,1,0.425,0,1
466.86,4,0.269,37,306,3,145.34,3,1,0.29,1,1
74.22,20,0.042,47,1642,11,115.63,2,0,0.358,0,0
95.89,3,0.071,57,2065,3,173.03,0,0,0.109,0,0
554.24,3,0.405,62,772,6,117.33,1,0,0.269,0,1
218.5,15,0.037,70,2811,4,94.69,0,0,0.22,1,0
20.76,10,0.12,23,407,6,64.57,1,0,0.337,0,0
422.04,9,0.292,57,40,5,45.07,0,0,0.521,0,0
961.81,2,0.539,58,2149,6,327.82,0,0,0.453,0,0
649.98,16,0.432,27,2226,6,86.84,0,0,0.438,0,1
101.09,17,0.381,54,3601,2,95.36,1,0,0.386,0,0
204.66,10,0.158,49,2644,3,63.34,1,1,0.124,0,0
43.63,23,0.057,42,3518,5,193.75,1,0,0.25,0,0
181.1,15,0.2,45,2911,5,106.95,0,0,0.035,0,0
312.37,21,0.15,38,1285,2,55.08,0,0,0.166,0,0
138.16,21,0.105,32,643,4,308.45,0,0,0.167,0,0
502.85,2,0.225,30,914,6,60.47,1,1,0.57,1,0
124.59,22,0.064,73,1601,4,188.96,1,0,0.408,0,0
16.13,9,0.512,40,104,3,69.87,2,0,0.259,0,0
294.79,10,0.428,38,2659,8,176.89,1,0,0.473,0,0
219.73,0,0.087,62,2665,2,180.07,1,0,0.435,0,1
1180.96,8,0.094,30,906,8,88.03,1,0,0.145,0,0
119.21,10,0.188,37,1291,3,50.19,0,0,0.481,0,0
794.49,19,0.42,72,2793,4,232.19,1,0,0.208,0,0
587.86,3,0.37,29,372,4,50.51,2,0,0.486,1,1
268.22,12,0.363,64,3196,7,79.99,1,0,0.336,0,0
172.2,13,0.522,23,183,4,70.34,0,0,0.745,1,0
188.56,9,0.284,21,898,6,104.8,1,0,0.301,0,0
482.65,23,0.236,25,1480,5,444.93,0,0,0.172,0,0
41.6,18,0.248,56,1884,4,140.92,1,0,0.13,0,0
449.52,1,0.261,61,2129,5,72.29,2,0,0.383,0,0
73.14,4,0.019,55,2970,6,19.79,0,0,0.382,0,0
74.22,6,0.18,26,1071,3,104.52,0,0,0.474,0,0
38.37,2,0.254,54,1182,5,464.73,0,0,0.157,1,0
208.88,2,0.333,49,2543,1,56.37,2,1,0.713,0,0
863.67,6,0.179,27,1484,3,390.94,2,0,0.337,0,0
181.03,21,0.116,51,3427,9,143.85,1,0,0.263,1,0
327.22,19,0.27,35,2728,2,211.1,1,0,0.372,0,1
62.28,4,0.351,46,1625,3,47.28,2,0,0.46,0,0
77.82,21,0.524,51,439,4,157.96,1,0,0.296,0,0
238.75,16,0.517,68,2853,2,72.43,1,0,0.107,0,0
120.53,18,0.232,67,1262,5,113.29,3,0,0.417,1,1
80.84,23,0.639,50,673,3,74.78,2,0,0.173,0,0
359.26,17,0.307,26,3126,9,105.71,1,0,0.177,0,0
122.26,6,0.272,19,1935,4,116.7,0,0,0.322,0,0
52.1,9,0.338,44,2461,6,144.18,0,0,0.463,0,0
86.06,7,0.454,46,667,5,347.68,1,0,0.409,0,1
422.98,9,0.222,40,503,3,42.26,3,0,0.146,0,0
636.4,12,0.208,61,550,2,192.32,0,0,0.709,0,0
6993.47,2,0.464,55,1794,5,47.84,1,0,0.093,0,0
852.47,22,0.366,30,1245,3,89.03,0,0,0.321,0,0
17.24,5,0.101,23,3289,3,378.44,0,0,0.074,0,0
51.46,8,0.563,41,2018,6,55.5,0,0,0.28,0,0
614.31,4,0.139,23,2049,2,260.96,0,0,0.159,0,0
117.38,4,0.235,24,1220,6,271.62,1,0,0.764,0,0
130.16,12,0.294,24,943,2,63.18,2,0,0.794,0,1
262.37,5,0.288,29,1044,7,53.26,1,0,0.387,0,1
290.42,19,0.419,23,388,3,95.82,2,0,0.077,0,0
308.26,22,0.158,40,629,0,86.74,0,0,0.299,0,0
1945.67,20,0.111,64,130,4,159.92,0,1,0.335,0,1
340.27,15,0.122,45,329,2,204.7,1,0,0.65,0,0
542.43,11,0.45,75,2903,1,121.32,3,0,0.308,0,0
432.75,7,0.398,51,3310,6,185.21,1,0,0.376,0,0
765.07,19,0.262,26,3446,4,181.0,0,1,0.652,1,1
498.67,22,0.363,57,2528,4,45.39,0,0,0.022,0,0
235.87,10,0.473,46,3604,5,373.06,0,0,0.644,1,1
161.1,21,0.238,22,438,3,137.48,0,0,0.366,0,0
48.2,4,0.239,75,1574,4,173.75,1,1,0.28,1,1
70.64,13,0.087,49,1021,5,203.65,0,0,0.051,0,0
261.94,13,0.112,34,1056,0,124.5,2,1,0.15,0,0
35.73,5,0.016,18,1731,4,66.9,2,0,0.259,0,0
192.54,18,0.419,60,287,2,91.55,0,0,0.353,0,0
320.17,15,0.134,54,1683,5,328.41,2,0,0.465,0,0
25.9,11,0.104,55,2848,5,57.3,3,0,0.171,0,0
14.58,13,0.322,45,577,5,75.34,0,0,0.119,0,0
59.36,7,0.415,53,1763,7,165.95,0,0,0.174,0,0
210.1,13,0.319,36,3428,4,77.14,1,0,0.539,0,0
190.48,19,0.396,66,1357,7,96.4,1,0,0.344,0,0
132.54,23,0.329,37,473,6,21.33,0,0,0.508,0,0
466.86,2,0.565,28,1358,4,50.86,3,0,0.426,0,0
141.45,1,0.107,62,161,6,124.94,2,0,0.33,0,1
151.05,20,0.348,39,2981,5,249.54,1,1,0.529,1,1
45.46,13,0.267,37,3225,9,51.07,0,0,0.531,0,0
143.46,2,0.142,40,607,2,223.67,1,0,0.151,0,0
323.42,14,0.295,69,813,3,112.19,1,0,0.331,0,1
144.42,13,0.357,45,1573,4,239.14,1,0,0.38,0,0
487.32,12,0.233,20,3642,2,125.55,0,1,0.309,0,0
341.5,18,0.569,60,2004,4,128.59,1,0,0.221,0,0
27.3,14,0.185,63,2914,8,81.06,1,1,0.109,0,0
23.77,7,0.127,18,793,8,105.06,2,1,0.327,0,0
131.51,11,0.19,59,3390,5,216.31,2,0,0.634,0,0
72.63,9,0.443,31,3139,2,202.08,0,0,0.455,1,1
455.33,7,0.169,26,1424,6,62.78,0,0,0.488,0,0
105.35,23,0.361,24,1043,4,254.11,1,0,0.512,0,0
46.82,11,0.625,28,2069,2,118.99,0,0,0.567,0,1
159.5,18,0.457,32,1850,4,149.55,0,0,0.418,0,0
59.11,16,0.168,73,1098,7,357.37,0,0,0.416,0,0
17.8,15,0.493,60,3395,5,147.44,0,0,0.177,0,0
238.29,2,0.268,58,3089,4,197.44,0,0,0.429,0,0
20.53,11,0.49,73,2759,5,179.02,2,0,0.605,0,0
533.18,2,0.404,70,3300,6,228.56,0,0,0.506,0,0
138.64,18,0.308,21,2462,3,170.88,2,1,0.581,0,0
462.81,8,0.13,62,3124,5,57.98,1,1,0.311,0,1
261.59,1,0.092,75,80,2,37.87,1,0,0.64,0,1
312.37,9,0.487,35,3200,0,123.2,1,0,0.296,0,0
233.31,0,0.13,52,1249,7,156.7,1,0,0.296,0,0
216.89,6,0.116,52,131,5,114.42,0,0,0.369,0,0
243.89,7,0.196,18,1939,4,83.81,3,0,0.337,0,0
181.38,5,0.285,63,2384,4,59.51,1,0,0.143,0,1
520.82,3,0.087,36,2717,3,343.61,1,0,0.342,0,0
116.43,1,0.541,59,1571,5,44.26,1,0,0.102,0,0
85.95,4,0.072,68,3363,5,55.71,0,1,0.578,0,0
49.89,8,0.223,54,3271,3,57.8,3,1,0.459,0,0
70.15,20,0.513,67,1621,3,38.77,1,1,0.182,0,0
171.58,3,0.42,71,2022,5,102.02,0,0,0.277,0,0
178.37,2,0.356,31,2413,2,48.23,0,0,0.108,0,0
1211.63,1,0.54,58,3203,4,72.36,0,0,0.358,0,0
26.76,22,0.518,54,620,4,98.89,1,1,0.299,1,1
120.83,5,0.114,47,967,4,333.12,0,0,0.311,0,0
103.29,11,0.087,25,3247,1,254.04,0,1,0.23,0,0
493.01,19,0.319,19,2616,3,160.01,2,1,0.497,0,0
186.92,18,0.353,23,1627,4,242.82,0,0,0.516,0,0
161.14,1,0.164,42,2414,2,62.92,1,0,0.262,0,0
744.13,22,0.078,24,413,2,113.01,0,0,0.258,1,0
963.88,18,0.535,25,1099,0,56.11,1,0,0.433,0,0
61.68,6,0.229,58,3117,5,86.34,0,0,0.114,0,0
2476.63,13,0.109,30,2738,2,167.02,2,0,0.174,0,0
193.84,8,0.145,74,848,2,246.07,1,0,0.565,0,1
199.05,13,0.215,46,2483,4,40.52,1,0,0.117,0,0
355.25,20,0.184,62,70,4,73.84,0,1,0.602,0,0
993.46,18,0.545,75,1925,2,221.96,0,0,0.17,0,0
178.7,2,0.323,58,2725,11,51.34,1,0,0.282,0,0
81.5,23,0.272,70,2052,7,237.76,0,0,0.23,0,1
143.87,12,0.071,71,1123,4,147.44,0,0,0.214,0,0
30.5,22,0.303,45,632,4,95.53,2,1,0.191,0,0
76.16,13,0.112,75,1503,3,95.72,2,0,0.505,0,0
156.21,11,0.334,68,914,5,147.11,2,0,0.344,0,0
893.56,16,0.408,58,3557,4,76.44,0,0,0.093,0,0
36.37,8,0.08,70,3428,3,87.52,0,0,0.347,0,0
408.08,17,0.425,36,1873,4,85.6,0,0,0.127,0,0
339.02,6,0.302,27,2672,2,84.19,0,0,0.568,0,0
103.85,6,0.173,51,160,3,143.06,2,0,0.378,0,0
80.42,13,0.217,51,1065,5,43.4,0,0,0.434,0,0
131.14,18,0.286,46,2730,5,73.28,1,0,0.232,0,0
46.79,12,0.369,29,450,5,172.38,0,0,0.33,1,0
208.01,21,0.373,35,2521,6,61.48,0,0,0.139,0,1
107.25,8,0.315,75,1571,7,98.31,0,0,0.481,0,0
363.19,1,0.253,37,3539,2,207.9,3,1,0.164,0,1
204.81,13,0.202,38,793,3,89.77,0,0,0.101,0,0
23.12,7,0.175,59,262,3,163.15,1,0,0.359,0,0
209.27,9,0.565,22,293,4,195.49,0,0,0.31,0,0
26.91,8,0.205,68,2899,5,92.43,1,0,0.254,0,0
87.99,16,0.345,72,2470,5,119.64,1,0,0.145,0,0
113.42,3,0.214,38,681,4,101.08,1,0,0.226,0,0
317.62,11,0.515,70,3245,2,163.35,1,0,0.466,0,0
356.44,0,0.148,62,652,1,53.87,0,0,0.317,0,1
232.64,3,0.173,74,2475,11,127.82,1,0,0.142,0,0
80.52,7,0.69,29,2155,4,132.41,1,0,0.291,0,0
25.51,0,0.157,55,1553,5,200.61,0,0,0.315,0,0
90.39,9,0.272,55,311,4,47.92,0,0,0.291,0,0
417.9,19,0.422,36,1755,7,260.95,1,0,0.154,0,0
247.52,22,0.134,62,927,6,26.02,0,0,0.275,0,0
197.53,8,0.504,25,2036,3,87.22,1,0,0.808,0,0
55.93,14,0.306,23,2624,4,54.44,1,1,0.143,0,0
51.3,3,0.167,47,1013,4,164.35,0,1,0.202,0,0
73.55,22,0.411,58,3368,4,249.04,4,0,0.087,0,0
139.4,0,0.205,24,3327,6,134.96,1,0,0.499,0,0
349.17,20,0.827,19,1962,4,121.07,1,0,0.304,0,1
144.96,5,0.441,51,2449,6,297.61,2,0,0.17,0,0
91.88,19,0.028,63,1890,4,71.86,1,0,0.433,0,0
85.47,10,0.456,25,447,6,71.16,1,0,0.233,0,0
7526.89,17,0.109,65,1497,5,276.42,1,0,0.087,0,0
178.53,18,0.518,62,635,3,80.6,0,1,0.369,0,0
68.15,2,0.131,43,1595,2,84.49,0,0,0.354,0,1
305.49,11,0.206,71,2831,6,123.3,1,0,0.523,1,0
1577.94,21,0.094,19,2446,5,62.19,1,0,0.414,0,0
1071.1,16,0.172,46,1353,4,311.04,0,0,0.282,0,0
191.28,13,0.216,19,801,5,124.05,0,1,0.171,0,0
188.36,0,0.242,72,1137,6,98.46,1,1,0.041,0,0
170.48,15,0.17,34,3050,3,145.9,0,0,0.08,0,0
169.92,4,0.331,44,1479,5,91.5,1,0,0.488,0,0
119.89,3,0.309,70,2712,5,271.57,1,0,0.518,0,0
122.65,22,0.241,27,2949,9,62.81,1,0,0.113,0,0
127.87,3,0.265,34,43,2,71.84,1,0,0.07,1,1
46.94,9,0.341,68,1616,2,411.24,1,1,0.041,1,0
535.83,10,0.228,27,1179,3,104.71,0,0,0.557,0,0
92.07,22,0.355,46,2344,6,142.97,0,0,0.347,1,0
34.88,4,0.307,21,3399,4,156.72,0,0,0.013,0,0
380.23,23,0.027,28,2068,0,120.51,1,0,0.513,1,0
9.93,19,0.192,62,149,2,131.65,0,0,0.546,0,0
131.4,20,0.505,35,2178,8,26.52,2,0,0.558,0,0
153.79,15,0.235,68,520,5,128.79,1,0,0.378,0,0
33.83,15,0.258,39,1570,4,162.54,0,0,0.163,0,0
258.68,10,0.301,66,1101,2,155.91,0,0,0.467,1,0
337.61,6,0.654,24,732,4,117.4,1,0,0.657,0,1
112.53,2,0.412,36,2362,3,266.49,1,0,0.616,0,0
196.57,0,0.135,28,1835,6,206.8,1,0,0.135,0,0
25.0,21,0.527,53,1154,6,44.33,0,0,0.347,0,0
715.53,9,0.336,29,1792,4,182.36,0,0,0.151,0,0
326.99,0,0.045,18,389,3,20.65,0,0,0.373,0,0
526.21,15,0.213,20,2765,3,22.46,1,0,0.264,0,0
158.95,4,0.143,71,2753,3,159.54,0,0,0.463,0,0
113.9,1,0.168,18,179,3,59.07,1,1,0.613,0,0
197.81,4,0.503,23,259,9,139.58,0,0,0.293,0,1
347.26,14,0.514,55,3347,6,578.33,1,0,0.411,0,0
13.64,10,0.262,65,137,3,101.51,2,0,0.416,1,0
214.32,9,0.166,44,1635,5,16.02,0,0,0.132,0,0
85.74,23,0.506,72,3350,6,45.56,0,0,0.24,0,0
31.38,7,0.174,33,1817,4,63.38,0,0,0.252,0,0
41.3,12,0.205,23,1347,4,42.18,0,0,0.513,0,1
245.13,0,0.204,70,825,3,142.68,0,0,0.133,0,0
224.4,4,0.287,57,2853,1,90.23,1,0,0.431,0,0
298.24,9,0.543,74,1223,2,300.77,2,0,0.632,0,0
165.82,6,0.329,55,1391,4,429.61,0,0,0.43,0,0
180.93,11,0.24,56,462,5,227.04,1,0,0.453,0,0
166.64,13,0.174,21,2011,4,139.87,0,0,0.57,0,0
55.57,8,0.256,25,1296,3,129.45,1,0,0.293,0,0
170.7,14,0.329,47,180,4,435.49,0,0,0.355,0,0
208.75,6,0.262,68,895,0,549.44,2,0,0.472,0,0
31.09,2,0.185,22,1235,4,294.85,1,0,0.199,0,0
37.33,17,0.261,51,265,3,91.8,1,0,0.2,0,0
60.51,4,0.332,51,1564,1,143.4,0,0,0.473,0,0
73.19,10,0.1,66,3521,1,21.49,1,0,0.451,0,0
261.26,14,0.073,66,1056,6,149.05,1,0,0.163,0,0
189.61,19,0.214,44,2886,2,131.05,2,1,0.467,0,0
233.04,9,0.133,53,2632,3,317.35,0,0,0.299,0,0
45.74,20,0.349,56,2843,5,57.91,1,0,0.463,0,0
114.54,13,0.357,37,2723,1,43.48,1,0,0.146,0,0
454.67,19,0.429,34,1159,2,291.31,0,0,0.602,1,1
210.1,3,0.041,71,623,4,31.87,1,0,0.355,0,0
45.96,13,0.306,24,524,3,137.05,1,0,0.389,0,1
94.41,22,0.381,18,677,6,50.63,0,0,0.248,0,0
236.13,16,0.393,64,3504,2,125.58,1,0,0.131,0,0
63.67,11,0.458,39,2434,4,109.28,0,0,0.345,0,0
446.29,3,0.252,46,3284,5,90.6,1,0,0.207,0,0
44.89,8,0.144,53,2145,3,37.27,2,0,0.487,0,0
123.31,20,0.154,62,837,8,108.48,0,0,0.409,0,0
72.39,4,0.306,59,1461,2,60.81,2,0,0.648,0,0
60.0,16,0.318,39,744,6,82.45,1,0,0.081,0,0
353.81,17,0.333,25,2668,4,110.74,2,0,0.322,0,0
56.9,11,0.32,24,1832,4,80.73,0,0,0.094,0,0
95.93,15,0.208,25,1877,1,144.77,0,0,0.215,0,0
204.73,8,0.486,68,2580,5,159.76,3,0,0.911,1,1
676.14,11,0.348,43,3220,2,263.83,0,0,0.424,0,1
550.15,16,0.405,22,1426,3,196.2,0,0,0.359,0,1
83.62,18,0.19,42,566,6,127.23,1,0,0.574,1,1
916.48,22,0.114,57,1617,1,178.47,0,0,0.046,0,0
128.39,1,0.088,31,657,4,216.5,1,1,0.274,0,0
91.18,4,0.713,68,1845,5,618.3,0,0,0.509,0,1
507.75,9,0.341,61,3297,1,36.22,0,1,0.428,0,0
241.67,1,0.436,75,237,2,264.53,1,1,0.242,0,1
214.36,1,0.138,29,45,4,144.26,2,0,0.401,0,0
57.92,16,0.275,63,3330,4,138.11,0,0,0.51,0,0
35.51,1,0.179,19,775,4,92.36,1,0,0.622,0,0
257.72,20,0.267,20,2229,4,440.37,1,1,0.332,0,0
245.45,20,0.211,31,1464,7,363.52,0,0,0.358,0,0
633.29,8,0.252,44,2254,3,305.34,1,1,0.396,0,1
467.05,21,0.238,54,1253,3,53.8,1,1,0.385,0,1
48.06,9,0.484,58,1134,4,86.59,0,0,0.25,0,0
28.85,12,0.291,27,1230,6,191.69,1,0,0.115,0,0
293.56,5,0.275,19,2987,5,42.83,1,1,0.323,0,0
179.84,0,0.384,75,797,3,72.07,0,0,0.599,0,0
334.95,7,0.31,56,1934,7,34.57,1,0,0.397,0,0
256.81,19,0.199,42,3570,2,77.76,2,0,0.178,0,0
163.26,19,0.56,68,3146,1,82.27,2,0,0.22,0,0
35.22,18,0.292,20,3349,5,242.5,1,0,0.168,0,0
360.03,19,0.282,26,1628,2,82.94,2,0,0.421,0,1
117.86,15,0.192,29,2096,5,72.19,0,0,0.078,0,0
114.57,8,0.247,65,116,7,153.97,1,0,0.257,0,0
114.13,6,0.052,36,3113,3,115.14,0,0,0.119,1,0
82.8,19,0.282,25,2674,6,89.85,0,0,0.501,0,0
105.57,0,0.046,46,1005,2,86.19,1,1,0.393,0,0
404.86,18,0.035,39,1540,5,63.18,1,0,0.211,0,0
87.87,13,0.203,24,1172,7,93.64,1,0,0.255,0,0
215.32,8,0.398,67,321,5,139.85,1,0,0.583,0,0
52.32,12,0.172,46,3441,11,73.46,0,1,0.41,0,0
266.71,15,0.524,40,1083,7,40.57,2,1,0.758,0,1
88.47,21,0.302,41,2206,4,40.69,0,1,0.517,1,0
155.06,1,0.07,71,2542,3,130.76,0,0,0.157,0,0
271.0,5,0.419,31,603,4,152.12,0,0,0.165,0,1
26.28,22,0.315,69,647,3,141.57,0,1,0.079,0,0
259.34,20,0.295,70,2602,5,91.58,0,0,0.11,0,0
39.13,16,0.244,47,2183,2,99.96,0,0,0.273,0,0
375.93,15,0.428,51,81,6,905.07,0,0,0.095,0,0
129.41,18,0.172,46,884,6,140.81,0,1,0.414,0,1
168.27,14,0.532,18,1055,2,137.15,1,0,0.265,0,0
574.71,19,0.05,63,1468,3,99.98,3,0,0.436,1,1
97.89,8,0.166,72,3122,4,127.17,1,0,0.172,0,0
37.88,2,0.098,31,860,4,29.94,0,0,0.643,0,1
276.64,15,0.238,22,3547,7,24.89,0,1,0.374,0,0
492.95,9,0.346,18,1973,2,93.99,3,1,0.425,1,1
464.0,4,0.327,23,3064,5,145.64,1,0,0.164,0,0
317.48,7,0.133,63,1505,3,184.25,2,0,0.376,0,0
193.91,16,0.178,38,3159,4,208.41,0,0,0.107,0,1
143.7,16,0.375,34,2524,4,126.57,1,0,0.366,0,0
650.6,19,0.086,57,776,5,84.72,0,0,0.402,0,0
193.57,5,0.231,64,2851,6,316.6,0,0,0.082,0,0
244.61,12,0.35,34,476,6,203.04,0,0,0.346,0,0
38.55,20,0.112,58,3010,5,45.99,1,0,0.364,0,0
107.05,14,0.427,30,1075,2,186.29,1,1,0.489,0,0
81.65,3,0.051,18,1893,5,123.89,1,0,0.357,0,0
392.12,15,0.221,39,3079,2,92.63,0,0,0.614,0,0
108.06,20,0.394,34,3173,5,99.78,0,0,0.547,0,0
133.31,15,0.185,73,485,3,32.47,3,1,0.559,0,0
119.24,22,0.139,73,1094,5,592.52,1,0,0.49,0,0
227.77,3,0.069,59,1945,4,47.2,0,0,0.564,0,0
772.38,7,0.158,19,1368,2,91.79,0,0,0.428,1,0
112.02,0,0.221,44,2047,3,78.71,2,0,0.26,0,0
125.76,12,0.172,49,2717,6,125.31,1,0,0.493,0,0
119.82,2,0.207,54,737,3,258.31,1,0,0.266,0,0
374.72,21,0.335,37,2355,3,267.06,0,0,0.563,0,0
548.48,20,0.129,33,317,3,41.13,0,1,0.428,0,0
419.85,8,0.428,66,938,5,194.61,1,0,0.304,0,0
206.98,23,0.135,46,1955,4,134.46,3,1,0.458,0,0
118.72,22,0.266,49,3213,2,72.37,0,0,0.245,1,0
269.72,16,0.049,72,2002,5,197.49,2,0,0.207,0,0
183.96,12,0.289,24,2437,5,97.51,1,0,0.565,0,1
69.95,14,0.065,50,2891,4,150.02,0,1,0.233,0,0
54.02,10,0.113,71,2897,1,85.38,0,0,0.323,0,0
161.84,6,0.068,29,2094,3,358.76,1,0,0.345,0,0
90.33,18,0.323,61,2111,5,237.78,0,0,0.22,0,0
42.98,16,0.567,63,339,3,244.97,0,0,0.199,0,0
141.8,22,0.311,62,2814,3,75.31,2,0,0.268,0,0
22.72,9,0.304,18,269,4,166.84,0,0,0.144,0,0
138.92,9,0.135,39,2982,4,40.28,0,0,0.489,1,0
151.24,6,0.344,65,1345,4,253.68,0,0,0.142,0,0
289.64,21,0.416,67,2700,4,111.67,2,0,0.402,0,0
104.5,15,0.543,65,1357,2,114.11,0,0,0.453,0,0
173.78,13,0.177,23,889,9,343.43,1,0,0.295,0,0
77.79,11,0.369,26,524,2,187.97,1,0,0.241,0,0
40.65,16,0.056,67,2194,3,221.71,0,0,0.199,0,0
267.16,16,0.365,31,2443,4,130.53,0,0,0.07,0,0
898.69,18,0.555,34,2618,4,46.65,0,0,0.539,0,0
104.87,8,0.159,73,654,6,130.7,1,0,0.633,0,0
39.96,17,0.073,75,1510,4,43.95,1,0,0.309,0,0
205.28,0,0.106,59,3249,4,84.34,0,1,0.149,0,0
205.04,0,0.081,31,3358,4,22.46,1,0,0.163,0,0
242.75,0,0.551,65,143,2,79.34,2,0,0.145,0,0
72.65,6,0.474,59,2841,4,82.26,1,0,0.228,1,1
141.82,17,0.104,39,3042,4,29.03,0,0,0.267,0,0
168.78,21,0.431,57,1978,6,70.6,0,0,0.276,0,0
121.95,13,0.349,50,1680,4,1096.3,1,0,0.259,0,0
348.81,8,0.557,74,3163,1,264.31,1,0,0.325,0,0
23.53,23,0.405,72,735,4,53.89,1,0,0.074,0,0
196.56,4,0.531,38,3078,5,61.97,1,0,0.224,0,1
85.18,7,0.195,75,2969,2,52.05,1,0,0.126,0,0
110.49,17,0.343,60,934,4,91.21,1,0,0.33,0,0
734.02,20,0.195,54,795,6,118.64,0,1,0.32,0,1
44.91,14,0.235,66,276,3,106.68,1,0,0.767,0,0
833.99,15,0.247,18,1483,3,71.63,2,0,0.538,0,0
12.33,13,0.388,37,2759,8,210.87,1,1,0.339,0,1
284.35,18,0.716,53,519,2,114.91,1,0,0.195,0,0
122.07,17,0.247,70,112,4,117.24,0,0,0.42,0,0
84.3,4,0.192,21,1760,8,45.18,2,0,0.204,0,0
248.12,13,0.099,42,965,3,125.11,1,0,0.273,0,0
385.78,4,0.157,65,1748,5,148.87,2,0,0.589,0,0
178.6,6,0.202,60,2569,6,79.05,1,1,0.653,0,0
378.98,20,0.217,48,1631,6,159.62,1,0,0.162,0,0
294.82,6,0.156,73,3176,2,116.92,0,0,0.412,0,0
46.6,14,0.321,36,1009,6,263.61,0,0,0.143,0,0
455.71,21,0.326,28,2565,2,106.3,3,0,0.604,0,0
61.15,3,0.193,40,1845,4,112.3,2,0,0.452,0,1
640.47,7,0.159,35,321,8,81.9,0,0,0.151,0,1
493.96,15,0.394,19,2318,4,61.61,1,0,0.31,0,0
227.12,21,0.2,42,1138,3,151.22,0,0,0.331,1,0
90.64,22,0.055,61,3459,3,280.55,1,0,0.12,0,0
191.94,23,0.288,28,1817,3,170.8,0,1,0.469,0,0
48.83,1,0.1,72,3542,3,218.51,0,0,0.325,0,0
281.6,18,0.187,41,1635,3,217.49,0,0,0.495,0,0
1173.69,10,0.356,34,1108,4,42.73,0,0,0.661,0,0
339.76,10,0.541,67,789,12,28.21,1,1,0.48,0,1
217.27,10,0.211,48,3079,5,67.56,2,0,0.249,0,0
178.52,3,0.492,46,2730,5,132.65,0,0,0.458,0,0
115.29,6,0.168,47,2339,0,106.87,0,0,0.151,0,0
52.88,17,0.244,63,2025,2,52.91,0,0,0.417,0,0
138.97,10,0.06,73,3158,7,72.55,1,0,0.191,0,0
578.31,6,0.39,71,1376,1,124.58,0,0,0.07,0,0
142.69,4,0.143,53,447,4,277.36,1,0,0.057,0,0
92.3,23,0.263,68,1314,3,363.41,0,0,0.47,0,0
99.86,1,0.185,50,1729,5,113.57,1,0,0.417,0,0
744.18,22,0.19,41,3383,5,80.48,3,0,0.509,0,1
27.53,23,0.155,71,1408,4,178.7,3,1,0.178,0,1
132.06,20,0.171,74,1423,8,79.8,1,0,0.381,0,0
73.69,12,0.219,20,1152,9,107.57,3,0,0.292,0,0
15.83,6,0.213,23,3480,2,173.29,0,0,0.254,0,0
95.58,6,0.245,37,2642,2,35.82,2,1,0.416,0,1
442.09,17,0.59,30,875,6,226.95,1,0,0.306,0,0
248.16,5,0.243,56,472,0,384.3,1,0,0.186,0,0
839.26,12,0.359,38,2741,6,202.21,2,0,0.637,0,0
56.82,10,0.165,64,1973,4,129.84,1,0,0.488,0,0
78.34,11,0.166,45,2554,9,172.03,0,0,0.159,0,0
61.9,0,0.135,44,3248,3,126.1,2,0,0.036,0,0
1156.29,13,0.062,52,1786,6,59.97,0,0,0.085,0,0
362.15,1,0.29,23,1789,3,105.28,0,0,0.544,0,0
117.79,9,0.583,23,543,7,81.52,1,0,0.401,0,0
107.79,13,0.281,67,38,5,113.09,0,1,0.29,0,0
59.57,13,0.437,67,2022,6,125.28,1,1,0.344,0,0
86.26,8,0.193,25,953,2,90.43,0,0,0.241,0,0
196.36,0,0.387,34,1573,4,182.16,0,0,0.414,0,0
40.46,22,0.192,40,2392,5,208.21,1,0,0.297,0,1
79.34,18,0.069,25,483,2,177.88,1,1,0.105,0,0
260.06,13,0.261,53,563,7,108.5,2,0,0.309,0,0
1977.45,0,0.383,38,3133,3,73.44,2,0,0.314,0,1
16.35,15,0.524,53,2347,1,87.71,0,1,0.553,1,1
231.32,6,0.083,72,1847,1,76.45,2,0,0.335,0,0
1729.0,13,0.38,25,260,5,104.2,1,1,0.088,1,1
183.22,3,0.298,71,3642,0,109.48,1,1,0.285,0,0
1958.06,19,0.392,49,3346,3,75.98,1,0,0.439,0,0
69.81,23,0.599,22,317,5,33.27,0,0,0.332,0,0
127.58,0,0.411,21,3284,6,228.62,2,0,0.666,0,1
220.18,0,0.165,54,2243,3,118.98,1,1,0.297,0,1
107.55,8,0.358,24,3315,6,41.1,0,0,0.241,0,0
69.66,9,0.48,46,3444,2,85.79,0,0,0.176,0,0
157.06,19,0.311,68,1938,4,74.6,0,0,0.21,0,0
229.52,21,0.226,41,2771,3,338.37,2,0,0.193,0,0
319.72,2,0.127,27,3434,5,367.69,1,0,0.258,0,0
258.28,14,0.588,37,3199,4,80.29,0,0,0.394,0,0
924.84,7,0.049,64,887,4,45.65,0,0,0.297,1,0
202.11,17,0.178,50,2142,5,210.57,0,0,0.085,0,0
579.73,5,0.449,61,1565,8,31.16,0,0,0.128,0,0
113.46,17,0.366,75,2975,0,59.04,0,0,0.202,0,0
392.51,8,0.289,21,295,2,145.57,2,1,0.555,0,1
180.84,14,0.306,36,626,6,154.6,3,0,0.313,0,0
220.04,16,0.401,38,3162,5,195.6,1,0,0.465,0,1
575.62,3,0.194,44,2003,3,23.42,0,0,0.52,0,0
315.54,12,0.212,25,442,2,204.49,1,0,0.368,0,0
219.93,21,0.277,38,3615,4,236.55,2,0,0.439,0,1
317.37,6,0.147,64,108,5,194.64,1,0,0.41,0,0
213.03,13,0.447,22,2921,5,188.88,0,0,0.371,0,0
214.13,8,0.4,41,1527,4,319.87,1,0,0.528,0,0
1857.4,11,0.101,62,3169,1,159.33,2,0,0.373,0,1
287.74,5,0.221,72,1262,6,48.63,5,0,0.53,0,1
39.04,3,0.188,48,1674,7,213.54,0,0,0.577,0,0
403.85,0,0.229,47,2617,6,77.43,1,0,0.205,0,0
351.3,14,0.523,65,3395,9,86.25,0,0,0.067,0,0
586.35,18,0.191,32,773,0,159.46,0,0,0.049,0,0
421.64,14,0.132,53,1024,1,90.29,1,0,0.528,1,0
205.21,15,0.534,47,3218,5,124.36,0,0,0.465,0,0
142.99,15,0.028,23,391,6,60.82,0,0,0.071,0,0
55.78,11,0.296,53,1735,10,87.32,3,0,0.362,0,0
28.18,6,0.365,30,416,4,111.53,1,0,0.427,0,0
23.29,1,0.26,22,2122,2,232.72,0,0,0.532,0,0
50.1,0,0.244,68,2092,6,180.43,2,0,0.431,0,0
130.04,9,0.314,71,1086,5,64.06,2,1,0.275,1,1
332.97,22,0.155,63,2163,8,51.52,1,1,0.076,1,0
285.54,1,0.186,56,1944,3,85.62,0,0,0.182,0,0
151.17,17,0.259,50,1017,3,152.3,1,0,0.114,1,0
265.61,1,0.399,65,3074,1,83.61,1,0,0.162,0,0
123.79,17,0.113,25,245,7,90.24,1,1,0.13,0,0
89.39,20,0.208,70,2839,6,203.35,3,0,0.302,0,0
22.03,15,0.134,24,340,6,216.11,0,1,0.527,0,0
113.56,23,0.715,41,2039,2,236.83,1,0,0.314,0,0
666.71,10,0.101,27,1286,4,52.03,0,0,0.573,0,0
214.79,21,0.174,69,408,4,253.19,0,0,0.24,0,0
60.78,19,0.405,48,3332,8,174.79,2,0,0.641,0,0
144.86,6,0.214,50,1174,5,110.79,2,1,0.406,0,0
374.73,18,0.144,51,1123,5,158.1,1,1,0.248,0,0
87.12,15,0.498,27,279,7,129.8,2,0,0.357,0,0
34.77,12,0.486,36,3498,4,235.18,2,0,0.53,0,0
91.94,22,0.346,60,1395,4,130.81,1,0,0.189,0,0
278.89,18,0.168,58,209,7,152.37,1,0,0.487,0,0
626.48,21,0.303,49,3291,3,152.53,0,0,0.495,1,0
132.26,12,0.183,33,1334,5,24.04,0,1,0.272,0,0
192.43,4,0.464,70,2930,4,59.87,0,0,0.184,0,0
150.36,5,0.497,75,1566,0,170.14,0,0,0.56,1,1
103.41,12,0.48,57,1525,3,89.21,0,0,0.511,0,0
109.02,14,0.549,47,1784,8,151.88,0,0,0.252,0,0
255.54,16,0.071,33,374,5,189.39,1,0,0.471,1,0
205.8,9,0.255,69,2989,3,36.76,2,0,0.068,0,0
33.01,1,0.052,66,1929,4,79.16,4,0,0.188,0,0
244.75,2,0.154,71,1600,5,110.14,1,1,0.701,0,0
237.94,14,0.237,59,2509,1,57.92,0,0,0.209,0,0
97.98,20,0.075,29,365,5,242.65,0,0,0.427,0,0
137.09,4,0.418,73,292,6,83.81,2,0,0.522,0,0
108.52,0,0.065,63,3093,3,190.22,0,0,0.344,0,0
406.33,21,0.374,73,688,2,39.42,1,1,0.524,0,0
94.48,4,0.196,66,3548,2,96.24,2,0,0.213,0,0
87.73,14,0.485,57,1460,4,170.68,4,0,0.075,0,0
78.46,9,0.31,32,1223,3,284.45,1,0,0.171,0,0
389.5,2,0.219,56,3291,0,159.25,0,0,0.573,0,0
152.1,21,0.082,67,831,2,164.68,0,0,0.489,0,0
98.15,22,0.056,41,2569,1,127.31,0,0,0.647,0,0
50.57,9,0.168,55,1951,1,84.94,0,0,0.135,0,0
52.46,9,0.475,29,3375,5,186.52,0,1,0.57,0,0
64.58,9,0.133,74,1042,7,79.75,1,0,0.692,0,0
254.08,11,0.531,39,2042,5,49.14,1,1,0.633,0,1
80.37,17,0.4,26,2403,8,76.75,0,0,0.291,0,0
267.35,22,0.452,37,1765,4,199.5,0,0,0.255,0,1
147.21,6,0.097,49,902,2,59.28,1,0,0.167,1,0
49.39,10,0.582,65,3071,4,67.08,1,0,0.4,0,0
130.5,4,0.362,21,2852,5,36.75,0,0,0.095,0,0
35.31,5,0.094,56,1775,6,182.91,1,0,0.272,1,0
84.62,21,0.289,24,2646,5,147.33,1,0,0.64,1,1
196.6,19,0.039,42,2265,3,304.15,2,0,0.469,0,0
418.34,10,0.3,31,3549,7,62.56,0,0,0.546,0,0
207.24,23,0.406,65,2712,0,138.16,0,0,0.127,0,0
103.03,4,0.33,21,1998,4,88.1,2,1,0.236,0,1
226.1,9,0.157,37,190,3,56.84,1,1,0.369,1,1
678.09,3,0.295,71,2211,4,58.36,3,0,0.259,0,0
119.45,3,0.263,27,2337,5,68.98,2,1,0.134,0,0
83.05,1,0.234,35,172,6,119.31,1,0,0.424,0,0
143.58,14,0.385,53,2734,5,245.26,0,0,0.246,0,0
894.59,16,0.148,42,2633,5,50.93,0,0,0.324,0,0
380.38,13,0.306,24,2259,6,182.15,0,0,0.189,0,0
341.56,18,0.256,57,1092,5,85.15,2,1,0.569,0,0
296.92,11,0.142,66,1658,9,156.75,0,1,0.216,0,0
141.25,1,0.208,38,2456,5,225.05,0,1,0.556,0,0
634.04,2,0.171,70,3043,3,32.31,0,0,0.309,0,0
97.97,15,0.423,65,1289,3,122.62,1,0,0.355,0,0
37.42,21,0.094,33,2314,1,276.91,0,0,0.114,0,0
609.25,4,0.224,74,249,4,89.76,0,0,0.582,0,0
340.18,2,0.21,48,2819,3,56.86,0,0,0.582,0,0
155.47,18,0.322,48,3458,7,546.75,1,0,0.471,0,0
685.09,23,0.51,40,855,7,164.08,0,0,0.301,0,1
73.04,14,0.322,55,1830,5,86.02,0,1,0.593,1,1
145.66,6,0.294,36,3607,6,285.86,3,0,0.155,0,0
472.76,0,0.664,43,3018,5,59.91,2,0,0.408,0,0
39.76,12,0.176,73,896,3,113.85,1,0,0.57,1,0
124.08,12,0.105,24,1897,1,114.63,0,0,0.233,0,0
56.68,4,0.151,61,1328,2,118.19,0,0,0.274,0,0
306.67,9,0.347,56,3522,1,110.14,1,0,0.131,0,0
45.19,10,0.295,58,2149,5,29.98,0,0,0.327,0,0
335.54,18,0.386,75,337,4,136.96,1,0,0.791,0,1
121.14,1,0.428,65,733,4,224.89,0,0,0.216,1,0
601.6,18,0.557,19,1006,5,86.77,0,0,0.277,0,0
134.23,15,0.366,55,1717,3,227.97,2,0,0.48,0,1
482.27,16,0.472,20,1025,0,55.2,1,0,0.424,0,0
58.9,7,0.583,75,2771,3,106.17,0,1,0.397,0,1
298.48,23,0.342,47,930,3,306.15,2,0,0.142,0,0
152.7,3,0.055,69,3493,3,76.09,1,0,0.411,0,0
78.82,1,0.304,36,679,3,131.44,2,0,0.072,0,1
333.89,12,0.394,21,1772,6,249.72,0,0,0.223,1,0
106.08,0,0.172,26,621,4,210.89,0,0,0.529,0,1
787.66,20,0.175,57,2017,3,60.77,0,0,0.123,0,0
159.7,1,0.316,19,1889,2,261.02,0,0,0.315,0,0
317.19,0,0.301,64,934,1,471.97,0,1,0.038,0,0
36.04,10,0.233,38,2539,3,209.36,1,0,0.183,0,0
131.27,19,0.157,73,2400,5,57.13,3,0,0.129,0,0
290.17,20,0.409,21,1315,3,194.19,1,0,0.122,0,1
19.69,21,0.338,36,3507,7,202.87,0,0,0.607,0,0
914.21,18,0.466,62,1159,4,76.11,0,0,0.446,0,0
139.12,4,0.377,53,2028,1,69.61,0,0,0.635,0,0
32.57,7,0.333,34,2177,2,163.15,0,0,0.048,0,0
53.17,16,0.156,26,2329,2,155.75,0,1,0.12,0,0
264.3,9,0.287,56,1787,4,100.39,1,0,0.654,1,1
308.39,17,0.529,22,3458,3,156.51,0,0,0.368,0,0
297.96,20,0.631,19,2267,3,161.78,1,0,0.706,0,1
183.03,14,0.448,40,575,3,586.29,0,0,0.213,1,0
54.7,13,0.125,54,2064,5,243.16,1,0,0.185,0,0
196.4,17,0.365,38,1738,9,88.81,0,0,0.024,0,0
137.05,18,0.21,68,2444,4,55.09,0,0,0.432,0,0
87.04,6,0.07,27,3581,6,128.23,1,0,0.19,0,0
97.57,7,0.284,74,862,5,82.39,0,0,0.559,0,0
50.81,18,0.372,61,2819,3,329.73,0,1,0.313,0,0
107.33,22,0.252,50,3029,1,47.08,1,0,0.059,0,0
177.87,0,0.108,53,1399,2,63.02,1,0,0.285,0,0
349.57,10,0.455,72,2223,2,115.49,1,1,0.565,0,0
454.52,5,0.435,73,489,4,27.42,0,0,0.457,0,0
699.59,12,0.449,35,2868,3,849.92,1,0,0.266,0,0
59.02,23,0.525,39,2410,4,116.96,0,0,0.593,0,1
16.25,2,0.184,74,1266,2,116.78,0,0,0.571,0,0
71.63,0,0.493,47,1740,6,53.39,1,0,0.84,0,1
828.3,15,0.265,60,1500,3,507.94,1,0,0.696,0,1
308.57,21,0.205,64,3360,4,44.67,0,1,0.348,0,1
53.74,16,0.375,21,811,3,59.86,0,0,0.341,0,0
198.52,3,0.333,41,2169,1,157.24,2,0,0.254,0,0
59.22,10,0.179,39,2105,7,257.55,1,1,0.018,0,0
148.96,3,0.186,31,677,4,42.97,0,0,0.613,0,0
141.61,19,0.203,35,2916,5,175.4,0,0,0.043,0,0
39.65,2,0.183,22,3525,4,781.91,1,1,0.418,0,0
618.51,19,0.404,30,1455,9,101.65,1,0,0.259,0,0
386.33,3,0.282,23,3202,2,429.09,2,0,0.581,0,0
37.65,15,0.429,22,517,7,798.03,1,0,0.455,0,0
98.8,11,0.369,67,1975,2,360.88,0,0,0.465,1,0
47.29,5,0.025,34,1691,3,313.62,0,0,0.164,0,0
82.28,8,0.359,36,279,1,54.16,0,0,0.486,0,1
226.82,8,0.356,64,3432,2,66.53,0,0,0.314,0,0
529.48,23,0.236,71,1814,4,98.38,1,0,0.497,0,0
58.01,10,0.256,61,384,4,82.17,2,0,0.288,0,0
115.7,8,0.258,63,101,3,75.51,2,0,0.275,0,0
87.91,2,0.28,47,323,4,143.61,0,0,0.303,0,0
205.57,15,0.102,66,1789,3,101.89,0,0,0.174,0,0
767.68,6,0.052,45,2021,5,140.47,1,0,0.227,0,0
225.36,14,0.298,38,2108,4,188.99,1,0,0.437,0,0
284.72,18,0.396,26,2640,4,118.87,0,0,0.361,0,0
117.82,17,0.619,44,3061,6,117.53,0,0,0.609,0,0
504.5,16,0.077,37,2898,2,112.24,0,0,0.1,0,0
29.56,14,0.335,75,3636,2,201.3,1,1,0.138,0,1
409.27,5,0.054,59,3398,3,989.05,0,0,0.216,0,1
490.18,20,0.476,21,3567,6,76.91,0,1,0.278,0,0
853.7,19,0.353,63,2092,6,68.09,1,0,0.237,0,0
207.36,20,0.313,56,2861,1,209.43,1,1,0.445,0,0
110.22,9,0.211,35,854,6,101.19,0,0,0.33,0,0
281.7,2,0.134,22,1170,4,234.02,0,0,0.232,0,0
109.68,10,0.475,63,845,7,115.59,0,0,0.162,0,0
47.96,9,0.184,24,3320,4,53.75,0,0,0.319,0,0
209.87,22,0.274,73,2172,4,579.5,0,1,0.128,0,0
745.24,14,0.362,27,2485,3,101.13,0,0,0.166,0,0
55.05,8,0.139,62,3189,3,174.7,0,0,0.582,0,0
18.17,16,0.096,34,3295,2,183.11,1,0,0.294,0,0
10.98,12,0.115,18,3095,2,88.63,0,1,0.442,0,0
447.62,19,0.083,67,3544,4,143.13,1,0,0.43,0,0
393.68,12,0.326,21,2095,5,64.12,1,1,0.545,0,1
234.55,6,0.308,32,826,4,30.43,1,0,0.436,0,0
439.57,22,0.357,58,2938,4,358.08,0,0,0.159,0,0
641.74,14,0.358,35,661,4,64.99,2,0,0.154,0,0
148.88,7,0.645,74,833,4,203.24,2,0,0.456,0,1
665.65,8,0.063,30,2056,3,145.61,3,0,0.239,0,0
23.15,7,0.237,27,723,7,327.83,2,1,0.102,0,0
554.63,6,0.28,60,900,5,141.52,1,0,0.154,0,0
152.23,9,0.078,29,590,4,60.38,0,0,0.278,1,1
41.25,10,0.378,36,3422,6,69.53,1,1,0.736,1,1
104.73,18,0.185,49,2407,3,107.73,0,0,0.423,0,0
137.99,12,0.309,56,1705,7,567.41,0,0,0.042,0,0
812.37,10,0.268,36,2297,4,125.51,1,0,0.302,0,0
43.78,10,0.25,70,552,3,139.25,1,0,0.502,0,0
373.03,1,0.154,36,2697,6,105.78,0,0,0.101,0,0
65.23,10,0.116,42,1948,4,112.97,0,0,0.556,0,0
40.09,9,0.076,46,2555,2,50.34,0,0,0.428,0,0
126.42,6,0.196,40,2007,6,62.86,3,0,0.554,0,0
133.71,22,0.095,56,2145,5,71.33,0,0,0.21,0,0
68.04,19,0.172,52,1160,5,48.09,0,0,0.281,0,0
158.27,11,0.27,23,1914,2,163.61,0,0,0.16,0,0
87.4,3,0.48,75,3039,3,73.71,2,1,0.536,0,1
1051.89,12,0.38,20,868,4,58.84,0,0,0.422,0,0
63.01,15,0.191,73,3391,4,160.19,1,0,0.156,1,0
148.61,20,0.24,26,2480,6,133.74,0,1,0.072,0,0
401.84,12,0.239,20,2204,9,98.75,0,1,0.126,0,0
149.43,3,0.27,20,1499,2,75.82,0,0,0.417,0,0
42.47,15,0.702,69,3397,4,257.83,0,0,0.631,0,0
760.09,12,0.65,20,744,3,138.39,0,1,0.17,0,1
27.46,21,0.434,28,1798,3,195.77,1,0,0.111,0,0
100.66,18,0.428,59,1163,4,126.82,1,0,0.491,0,0
96.61,17,0.246,75,2975,4,356.21,0,0,0.179,0,0
482.86,8,0.624,58,1589,4,253.5,0,1,0.45,0,1
34.32,12,0.335,43,3075,6,64.73,4,0,0.306,0,0
46.66,21,0.308,32,695,7,97.97,1,0,0.577,0,0
360.28,17,0.372,42,2158,2,241.7,0,0,0.604,0,0
334.79,17,0.21,52,1863,1,127.73,1,0,0.28,0,0
75.37,23,0.222,62,1982,2,80.02,0,0,0.314,0,0
157.12,7,0.258,59,1288,4,236.24,0,0,0.454,0,0
43.56,8,0.349,51,2643,5,80.93,2,0,0.485,1,1
259.22,12,0.392,70,419,4,145.46,1,0,0.225,0,0
23.66,10,0.445,30,1551,8,51.43,0,0,0.402,0,0
247.45,20,0.246,59,3429,6,55.62,1,0,0.046,0,0
109.85,20,0.486,72,3619,1,96.35,2,1,0.093,0,0
107.64,4,0.128,26,915,3,160.12,3,0,0.377,0,0
276.46,3,0.15,75,465,6,548.01,0,0,0.225,1,1
340.42,21,0.129,49,695,9,79.87,2,0,0.575,1,0
19.37,18,0.415,18,472,4,45.97,1,0,0.431,0,1
570.34,20,0.088,74,3630,6,274.47,1,0,0.64,0,0
297.79,15,0.28,43,2294,6,120.75,0,0,0.562,1,1
188.53,8,0.281,59,354,7,49.43,0,0,0.104,0,0
88.78,23,0.308,58,1244,8,97.87,0,0,0.239,0,0
71.15,14,0.375,23,3371,2,61.32,4,0,0.231,0,0
1160.43,4,0.261,36,2147,6,92.8,2,0,0.338,0,0
634.45,8,0.499,42,3179,5,182.2,0,0,0.302,0,0
177.94,15,0.134,43,3247,2,73.48,0,0,0.215,0,0
687.28,23,0.255,63,2842,4,34.04,1,0,0.2,0,0
585.72,8,0.204,20,1336,3,308.7,1,0,0.34,1,0
116.26,8,0.38,71,946,4,95.86,0,0,0.198,0,0
200.68,12,0.865,66,755,7,189.32,1,0,0.055,0,0
80.13,6,0.198,51,2952,5,68.24,1,1,0.46,0,1
301.33,0,0.064,50,2067,1,95.52,1,0,0.081,0,0
192.61,19,0.366,64,1671,5,213.87,1,1,0.48,0,0
158.78,11,0.181,22,3493,4,112.27,1,1,0.347,0,0
12.95,1,0.37,38,938,4,97.55,1,0,0.162,1,1
104.25,22,0.554,46,2500,3,26.36,1,1,0.089,0,0
121.15,22,0.068,19,798,8,395.2,2,0,0.445,0,0
484.68,21,0.378,41,1375,3,93.13,0,0,0.22,0,0
56.03,3,0.02,64,3635,4,51.1,0,0,0.223,0,0
248.87,17,0.2,25,2543,1,199.66,1,1,0.4,0,0
289.67,16,0.053,42,144,2,198.84,0,0,0.109,0,0
1058.62,23,0.509,72,3131,5,144.31,1,0,0.243,0,0
473.82,8,0.674,67,3313,5,270.66,1,1,0.297,0,1
206.18,11,0.353,50,1433,3,53.66,1,1,0.241,0,0
201.83,16,0.258,38,3619,3,156.26,3,0,0.095,1,0
36.4,9,0.119,49,289,2,161.75,1,0,0.276,0,0
724.89,11,0.337,44,1616,4,116.92,0,1,0.157,1,1
73.72,14,0.461,49,664,4,181.59,0,1,0.369,0,1
385.29,18,0.145,62,2576,5,83.12,2,0,0.324,0,1
208.52,23,0.257,47,2216,6,146.54,0,0,0.429,1,1
95.27,10,0.172,21,1855,3,76.06,1,0,0.05,0,0
1266.41,3,0.086,40,1549,3,159.94,1,0,0.442,0,1
120.8,4,0.253,72,2455,6,168.02,0,0,0.692,0,0
55.77,19,0.182,68,3437,2,107.08,0,0,0.528,1,0
583.88,3,0.772,21,2731,4,56.54,0,0,0.381,0,1
130.64,23,0.232,54,2576,5,352.07,0,0,0.09,0,0
36.01,7,0.141,36,1370,4,88.09,1,0,0.367,0,0
55.64,5,0.282,33,3234,5,32.94,3,0,0.301,0,1
143.63,5,0.163,52,1696,7,98.14,1,0,0.688,0,0
202.16,20,0.251,24,1046,0,60.9,0,0,0.226,0,0
235.58,9,0.151,44,176,4,111.9,0,0,0.443,0,0
1617.07,20,0.24,68,1912,6,398.55,3,0,0.651,0,0
80.03,0,0.342,43,770,5,138.0,1,0,0.188,0,0
80.46,16,0.226,32,1309,4,261.57,2,0,0.482,0,0
200.27,20,0.231,47,1710,1,454.64,1,0,0.023,0,0
276.07,5,0.117,44,2288,3,100.96,0,1,0.203,0,0
135.9,20,0.252,57,3518,8,237.25,1,0,0.226,1,0
191.06,4,0.186,75,2293,6,56.39,1,0,0.477,0,0
79.04,3,0.223,44,2951,6,108.65,1,0,0.173,0,0
302.69,3,0.397,24,2061,2,300.35,1,0,0.511,0,0
162.87,20,0.089,23,877,6,100.49,0,0,0.504,0,0
302.78,6,0.28,49,2951,3,88.95,0,0,0.176,0,0
97.91,6,0.157,41,3451,8,91.05,1,1,0.373,0,0
387.73,12,0.475,56,327,3,80.58,1,0,0.133,0,0
1440.05,18,0.17,60,467,6,52.7,0,0,0.483,0,0
137.56,18,0.418,29,1440,4,87.95,0,0,0.213,0,0
127.52,19,0.277,49,593,3,150.26,2,0,0.33,0,0
77.77,19,0.41,71,294,6,95.51,0,0,0.253,0,0
50.32,0,0.349,44,718,2,186.93,1,0,0.334,0,0
197.02,22,0.181,69,611,7,77.86,2,0,0.302,0,0
74.84,15,0.213,50,2025,8,28.11,1,0,0.382,0,0
288.71,1,0.513,33,2438,5,207.02,1,1,0.423,0,1
230.33,17,0.408,40,3553,2,192.97,0,0,0.045,0,0
217.07,14,0.461,61,1441,4,91.91,0,0,0.377,0,0
255.54,13,0.388,30,2430,6,154.09,0,1,0.615,0,0
76.51,0,0.15,44,2092,3,98.45,0,0,0.333,0,0
754.43,19,0.348,70,2885,3,70.89,0,1,0.17,0,0
319.34,6,0.422,75,1945,6,97.77,0,0,0.161,0,0
182.59,0,0.328,70,1422,3,41.84,2,1,0.206,0,0
211.79,17,0.232,75,1518,6,270.81,1,0,0.535,0,0
18.07,18,0.369,61,1924,2,59.08,3,1,0.031,0,1
209.92,11,0.23,57,3204,4,115.98,0,0,0.186,0,0
160.74,12,0.196,24,2567,4,358.64,0,0,0.362,0,0
141.33,23,0.171,68,2560,6,127.19,2,0,0.025,0,0
122.28,2,0.175,68,3134,3,174.09,0,0,0.49,0,0
43.19,22,0.159,45,178,4,88.01,0,0,0.294,0,0
457.86,7,0.222,58,1636,2,186.19,2,1,0.157,0,0
444.32,7,0.437,38,2512,6,170.93,1,0,0.077,0,0
171.33,14,0.365,73,3165,6,202.02,4,0,0.443,0,1
68.51,14,0.582,28,2596,7,223.61,1,0,0.312,0,0
3337.28,19,0.43,33,2541,7,117.16,1,0,0.69,1,1
465.37,11,0.097,75,1240,6,190.51,1,0,0.408,0,0
180.57,1,0.241,69,2267,2,144.41,0,0,0.153,0,0
157.43,16,0.231,18,1034,6,310.78,0,1,0.189,1,1
95.9,17,0.467,72,2312,5,219.27,0,0,0.386,0,0
357.6,4,0.175,55,404,2,111.82,2,0,0.566,0,1
137.3,11,0.286,51,636,8,112.01,0,0,0.649,0,0
102.6,20,0.068,53,3380,7,102.23,1,0,0.514,0,0
180.64,11,0.354,70,2987,6,56.96,0,0,0.433,0,1
240.29,7,0.13,64,708,6,242.82,3,0,0.194,0,0
87.51,13,0.523,44,3495,4,67.71,0,0,0.403,0,1
36.41,1,0.756,31,3345,1,146.0,0,0,0.313,0,0
413.69,4,0.016,39,2364,1,42.65,0,0,0.325,0,0
233.58,22,0.081,42,1888,4,70.72,1,0,0.485,0,0
194.71,23,0.28,39,2956,3,105.81,2,0,0.322,0,0
299.9,3,0.351,65,1220,5,143.16,2,1,0.404,0,0
623.34,8,0.152,28,2493,5,82.58,0,0,0.173,0,0
687.76,5,0.401,75,1717,3,175.44,2,0,0.113,0,1
208.24,7,0.563,58,3114,2,67.68,1,0,0.567,0,1
89.21,19,0.14,57,1495,4,239.19,0,0,0.194,0,0
195.7,23,0.393,51,3300,3,57.87,0,0,0.446,0,0
279.33,1,0.11,75,263,5,64.77,1,0,0.265,0,0
67.63,8,0.258,34,3215,1,78.44,1,1,0.306,0,1
550.98,15,0.19,59,1480,4,127.37,0,0,0.259,0,0
127.73,0,0.327,70,2705,3,79.69,0,0,0.156,0,0
77.98,16,0.06,55,1960,6,163.02,3,1,0.307,0,0
66.44,8,0.309,32,47,2,132.45,0,0,0.227,0,0
560.56,7,0.702,30,2471,5,206.04,2,0,0.27,0,0
159.83,11,0.192,20,2206,6,135.35,1,0,0.275,0,0
746.49,18,0.393,29,3251,8,145.66,2,0,0.538,0,1
99.36,2,0.308,43,1410,5,162.74,1,1,0.17,0,0
365.87,13,0.501,27,1228,1,34.92,1,0,0.355,0,0
184.28,22,0.167,64,1782,3,78.27,0,0,0.344,1,0
20.18,13,0.096,36,1077,4,242.28,2,0,0.079,0,0
319.22,14,0.35,39,2839,2,751.12,0,0,0.026,0,0
381.0,3,0.274,23,80,5,124.03,0,0,0.48,0,0
128.72,10,0.048,23,2938,8,147.72,0,0,0.292,0,0
205.77,7,0.285,24,1693,2,68.75,1,0,0.485,0,0
370.7,9,0.254,69,2426,5,112.44,0,0,0.283,0,0
175.29,17,0.318,71,3346,7,236.45,0,0,0.371,0,0
27.98,5,0.183,31,1930,3,102.24,1,1,0.174,0,0
88.84,19,0.305,75,2709,6,90.3,0,0,0.178,0,0
187.14,5,0.688,45,1947,1,521.34,1,1,0.071,0,0
60.3,8,0.712,41,332,7,72.2,3,1,0.552,0,1
22.02,21,0.34,49,3007,3,122.13,0,0,0.31,0,0
176.24,21,0.131,54,595,3,25.46,2,0,0.274,0,0
83.87,7,0.152,67,1527,5,155.83,1,0,0.367,0,0
162.68,17,0.22,58,3167,4,1462.4,3,0,0.56,0,0
39.24,2,0.516,66,1805,5,149.23,0,0,0.251,0,0
81.74,9,0.403,26,923,4,100.71,0,1,0.071,0,0
149.48,19,0.141,69,997,6,308.21,1,0,0.485,0,0
458.42,22,0.084,19,2110,1,107.25,2,0,0.183,0,0
246.16,22,0.212,56,732,5,60.31,0,1,0.642,0,0
235.71,15,0.169,47,2411,2,82.75,0,0,0.629,0,0
492.79,9,0.418,19,287,5,564.06,0,0,0.496,0,1
161.45,19,0.318,42,696,5,38.89,2,0,0.438,1,1
36.96,2,0.176,61,1787,1,39.05,2,1,0.744,0,0
231.41,6,0.485,53,2663,5,47.81,2,0,0.481,0,0
29.74,0,0.153,46,623,6,38.39,0,1,0.333,0,1
282.98,5,0.344,18,840,6,40.66,0,1,0.192,0,1
39.64,16,0.085,27,356,5,68.4,1,0,0.305,0,0
183.2,13,0.263,75,485,3,328.14,0,0,0.408,0,0
427.25,6,0.375,42,763,2,210.33,0,0,0.191,0,0
126.31,5,0.078,58,602,7,169.01,0,0,0.348,0,0
18.82,1,0.157,70,2487,4,109.72,1,0,0.238,0,0
51.5,14,0.016,64,2926,3,67.01,0,0,0.394,0,0
457.63,1,0.121,58,3128,11,47.73,1,0,0.516,0,0
290.96,19,0.221,74,2080,6,244.58,1,0,0.344,0,0
72.8,4,0.372,61,2035,9,180.38,1,1,0.16,0,1
54.38,9,0.296,59,3624,6,72.61,0,1,0.125,0,0
171.55,1,0.181,61,245,8,63.08,0,0,0.319,0,0
125.18,9,0.527,26,2329,4,326.89,2,0,0.112,0,0
102.82,22,0.639,43,1564,4,146.17,1,0,0.473,1,0
1356.32,0,0.169,38,343,2,206.84,2,0,0.095,0,0
104.66,6,0.159,22,1548,5,118.7,0,0,0.285,0,0
54.9,22,0.273,47,852,7,300.02,1,0,0.241,0,0
37.58,4,0.256,30,2141,7,359.95,0,1,0.117,0,0
100.13,15,0.245,32,1274,6,121.03,2,0,0.077,0,0
166.51,20,0.163,75,2753,5,324.38,4,0,0.195,0,0
192.72,14,0.406,63,2025,6,98.55,0,0,0.295,0,0
201.96,17,0.65,61,2136,2,161.62,2,0,0.062,0,0
73.38,1,0.151,72,388,5,266.62,0,0,0.315,0,0
40.76,3,0.233,56,2890,4,103.85,0,0,0.288,0,0
283.16,15,0.32,56,3444,2,20.94,2,0,0.254,0,0
52.6,20,0.07,61,3033,4,148.32,1,0,0.414,0,0
132.64,19,0.326,66,666,8,72.52,0,0,0.114,0,0
73.35,23,0.062,33,3392,4,100.72,1,0,0.393,1,0
181.17,17,0.176,57,1290,3,102.95,2,0,0.124,0,0
137.4,23,0.217,75,776,4,282.74,1,0,0.325,0,0
71.65,20,0.371,42,2706,6,84.99,1,0,0.42,0,0
241.33,17,0.292,53,636,5,218.24,3,0,0.328,0,0
73.0,2,0.209,70,1910,3,131.3,1,0,0.117,0,0
60.06,20,0.411,65,115,5,88.96,0,0,0.119,0,0
117.77,8,0.303,34,2927,3,90.57,1,0,0.261,0,0
229.69,8,0.367,45,3313,5,45.31,3,0,0.563,0,1
154.61,1,0.57,75,130,3,127.78,1,0,0.487,0,0
214.58,9,0.588,34,806,4,601.05,0,0,0.388,0,0
87.48,10,0.339,40,2625,3,99.98,0,0,0.24,0,1
180.2,20,0.331,32,1275,3,100.24,1,0,0.681,0,1
41.28,1,0.283,19,2266,4,458.35,0,0,0.108,0,0
66.14,10,0.187,43,2938,6,209.67,0,0,0.4,0,0
138.77,6,0.177,65,2451,2,374.62,0,0,0.408,0,0
161.39,5,0.169,53,1672,8,23.22,0,0,0.44,0,0
100.65,0,0.297,29,2585,4,84.81,0,0,0.424,1,0
73.55,8,0.578,43,925,6,274.05,1,0,0.311,0,1
64.65,10,0.298,64,3315,4,62.02,0,0,0.106,0,0
300.22,15,0.23,61,1576,3,116.6,0,0,0.317,0,0
210.57,2,0.148,21,2391,6,130.22,2,1,0.166,0,0
53.8,4,0.066,18,220,4,143.19,3,0,0.288,0,0
506.2,19,0.285,51,3116,7,37.08,0,0,0.386,0,0
184.81,22,0.14,25,2017,3,43.67,0,0,0.557,0,0
304.83,11,0.228,46,2427,5,75.39,1,0,0.151,0,0
54.83,5,0.276,29,2195,5,135.8,0,0,0.134,0,0
66.69,9,0.278,33,1326,5,177.82,1,0,0.294,1,0
65.21,13,0.397,39,1705,6,317.22,0,0,0.282,0,0
872.01,19,0.391,43,258,1,144.47,0,0,0.316,0,0
42.75,23,0.118,28,724,5,119.94,1,0,0.062,0,0
102.45,17,0.439,36,3473,4,34.58,0,0,0.486,0,0
858.63,18,0.223,75,773,1,66.99,1,0,0.625,0,0
36.53,11,0.289,45,1799,4,230.26,1,0,0.103,0,0
113.45,0,0.195,41,1436,3,265.92,0,0,0.62,0,0
95.29,0,0.273,48,3562,4,313.61,0,0,0.162,0,0
430.73,5,0.34,65,2684,9,80.87,4,0,0.348,0,0
304.59,20,0.057,71,2594,2,29.73,1,1,0.396,0,0
1283.45,21,0.246,44,1975,5,59.14,1,0,0.658,0,0
133.85,15,0.414,33,3379,8,33.23,0,0,0.498,0,0
143.22,20,0.052,41,1343,0,82.17,2,0,0.316,0,0
1167.39,0,0.204,24,2799,7,258.88,0,0,0.484,0,0
69.97,9,0.176,63,1795,4,118.74,2,0,0.576,0,0
115.84,3,0.084,55,586,2,89.79,1,0,0.083,0,0
511.74,1,0.713,20,880,2,80.86,0,0,0.39,0,1
107.7,10,0.028,34,3533,4,66.68,0,0,0.442,0,0
90.97,5,0.202,18,2649,7,43.96,1,0,0.674,1,1
18.43,8,0.041,21,1579,7,73.19,0,0,0.255,0,0
832.72,23,0.374,64,2549,5,268.69,0,1,0.147,0,0
255.05,6,0.141,74,1198,3,247.04,0,0,0.637,0,0
155.01,18,0.188,27,762,4,183.85,0,0,0.244,1,0
597.76,17,0.78,66,3604,2,147.34,2,1,0.119,0,1
230.09,14,0.204,39,2174,5,225.75,0,1,0.538,0,1
56.43,15,0.221,39,955,2,194.7,0,0,0.272,0,0
133.35,2,0.401,42,2333,2,52.86,0,0,0.502,0,0
52.47,12,0.272,35,1561,9,75.14,0,0,0.7,0,0
347.31,2,0.402,69,2187,10,138.88,1,0,0.565,0,0
25.2,4,0.146,19,1031,9,103.58,2,0,0.654,0,0
98.56,11,0.439,41,2074,3,236.59,3,0,0.271,1,1
231.43,0,0.291,33,800,4,192.93,1,1,0.38,0,0
106.26,23,0.032,64,2825,4,604.25,0,0,0.107,0,0
787.62,18,0.431,50,2764,5,78.6,1,0,0.42,0,0
33.23,4,0.185,38,1771,2,308.17,1,0,0.25,0,0
77.19,22,0.657,70,2257,5,195.13,1,0,0.115,0,0
218.4,23,0.46,74,605,4,152.94,0,0,0.246,0,0
217.77,5,0.284,61,481,4,57.59,0,0,0.429,0,0
361.06,11,0.277,58,2547,4,174.57,0,0,0.179,1,1
37.87,8,0.083,68,1284,0,102.06,1,0,0.12,0,0
45.47,12,0.103,51,87,2,793.62,0,1,0.125,0,0
137.35,21,0.233,42,2048,4,141.14,1,0,0.402,1,0
144.55,18,0.225,51,1713,2,106.13,0,1,0.533,0,0
83.35,11,0.58,49,3084,3,53.81,1,1,0.061,0,0
42.25,19,0.17,35,3110,5,24.66,0,0,0.323,0,0
32.05,21,0.17,38,3182,6,30.84,0,0,0.12,0,0
36.75,1,0.461,74,1652,2,233.77,0,0,0.145,0,0
242.85,19,0.436,47,801,4,218.83,0,0,0.274,0,0
252.09,9,0.379,29,825,3,112.95,0,0,0.394,0,0
390.98,7,0.453,73,885,2,133.11,0,0,0.33,0,0
347.1,4,0.355,34,282,6,104.26,2,0,0.242,0,0
222.97,16,0.142,44,2129,4,19.61,0,0,0.59,0,0
844.59,20,0.265,47,1119,4,46.08,1,0,0.181,0,0
795.26,12,0.065,22,2204,7,158.58,2,0,0.015,0,0
83.95,7,0.315,59,386,4,450.29,2,1,0.182,0,0
47.9,19,0.312,74,2599,3,74.94,0,0,0.174,0,0
501.28,16,0.596,19,128,4,188.71,0,0,0.263,0,0
649.72,3,0.373,67,2511,2,40.29,0,0,0.537,0,1
140.49,23,0.477,65,30,2,72.96,0,0,0.318,0,0
238.32,7,0.422,33,3315,4,238.86,0,1,0.456,0,1
20.58,18,0.305,64,2016,4,101.8,0,0,0.246,1,1
178.83,19,0.5,33,1719,5,159.64,1,1,0.21,0,1
266.01,0,0.254,32,2478,6,69.74,1,0,0.751,0,1
58.88,21,0.259,72,2418,4,70.95,0,0,0.764,0,0
233.58,9,0.33,61,2060,2,166.23,1,0,0.181,0,0
30.44,9,0.173,40,3589,3,37.31,0,0,0.08,0,0
458.48,2,0.659,35,350,4,120.37,2,0,0.394,0,1
65.32,21,0.3,53,884,11,213.23,1,0,0.579,0,0
243.76,21,0.385,69,3294,5,57.2,0,1,0.155,0,0
142.77,16,0.457,66,1317,7,434.08,0,0,0.592,0,0
31.66,12,0.568,48,3429,4,20.58,0,0,0.184,0,0
84.72,18,0.056,47,623,4,20.63,0,0,0.294,0,0
229.82,0,0.553,38,311,4,213.9,1,0,0.646,0,0
226.23,19,0.367,37,2083,7,52.35,2,0,0.33,0,0
68.54,16,0.259,18,3587,5,56.28,0,0,0.251,0,0
171.88,2,0.274,73,2604,3,298.25,1,0,0.057,0,0
96.44,16,0.077,21,230,2,72.51,0,0,0.171,0,0
219.93,2,0.393,44,538,1,90.14,1,1,0.077,0,0
118.96,9,0.221,72,2556,7,74.64,0,1,0.34,0,1
220.48,20,0.083,75,2764,8,223.58,0,0,0.384,0,0
142.94,18,0.695,48,230,7,76.5,1,1,0.471,0,0
246.06,19,0.163,65,907,6,132.45,0,0,0.859,0,0
487.16,18,0.108,34,3449,2,77.63,1,0,0.528,0,0
117.99,17,0.147,68,567,2,272.46,1,1,0.393,0,0
112.29,17,0.239,43,3046,5,80.77,0,0,0.489,0,0
188.81,13,0.084,37,975,3,57.12,0,1,0.226,0,0
207.2,7,0.436,64,2026,5,296.46,0,0,0.355,0,0
176.16,12,0.363,60,2908,5,80.54,0,0,0.427,0,0
198.3,19,0.23,21,2311,8,81.01,2,1,0.275,1,1
305.25,7,0.44,56,3348,4,76.6,0,0,0.046,0,0
124.86,7,0.347,56,2358,6,64.71,0,0,0.562,0,0
352.75,6,0.481,70,360,2,141.86,2,1,0.139,0,0
175.99,0,0.354,27,3298,5,1225.64,0,1,0.194,0,0
355.85,19,0.321,43,1487,7,85.8,0,0,0.519,0,0
362.74,3,0.277,29,3417,9,89.39,1,0,0.213,0,0
53.74,3,0.172,69,449,3,762.9,3,0,0.152,0,0
177.86,11,0.573,54,479,9,172.01,0,0,0.311,0,0
139.84,0,0.769,22,402,4,131.59,4,0,0.701,0,0
191.17,15,0.384,38,2503,5,76.38,0,0,0.368,0,1
114.56,18,0.69,68,1406,5,98.85,0,0,0.29,0,0
439.65,21,0.416,30,3410,6,206.49,0,0,0.184,0,0
132.34,18,0.398,26,2613,7,314.35,1,1,0.685,0,0
143.35,5,0.208,24,2528,3,120.87,0,0,0.319,0,0
416.77,0,0.15,56,2393,4,76.86,1,0,0.25,0,0
112.28,19,0.242,36,637,3,82.15,2,0,0.412,0,0
29.74,3,0.413,48,2719,6,285.82,2,0,0.454,0,1
65.22,3,0.348,64,568,3,49.87,0,0,0.546,0,0
47.93,9,0.303,28,71,2,71.22,1,0,0.681,0,0
586.91,12,0.552,74,1661,3,91.28,1,0,0.249,0,0
488.77,12,0.189,37,3138,10,100.9,3,0,0.515,0,0
122.62,16,0.16,50,1368,2,38.98,1,0,0.341,0,0
130.59,1,0.211,52,1724,2,467.88,0,1,0.694,0,0
815.75,21,0.24,59,1423,6,252.45,3,0,0.282,0,1
99.31,10,0.37,71,2939,5,84.95,0,0,0.362,0,0
206.61,0,0.288,40,184,7,17.4,0,0,0.397,0,0
19.74,3,0.38,75,1884,4,42.92,0,0,0.329,0,1
472.99,18,0.407,54,2017,5,74.35,0,0,0.533,0,0
27.41,3,0.234,45,2376,3,105.04,1,0,0.548,0,0
1301.07,2,0.061,20,215,7,88.35,0,0,0.257,0,0
255.76,4,0.25,40,2322,6,142.86,2,1,0.173,0,1
72.55,16,0.209,20,2232,1,212.76,0,0,0.149,0,0
76.11,12,0.427,68,3069,5,156.64,1,0,0.282,0,0
24.7,12,0.291,20,2242,5,162.63,0,1,0.361,0,0
91.76,9,0.437,57,2471,6,41.4,0,0,0.58,0,0
448.47,6,0.327,61,614,6,313.06,1,1,0.33,0,0
136.49,12,0.308,64,2108,6,163.28,0,0,0.087,0,0
272.91,1,0.195,58,792,2,449.59,2,0,0.292,0,0
258.02,14,0.068,31,344,3,187.06,0,0,0.18,0,0
38.38,21,0.603,23,1457,4,52.22,0,0,0.456,0,0
62.56,4,0.534,52,2142,2,58.04,0,0,0.102,0,0
276.83,0,0.141,19,3487,4,525.6,0,0,0.318,0,1
36.33,22,0.163,66,1764,4,333.11,1,0,0.215,1,0
176.89,19,0.524,69,1580,6,308.91,0,0,0.231,0,0
321.11,13,0.361,32,105,6,153.99,1,0,0.342,0,0
58.83,11,0.1,67,2702,1,673.11,0,0,0.187,0,0
80.35,15,0.138,56,3420,2,487.55,3,0,0.518,0,1
64.12,23,0.172,18,3325,4,210.11,0,0,0.029,0,0
150.49,15,0.573,60,1227,4,131.25,0,0,0.51,0,0
62.2,11,0.457,63,253,5,125.21,1,0,0.729,0,0
126.72,22,0.728,68,2766,6,155.09,0,0,0.43,0,0
319.96,20,0.162,31,639,4,77.61,1,0,0.43,0,0
628.69,23,0.317,51,807,9,80.28,0,0,0.145,0,0
37.82,6,0.329,25,474,3,55.89,2,0,0.371,0,1
83.17,11,0.252,68,1238,4,99.9,0,0,0.475,0,0
215.58,7,0.347,50,912,3,18.9,1,0,0.606,0,0
213.08,10,0.186,58,851,3,81.49,2,0,0.48,0,0
420.62,15,0.181,67,895,6,93.02,0,0,0.327,0,0
139.85,8,0.177,42,30,3,91.67,0,0,0.702,0,0
262.6,1,0.353,65,2375,4,149.05,1,0,0.148,1,0
267.36,0,0.13,67,1813,4,419.03,0,1,0.473,0,0
112.84,2,0.311,28,3570,1,89.37,0,0,0.385,1,0
200.65,6,0.155,39,1654,3,84.84,0,1,0.385,1,0
160.27,0,0.585,32,2167,4,79.33,1,0,0.341,0,1
693.75,21,0.47,72,2773,2,98.19,0,0,0.116,0,0
177.12,12,0.301,51,3367,3,62.73,0,1,0.364,0,0
135.87,5,0.442,40,1018,2,88.9,0,1,0.35,0,0
60.64,22,0.23,68,897,3,140.34,1,1,0.327,0,1
33.11,7,0.323,67,2389,8,378.51,0,0,0.254,0,0
82.73,16,0.481,65,3010,3,94.97,0,0,0.153,0,0
39.52,22,0.224,56,495,6,267.93,0,0,0.291,0,0
127.75,13,0.351,68,3395,3,92.4,3,0,0.243,0,0
108.94,22,0.52,28,2965,5,178.64,0,0,0.161,0,0
139.4,22,0.436,33,3620,5,151.59,0,0,0.639,0,0
671.24,18,0.152,51,3386,5,202.34,0,1,0.225,0,0
419.92,23,0.269,56,2507,1,64.95,0,0,0.444,0,0
29.48,7,0.34,75,3060,7,153.25,2,0,0.103,0,1
227.21,12,0.099,29,2368,6,150.94,2,0,0.461,0,0
1829.06,11,0.119,46,465,8,138.29,2,0,0.367,0,0
305.38,1,0.294,54,1650,5,597.1,3,0,0.662,0,0
60.62,0,0.388,45,1631,2,199.21,1,0,0.433,0,0
560.39,0,0.311,52,3048,6,79.91,3,0,0.084,0,1
66.06,22,0.096,45,565,4,37.31,3,0,0.186,0,0
213.61,1,0.304,68,1517,4,317.83,0,0,0.298,1,1
858.16,2,0.341,35,347,6,150.36,3,0,0.191,0,0
1203.75,11,0.178,24,780,3,55.35,0,0,0.342,0,0
156.33,14,0.465,44,1712,2,77.06,1,1,0.112,0,0
77.19,8,0.406,40,789,2,43.46,0,0,0.173,0,0
76.01,12,0.224,40,3125,3,65.95,1,0,0.131,1,0
173.81,7,0.249,48,3581,4,65.96,2,0,0.205,0,0
143.19,5,0.611,37,3518,5,47.9,0,1,0.174,0,0
50.77,11,0.44,50,1396,4,107.91,0,0,0.202,1,0
322.48,12,0.141,58,3058,6,41.59,0,0,0.702,0,0
116.04,9,0.546,37,2646,7,209.4,1,1,0.285,0,0
152.34,9,0.279,23,2620,3,72.24,2,1,0.559,0,0
173.21,2,0.262,66,470,4,58.95,0,0,0.427,0,0
219.97,4,0.142,53,643,3,349.77,0,0,0.102,0,0
257.83,12,0.416,58,2738,5,75.88,1,0,0.147,0,0
164.91,16,0.255,42,299,2,33.53,1,0,0.34,0,0
86.55,14,0.296,69,3531,5,161.2,3,0,0.317,0,0
275.81,22,0.195,75,3330,6,209.98,0,0,0.188,0,0
47.17,1,0.245,60,2512,2,62.33,0,0,0.417,0,0
121.08,18,0.205,67,943,9,112.28,1,0,0.469,0,0
105.09,4,0.635,32,751,5,63.77,0,0,0.71,0,1
116.39,15,0.288,32,657,8,159.0,0,0,0.189,0,0
170.88,22,0.105,73,3290,9,85.92,0,1,0.259,1,0
83.83,9,0.504,18,2860,3,106.57,1,0,0.607,1,1
65.61,5,0.176,40,1423,4,48.67,0,0,0.249,0,0
207.48,9,0.363,67,293,6,257.18,0,0,0.477,0,0
475.68,15,0.163,73,2593,3,79.38,2,0,0.678,0,0
113.79,11,0.101,31,1526,4,169.74,2,0,0.359,0,0
49.88,13,0.712,29,2762,4,61.9,0,0,0.363,0,0
532.17,9,0.374,73,1193,4,45.89,1,0,0.26,0,0
1623.13,21,0.11,71,750,7,171.87,5,0,0.349,0,0
292.64,9,0.269,32,103,6,139.07,0,0,0.42,0,0
217.91,10,0.198,21,2267,4,245.64,0,0,0.386,0,0
519.64,22,0.342,21,630,5,75.83,0,0,0.175,0,0
402.63,14,0.524,49,986,6,481.45,0,0,0.649,0,0
151.81,15,0.389,32,1599,7,90.17,1,0,0.216,0,0
44.61,21,0.299,61,671,5,110.24,0,0,0.52,0,1
297.74,20,0.459,48,622,4,108.81,2,0,0.251,0,0
54.69,6,0.1,22,1857,2,51.78,1,0,0.211,0,0
33.21,21,0.487,25,1055,3,23.11,0,0,0.191,0,0
187.31,12,0.306,42,1930,1,63.03,1,0,0.229,0,0
16.51,1,0.39,54,839,5,82.63,1,0,0.047,0,0
249.95,4,0.229,69,931,1,397.92,1,1,0.18,0,0
27.32,6,0.38,64,2092,7,123.02,1,0,0.158,1,0
105.35,20,0.217,26,1557,7,130.95,2,1,0.343,1,1
31.32,10,0.243,18,1305,3,88.38,0,1,0.279,0,0
29.77,6,0.362,20,2085,1,272.1,0,0,0.147,0,0
227.88,17,0.237,62,386,3,126.93,1,0,0.205,0,0
71.31,3,0.376,69,3474,2,155.59,1,0,0.037,0,0
71.31,15,0.261,66,3180,4,97.87,0,0,0.491,0,0
56.67,11,0.236,24,3533,6,361.06,0,0,0.33,0,0
120.42,21,0.17,58,3032,4,176.27,2,0,0.378,0,0
176.31,23,0.129,57,3268,4,230.21,0,0,0.3,0,0
210.92,21,0.258,73,1406,5,257.61,0,1,0.188,0,0
196.49,4,0.141,59,391,6,650.82,0,1,0.17,0,0
29.96,23,0.385,61,2927,2,172.12,1,0,0.103,0,0
25.46,11,0.408,19,3036,6,50.24,2,0,0.112,0,0
271.95,10,0.252,22,2090,10,80.53,0,0,0.296,0,0
56.56,8,0.074,40,2824,5,269.28,0,0,0.204,0,0
85.44,2,0.13,58,2440,6,71.72,1,0,0.186,0,0
160.26,13,0.42,65,891,6,229.69,1,0,0.307,0,0
140.2,10,0.207,40,1418,3,184.29,0,0,0.494,0,0
1492.06,5,0.415,32,1278,7,206.25,1,0,0.405,1,1
235.85,11,0.261,23,2874,6,109.87,1,0,0.45,0,0
187.33,21,0.23,34,2863,5,67.04,2,0,0.271,0,0
553.97,10,0.199,27,2956,6,142.68,0,0,0.382,0,0
175.64,22,0.242,58,858,3,289.98,0,0,0.51,0,1
248.2,18,0.196,62,648,4,195.62,1,1,0.227,0,0
82.95,12,0.265,62,676,2,292.15,1,1,0.367,0,0
149.69,18,0.24,37,2407,3,149.4,1,0,0.203,0,0
34.05,23,0.256,66,3307,2,184.61,1,0,0.054,0,0
148.37,20,0.508,66,2087,7,153.29,0,0,0.253,1,1
93.58,1,0.57,31,1704,3,66.48,1,1,0.684,0,1
428.96,19,0.369,22,1217,2,63.55,0,0,0.364,0,0
114.86,9,0.237,35,339,3,53.19,4,0,0.659,0,1
61.51,11,0.265,26,1099,1,321.15,0,0,0.185,0,0
81.07,8,0.779,62,224,3,134.73,1,0,0.278,0,0
200.2,21,0.188,18,874,3,131.06,0,1,0.621,0,1
99.73,16,0.254,60,903,6,77.48,2,0,0.48,0,0
76.95,15,0.226,26,3596,0,212.97,0,0,0.21,0,0
230.55,17,0.104,40,688,4,110.1,0,0,0.161,0,0
107.48,0,0.287,34,1960,3,190.91,0,0,0.088,0,0
75.94,8,0.324,48,2962,4,89.74,1,0,0.076,0,0
435.29,0,0.513,22,1583,4,69.67,0,1,0.448,0,1
283.8,9,0.171,31,419,4,50.51,1,0,0.215,1,0
117.25,2,0.195,61,2732,4,113.82,2,0,0.116,0,0
43.78,22,0.117,49,2162,5,126.27,0,0,0.403,0,0
633.34,11,0.352,55,548,3,73.63,0,0,0.308,0,0
444.59,22,0.543,25,3287,7,169.23,2,1,0.079,0,1
351.23,18,0.462,18,2504,5,62.18,1,0,0.305,0,0
223.33,5,0.276,73,1329,3,112.09,0,0,0.382,0,0
654.66,18,0.389,56,2556,7,144.15,0,0,0.217,0,0
546.49,2,0.266,29,455,6,106.52,0,0,0.444,0,0
23.66,18,0.454,24,3363,5,80.73,0,0,0.574,0,1
119.89,6,0.181,55,43,3,44.68,0,0,0.496,0,0
698.56,16,0.142,51,1457,6,196.57,1,0,0.069,0,0
116.27,16,0.299,71,363,2,216.66,2,1,0.751,0,1
50.9,16,0.067,23,3100,8,84.84,0,0,0.151,0,0
22.43,4,0.353,69,3188,5,327.49,1,0,0.427,0,1
144.87,11,0.053,22,2890,6,190.3,1,0,0.121,0,0
21.95,2,0.241,61,2990,3,82.72,1,0,0.636,0,0
40.58,19,0.048,72,2849,1,162.23,2,0,0.396,0,0
427.83,15,0.381,30,1509,5,90.58,0,0,0.346,0,0
102.84,0,0.114,27,2335,1,112.71,0,0,0.206,0,0
511.66,11,0.075,48,3638,6,97.77,0,0,0.405,0,0
49.23,9,0.327,59,2514,4,99.67,1,0,0.171,0,0
103.58,12,0.294,29,1436,2,59.52,0,0,0.13,0,0
354.71,0,0.265,39,1658,2,53.39,1,0,0.374,0,1
135.24,14,0.337,61,3644,2,154.05,1,0,0.623,0,0
633.43,17,0.432,73,2362,5,308.9,1,0,0.343,0,0
153.55,0,0.223,75,2130,6,225.18,1,0,0.157,0,0
67.51,2,0.311,50,3507,7,159.09,1,0,0.304,0,1
219.6,5,0.229,56,443,5,202.74,0,0,0.225,0,0
230.89,23,0.284,36,2193,4,70.31,0,0,0.414,0,0
341.7,18,0.204,47,553,9,82.06,0,0,0.207,0,0
83.44,17,0.125,25,3298,3,213.95,2,0,0.423,0,0
186.32,11,0.144,55,1470,4,115.93,0,0,0.334,0,1
138.36,16,0.342,54,2677,7,70.2,0,1,0.374,0,0
1202.78,2,0.452,24,3251,4,52.62,2,0,0.11,0,0
205.22,4,0.315,43,2580,5,491.84,3,0,0.022,0,1
142.93,12,0.244,59,2393,5,23.67,1,0,0.332,0,0
280.33,22,0.311,20,2639,5,188.86,0,0,0.16,0,0
199.46,15,0.623,24,1271,3,162.82,0,0,0.247,0,1
199.18,18,0.132,56,1316,5,109.26,0,0,0.406,0,0
66.42,11,0.386,31,355,4,219.06,0,1,0.202,0,0
16.15,11,0.053,68,1445,7,38.4,2,0,0.113,1,0
112.44,23,0.398,29,1800,4,179.53,1,0,0.125,0,0
419.21,14,0.202,26,1890,4,27.04,0,0,0.508,1,0
346.6,8,0.113,36,2412,6,143.28,1,0,0.268,0,1
51.03,11,0.241,34,1695,6,36.13,2,0,0.292,0,0
79.68,7,0.223,55,1570,3,266.99,0,0,0.276,0,0
298.34,16,0.47,68,1782,5,155.86,0,0,0.572,0,0
61.24,0,0.313,49,979,6,89.0,1,1,0.214,0,0
337.13,3,0.093,64,3050,2,1186.11,2,0,0.381,1,0
690.86,8,0.417,66,2009,4,115.31,0,0,0.361,0,0
228.83,9,0.217,38,2781,7,81.73,2,0,0.435,0,0
275.82,9,0.087,58,30,9,1409.47,0,0,0.537,0,0
23.43,13,0.4,59,1540,2,175.6,0,0,0.013,0,0
216.84,2,0.365,67,3212,0,50.48,3,1,0.157,0,1
132.2,17,0.256,50,1592,2,190.72,3,0,0.297,0,0
27.01,4,0.302,70,260,4,235.98,1,0,0.342,0,0
213.39,19,0.059,55,3493,4,184.14,3,0,0.216,0,0
273.25,3,0.471,26,1347,3,26.8,2,1,0.262,0,1
58.23,14,0.258,20,769,5,147.53,1,0,0.418,0,0
177.41,8,0.336,51,3022,3,83.35,1,0,0.201,0,0
72.76,4,0.136,25,348,6,208.78,2,0,0.311,0,0
134.51,8,0.165,57,2668,4,457.62,1,0,0.222,0,0
210.53,4,0.058,75,1660,4,84.88,4,0,0.193,1,1
144.13,8,0.439,30,1532,1,73.34,0,0,0.324,0,0
390.8,13,0.694,23,1133,2,110.76,2,1,0.387,0,1
150.61,18,0.389,30,3636,4,121.55,2,0,0.086,0,0
139.19,10,0.14,36,2535,3,131.12,1,1,0.375,0,0
245.36,0,0.201,31,3484,3,120.24,0,0,0.043,0,0
290.87,7,0.64,48,3454,4,225.59,2,0,0.84,0,0
154.16,8,0.225,44,3267,8,91.47,2,0,0.335,0,0
560.68,21,0.333,50,830,4,109.56,0,0,0.298,0,0
217.67,9,0.295,73,2354,1,281.86,0,0,0.539,0,0
154.67,8,0.207,72,2297,1,262.6,3,0,0.306,0,0
379.01,6,0.36,31,264,5,98.82,1,0,0.39,0,0
28.7,4,0.286,75,2853,5,200.85,2,0,0.535,1,1
192.09,17,0.424,60,1360,6,84.5,0,0,0.215,0,0
149.47,20,0.057,46,210,6,68.42,1,0,0.206,0,0
171.24,5,0.558,47,1870,3,173.25,0,0,0.465,0,1
145.34,5,0.358,27,1466,3,50.07,0,0,0.054,0,0
287.98,16,0.148,32,1168,6,67.19,0,1,0.485,0,0
1166.2,22,0.199,60,960,4,426.38,0,0,0.42,1,0
247.35,18,0.403,68,2179,4,125.77,1,0,0.452,0,0
59.76,0,0.473,27,1257,3,42.99,2,0,0.07,0,0
272.57,13,0.28,35,2955,0,88.53,1,0,0.442,0,0
63.67,1,0.175,74,2813,3,117.61,2,0,0.211,0,0
814.99,22,0.566,35,2731,7,54.05,1,0,0.428,0,0
124.37,9,0.154,53,2535,2,74.31,1,0,0.332,0,0
966.13,14,0.115,45,1191,5,432.63,0,0,0.296,0,0
216.97,16,0.195,68,1823,6,87.56,0,0,0.748,0,0
607.5,7,0.404,47,40,1,167.54,1,1,0.137,0,0
80.78,16,0.426,59,436,5,44.88,1,0,0.621,0,0
83.39,17,0.484,38,2689,8,105.18,1,0,0.316,0,0
435.65,0,0.307,39,3197,4,162.64,0,0,0.087,0,0
79.59,21,0.386,22,1430,4,171.24,1,0,0.588,0,0
601.46,6,0.414,36,2282,5,327.18,2,0,0.433,0,0
56.57,14,0.056,53,1078,8,180.68,1,0,0.127,0,0
59.86,10,0.365,47,3531,3,36.98,1,0,0.184,0,0
226.69,11,0.479,25,508,5,105.35,1,0,0.392,0,1
89.59,8,0.289,63,3251,5,104.82,1,0,0.092,0,0
62.72,20,0.162,42,3040,1,96.31,3,1,0.322,0,0
377.78,14,0.109,46,2727,5,167.62,1,0,0.092,0,0
432.58,8,0.302,29,542,2,88.74,0,0,0.394,1,1
188.9,11,0.389,68,1572,2,256.25,1,0,0.349,0,0
296.74,13,0.523,56,3143,1,77.65,0,0,0.41,0,0
10.99,12,0.07,21,1670,1,99.37,1,1,0.255,0,1
102.02,21,0.347,66,3381,5,81.13,1,0,0.224,0,0
64.83,3,0.249,67,2382,6,268.53,0,0,0.359,0,0
205.01,17,0.11,38,2404,3,25.91,2,0,0.316,0,0
550.69,2,0.115,38,1735,7,30.16,1,0,0.349,0,0
180.46,14,0.28,47,3456,2,42.35,1,1,0.299,0,0
86.9,14,0.273,63,87,0,228.72,1,0,0.33,0,0
334.09,9,0.155,63,1351,4,65.7,1,0,0.261,1,0
307.24,14,0.632,57,1924,6,23.82,0,0,0.824,0,0
128.5,12,0.392,73,1892,1,98.1,1,0,0.088,0,0
679.47,21,0.171,57,1156,7,96.06,0,0,0.081,0,0
70.46,3,0.213,36,276,2,136.94,0,0,0.503,0,0
144.74,15,0.299,69,707,5,130.83,1,0,0.366,0,0
486.26,9,0.285,57,1635,5,148.38,2,0,0.125,0,0
248.68,15,0.281,19,1749,5,171.59,0,0,0.162,1,1
324.69,15,0.491,21,1118,7,311.2,4,0,0.319,0,1
92.66,12,0.146,52,2151,4,114.95,2,0,0.31,0,0
63.74,8,0.076,64,99,3,39.57,0,0,0.246,0,0
667.41,0,0.182,57,1153,6,48.56,3,0,0.23,0,1
214.91,6,0.473,26,3573,3,124.71,0,0,0.41,0,0
20.73,7,0.249,23,2839,8,73.11,1,0,0.165,0,0
1182.12,7,0.11,49,2934,6,123.57,0,0,0.498,0,0
151.11,19,0.439,68,193,5,230.14,0,1,0.568,0,1
317.26,3,0.396,39,444,5,95.28,0,1,0.702,0,0
982.83,5,0.188,37,3637,4,105.98,1,0,0.451,0,0
127.73,17,0.216,20,3437,6,133.79,2,0,0.279,0,0
25.12,23,0.232,50,969,3,143.01,0,0,0.065,1,0
185.66,6,0.178,19,2079,4,68.64,0,0,0.424,0,0
89.86,16,0.137,70,2110,2,91.1,0,0,0.167,0,0
53.29,16,0.25,57,2716,5,97.93,0,1,0.123,0,0
244.92,23,0.294,47,3127,3,69.56,1,0,0.43,1,0
91.11,0,0.214,41,250,2,36.57,0,0,0.227,0,0
277.41,8,0.073,21,1062,4,279.32,3,0,0.078,0,0
123.24,8,0.439,24,3286,1,83.2,2,0,0.5,0,0
842.15,11,0.246,68,191,3,91.53,2,0,0.172,0,0
163.96,5,0.233,29,236,5,247.14,1,1,0.475,0,1
491.06,10,0.136,49,2846,4,48.94,0,0,0.07,0,0
155.54,22,0.137,69,923,4,270.64,1,0,0.137,0,0
684.54,9,0.217,34,1543,2,118.03,2,1,0.309,0,0
246.48,10,0.35,67,2040,2,105.15,3,0,0.539,0,0
58.75,20,0.526,48,157,6,109.57,0,1,0.525,0,1
634.78,21,0.274,38,536,4,44.24,0,1,0.083,0,0
178.28,14,0.1,37,76,4,74.52,3,0,0.037,0,0
82.14,6,0.084,46,1308,6,68.95,1,0,0.206,0,0
131.89,20,0.636,37,1153,2,77.89,1,0,0.461,0,0
53.54,2,0.329,36,1138,5,98.46,1,1,0.203,0,0
157.6,13,0.396,48,238,7,345.59,1,0,0.162,0,0
109.37,10,0.424,71,1145,1,329.26,2,0,0.436,0,0
299.89,0,0.45,68,2939,3,95.72,1,0,0.286,0,0
201.1,10,0.473,37,1153,10,61.5,0,0,0.256,0,0
119.46,23,0.237,66,2115,3,154.14,0,0,0.148,0,0
153.56,13,0.122,72,1501,6,27.12,3,0,0.472,0,0
36.5,2,0.128,19,2001,5,112.37,0,0,0.228,0,0
68.52,15,0.523,53,478,5,45.45,0,0,0.119,0,0
33.65,23,0.146,45,2767,6,255.14,0,0,0.346,0,0
135.18,13,0.213,59,1971,5,25.75,0,0,0.303,0,0
756.27,17,0.371,25,3027,6,113.44,1,0,0.316,0,0
615.46,8,0.508,47,1957,5,51.69,2,0,0.255,0,0
224.72,22,0.241,20,2326,1,327.12,0,0,0.587,0,0
235.59,1,0.084,58,2563,4,64.52,1,0,0.591,0,0
358.4,23,0.274,51,605,6,63.18,1,0,0.37,0,0
716.22,18,0.21,55,808,2,220.7,0,0,0.028,1,0
1353.6,18,0.588,67,2431,5,122.32,0,0,0.057,0,0
489.37,6,0.309,28,206,1,195.7,2,0,0.278,0,0
423.92,23,0.411,49,2898,4,38.66,0,1,0.534,0,1
91.57,15,0.103,71,3148,8,100.86,2,1,0.049,0,0
67.95,2,0.177,41,624,7,67.62,2,0,0.335,0,0
49.22,7,0.471,53,1650,3,103.34,0,0,0.16,0,0
258.66,5,0.123,31,2594,6,144.18,1,0,0.305,0,0
72.82,9,0.461,36,1111,5,152.6,0,0,0.051,0,0
255.6,11,0.078,52,470,2,259.45,1,0,0.043,0,0
65.97,14,0.056,20,648,3,384.59,0,0,0.329,0,0
84.23,5,0.324,70,1817,2,183.53,1,1,0.143,0,0
287.76,20,0.366,18,1262,4,56.45,0,1,0.526,1,1
156.28,7,0.425,38,2891,4,159.23,2,0,0.381,0,0
51.16,3,0.086,22,3468,6,87.86,0,1,0.18,0,0
219.12,9,0.2,34,3605,3,33.26,3,0,0.559,0,1
142.57,1,0.39,52,2568,6,82.09,0,0,0.765,0,0
21.99,17,0.492,25,2860,5,199.44,0,0,0.613,0,0
949.09,11,0.468,26,2171,2,91.9,0,0,0.24,0,0
100.49,21,0.356,34,1948,3,342.46,0,0,0.372,0,0
16.17,5,0.191,71,1089,1,114.81,0,0,0.39,0,0
185.65,9,0.36,47,278,6,116.37,0,1,0.112,0,0
111.68,14,0.101,45,1839,8,378.58,0,0,0.263,1,0
159.18,4,0.062,65,439,3,44.6,3,0,0.28,0,0
235.09,17,0.077,53,1760,4,104.74,1,0,0.173,0,0
70.95,6,0.063,56,765,5,63.19,1,0,0.24,0,0
62.42,3,0.371,28,1407,5,66.05,0,1,0.432,0,0
66.01,16,0.283,48,316,3,111.43,1,0,0.511,0,0
110.45,8,0.173,53,2311,5,143.58,1,0,0.249,0,1
294.0,15,0.477,60,3041,4,105.99,0,0,0.036,0,1
358.65,0,0.648,59,3597,3,113.65,1,1,0.56,0,1
157.58,5,0.324,53,973,2,58.62,0,0,0.347,0,0
54.14,2,0.246,71,2007,1,61.43,0,0,0.304,0,0
17.54,16,0.532,24,1517,6,203.5,0,1,0.27,0,0
147.07,23,0.103,43,1222,6,771.96,2,0,0.557,0,0
109.08,12,0.403,28,441,6,34.19,5,0,0.327,0,0
198.09,2,0.468,27,2566,3,151.59,2,0,0.534,1,0
16.26,8,0.641,58,659,4,305.72,1,0,0.422,0,0
100.75,12,0.346,57,2253,3,93.03,4,0,0.267,0,0
106.0,19,0.58,38,2476,6,293.79,0,1,0.373,0,1
479.83,5,0.007,23,2424,2,139.31,0,0,0.066,0,0
290.78,12,0.172,23,3464,3,113.89,3,0,0.507,0,1
204.73,16,0.567,31,2839,3,86.72,2,0,0.092,0,0
135.45,2,0.214,37,187,5,94.29,2,0,0.531,0,1
169.62,6,0.361,25,2462,7,161.78,1,0,0.085,0,0
32.6,16,0.242,68,504,4,388.87,0,0,0.247,0,0
10.69,5,0.097,41,617,6,97.96,2,0,0.102,0,0
139.68,13,0.115,65,698,8,128.13,0,0,0.361,0,1
158.83,9,0.267,71,66,0,95.74,0,0,0.418,0,1
301.36,14,0.397,52,2646,5,320.13,0,0,0.177,1,1
220.95,3,0.249,43,3559,3,251.26,2,0,0.123,1,0
169.14,14,0.179,21,1538,5,82.7,1,0,0.046,0,0
443.28,22,0.082,35,3528,4,167.58,0,0,0.095,0,0
170.78,7,0.147,27,2149,6,112.93,1,0,0.286,0,0
361.54,5,0.218,21,2341,3,43.56,1,0,0.351,0,0
211.14,10,0.661,51,934,4,147.86,3,1,0.435,0,0
64.78,6,0.082,70,2820,4,51.24,3,0,0.292,0,0
44.8,2,0.093,45,2226,7,96.93,0,0,0.087,0,0
266.76,17,0.507,31,2306,3,1072.92,2,0,0.248,0,0
129.8,14,0.346,33,987,4,241.67,0,0,0.676,0,0
148.44,3,0.161,28,766,4,46.61,0,0,0.446,0,0
195.7,14,0.209,29,646,2,73.16,0,0,0.172,1,0
186.0,13,0.594,24,3339,1,149.78,0,0,0.402,0,0
54.48,9,0.181,45,2135,2,46.55,2,1,0.124,0,0
216.09,15,0.052,18,3056,4,114.37,0,0,0.424,0,0
108.82,18,0.405,22,544,1,62.64,1,1,0.173,0,0
243.81,14,0.524,51,1384,4,424.57,1,0,0.185,0,1
54.69,16,0.252,23,841,2,75.59,3,0,0.28,0,0
45.78,17,0.345,68,1528,1,241.07,3,1,0.292,0,1
286.93,2,0.34,23,3397,4,179.69,0,0,0.558,0,0
46.83,13,0.256,58,1377,2,204.79,2,1,0.295,0,0
260.6,0,0.357,73,3104,3,76.17,1,1,0.515,0,0
68.53,14,0.351,37,938,5,105.61,1,0,0.414,0,0
40.15,12,0.587,43,3624,3,60.99,0,0,0.37,0,0
64.09,13,0.361,22,1510,8,83.65,0,1,0.015,0,0
875.95,0,0.091,47,1517,4,102.49,1,0,0.509,0,0
440.87,3,0.338,50,3236,8,91.36,0,0,0.784,0,1
687.96,0,0.248,71,3046,3,158.47,2,0,0.317,0,0
134.99,10,0.356,35,2441,5,137.76,1,0,0.418,0,0
111.21,5,0.568,52,1091,4,34.63,1,0,0.608,0,0
9.51,5,0.397,71,3529,6,79.45,0,0,0.335,0,1
298.52,2,0.339,75,2548,3,95.27,1,0,0.438,0,0
1278.17,13,0.145,60,2151,2,161.24,1,0,0.369,0,0
116.97,13,0.12,74,1663,1,127.81,3,0,0.733,0,0
56.99,3,0.529,31,299,4,84.57,1,0,0.466,0,0
93.26,18,0.289,45,1770,4,218.03,2,1,0.312,0,1
84.43,16,0.222,63,3048,0,215.29,0,0,0.375,0,0
7.33,16,0.493,60,3642,5,259.89,0,0,0.413,0,0
328.26,17,0.19,59,3106,3,81.22,0,0,0.257,0,0
200.56,2,0.153,56,3450,3,23.37,1,0,0.426,0,0
64.81,0,0.334,73,449,1,55.28,0,0,0.462,0,1
131.14,19,0.15,62,2960,4,124.56,2,0,0.612,0,0
52.45,0,0.182,39,1551,10,153.58,0,0,0.179,0,0
950.18,20,0.218,60,2886,7,94.97,0,1,0.8,0,0
615.69,12,0.19,73,3489,4,144.53,2,0,0.24,1,0
60.08,16,0.069,29,2717,2,30.91,0,0,0.263,0,0
49.79,19,0.065,55,1893,5,180.58,1,0,0.321,0,0
338.04,22,0.357,40,521,3,480.62,2,0,0.709,0,0
510.86,2,0.361,39,2940,6,173.11,0,0,0.487,0,0
303.08,19,0.204,73,2468,5,144.16,0,0,0.069,0,0
84.71,14,0.228,30,2776,2,311.23,2,0,0.306,0,0
248.55,11,0.511,27,3388,3,58.36,2,0,0.164,0,0
7.93,7,0.519,75,1449,2,261.97,1,1,0.672,0,0
66.95,8,0.053,74,1809,4,61.96,1,0,0.161,0,0
181.24,6,0.331,57,3455,3,227.59,0,0,0.321,0,0
479.85,16,0.522,56,2713,5,71.47,1,0,0.7,0,0
592.61,15,0.286,27,970,5,127.89,1,0,0.266,0,0
80.8,1,0.221,71,2354,4,35.87,0,0,0.417,0,0
30.12,10,0.38,49,3518,3,60.86,1,0,0.41,0,0
726.78,15,0.047,37,1004,6,99.04,0,1,0.341,0,0
108.16,5,0.499,71,740,3,275.29,2,0,0.387,0,0
154.15,2,0.609,68,2626,0,142.64,0,0,0.256,0,0
42.75,12,0.144,33,2670,9,191.55,2,0,0.326,0,0
25.85,11,0.276,47,2426,3,61.63,0,0,0.408,0,1
16.9,18,0.568,29,313,2,85.15,1,0,0.214,0,0
241.74,4,0.061,27,3460,2,149.13,0,0,0.473,0,0
453.64,19,0.194,63,378,6,324.48,1,0,0.296,0,0
861.45,23,0.21,27,125,3,113.01,1,0,0.377,0,0
302.04,22,0.273,59,2209,3,241.79,0,1,0.699,0,1
47.81,7,0.441,62,92,6,30.27,1,1,0.344,0,0
1293.43,20,0.291,46,1580,4,121.12,2,0,0.616,0,0
63.4,11,0.132,72,1670,1,147.82,1,0,0.347,0,0
155.55,5,0.183,35,3025,1,114.56,0,1,0.482,0,0
510.88,18,0.575,71,2531,5,106.68,1,0,0.377,0,1
199.33,6,0.19,60,934,5,97.64,3,0,0.167,0,1
382.81,4,0.234,51,1739,3,159.35,0,0,0.28,0,0
45.09,1,0.138,61,3584,4,55.36,0,0,0.634,0,1
179.39,21,0.54,38,3000,2,39.32,1,0,0.267,0,0
521.73,9,0.133,18,2722,6,413.82,2,0,0.466,0,0
1206.94,20,0.246,59,1874,3,282.69,0,0,0.188,0,0
152.74,6,0.312,67,2647,2,159.52,2,1,0.213,0,0
349.9,13,0.09,72,220,2,76.54,2,0,0.308,0,0
84.99,10,0.14,66,1304,3,63.68,2,0,0.566,1,0
284.95,0,0.386,47,1349,7,449.3,0,1,0.305,0,1
175.0,22,0.421,67,3234,4,100.96,2,0,0.61,0,0
40.27,12,0.2,75,3442,8,30.06,1,0,0.512,0,1
100.92,6,0.556,47,3098,3,54.62,2,0,0.341,0,0
57.43,11,0.352,45,1670,3,42.44,1,0,0.482,1,1
51.02,19,0.191,63,1630,1,79.64,0,0,0.568,0,0
138.57,22,0.108,51,597,1,57.53,0,0,0.279,0,0
16.11,12,0.348,64,688,4,273.96,0,0,0.328,0,0
72.32,18,0.409,74,33,8,202.25,2,0,0.156,0,0
445.31,18,0.447,60,927,4,112.61,1,0,0.245,0,0
215.11,16,0.032,26,760,6,103.25,0,0,0.297,0,0
235.16,20,0.47,74,2781,5,270.45,0,0,0.326,0,0
289.7,1,0.204,46,3347,1,18.07,1,1,0.105,1,1
228.59,14,0.318,59,2129,3,122.38,2,0,0.092,0,0
532.54,4,0.277,66,1134,5,68.66,0,0,0.113,0,0
263.8,8,0.162,31,1577,2,33.2,0,1,0.16,0,0
268.57,14,0.597,61,2585,3,142.54,0,0,0.133,1,1
102.59,15,0.145,64,2139,4,805.24,2,0,0.065,0,0
111.5,6,0.15,29,610,6,48.49,0,1,0.286,1,0
43.72,1,0.054,41,2041,3,124.92,0,0,0.361,0,0
36.36,15,0.301,35,1076,5,131.9,1,0,0.413,0,0
91.08,12,0.259,66,1157,7,148.09,2,1,0.221,1,1
132.79,12,0.091,43,2771,3,64.62,1,0,0.306,1,1
667.42,14,0.584,45,2006,8,136.95,1,0,0.292,0,1
51.87,4,0.049,71,2356,2,116.87,0,1,0.06,0,0
382.17,0,0.361,51,196,6,163.32,1,0,0.397,0,0
189.21,22,0.469,19,3581,1,120.43,2,0,0.429,0,1
48.56,15,0.235,72,1549,6,95.63,2,0,0.59,0,0
106.39,12,0.168,40,321,5,228.18,0,0,0.368,0,0
100.63,7,0.356,36,2426,4,97.09,0,0,0.424,0,0
168.7,19,0.251,62,820,4,243.64,0,0,0.265,0,1
21.91,3,0.577,22,896,4,213.0,0,0,0.146,0,0
71.46,20,0.049,50,1951,4,118.39,1,0,0.226,1,0
521.0,12,0.34,72,1481,6,70.19,0,0,0.208,0,0
102.28,20,0.404,64,2031,5,63.19,0,0,0.187,0,0
83.37,23,0.221,28,638,3,152.19,1,0,0.145,0,0
541.85,4,0.197,59,2296,2,320.65,1,0,0.114,0,0
248.25,22,0.147,38,1127,6,129.03,0,0,0.166,0,0
118.81,13,0.219,57,3076,2,65.97,1,1,0.583,0,0
1041.42,13,0.4,30,3373,3,61.35,1,0,0.113,0,0
248.09,7,0.292,58,3146,6,324.39,3,0,0.209,0,0
343.6,14,0.438,22,2090,2,118.38,0,1,0.678,0,1
85.32,5,0.318,55,2168,2,197.54,0,0,0.398,0,1
136.88,6,0.065,30,1383,7,56.35,0,0,0.318,0,0
261.02,5,0.12,74,1657,5,74.62,0,0,0.244,0,0
18.42,14,0.156,64,3042,0,84.35,1,0,0.195,0,0
21.79,11,0.437,58,3311,1,54.73,1,0,0.368,0,0
50.41,1,0.446,30,682,1,148.85,0,1,0.206,0,0
377.07,17,0.235,75,784,3,238.24,0,0,0.338,0,0
82.07,7,0.672,35,37,5,91.57,0,0,0.482,0,0
346.34,22,0.552,61,1110,6,110.76,2,0,0.203,0,1
453.43,16,0.336,53,1215,9,238.01,1,0,0.216,0,1
99.05,7,0.088,50,765,3,67.81,0,0,0.319,1,0
477.13,19,0.317,44,1672,4,68.02,0,0,0.248,1,0
309.48,3,0.321,20,825,3,49.58,0,1,0.441,0,1
210.12,9,0.088,25,999,5,332.25,0,0,0.444,0,0
228.67,12,0.175,36,1149,9,145.97,2,0,0.293,0,0
345.56,23,0.08,33,3415,4,248.23,0,0,0.655,0,0
198.65,6,0.077,34,2314,11,163.13,1,0,0.251,0,0
59.18,17,0.102,39,196,5,463.5,1,0,0.408,0,0
53.94,8,0.249,48,2804,3,159.71,1,0,0.324,0,1
30.09,17,0.479,68,2981,7,218.65,2,0,0.454,0,0
293.52,0,0.019,39,3634,4,259.48,1,0,0.276,0,0
91.67,3,0.066,57,941,4,185.74,0,0,0.07,0,0
92.84,20,0.374,72,1413,6,119.43,2,0,0.182,0,0
44.27,21,0.607,21,2034,3,34.87,0,0,0.131,0,0
294.73,2,0.184,27,1128,5,140.42,0,0,0.358,0,0
401.19,6,0.4,65,1098,6,376.97,0,0,0.453,0,0
222.31,5,0.033,50,387,4,81.14,1,0,0.155,0,0
173.64,6,0.415,34,661,6,74.54,2,1,0.21,0,0
29.74,5,0.127,27,1268,5,62.18,0,1,0.265,0,0
236.6,13,0.651,25,3289,4,229.39,1,0,0.307,0,0
151.23,5,0.255,63,3237,4,281.15,0,0,0.538,0,0
247.96,13,0.115,40,675,8,262.06,0,1,0.348,0,0
163.71,5,0.161,27,1928,3,135.8,1,0,0.474,0,0
42.31,22,0.378,69,56,4,182.43,2,0,0.266,0,0
266.24,21,0.219,25,301,6,317.53,0,0,0.178,0,0
54.48,8,0.49,47,1699,2,158.81,0,0,0.532,0,1
1087.41,18,0.402,37,1300,3,184.25,1,1,0.354,0,0
464.12,7,0.571,75,2301,7,155.17,0,0,0.319,0,0
179.58,6,0.5,59,1585,3,252.19,1,0,0.443,0,0
140.98,22,0.287,61,2602,2,68.85,0,1,0.249,0,0
167.87,8,0.515,56,2965,2,143.14,0,0,0.407,0,1
246.81,15,0.283,59,3486,3,39.41,0,0,0.288,1,1
75.51,22,0.36,39,3158,4,223.83,1,0,0.275,0,0
129.25,0,0.213,39,2874,3,162.5,0,0,0.063,0,0
17.25,11,0.462,19,3567,2,76.33,1,1,0.489,1,1
428.41,9,0.345,21,2658,6,69.86,0,1,0.332,0,0
524.23,21,0.657,47,443,4,57.76,0,0,0.179,0,0
89.83,15,0.054,60,683,6,332.19,0,0,0.345,0,0
51.67,7,0.417,44,1634,2,108.6,0,1,0.234,0,0
1047.5,21,0.429,25,3310,4,239.91,0,0,0.273,0,1
164.0,12,0.084,71,1441,4,232.46,0,0,0.464,0,0
1006.3,7,0.16,25,62,8,167.74,1,0,0.362,0,0
71.41,1,0.115,58,904,3,238.71,1,0,0.266,0,0
92.05,16,0.495,25,2442,4,275.32,0,0,0.112,0,0
1031.66,5,0.453,55,2402,8,160.15,2,0,0.641,0,0
92.05,18,0.468,68,3529,4,68.61,2,0,0.099,0,0
81.13,23,0.106,29,2162,4,166.49,1,0,0.405,0,0
165.76,13,0.073,68,3175,6,220.42,0,0,0.658,0,0
99.18,2,0.076,67,2677,3,47.35,0,0,0.21,0,0
29.51,10,0.453,51,3036,4,186.75,1,0,0.105,0,0
83.04,4,0.122,73,1304,4,115.31,0,1,0.257,0,1
284.69,18,0.136,51,1636,7,128.03,0,1,0.456,1,1
137.77,3,0.157,47,3319,5,234.6,1,0,0.139,0,0
375.34,15,0.327,58,2774,2,118.08,2,1,0.419,0,0
145.14,7,0.444,20,1868,2,121.85,0,1,0.19,0,0
172.84,22,0.266,74,3510,3,325.04,1,1,0.394,1,1
80.81,11,0.432,44,1680,6,82.03,3,0,0.236,0,0
109.58,8,0.413,66,1952,2,37.73,1,0,0.153,0,0
37.62,9,0.296,33,3300,0,140.29,0,0,0.303,1,0
163.64,11,0.385,37,2779,5,43.98,2,0,0.229,0,0
248.62,15,0.255,57,1517,2,134.99,0,0,0.602,0,0
224.25,1,0.365,73,3409,5,101.13,2,0,0.089,0,1
160.98,6,0.311,69,1366,5,91.95,1,0,0.083,0,0
38.15,16,0.471,49,2377,5,153.74,2,1,0.19,0,0
94.77,5,0.448,31,842,2,110.77,0,0,0.223,0,0
488.16,2,0.365,36,483,4,76.51,2,0,0.502,0,1
57.98,7,0.121,22,262,2,135.01,1,0,0.359,0,0
149.94,3,0.411,52,1625,5,199.93,3,0,0.421,0,1
690.93,6,0.311,74,1239,3,63.96,1,0,0.083,0,0
126.2,6,0.624,25,2231,4,43.75,1,0,0.333,0,0
188.44,1,0.372,29,55,2,331.65,0,0,0.459,0,0
482.72,16,0.182,72,2805,1,124.39,0,0,0.301,0,0
1437.55,15,0.223,73,1597,1,149.96,0,0,0.185,0,0
58.37,21,0.397,73,1377,4,527.87,0,0,0.327,0,0
159.07,18,0.54,44,1669,2,242.45,1,0,0.128,1,0
463.85,4,0.338,53,2316,3,120.02,0,0,0.318,0,0
412.15,16,0.366,43,1163,3,38.3,0,0,0.47,0,0
74.5,22,0.224,65,2392,5,215.49,1,0,0.266,0,0
48.42,6,0.086,27,3577,1,112.35,0,1,0.674,0,0
980.13,20,0.025,74,3485,5,138.3,1,0,0.079,0,0
18.35,21,0.14,74,3534,2,274.99,0,0,0.802,0,0
100.99,13,0.127,66,1166,5,428.62,1,0,0.621,0,0
133.83,1,0.287,54,2602,5,143.26,1,0,0.515,0,1
29.91,0,0.32,35,2438,3,292.29,0,0,0.383,0,0
599.25,17,0.351,47,1364,6,258.15,1,1,0.233,0,0
140.36,17,0.428,56,1080,3,310.01,0,0,0.065,1,0
175.57,18,0.18,24,952,5,222.93,1,0,0.319,0,0
146.63,18,0.116,21,1857,5,394.61,2,1,0.605,0,0
77.5,6,0.185,59,3484,3,78.26,0,0,0.339,0,0
1485.7,21,0.147,61,284,4,316.2,0,0,0.207,0,0
29.15,2,0.323,69,549,2,246.65,1,0,0.063,0,0
110.86,9,0.397,31,976,1,124.83,1,0,0.664,0,0
161.61,11,0.375,33,3016,4,86.35,1,0,0.149,0,0
178.28,0,0.111,20,1582,2,55.94,0,0,0.245,0,0
113.17,17,0.058,39,3017,5,215.39,0,0,0.181,0,0
99.49,15,0.266,49,985,7,141.69,1,0,0.414,0,0
282.93,21,0.044,25,3033,1,204.3,0,0,0.339,0,0
52.14,0,0.133,24,3639,3,152.06,3,0,0.41,0,0
72.35,22,0.426,49,325,5,182.61,0,0,0.284,1,0
185.92,1,0.321,56,625,11,204.02,1,0,0.67,1,1
60.41,12,0.196,36,360,6,63.73,2,0,0.265,0,0
110.24,15,0.277,60,1050,4,229.58,1,0,0.696,0,0
56.01,19,0.324,65,1131,3,113.94,0,0,0.378,0,0
79.4,8,0.293,20,3638,3,142.44,0,0,0.181,0,0
159.42,4,0.339,74,643,5,141.13,0,0,0.093,0,0
314.63,15,0.269,18,2469,7,270.38,0,1,0.324,0,0
117.22,12,0.35,45,814,3,173.96,1,0,0.229,0,0
121.89,10,0.511,57,202,5,159.55,3,0,0.311,0,0
634.77,8,0.242,64,754,2,122.68,0,0,0.447,0,0
1184.11,21,0.364,31,2164,0,35.52,0,1,0.23,0,0
512.65,18,0.318,49,778,5,201.6,0,0,0.276,0,0
49.64,2,0.217,21,1083,4,108.64,1,0,0.202,1,1
138.44,23,0.289,38,3591,5,52.52,0,1,0.317,0,0
161.07,6,0.501,59,2908,4,35.43,0,0,0.144,0,0
363.23,3,0.19,37,313,3,305.19,0,0,0.33,0,0
182.67,15,0.099,51,1462,5,27.77,1,0,0.221,1,0
194.72,7,0.46,45,510,6,195.0,1,0,0.34,0,0
757.21,5,0.213,41,962,8,108.97,1,0,0.596,1,1
75.9,21,0.49,73,1337,4,165.76,2,0,0.172,0,0
534.29,20,0.323,61,1656,5,29.61,3,0,0.135,0,0
56.17,8,0.096,65,2051,1,200.4,0,0,0.399,0,0
1003.67,4,0.371,27,3245,5,118.36,0,0,0.388,0,0
266.64,5,0.187,69,925,4,122.99,1,0,0.142,0,0
261.08,18,0.254,75,2943,4,223.48,3,0,0.177,0,0
49.79,17,0.156,54,622,4,71.56,3,0,0.796,0,0
170.87,7,0.37,53,2357,2,161.68,2,0,0.307,0,1
560.14,12,0.267,18,3146,4,37.05,2,0,0.339,0,1
496.02,18,0.221,44,2334,5,111.84,0,1,0.717,0,0
29.47,0,0.61,69,1205,4,59.78,0,1,0.613,0,0
88.39,0,0.225,37,2094,6,94.89,0,0,0.406,0,0
286.73,11,0.667,22,3163,7,163.36,0,1,0.267,0,1
428.35,18,0.228,57,2732,5,37.34,2,0,0.121,0,0
642.68,0,0.468,49,2226,2,61.85,1,0,0.105,1,1
25.13,1,0.342,46,1811,7,57.92,0,0,0.216,0,0
63.53,21,0.518,47,135,3,99.53,2,0,0.515,0,0
333.26,21,0.535,45,2309,6,138.44,1,1,0.549,0,1
13.14,17,0.201,38,2104,5,151.44,1,0,0.219,0,0
225.79,18,0.119,39,1166,4,85.58,0,0,0.489,0,0
29.04,18,0.131,75,3221,2,53.87,0,1,0.364,0,1
77.28,13,0.225,75,328,5,221.38,0,0,0.513,0,0
449.03,1,0.582,26,916,3,184.18,0,0,0.084,0,0
227.11,0,0.24,49,2357,4,32.52,2,0,0.689,0,0
85.97,17,0.467,19,1860,1,94.42,3,1,0.318,0,0
112.22,17,0.213,33,2452,2,97.33,0,1,0.404,0,0
371.05,14,0.385,63,106,3,456.4,2,0,0.58,0,0
239.81,13,0.398,74,3326,6,96.12,1,1,0.295,0,0
184.34,6,0.158,56,3256,3,233.67,1,0,0.425,0,0
266.11,15,0.155,41,574,0,70.95,0,0,0.206,0,0
16.59,17,0.501,27,2551,4,89.55,2,0,0.41,0,0
488.68,15,0.216,56,1602,2,210.04,3,1,0.344,0,0
183.0,21,0.665,36,2278,6,57.63,1,0,0.525,0,0
186.62,8,0.401,49,1074,5,173.86,0,0,0.657,0,0
433.52,23,0.449,24,1958,2,98.88,1,0,0.6,1,0
315.89,12,0.271,50,116,3,125.62,1,0,0.404,0,0
94.29,21,0.568,58,2727,8,148.0,1,0,0.147,0,0
396.51,9,0.353,63,594,2,202.98,1,0,0.517,0,1
2001.56,9,0.291,25,2013,0,116.8,2,1,0.281,0,0
49.29,23,0.079,38,2639,3,28.31,0,0,0.418,0,0
54.99,7,0.123,57,2655,1,154.29,0,0,0.516,1,1
2833.01,2,0.333,39,247,7,44.43,1,1,0.313,0,1
57.29,8,0.128,29,470,3,224.75,0,0,0.058,0,0
45.57,5,0.278,53,50,6,321.96,0,0,0.474,1,1
132.13,17,0.547,33,3295,2,71.7,0,0,0.442,0,0
111.6,9,0.183,54,2675,2,107.17,2,0,0.218,0,0
38.1,16,0.382,35,3258,3,46.52,1,1,0.128,0,0
183.6,4,0.051,23,786,4,120.89,1,0,0.546,0,0
114.73,16,0.065,28,836,5,48.13,2,0,0.531,1,0
515.26,11,0.207,29,2344,7,29.47,0,0,0.331,0,1
456.85,14,0.339,61,1733,3,111.44,1,0,0.358,0,0
74.3,17,0.305,23,637,1,82.7,0,0,0.569,0,0
153.66,8,0.394,46,1371,5,345.61,0,0,0.562,0,0
86.94,14,0.042,33,2933,7,66.87,1,0,0.368,0,0
447.33,17,0.168,72,1612,4,74.37,2,0,0.201,0,1
182.43,15,0.127,41,2873,3,288.67,2,0,0.174,0,0
116.71,9,0.355,66,1418,6,144.57,0,0,0.294,0,1
36.29,12,0.014,55,985,3,285.28,2,0,0.277,0,0
116.43,22,0.117,44,2287,3,78.72,1,0,0.363,0,0
37.87,22,0.222,26,2530,3,55.57,1,0,0.543,0,0
97.44,6,0.518,41,890,5,152.84,0,0,0.631,1,0
30.94,11,0.138,52,2823,3,77.51,0,0,0.345,0,0
582.24,17,0.016,71,845,3,142.44,0,0,0.213,0,0
118.42,6,0.151,48,2705,5,120.53,1,0,0.413,0,0
93.15,5,0.386,48,2068,2,231.62,2,0,0.241,0,0
940.78,15,0.293,67,1072,2,52.74,0,1,0.188,0,0
67.78,18,0.204,50,2155,6,46.67,0,0,0.249,0,0
178.86,15,0.486,49,454,6,223.04,3,1,0.491,0,1
1143.76,8,0.256,59,3471,3,68.7,0,1,0.521,0,0
206.25,13,0.605,35,3180,10,68.53,3,0,0.333,0,1
294.81,2,0.091,48,2058,5,230.41,0,0,0.35,0,0
741.58,5,0.133,61,3016,5,177.52,0,0,0.365,0,0
37.11,17,0.469,39,675,7,159.36,0,1,0.225,0,0
36.1,11,0.131,41,1460,2,78.81,1,0,0.259,0,0
181.9,5,0.278,53,1827,7,195.74,0,1,0.697,0,1
245.49,14,0.148,73,941,5,81.29,1,0,0.125,0,0
51.6,16,0.322,65,225,3,179.52,2,0,0.242,0,0
1267.94,20,0.282,33,1185,4,139.14,1,0,0.732,0,0
81.43,6,0.072,28,2543,2,62.77,0,0,0.549,1,0
118.99,2,0.172,58,1314,5,158.72,0,0,0.565,0,0
85.58,18,0.509,20,36,3,56.06,3,1,0.601,0,1
43.64,5,0.187,55,1382,7,54.54,2,0,0.279,0,1
209.3,2,0.385,39,2030,2,150.41,2,0,0.349,0,0
793.49,11,0.212,30,1043,5,281.98,2,0,0.501,0,0
196.88,8,0.082,22,1943,3,177.16,1,1,0.517,0,1
75.04,17,0.145,22,1653,4,149.87,1,0,0.175,0,0
290.48,15,0.174,30,2331,6,101.26,1,0,0.379,0,0
66.36,2,0.104,35,2763,4,42.68,0,0,0.376,0,0
190.23,18,0.295,58,2254,4,190.26,0,0,0.497,0,0
174.25,17,0.385,58,2382,8,70.64,1,0,0.525,0,1
130.91,9,0.06,27,3385,2,89.23,0,0,0.235,0,0
118.54,23,0.109,67,2826,10,198.57,0,0,0.257,0,0
280.11,18,0.291,31,673,7,397.32,0,1,0.29,0,0
36.32,14,0.127,63,1182,3,113.53,0,1,0.582,0,1
48.3,16,0.092,73,2803,6,167.81,0,0,0.22,0,0
206.34,21,0.264,56,570,4,211.09,0,0,0.488,0,0
57.98,23,0.345,26,2216,4,56.34,1,0,0.162,0,0
56.25,7,0.083,57,1079,7,186.25,0,0,0.46,0,0
195.85,6,0.321,27,2980,7,42.21,1,0,0.758,0,0
64.27,22,0.102,69,2745,4,91.56,1,0,0.159,0,0
64.89,13,0.271,63,36,5,138.43,1,1,0.302,0,0
193.52,22,0.2,58,3450,3,54.41,1,0,0.331,0,0
662.96,17,0.384,56,2030,3,127.66,2,0,0.297,0,0
54.93,22,0.402,48,3157,1,58.8,0,0,0.733,0,0
266.85,5,0.704,28,2642,10,331.57,1,0,0.752,0,1
81.82,7,0.039,18,772,2,10.24,0,0,0.321,1,1
319.28,2,0.55,48,2454,2,107.07,0,0,0.468,0,0
68.72,23,0.184,73,3193,4,71.68,0,0,0.367,0,0
247.91,1,0.276,74,3222,5,191.08,0,1,0.396,0,1
212.09,6,0.2,73,139,5,210.31,1,0,0.311,0,0
200.7,23,0.068,48,2000,3,124.67,1,0,0.203,0,1
68.78,14,0.204,28,1498,4,86.11,2,1,0.252,0,0
340.47,18,0.592,64,148,1,88.29,1,0,0.655,0,1
341.98,11,0.257,20,3294,4,156.54,1,1,0.438,0,1
113.11,14,0.588,52,1937,1,134.89,0,1,0.326,0,0
304.35,15,0.257,38,493,5,38.41,2,0,0.625,0,0
171.72,5,0.17,35,1148,7,301.12,1,1,0.274,0,0
336.56,8,0.053,33,403,2,165.48,0,0,0.331,0,0
167.93,6,0.096,58,3185,4,66.72,2,0,0.244,0,0
583.26,5,0.172,30,1782,3,71.34,1,0,0.159,0,0
140.74,6,0.246,18,2104,2,67.53,0,1,0.813,0,0
85.6,8,0.031,64,644,2,129.96,1,0,0.558,0,0
202.57,8,0.511,50,2515,1,58.56,1,1,0.21,0,0
60.56,23,0.182,49,2608,5,132.56,1,0,0.205,0,0
91.14,13,0.075,61,1134,6,420.77,0,0,0.144,0,0
268.12,14,0.331,74,384,5,167.83,0,0,0.211,0,0
104.64,20,0.298,33,313,10,76.33,1,0,0.351,0,1
223.55,1,0.175,75,1683,5,245.63,0,0,0.349,0,0
120.38,7,0.397,50,3155,3,55.33,2,0,0.166,0,0
80.77,6,0.157,40,829,3,75.54,2,1,0.049,0,0
54.46,16,0.272,23,3522,6,114.21,1,0,0.09,0,0
204.34,17,0.287,60,1845,1,16.72,1,0,0.057,0,0
206.85,0,0.172,19,2453,6,127.27,0,0,0.602,1,1
344.03,14,0.068,67,363,4,309.7,1,0,0.816,0,0
79.49,17,0.41,67,2295,9,105.04,0,0,0.142,0,0
777.6,2,0.432,34,696,6,284.41,1,1,0.172,0,0
384.31,2,0.289,53,2775,2,224.68,0,1,0.34,1,1
223.59,9,0.25,31,3296,4,141.16,1,0,0.273,1,1
293.35,10,0.341,18,442,5,92.72,0,0,0.231,0,0
234.46,21,0.192,27,3542,3,334.22,1,0,0.442,0,0
72.12,18,0.461,47,2997,3,320.22,3,0,0.171,0,0
34.21,21,0.543,58,1899,4,114.54,1,0,0.337,0,0
379.14,4,0.125,67,1561,7,135.18,2,0,0.133,1,1
141.37,0,0.182,51,2944,8,208.95,1,0,0.346,0,1
71.14,18,0.358,53,2955,9,442.8,0,0,0.096,0,0
218.83,18,0.332,72,3327,4,87.66,0,1,0.162,0,0
39.2,4,0.229,55,1050,3,73.81,0,0,0.278,0,0
125.92,14,0.725,51,649,5,380.66,1,0,0.388,0,1
51.2,4,0.145,32,1422,4,256.54,0,0,0.628,1,0
165.25,14,0.303,64,504,3,33.06,1,0,0.181,0,0
128.02,21,0.411,61,280,3,207.28,2,0,0.546,0,0
146.28,14,0.028,51,2398,4,211.91,2,0,0.369,0,0
61.11,15,0.152,32,1026,4,58.55,2,0,0.315,0,0
7.99,10,0.623,43,452,4,162.03,0,0,0.675,0,0
11.54,13,0.417,23,1136,4,343.05,1,0,0.289,0,0
15.95,16,0.113,63,924,4,254.9,0,0,0.406,1,0
244.26,5,0.078,69,2486,2,363.92,2,0,0.682,0,0
59.04,14,0.21,64,2202,5,137.08,0,0,0.263,0,1
415.47,10,0.454,38,1479,4,53.31,0,0,0.286,0,1
91.17,15,0.679,54,1833,5,111.96,1,0,0.254,0,0
220.39,21,0.491,55,880,1,497.99,1,0,0.155,0,0
111.82,14,0.366,73,781,5,145.12,0,0,0.34,0,0
43.48,0,0.25,64,1815,4,84.97,1,0,0.217,0,0
404.09,17,0.209,68,2931,1,57.55,2,0,0.295,0,0
344.0,7,0.344,30,2115,5,32.17,1,0,0.067,0,0
425.45,23,0.597,63,358,3,151.2,0,0,0.229,0,0
492.88,9,0.351,50,2973,9,104.53,1,0,0.331,0,0
131.58,16,0.609,70,3006,1,56.69,1,0,0.265,0,0
160.48,11,0.307,20,3485,1,118.25,0,1,0.443,0,0
182.89,3,0.124,65,1459,6,246.57,0,0,0.52,0,0
245.68,1,0.471,67,3068,4,29.07,1,0,0.185,0,0
718.71,12,0.483,40,1019,6,262.45,1,0,0.103,1,0
73.83,5,0.285,28,1838,2,69.34,1,0,0.459,0,1
580.65,22,0.056,40,2180,5,75.38,1,0,0.35,0,1
499.25,7,0.119,28,366,4,103.32,1,0,0.462,0,0
631.75,11,0.18,63,3397,5,78.88,1,1,0.15,0,0
20.91,23,0.3,37,1448,2,208.57,0,0,0.166,0,0
94.99,8,0.3,26,3367,3,170.49,0,0,0.421,0,0
22.65,1,0.509,73,3404,5,291.13,3,0,0.161,0,1
141.5,12,0.079,27,2090,3,39.97,1,0,0.153,0,0
746.04,20,0.636,57,2203,4,140.97,0,0,0.494,0,1
425.81,21,0.318,48,799,3,238.62,0,0,0.303,0,0
684.35,14,0.422,21,435,4,111.51,3,0,0.313,0,0
727.66,19,0.057,39,3027,1,52.06,0,0,0.35,0,0
145.28,22,0.154,22,2334,1,219.96,0,0,0.776,0,0
180.7,16,0.037,67,205,1,95.03,2,0,0.389,0,0
35.93,6,0.304,47,1857,4,101.29,1,0,0.497,0,0
60.93,15,0.374,68,1137,3,203.43,0,1,0.117,0,1
69.84,21,0.499,53,1607,1,134.12,0,0,0.296,0,0
11.12,23,0.695,61,1067,3,283.34,0,0,0.228,0,0
104.38,11,0.056,45,2018,2,162.62,2,0,0.156,0,0
117.22,11,0.096,63,1177,3,67.41,0,0,0.206,0,0
62.29,16,0.502,21,3329,1,44.38,0,0,0.16,1,1
37.83,18,0.341,62,3231,2,289.97,2,1,0.171,0,0
106.76,8,0.586,53,766,3,220.12,1,0,0.316,0,0
264.37,14,0.246,74,2841,4,242.16,1,0,0.711,0,1
107.96,8,0.43,59,3002,1,191.04,2,0,0.092,0,1
152.05,2,0.193,23,853,6,540.67,3,0,0.27,0,0
218.89,17,0.453,20,3640,8,208.77,0,0,0.43,0,0
292.34,5,0.487,35,1997,5,342.08,0,0,0.481,0,1
133.49,13,0.34,62,1139,2,239.08,0,0,0.336,0,0
465.8,14,0.611,56,823,1,78.19,0,1,0.58,1,1
13.57,4,0.14,55,2801,4,340.66,1,0,0.155,0,0
80.92,17,0.308,19,1145,6,84.15,0,0,0.045,0,0
332.66,8,0.24,66,2718,3,174.35,1,0,0.274,0,0
431.24,12,0.328,32,267,3,33.3,3,0,0.103,0,0
64.44,7,0.371,46,213,7,17.93,1,0,0.184,0,0
177.27,13,0.328,61,128,4,49.72,0,0,0.507,1,0
286.16,10,0.225,28,2448,1,262.13,0,0,0.283,0,0
283.64,23,0.396,50,235,2,157.61,0,0,0.545,0,0
50.85,6,0.346,36,159,3,110.4,3,0,0.368,0,0
28.31,16,0.162,51,1533,3,150.82,0,1,0.436,0,0
271.29,1,0.132,47,2954,2,200.14,0,0,0.164,0,0
87.27,16,0.237,25,1215,2,170.69,0,0,0.141,1,0
209.0,20,0.37,64,3533,0,342.38,1,0,0.469,0,0
69.18,12,0.44,33,3065,5,74.78,2,0,0.279,0,0
223.2,5,0.563,24,271,5,164.12,1,0,0.128,0,0
275.66,22,0.243,48,3484,4,378.27,1,0,0.296,0,0
80.5,1,0.066,61,2779,1,167.71,0,0,0.475,0,0
244.9,4,0.566,47,1580,8,66.67,0,1,0.584,0,1
142.81,11,0.077,34,3587,7,392.04,1,0,0.194,0,0
212.08,10,0.102,25,2473,6,127.39,1,0,0.025,0,0
81.27,12,0.147,75,1535,2,37.01,1,0,0.109,0,0
106.15,10,0.22,34,3315,3,160.32,1,1,0.393,0,0
87.83,9,0.391,35,2587,1,188.03,0,0,0.651,0,0
8.69,19,0.107,39,579,3,60.98,0,0,0.508,0,0
273.6,7,0.203,39,1591,5,57.39,1,0,0.514,0,1
107.87,4,0.16,61,834,6,592.57,1,1,0.752,0,0
1382.02,7,0.187,49,537,2,403.54,1,0,0.324,0,0
272.25,3,0.281,37,3309,5,541.3,0,0,0.713,0,0
219.12,0,0.402,52,3250,3,196.24,1,0,0.04,0,0
178.37,14,0.468,58,1534,6,140.78,1,0,0.311,0,0
350.58,14,0.225,46,1357,3,32.32,2,0,0.119,0,0
896.7,6,0.123,27,3342,5,34.36,1,0,0.293,0,0
95.06,0,0.722,60,3458,3,89.36,1,1,0.332,0,1
238.27,5,0.105,71,833,6,176.06,0,0,0.386,0,0
393.59,12,0.363,54,2117,5,152.56,1,1,0.76,0,1
262.37,21,0.138,20,2179,3,144.71,0,1,0.543,0,1
69.87,14,0.12,41,1057,4,63.47,1,0,0.045,0,0
386.98,19,0.191,36,127,3,69.6,0,0,0.399,0,0
38.86,8,0.315,39,3376,6,230.77,2,0,0.317,0,0
293.5,11,0.261,53,798,8,194.45,0,0,0.158,1,0
248.05,8,0.218,63,825,4,174.96,0,0,0.159,0,0
753.46,19,0.13,59,3179,3,102.91,0,1,0.396,0,1
13.97,2,0.125,57,334,1,39.69,1,0,0.335,0,0
84.57,9,0.445,23,2302,3,78.8,1,1,0.083,0,1
47.58,0,0.331,29,385,5,105.31,3,0,0.167,0,0
111.81,3,0.155,20,1289,7,63.67,0,0,0.071,0,0
153.57,12,0.245,25,627,4,105.43,1,0,0.291,0,0
49.85,5,0.102,60,3541,3,29.3,0,0,0.258,1,0
228.16,15,0.224,24,1385,3,107.7,0,0,0.181,0,0
93.37,5,0.283,18,2465,3,40.31,1,0,0.123,0,0
165.9,4,0.339,50,1806,4,44.46,1,1,0.147,0,1
20.58,12,0.254,38,1341,4,62.22,1,0,0.376,0,0
30.66,20,0.301,24,3580,4,363.56,1,1,0.612,0,0
63.4,15,0.243,30,3352,4,166.04,2,0,0.654,0,1
185.33,15,0.138,68,1686,2,135.12,0,1,0.348,0,0
402.47,2,0.032,23,2612,5,72.39,0,0,0.331,0,0
18.5,9,0.304,44,1216,3,239.66,1,0,0.335,0,0
90.24,12,0.475,30,874,4,341.73,2,0,0.149,0,0
106.85,8,0.257,23,57,3,39.17,1,1,0.229,0,0
45.63,0,0.47,19,2868,6,77.17,0,0,0.076,0,0
122.03,15,0.24,53,450,4,213.94,0,1,0.305,1,0
44.2,21,0.047,66,1381,0,348.67,1,0,0.098,0,0
45.69,5,0.112,18,1163,6,433.64,0,0,0.552,0,0
301.57,10,0.086,32,988,1,124.14,3,0,0.528,0,0
128.12,10,0.375,66,3189,5,156.07,1,1,0.661,0,0
94.8,22,0.268,48,1238,5,199.85,0,0,0.183,0,0
132.35,10,0.343,72,3600,6,51.79,3,0,0.141,0,0
180.78,13,0.25,23,2188,2,63.17,0,1,0.35,0,0
1898.86,12,0.573,47,3412,5,390.86,1,0,0.396,0,0
192.05,5,0.669,20,2362,6,223.94,1,0,0.619,0,1
31.29,13,0.592,19,3012,7,53.54,0,0,0.474,0,0
19.31,3,0.267,30,2072,4,85.16,0,0,0.146,0,0
82.32,23,0.289,35,179,6,72.03,2,0,0.125,0,1
143.12,12,0.204,19,1229,3,308.99,1,1,0.364,0,0
324.35,22,0.475,69,796,8,83.78,2,0,0.411,0,0
87.12,15,0.323,54,2437,7,109.73,1,1,0.315,1,1
246.03,12,0.088,45,2897,2,337.88,1,0,0.343,0,0
392.72,9,0.431,28,268,3,366.24,0,0,0.321,1,0
1702.33,22,0.267,23,3031,6,182.14,0,0,0.505,0,0
483.3,9,0.627,34,3569,4,80.37,0,0,0.172,0,0
338.69,14,0.112,39,2901,2,54.0,0,0,0.163,0,0
223.58,23,0.464,18,3359,5,128.39,1,0,0.126,0,0
199.39,4,0.34,18,1070,5,75.66,0,0,0.35,1,1
84.46,3,0.017,34,267,5,108.87,2,1,0.636,0,1
121.96,4,0.282,47,2782,4,51.18,1,1,0.16,0,0
218.41,11,0.349,43,1216,3,19.51,0,0,0.384,0,0
1082.77,0,0.155,68,3448,3,68.54,0,0,0.169,0,0
42.62,10,0.116,24,960,4,255.08,2,0,0.073,0,0
32.1,3,0.492,49,2401,3,166.61,2,0,0.334,0,0
254.36,9,0.295,58,1271,6,327.34,1,1,0.617,0,0
808.4,15,0.124,25,3045,2,31.91,1,0,0.138,0,1
61.76,7,0.526,72,500,8,158.21,0,0,0.218,0,1
35.31,1,0.288,25,1991,8,157.7,0,0,0.079,0,0
205.64,22,0.467,51,3476,7,104.59,1,0,0.272,0,0
69.73,20,0.156,30,1625,3,127.77,1,0,0.193,0,0
44.69,0,0.285,72,2711,6,254.13,1,0,0.372,0,0
108.82,0,0.269,33,1291,2,160.91,0,1,0.175,0,1
264.16,23,0.435,40,2120,6,172.31,0,0,0.119,0,0
238.97,18,0.155,28,385,1,113.29,1,0,0.333,0,0
234.34,13,0.077,73,3491,4,46.88,0,0,0.113,0,0
101.21,3,0.323,25,1545,3,231.8,0,0,0.413,0,0
180.65,21,0.209,67,1616,6,70.89,1,0,0.277,1,0
244.9,17,0.056,36,3234,2,158.05,0,0,0.334,0,0
24.51,11,0.265,74,1528,1,165.15,1,0,0.452,0,0
761.33,20,0.071,44,2911,3,93.6,0,0,0.249,0,0
288.57,16,0.572,60,705,6,106.03,0,0,0.442,0,1
111.02,13,0.168,54,3648,3,147.24,2,0,0.254,1,0
351.5,1,0.478,70,3246,4,150.95,1,0,0.516,0,1
24.46,8,0.331,46,2264,4,27.08,0,0,0.112,0,0
62.91,4,0.328,64,1883,2,146.64,1,0,0.21,0,0
42.06,2,0.14,41,904,3,124.24,1,1,0.469,0,0
311.9,4,0.087,37,3270,3,38.68,2,0,0.365,0,0
66.89,23,0.093,75,1632,4,116.06,0,1,0.759,0,1
2613.39,6,0.147,75,1844,5,143.12,0,0,0.71,0,0
784.84,21,0.132,58,3483,4,541.74,0,0,0.563,0,0
119.38,0,0.228,25,1510,2,37.41,0,0,0.363,0,0
127.7,9,0.462,43,1977,6,114.54,0,0,0.343,0,0
93.08,20,0.247,57,2097,2,143.65,0,0,0.335,0,0
226.31,21,0.06,27,840,3,528.36,1,1,0.304,0,0
151.6,16,0.16,62,273,1,104.94,1,0,0.419,0,0
540.64,10,0.283,23,430,3,83.0,0,0,0.266,0,0
84.58,15,0.06,30,2348,6,270.42,0,0,0.242,0,0
50.86,14,0.118,71,420,3,112.28,1,0,0.531,0,0
121.94,17,0.294,73,2278,6,194.67,1,0,0.38,1,1
94.2,22,0.118,67,657,2,213.67,0,0,0.082,0,0
434.25,0,0.086,53,134,3,367.77,2,0,0.266,0,0
153.61,12,0.171,18,3082,6,121.21,1,0,0.611,0,0
37.64,23,0.319,65,2454,6,158.0,0,1,0.122,0,0
59.26,14,0.331,44,3076,2,73.49,2,0,0.144,0,0
1680.28,5,0.146,69,2741,3,66.89,1,0,0.258,0,0
207.71,3,0.446,22,698,3,124.24,0,0,0.705,0,1
39.32,11,0.201,60,1577,9,311.8,1,1,0.137,0,0
221.79,7,0.127,59,681,5,162.45,1,0,0.614,0,0
68.11,14,0.097,47,1593,2,188.89,1,0,0.225,1,0
50.86,16,0.447,35,911,4,270.5,0,0,0.088,0,0
55.57,11,0.462,47,1217,2,248.4,1,1,0.395,0,0
198.09,13,0.247,45,1879,6,41.94,0,1,0.196,1,0
30.17,6,0.142,64,3564,4,114.24,2,0,0.346,0,0
49.16,9,0.59,51,2488,5,188.3,0,0,0.25,0,0
24.02,6,0.505,34,1929,2,178.91,2,0,0.287,0,0
486.4,22,0.302,48,1407,6,69.7,0,0,0.291,0,0
308.2,5,0.711,75,2938,4,281.76,1,0,0.492,0,1
43.27,3,0.235,34,3569,7,180.95,1,0,0.691,1,0
118.78,5,0.261,62,1108,5,164.93,0,0,0.788,0,1
297.44,9,0.104,51,1236,1,76.59,0,0,0.71,0,0
371.79,7,0.091,38,1938,2,137.93,2,0,0.024,0,0
91.95,16,0.437,26,801,4,126.77,2,0,0.293,0,0
120.49,2,0.37,31,1346,7,138.88,1,0,0.321,0,0
1712.57,8,0.337,52,1302,2,187.71,1,1,0.487,0,1
194.0,15,0.599,36,1604,5,443.08,1,0,0.486,0,0
788.32,23,0.268,58,1109,7,219.29,2,0,0.492,0,0
81.5,9,0.371,40,2791,5,44.75,0,0,0.59,0,0
82.56,12,0.095,30,3066,5,616.25,0,0,0.23,0,0
230.45,19,0.073,59,2819,1,84.11,1,1,0.076,0,0
39.39,13,0.19,55,2954,0,46.96,1,0,0.176,0,0
92.22,12,0.206,64,3558,7,542.52,0,0,0.5,1,0
88.39,16,0.461,50,1278,7,359.71,0,0,0.676,0,0
119.34,20,0.378,50,698,3,174.42,0,0,0.186,0,0
297.72,0,0.242,39,3445,3,87.63,1,0,0.474,0,0
151.17,3,0.229,45,3032,5,292.88,1,0,0.147,0,0
720.23,9,0.43,75,3193,5,132.79,0,0,0.196,0,0
265.63,22,0.428,71,1513,6,106.46,0,1,0.238,0,0
354.51,15,0.059,19,682,2,137.49,2,0,0.388,0,0
353.95,22,0.527,61,2015,6,355.52,0,0,0.197,0,0
67.81,21,0.099,70,2334,2,46.37,0,0,0.198,0,0
431.98,11,0.182,30,631,4,166.3,1,0,0.609,0,0
156.92,8,0.36,51,3319,4,111.29,1,0,0.13,0,0
393.52,21,0.25,47,2944,4,327.13,1,0,0.537,0,0
60.44,11,0.285,59,2631,2,182.11,1,0,0.251,0,0
35.42,3,0.257,31,123,3,138.44,1,0,0.487,0,0
282.74,2,0.549,22,2653,9,124.3,1,0,0.546,0,0
418.25,5,0.336,65,2567,5,281.93,1,0,0.185,0,0
72.3,7,0.331,41,653,5,181.25,0,0,0.357,1,0
30.13,9,0.141,69,469,3,542.57,1,0,0.429,0,0
183.28,8,0.587,70,378,2,29.4,3,0,0.319,0,0
422.88,22,0.222,36,1307,6,217.24,1,0,0.136,0,0
68.4,22,0.191,64,3399,1,92.59,1,0,0.541,0,0
55.72,8,0.354,54,3181,4,99.57,1,0,0.548,0,0
93.63,0,0.662,49,677,6,46.31,1,0,0.195,0,1
70.3,1,0.134,29,3286,7,161.11,0,1,0.543,0,1
310.81,4,0.21,27,2353,3,258.05,0,0,0.073,0,0
55.15,20,0.156,47,703,5,53.06,0,0,0.402,0,0
243.93,16,0.245,37,736,5,238.18,0,0,0.182,0,0
197.7,21,0.076,62,2505,3,359.66,1,0,0.244,0,0
354.27,13,0.059,47,2721,3,110.4,0,0,0.282,0,0
115.01,21,0.036,53,2037,4,241.83,0,0,0.297,0,0
38.49,21,0.173,68,2867,0,139.03,1,0,0.36,0,0
224.48,0,0.525,55,2285,5,84.38,3,0,0.348,0,0
314.16,21,0.093,50,2127,6,348.98,0,0,0.346,0,0
470.55,2,0.453,47,1551,1,175.77,0,1,0.499,1,0
477.99,22,0.438,38,141,2,51.15,2,0,0.078,0,0
162.13,4,0.093,74,2883,3,253.24,0,1,0.37,0,1
9.94,0,0.522,36,2457,3,67.57,2,0,0.354,0,1
69.49,5,0.149,71,754,6,86.23,1,0,0.624,0,1
269.21,20,0.154,52,663,1,75.71,0,0,0.209,0,0
151.61,1,0.21,56,2760,6,102.85,1,0,0.246,1,1
224.29,4,0.25,26,761,5,71.7,2,0,0.187,0,0
317.02,5,0.326,51,1844,2,355.66,1,0,0.174,0,0
202.83,5,0.123,75,3512,8,354.87,3,0,0.636,0,0
148.87,9,0.171,20,1099,3,55.08,1,1,0.308,0,0
93.16,10,0.359,43,1540,4,85.26,4,0,0.052,1,1
503.22,21,0.401,71,3589,5,123.25,1,0,0.507,0,0
90.29,7,0.303,41,2628,7,170.04,0,0,0.334,0,0
39.14,17,0.168,52,936,5,160.96,2,1,0.407,0,0
63.8,4,0.189,27,1210,2,41.46,2,0,0.263,0,0
258.93,3,0.044,68,1721,0,84.92,0,0,0.239,0,0
223.32,6,0.287,37,2279,5,218.36,1,0,0.097,0,0
190.85,9,0.179,48,296,3,111.07,1,1,0.286,0,0
66.26,10,0.088,29,1172,5,72.27,1,1,0.465,0,0
234.57,4,0.397,50,3034,7,71.79,0,0,0.505,0,0
34.86,6,0.526,18,801,4,178.38,0,0,0.153,1,0
316.69,4,0.124,40,652,2,142.19,0,0,0.227,0,0
97.45,23,0.257,64,1683,3,181.75,1,0,0.444,0,0
143.19,11,0.232,55,1150,3,133.6,0,0,0.316,0,0
539.02,22,0.358,62,3351,2,153.53,1,0,0.26,0,0
65.64,13,0.103,31,362,4,90.19,0,1,0.147,0,0
176.72,8,0.255,61,650,6,121.24,0,1,0.282,0,0
444.66,14,0.058,67,2698,5,121.66,0,0,0.271,0,0
366.51,1,0.146,58,383,1,80.13,0,1,0.29,0,0
293.9,3,0.203,56,2667,5,243.74,0,1,0.426,0,1
32.23,5,0.313,33,137,4,71.29,2,0,0.412,0,1
204.08,14,0.385,41,276,7,93.71,0,0,0.425,0,0
67.4,7,0.227,30,2041,3,426.83,0,0,0.28,0,0
386.76,4,0.091,63,2796,2,117.03,1,0,0.413,0,0
227.08,19,0.374,58,347,7,53.68,0,0,0.315,0,0
91.91,4,0.075,50,3170,3,115.13,0,0,0.599,0,0
101.58,22,0.024,60,2453,4,40.94,0,0,0.299,0,1
43.8,19,0.08,70,358,3,225.12,0,0,0.422,0,0
799.45,12,0.262,56,2865,2,140.95,2,0,0.526,0,0
72.53,1,0.243,68,1042,4,157.36,1,0,0.432,0,0
278.53,7,0.13,65,3239,6,122.87,0,0,0.096,0,0
1656.75,5,0.288,53,1889,3,219.75,0,0,0.531,0,0
102.29,11,0.502,41,2894,5,228.37,1,1,0.414,1,1
12.26,21,0.49,71,2893,4,249.62,3,0,0.484,0,1
187.21,18,0.245,44,675,4,187.93,1,0,0.331,0,0
122.84,10,0.201,33,3587,5,97.08,1,0,0.175,0,0
57.08,10,0.333,52,2434,4,71.33,0,0,0.214,0,0
245.79,15,0.263,70,2426,8,156.02,0,0,0.552,1,1
30.03,23,0.134,25,3386,7,42.47,0,0,0.344,0,0
65.67,14,0.427,40,489,2,63.13,1,0,0.415,0,0
49.62,17,0.245,47,349,2,121.65,3,0,0.202,0,0
16.61,9,0.443,56,66,4,54.04,0,0,0.207,0,0
225.08,8,0.182,64,306,2,147.23,1,1,0.598,0,0
160.04,11,0.444,46,1521,3,135.04,1,1,0.25,0,0
141.31,7,0.496,57,848,3,51.55,0,0,0.429,0,1
73.12,9,0.333,67,1764,6,105.92,0,0,0.478,0,0
58.95,17,0.406,55,2580,5,140.43,0,0,0.475,0,1
363.09,6,0.492,49,3143,7,61.77,1,0,0.381,0,0
34.55,20,0.045,61,3251,7,86.59,4,0,0.584,0,0
130.04,13,0.408,26,2788,4,116.34,1,0,0.245,0,0
414.46,18,0.196,74,1692,2,104.09,0,1,0.099,0,0
57.95,14,0.238,50,3411,6,258.23,0,1,0.449,0,0
276.68,23,0.279,50,1310,1,69.51,1,0,0.273,0,0
178.54,13,0.287,32,197,4,98.34,5,0,0.38,0,0
687.02,15,0.537,19,2735,5,206.62,2,1,0.207,0,0
73.94,18,0.542,72,1065,8,71.03,1,0,0.247,0,0
48.26,2,0.331,56,2647,3,130.47,2,0,0.584,0,0
192.68,15,0.046,50,3448,2,187.56,2,0,0.619,0,0
659.0,16,0.235,36,3169,1,49.51,1,0,0.189,0,1
90.24,15,0.147,71,366,3,86.39,3,1,0.342,0,0
84.99,14,0.203,48,901,4,232.34,1,0,0.403,0,0
501.68,11,0.051,49,2098,7,71.47,1,0,0.375,0,0
238.23,17,0.364,75,2358,5,141.84,2,0,0.522,1,1
238.09,21,0.129,69,133,3,169.19,0,0,0.251,0,0
653.06,2,0.096,45,880,4,142.81,1,0,0.546,0,0
43.69,3,0.221,29,396,10,76.47,1,0,0.38,0,0
192.98,22,0.288,74,3137,3,243.62,0,0,0.033,0,0
123.1,16,0.152,59,834,4,25.24,0,1,0.092,0,0
250.12,21,0.373,38,397,7,73.57,0,1,0.427,0,1
81.4,7,0.545,20,96,3,103.81,0,0,0.128,0,0
275.58,1,0.026,51,2153,4,113.27,0,0,0.329,0,0
279.59,17,0.389,50,393,3,130.49,2,1,0.367,0,1
38.27,2,0.556,64,2925,6,212.52,0,0,0.207,0,0
50.35,4,0.173,66,358,5,604.88,0,0,0.434,0,0
64.16,8,0.196,36,2216,3,70.87,1,0,0.443,0,0
23.78,6,0.191,45,1450,8,271.61,0,0,0.614,0,0
545.52,23,0.33,65,1544,3,117.05,0,1,0.328,0,0
53.11,9,0.69,52,659,2,165.12,0,0,0.628,0,0
45.2,13,0.171,42,446,3,75.91,1,0,0.029,0,0
89.7,23,0.304,75,2770,2,57.8,1,0,0.217,0,0
71.66,3,0.472,66,1283,5,101.27,0,0,0.129,0,0
78.83,13,0.4,28,704,3,175.35,3,0,0.419,0,0
224.3,16,0.041,63,249,5,330.13,1,0,0.141,0,0
423.69,16,0.305,70,138,4,115.45,0,0,0.517,0,0
3470.51,13,0.165,69,2262,5,173.22,1,1,0.23,0,1
89.14,12,0.583,43,519,3,135.55,0,0,0.871,0,0
194.43,12,0.352,44,354,2,54.88,2,0,0.426,0,0
186.24,19,0.049,38,2331,1,67.78,1,0,0.558,0,1
129.98,17,0.122,48,3022,3,34.77,4,0,0.593,0,0
679.26,4,0.442,65,3465,4,68.57,1,0,0.566,1,1
87.33,5,0.127,58,2375,2,202.7,1,0,0.197,0,0
253.36,15,0.249,38,2101,5,76.8,2,0,0.411,0,0
74.09,4,0.519,46,1871,6,198.02,0,0,0.192,0,0
79.63,23,0.404,32,2618,4,160.97,3,1,0.494,0,1
226.24,21,0.435,37,2370,3,232.99,0,0,0.248,0,0
662.52,23,0.197,65,1016,4,128.8,1,0,0.587,0,0
989.1,6,0.163,50,223,6,164.76,1,0,0.384,0,0
180.52,8,0.205,39,822,2,108.84,1,0,0.498,0,0
242.98,12,0.604,53,2525,5,119.17,2,0,0.441,0,1
234.67,0,0.311,28,2893,3,174.3,1,0,0.259,0,0
80.03,21,0.242,61,1491,4,148.08,0,0,0.516,0,0
74.52,7,0.162,21,488,4,210.4,1,0,0.454,0,0
430.6,15,0.582,37,3004,6,102.21,0,0,0.573,0,0
372.12,20,0.663,51,1346,4,298.73,1,1,0.53,0,0
63.44,6,0.023,31,2050,3,78.99,1,0,0.55,0,0
253.83,17,0.256,24,3095,4,93.04,0,0,0.113,0,0
19.11,18,0.173,55,957,4,57.39,3,0,0.228,0,0
197.11,6,0.554,67,448,4,335.16,1,0,0.168,1,0
210.74,12,0.366,21,1352,4,131.36,0,0,0.117,0,0
21.09,13,0.231,44,422,4,79.65,1,0,0.225,0,0
248.36,3,0.175,39,1135,3,240.37,0,0,0.521,0,0
529.72,11,0.117,25,3509,4,27.05,0,0,0.864,0,1
310.59,1,0.318,48,388,5,63.89,1,0,0.717,0,1
921.51,10,0.119,57,345,2,1379.46,0,0,0.193,0,0
634.27,10,0.479,19,2769,3,64.26,0,0,0.264,0,0
1199.35,20,0.488,49,3545,2,148.35,0,0,0.421,0,0
87.84,20,0.116,43,1193,5,47.82,0,1,0.539,0,1
90.04,17,0.715,53,3257,4,54.27,1,1,0.129,1,1
10.81,12,0.262,24,736,10,137.29,0,1,0.333,0,0
71.04,21,0.105,20,3032,4,158.99,1,0,0.448,0,0
77.04,6,0.393,25,2249,6,133.35,0,0,0.43,0,0
361.49,15,0.43,74,2978,2,117.82,1,0,0.512,0,0
394.82,4,0.086,50,285,5,90.53,0,0,0.446,0,0
274.73,1,0.278,32,1240,4,206.16,0,0,0.355,0,0
143.64,3,0.023,51,2245,5,199.72,0,0,0.228,0,1
177.91,14,0.073,55,2287,3,157.63,0,0,0.503,1,0
62.36,21,0.407,20,1871,8,241.42,3,0,0.187,0,0
42.16,17,0.025,62,392,7,125.38,0,0,0.092,0,0
252.65,10,0.266,40,922,1,280.92,0,0,0.337,0,0
400.23,4,0.224,35,1818,6,117.06,0,1,0.096,0,0
136.58,12,0.345,58,224,3,114.58,1,0,0.132,0,0
201.81,0,0.085,27,3357,6,49.37,1,0,0.533,0,0
236.64,11,0.56,52,1308,3,192.39,0,0,0.149,0,0
253.79,18,0.184,56,1621,2,300.68,1,0,0.366,0,0
19.59,4,0.103,38,3302,4,158.01,0,0,0.162,0,0
90.75,14,0.268,64,2792,3,228.19,1,0,0.686,0,0
27.95,5,0.322,27,3458,7,197.63,3,0,0.476,0,0
141.15,3,0.36,26,1824,3,36.4,0,0,0.465,0,0
62.7,13,0.332,20,2028,4,70.21,1,0,0.252,0,0
44.84,11,0.053,45,3392,1,192.75,1,1,0.449,0,0
88.55,0,0.024,35,3080,3,73.64,1,0,0.118,0,0
238.08,1,0.054,66,671,7,184.33,0,0,0.462,0,0
264.54,23,0.558,45,1012,4,127.97,1,0,0.711,1,1
128.6,18,0.69,64,2091,4,176.96,2,0,0.445,0,0
60.3,18,0.179,64,3467,2,183.38,0,0,0.194,0,0
114.04,21,0.293,54,1599,6,275.75,2,0,0.539,0,0
142.73,17,0.468,20,762,2,107.15,0,0,0.592,0,0
66.4,23,0.226,31,2186,3,47.18,1,0,0.75,0,0
239.6,21,0.514,74,515,3,138.12,2,0,0.177,0,0
69.7,6,0.399,49,899,2,151.29,1,0,0.265,0,0
707.34,21,0.033,33,1138,2,61.97,0,0,0.306,1,0
121.73,13,0.455,72,874,7,63.91,1,0,0.086,0,0
37.04,7,0.499,18,539,2,295.03,0,0,0.323,0,0
227.74,20,0.444,33,1803,7,244.09,1,0,0.146,0,0
256.28,17,0.16,53,2649,3,132.34,1,0,0.267,0,0
162.94,8,0.114,49,3642,2,57.11,0,0,0.666,0,0
232.15,4,0.093,58,161,0,80.16,0,0,0.419,0,0
57.66,3,0.493,71,3474,3,125.91,2,0,0.118,0,0
179.67,23,0.116,74,663,6,24.63,0,0,0.231,0,0
64.14,10,0.39,65,469,3,138.76,0,1,0.259,0,0
108.95,15,0.317,28,2896,3,105.97,0,0,0.453,1,0
16.46,11,0.233,28,2339,7,68.02,1,0,0.579,0,0
271.45,14,0.497,67,1961,4,315.05,0,1,0.156,0,0
253.28,5,0.061,48,581,3,277.05,0,0,0.383,0,0
214.3,12,0.675,66,1806,8,35.37,0,0,0.762,0,0
61.65,12,0.398,41,1821,3,82.31,1,0,0.363,0,0
98.53,16,0.182,35,161,6,57.62,4,0,0.335,0,1
185.52,23,0.415,31,2976,3,91.37,0,0,0.149,0,0
41.25,9,0.068,22,3519,4,86.16,2,0,0.407,0,0
136.63,2,0.212,61,2533,6,143.56,2,0,0.189,0,0
41.71,22,0.521,45,2952,4,245.49,1,0,0.265,0,0
71.83,11,0.313,43,287,2,139.39,0,1,0.351,0,0
522.82,13,0.314,55,2754,1,382.79,0,0,0.585,0,0
163.69,6,0.227,46,985,6,58.8,2,1,0.139,0,0
241.61,11,0.021,38,835,3,46.83,1,0,0.178,0,0
49.29,13,0.135,60,1929,6,425.34,0,0,0.27,0,0
18.58,23,0.503,38,2764,6,51.1,0,1,0.811,0,0
59.89,15,0.106,18,1081,4,128.24,0,1,0.151,0,0
212.11,16,0.113,34,65,7,47.77,1,0,0.138,0,0
589.03,16,0.392,75,320,9,303.52,1,1,0.213,0,0
439.61,1,0.095,34,2876,5,98.87,1,0,0.341,0,0
156.94,12,0.17,74,2839,5,406.3,4,1,0.593,0,1
134.92,8,0.149,55,1646,2,175.11,1,0,0.52,0,0
130.63,19,0.361,31,2440,5,260.25,0,1,0.42,0,0
108.3,2,0.493,52,2386,2,95.82,1,0,0.561,0,1
114.12,4,0.488,28,3247,3,147.03,0,0,0.457,0,0
43.06,5,0.039,56,1139,9,97.75,1,0,0.113,0,0
78.14,11,0.23,24,2875,4,42.71,1,0,0.198,0,0
80.57,12,0.169,25,3516,10,144.94,1,0,0.254,0,0
276.39,13,0.222,47,887,4,126.77,1,0,0.306,0,0
278.2,13,0.131,52,3113,6,249.07,0,0,0.355,0,0
38.63,8,0.465,57,2848,1,198.05,1,0,0.187,0,0
128.44,0,0.212,61,2911,4,281.26,1,0,0.098,0,0
134.4,21,0.288,49,1374,4,200.22,1,1,0.088,0,0
1478.67,4,0.232,40,519,8,161.46,0,0,0.343,0,1
318.58,14,0.255,41,2025,4,196.57,2,0,0.25,0,0
1291.11,20,0.326,22,1012,3,246.82,4,0,0.584,0,1
161.72,20,0.382,36,756,3,205.61,1,0,0.273,0,0
62.98,11,0.244,70,831,2,212.02,1,1,0.512,0,1
388.92,11,0.229,54,2880,6,233.31,0,0,0.338,0,0
56.86,0,0.254,58,2758,6,123.02,1,1,0.24,0,0
385.73,8,0.34,53,1572,2,316.82,1,0,0.167,0,0
42.7,20,0.332,52,3337,7,208.52,1,0,0.096,0,0
208.09,22,0.096,72,3419,7,147.05,0,1,0.144,0,0
324.61,8,0.473,56,2187,6,32.0,1,0,0.005,0,0
336.22,12,0.474,46,978,2,102.13,0,0,0.201,0,0
60.54,13,0.569,38,280,8,537.45,1,0,0.059,0,0
184.46,3,0.231,31,3517,6,187.82,0,0,0.47,1,1
140.14,2,0.16,36,1361,6,87.11,3,1,0.059,0,0
118.59,0,0.024,49,1582,5,76.49,0,0,0.203,0,0
30.04,17,0.255,30,1623,7,189.4,0,0,0.138,0,0
246.66,14,0.631,49,3523,6,343.23,0,0,0.035,0,0
201.74,2,0.12,37,2029,5,61.11,0,0,0.134,0,0
747.18,9,0.469,58,1767,9,217.68,0,0,0.313,0,0
48.45,6,0.106,40,3163,2,89.75,2,0,0.171,0,0
427.44,18,0.19,30,800,4,249.8,1,1,0.175,1,1
397.97,7,0.193,51,317,4,213.75,2,0,0.487,0,0
208.21,20,0.173,64,1922,5,87.2,1,0,0.511,0,0
45.52,9,0.249,44,1698,6,370.01,1,0,0.417,0,0
54.29,23,0.135,51,2762,6,127.42,0,0,0.477,0,1
310.96,15,0.306,37,1463,4,114.66,0,0,0.1,0,0
327.56,16,0.104,66,1626,5,97.46,1,0,0.204,0,0
22.76,0,0.186,28,1663,3,72.92,1,0,0.626,0,0
146.37,16,0.087,19,3140,3,105.96,1,0,0.107,0,0
148.59,7,0.098,74,1398,3,195.06,1,1,0.382,0,0
65.56,2,0.337,62,2920,4,17.85,1,1,0.125,0,1
198.08,8,0.106,52,1984,3,231.0,1,0,0.091,0,0
288.69,23,0.526,29,1861,5,151.53,0,0,0.435,0,0
338.8,5,0.377,30,472,7,167.19,0,0,0.2,0,0
54.37,10,0.185,50,2535,4,47.18,2,0,0.452,0,0
115.75,22,0.422,20,3022,3,116.13,0,0,0.447,0,0
485.05,7,0.286,56,521,2,72.38,2,0,0.428,0,0
173.59,17,0.337,35,1554,6,89.32,0,0,0.403,0,0
96.6,9,0.521,32,3137,2,271.96,0,0,0.125,0,0
336.95,5,0.083,61,369,6,196.91,0,0,0.23,0,0
643.25,20,0.321,33,577,4,249.09,1,1,0.66,0,1
267.04,9,0.074,60,1113,3,169.11,0,0,0.161,1,0
104.16,22,0.205,26,53,6,52.89,1,0,0.099,0,0
42.3,20,0.224,60,579,4,528.93,1,0,0.418,0,0
148.31,23,0.186,70,159,7,110.84,2,1,0.273,0,1
106.29,15,0.394,70,853,4,75.38,0,0,0.353,0,0
102.22,20,0.315,41,3196,6,209.21,2,0,0.15,0,0
115.87,22,0.374,35,906,6,88.35,1,0,0.107,0,0
152.9,8,0.27,75,3184,3,90.26,1,0,0.155,0,0
408.56,18,0.15,29,293,2,23.49,0,0,0.353,0,1
81.7,18,0.237,24,1386,6,98.54,0,1,0.429,0,0
416.13,15,0.204,56,1134,5,87.95,0,0,0.194,0,0
37.78,20,0.134,35,1932,1,122.3,0,0,0.258,0,0
38.78,2,0.124,40,1564,3,133.85,1,1,0.314,0,0
20.51,17,0.244,56,1820,0,36.62,1,1,0.36,0,0
126.7,11,0.413,43,3369,6,81.89,0,0,0.011,0,0
36.87,20,0.508,24,1843,3,67.61,0,0,0.316,0,0
32.28,14,0.236,19,2725,6,136.55,1,0,0.103,0,0
242.06,19,0.587,36,986,3,59.7,0,0,0.035,0,0
208.1,11,0.215,73,1044,6,177.41,1,0,0.498,0,0
189.9,1,0.2,60,165,5,24.64,0,1,0.471,0,1
487.59,19,0.311,35,2987,3,138.22,0,0,0.083,0,0
356.87,21,0.107,62,645,3,71.34,1,0,0.254,0,0
1198.04,0,0.305,72,173,1,18.63,1,0,0.347,0,0
42.7,10,0.38,33,3096,6,130.97,4,1,0.136,0,1
182.07,20,0.283,22,200,5,60.11,0,0,0.53,0,0
230.74,3,0.076,75,348,4,234.87,0,0,0.32,0,0
102.99,4,0.22,43,2954,1,83.43,0,0,0.699,0,0
380.43,9,0.419,74,1666,2,31.82,1,0,0.317,0,0
79.28,20,0.081,40,2061,9,76.9,1,0,0.177,0,0
288.95,19,0.458,39,708,3,68.69,0,0,0.314,0,0
24.1,5,0.292,29,3073,4,143.95,0,0,0.63,0,1
1027.78,4,0.407,42,645,4,79.13,1,1,0.391,0,0
881.65,23,0.409,43,542,6,47.54,1,0,0.425,0,0
21.07,5,0.151,26,3450,3,28.42,2,1,0.279,0,0
396.5,1,0.073,45,2621,9,123.87,0,0,0.225,1,1
427.7,9,0.18,22,1152,2,119.79,0,0,0.332,0,0
240.03,19,0.289,56,1131,3,111.62,2,1,0.223,1,1
32.53,2,0.347,72,3587,1,131.45,0,0,0.62,0,0
359.69,16,0.293,31,2591,4,64.0,1,0,0.481,0,0
94.61,15,0.03,23,2245,7,564.11,1,1,0.541,0,0
170.56,13,0.264,23,693,0,246.06,0,0,0.44,0,0
38.54,8,0.136,61,3223,3,35.56,1,0,0.267,0,0
211.04,12,0.413,50,53,6,73.88,0,0,0.643,0,0
180.89,15,0.25,32,3540,3,207.51,0,0,0.015,0,0
87.74,10,0.283,20,2665,3,161.37,0,0,0.167,0,0
510.7,8,0.32,38,1875,3,90.26,2,0,0.522,0,0
152.46,5,0.184,67,2355,2,158.06,0,0,0.454,0,0
786.21,16,0.198,75,1676,3,59.45,1,0,0.345,0,0
552.75,17,0.037,29,724,4,223.45,1,0,0.058,0,0
340.91,11,0.324,48,666,4,126.1,0,0,0.195,0,0
472.53,13,0.176,58,2871,3,150.95,0,0,0.189,0,0
363.97,3,0.167,64,1581,1,239.06,0,0,0.247,0,0
80.99,5,0.37,62,2291,4,344.6,0,0,0.471,0,0
58.24,23,0.305,45,3140,4,166.4,1,0,0.181,0,0
415.83,0,0.632,61,2751,5,288.79,0,0,0.279,0,0
108.47,8,0.524,60,392,4,131.94,4,0,0.626,0,0
189.37,5,0.078,20,798,1,179.9,2,0,0.549,0,0
634.36,23,0.211,64,2648,2,46.86,2,0,0.434,0,1
39.63,15,0.139,28,602,2,89.04,2,0,0.144,0,0
302.16,19,0.058,20,309,1,157.76,0,1,0.385,0,0
250.2,10,0.429,65,1046,3,412.96,0,0,0.026,0,0
51.76,22,0.212,71,716,1,82.22,0,1,0.215,1,1
78.43,1,0.663,22,239,1,121.19,0,0,0.262,1,0
75.46,23,0.199,67,1081,2,112.58,2,0,0.227,0,1
91.06,5,0.184,41,680,3,74.79,3,1,0.576,0,1
84.42,19,0.023,47,3144,3,63.0,0,0,0.152,0,0
262.57,19,0.144,62,241,3,192.82,0,0,0.539,0,0
40.72,2,0.481,56,2030,2,333.53,1,1,0.178,0,0
36.62,18,0.114,70,1852,3,885.55,0,0,0.31,0,0
85.9,7,0.394,19,630,4,28.51,1,0,0.436,1,1
157.53,0,0.503,18,1133,2,165.51,0,0,0.265,0,0
49.09,10,0.296,48,159,3,150.58,3,1,0.589,0,1
1252.67,6,0.239,56,2497,5,75.11,0,0,0.472,0,0
77.53,2,0.132,25,2351,5,98.26,0,0,0.56,0,0
606.03,12,0.109,43,1761,5,77.78,1,0,0.228,0,0
66.3,7,0.235,59,530,5,299.99,0,0,0.817,0,0
204.54,12,0.421,64,1105,2,23.0,0,1,0.292,0,0
383.3,17,0.29,48,826,1,330.86,0,0,0.343,0,0
255.52,12,0.15,43,2351,5,81.06,1,0,0.384,0,0
330.43,12,0.138,31,3252,5,48.27,0,0,0.661,0,1
86.11,22,0.215,19,49,4,152.08,0,0,0.453,0,0
252.4,9,0.463,21,1874,4,30.5,1,0,0.087,0,0
573.11,20,0.057,59,1204,7,46.85,2,0,0.534,0,0
116.0,17,0.171,56,475,7,114.37,1,0,0.158,0,0
1920.01,5,0.236,65,1158,4,167.38,2,0,0.12,0,0
892.97,13,0.108,71,2142,4,104.92,1,0,0.196,0,0
148.65,16,0.289,74,1110,6,343.91,1,0,0.607,0,0
189.39,20,0.599,31,3586,6,105.32,0,0,0.312,1,1
31.96,9,0.281,70,3327,3,17.66,0,0,0.42,0,0
65.11,23,0.459,65,2678,3,80.33,1,0,0.301,0,0
136.53,12,0.273,70,2922,6,35.07,0,0,0.223,0,0
43.42,2,0.421,36,786,4,430.6,1,0,0.591,0,0
44.79,11,0.235,71,2929,7,151.01,0,0,0.196,0,0
201.88,22,0.082,51,2857,2,44.89,1,0,0.207,0,0
327.62,15,0.294,55,2721,2,154.06,2,0,0.457,0,0
172.5,16,0.176,58,2399,9,120.56,0,0,0.087,0,0
189.24,18,0.328,62,144,4,95.06,1,0,0.228,0,0
25.99,13,0.19,26,2551,2,74.85,1,1,0.178,0,0
150.53,16,0.18,72,3241,4,63.15,0,0,0.381,0,0
62.78,9,0.212,24,120,5,187.69,0,0,0.639,0,0
394.99,17,0.537,30,2307,2,95.85,2,0,0.494,0,0
126.75,15,0.203,60,126,4,656.5,0,0,0.2,0,0
70.85,7,0.239,45,3348,2,122.71,1,0,0.163,0,0
53.45,13,0.262,20,2652,4,102.05,0,0,0.268,0,0
126.55,9,0.773,27,1322,2,227.8,0,0,0.206,0,1
729.73,14,0.114,39,1342,1,101.1,1,0,0.385,0,1
53.02,10,0.178,29,1348,3,184.41,2,0,0.236,1,1
139.63,16,0.283,37,3506,6,34.31,0,0,0.358,1,0
260.03,16,0.525,20,1421,5,28.9,1,0,0.315,0,0
365.18,15,0.042,43,1352,3,109.16,1,0,0.696,0,1
119.89,3,0.291,33,2213,4,75.98,1,0,0.151,0,1
32.48,17,0.11,75,3352,0,786.24,1,1,0.381,0,0
155.28,0,0.099,38,974,3,84.0,3,0,0.567,0,0
104.44,5,0.298,74,254,6,276.96,0,0,0.354,0,0
35.74,17,0.125,33,164,3,88.0,0,0,0.589,0,0
403.66,20,0.317,61,1494,3,43.45,1,0,0.271,0,0
218.63,15,0.238,68,2554,3,61.0,3,0,0.365,0,0
18.41,16,0.515,65,2158,4,40.54,1,0,0.62,0,0
12.33,23,0.481,20,309,3,290.24,2,0,0.523,0,0
154.56,6,0.37,45,1196,0,191.92,2,0,0.785,0,1
227.76,3,0.206,28,713,2,61.64,0,0,0.317,0,0
182.69,23,0.472,48,693,6,292.65,0,0,0.303,0,0
394.58,16,0.571,24,582,6,598.86,3,0,0.306,0,0
240.78,21,0.063,46,330,3,179.51,1,0,0.308,0,0
126.45,6,0.201,67,1611,5,72.16,0,0,0.465,0,0
183.48,3,0.352,66,656,3,101.53,1,0,0.406,0,0
221.51,7,0.287,67,439,7,68.53,0,1,0.658,0,0
177.28,9,0.616,52,347,2,102.16,0,0,0.484,0,0
42.99,15,0.346,28,1508,1,26.97,0,0,0.397,0,0
98.14,5,0.244,71,584,2,96.51,0,0,0.381,0,0
575.73,3,0.434,42,601,3,429.46,0,0,0.178,0,0
85.15,4,0.293,40,2635,3,114.23,0,0,0.228,0,0
381.92,13,0.454,27,2376,1,73.12,2,1,0.125,0,0
55.12,2,0.366,63,854,3,65.88,1,0,0.237,0,0
383.76,22,0.326,29,3369,2,119.01,0,0,0.266,0,0
647.21,6,0.276,61,1387,2,125.92,0,0,0.345,0,0
951.18,11,0.124,75,721,7,197.26,2,0,0.464,0,0
508.2,22,0.151,18,3426,4,107.39,1,0,0.501,0,0
87.98,22,0.07,73,2086,3,106.88,1,0,0.243,0,0
51.03,2,0.465,22,3014,2,131.08,0,0,0.396,0,0
147.88,19,0.21,43,2336,6,56.34,0,1,0.255,0,0
152.94,22,0.286,40,1356,2,24.3,1,1,0.54,0,0
136.86,3,0.018,43,561,1,226.14,1,0,0.25,0,1
96.62,11,0.097,72,1078,0,66.48,1,0,0.204,0,0
627.63,16,0.437,38,272,3,119.95,1,1,0.442,0,1
295.81,11,0.262,44,2258,4,110.71,0,1,0.341,0,0
133.12,19,0.13,40,2065,2,270.83,0,1,0.516,0,0
100.28,0,0.209,30,172,2,185.02,1,0,0.304,0,0
187.18,21,0.614,21,1487,2,82.89,1,0,0.306,0,1
416.48,1,0.201,23,419,4,73.93,1,0,0.559,0,0
75.41,18,0.275,37,3401,3,80.73,1,1,0.237,0,1
150.33,9,0.303,59,1714,3,145.72,0,1,0.377,0,0
41.93,2,0.286,43,3640,7,123.7,3,0,0.088,0,0
238.69,5,0.134,45,2373,3,48.28,1,0,0.086,0,0
110.58,3,0.179,21,2014,4,75.98,2,0,0.183,0,0
118.08,11,0.387,29,3328,1,37.75,0,0,0.649,0,0
80.44,23,0.088,42,252,4,250.71,1,1,0.191,1,1
41.4,10,0.282,21,3000,5,157.99,1,0,0.331,0,0
70.83,2,0.212,32,3602,5,61.1,2,0,0.355,0,0
54.13,1,0.119,33,1488,4,38.21,0,0,0.502,1,1
100.27,16,0.521,50,827,5,211.2,0,0,0.702,0,0
164.59,13,0.467,53,1624,3,52.1,0,0,0.396,0,0
17.63,11,0.092,67,2126,2,93.63,1,0,0.58,0,0
85.77,19,0.42,40,3196,2,123.33,1,0,0.162,0,0
189.34,15,0.117,18,3164,5,532.24,0,0,0.246,0,0
186.17,6,0.589,57,1222,6,451.51,3,0,0.587,0,0
323.55,20,0.202,63,937,1,113.22,0,1,0.068,0,0
185.03,6,0.599,50,435,6,320.66,2,0,0.482,0,0
71.45,14,0.14,44,1158,4,134.55,0,0,0.118,0,0
28.15,0,0.313,45,2697,4,365.75,1,1,0.533,0,1
115.58,8,0.454,53,2611,3,125.39,1,0,0.652,0,0
67.71,21,0.36,37,148,6,843.08,1,0,0.256,0,0
31.05,13,0.232,61,2273,5,73.88,0,0,0.115,0,0
244.85,11,0.304,21,1984,5,149.43,2,1,0.3,1,1
116.6,0,0.37,45,1579,2,304.79,1,0,0.164,0,0
185.91,20,0.146,61,909,3,241.59,0,1,0.094,0,0
448.33,6,0.233,39,1801,3,61.21,0,0,0.083,0,0
183.33,14,0.055,39,329,3,94.09,0,0,0.229,0,0
57.03,6,0.349,32,3440,7,142.39,2,0,0.754,0,1
158.78,14,0.275,30,3557,3,157.53,1,0,0.298,0,0
169.52,23,0.631,40,2722,2,69.21,0,1,0.347,0,1
506.57,18,0.296,63,2439,3,212.79,1,0,0.074,0,0
202.6,1,0.043,49,832,8,54.02,0,0,0.145,0,1
2344.11,3,0.566,24,1663,2,126.21,0,0,0.379,0,1
167.72,10,0.173,75,1859,6,121.38,0,0,0.42,0,1
603.88,19,0.186,69,3007,5,153.56,1,0,0.594,0,0
278.0,14,0.232,41,2372,2,99.64,0,1,0.154,0,0
268.69,3,0.485,59,2616,3,283.74,0,0,0.202,1,1
46.44,14,0.393,58,2014,4,64.95,0,1,0.154,0,0
88.44,7,0.188,33,2607,5,123.75,1,0,0.521,1,0
781.7,22,0.158,47,804,3,77.07,2,0,0.546,0,1
193.4,0,0.458,29,2239,5,148.28,1,0,0.332,0,1
61.44,17,0.228,48,3023,8,308.41,1,0,0.144,0,0
8.68,15,0.341,62,2370,1,79.4,0,1,0.407,0,1
841.29,23,0.367,62,3028,2,150.72,1,0,0.222,0,0
187.5,12,0.345,51,3621,6,135.48,3,0,0.319,0,0
1123.62,23,0.34,58,3389,1,249.33,2,0,0.51,0,0
244.66,20,0.376,52,802,2,126.67,0,0,0.545,0,1
115.91,3,0.535,57,2885,1,54.9,0,0,0.266,0,0
30.02,0,0.242,24,262,3,1227.16,1,0,0.48,0,0
65.82,13,0.206,72,2408,6,283.37,1,0,0.339,0,0
406.32,2,0.159,73,1880,1,73.56,1,0,0.314,0,1
80.68,4,0.178,23,742,2,199.79,2,0,0.318,0,1
25.83,15,0.136,53,3023,3,87.23,2,0,0.033,0,0
87.7,18,0.536,58,2095,4,348.32,2,0,0.099,0,0
74.4,20,0.267,55,258,2,196.31,0,0,0.051,0,0
164.33,6,0.462,56,425,6,62.55,0,0,0.485,0,0
48.44,20,0.431,59,444,5,141.81,0,0,0.21,0,0
107.91,23,0.138,42,2594,3,117.97,0,0,0.171,0,0
326.7,19,0.044,57,2562,3,106.13,0,1,0.487,0,0
110.06,22,0.344,43,2509,3,183.93,0,0,0.164,0,0
111.34,4,0.299,70,1191,6,102.96,1,0,0.236,0,0
149.96,5,0.149,74,951,6,110.39,1,1,0.554,0,1
49.79,7,0.059,19,2474,4,188.48,0,0,0.21,0,0
37.36,2,0.257,27,1610,5,78.77,1,0,0.278,0,0
87.82,22,0.456,41,320,3,70.11,2,1,0.525,0,0
77.43,22,0.216,25,2593,6,82.89,2,0,0.749,0,1
114.57,20,0.455,38,2702,5,167.51,0,0,0.2,0,0
66.5,0,0.294,61,2657,2,58.16,2,0,0.509,0,0
53.84,21,0.295,27,2758,3,123.59,2,0,0.379,0,0
27.43,23,0.111,58,206,5,85.31,0,1,0.274,1,0
433.35,3,0.511,49,1058,0,25.72,0,0,0.141,0,0
663.44,1,0.447,59,488,4,68.39,3,0,0.75,0,1
68.9,16,0.256,41,2014,4,54.38,0,0,0.581,0,0
44.97,16,0.439,41,2411,9,160.57,2,1,0.415,0,0
315.68,15,0.389,60,2592,2,132.41,0,0,0.503,0,0
68.27,23,0.142,39,2296,6,58.58,0,0,0.277,0,0
114.46,21,0.392,47,1475,7,137.78,3,0,0.177,0,0
91.58,20,0.447,40,2704,3,177.58,2,0,0.042,0,0
181.47,16,0.132,34,796,2,65.73,2,0,0.281,0,0
127.71,1,0.816,46,3396,3,36.31,0,0,0.421,0,1
107.02,18,0.398,67,331,5,25.89,0,0,0.397,0,0
137.57,9,0.596,29,615,2,166.92,1,1,0.193,0,0
462.03,17,0.576,54,3014,6,219.95,0,0,0.307,0,0
210.91,13,0.056,44,3599,5,74.02,2,1,0.264,1,1
36.99,13,0.123,67,2746,2,71.53,1,0,0.577,0,0
303.65,5,0.151,59,3331,0,201.97,0,1,0.197,0,0
103.57,21,0.417,69,1946,6,156.72,1,0,0.425,0,1
229.74,8,0.314,66,1239,6,33.61,1,0,0.259,0,0
163.53,19,0.151,55,309,6,461.22,1,0,0.597,0,1
467.99,20,0.115,64,2586,4,98.44,0,0,0.838,0,0
17.59,20,0.414,73,3393,8,79.58,0,0,0.236,0,0
347.55,21,0.171,19,1481,3,254.31,2,1,0.442,0,0
115.93,6,0.281,63,1512,5,38.02,2,0,0.666,1,1
59.0,21,0.502,54,1031,7,143.09,4,0,0.124,1,1
58.74,15,0.104,68,420,6,264.24,1,0,0.118,0,0
21.12,2,0.289,33,3029,5,245.98,3,1,0.11,0,0
25.3,0,0.11,58,2808,2,251.53,0,0,0.347,0,0
100.15,12,0.262,50,3107,4,76.53,1,0,0.145,0,0
54.86,12,0.114,21,92,2,87.04,1,0,0.604,0,0
898.31,3,0.304,55,1630,3,273.18,0,0,0.17,0,0
79.77,2,0.359,68,3388,5,123.74,1,0,0.326,0,1
134.48,4,0.119,43,2209,7,127.08,1,1,0.402,0,0
38.22,14,0.564,36,3482,4,170.47,0,0,0.356,0,1
343.66,15,0.242,24,2066,5,170.79,1,0,0.263,0,0
63.0,16,0.228,20,2173,6,42.55,0,0,0.085,0,0
92.58,16,0.556,25,2387,9,105.09,0,0,0.12,0,0
312.08,1,0.135,53,215,6,75.57,1,0,0.309,0,0
30.12,15,0.321,24,3103,3,180.63,3,0,0.244,0,0
587.4,4,0.302,52,1757,1,248.98,1,0,0.23,0,0
363.35,12,0.071,69,2907,8,100.09,0,0,0.255,0,0
198.18,14,0.111,28,3519,3,85.09,0,0,0.121,0,0
22.65,14,0.253,29,3298,3,344.62,3,0,0.259,0,0
719.18,17,0.153,49,2597,4,95.06,1,0,0.178,0,0
46.12,15,0.254,67,2566,4,124.35,2,0,0.701,0,0
112.99,8,0.047,36,1605,7,127.57,0,0,0.474,0,1
680.64,21,0.295,33,612,5,147.06,1,0,0.164,0,0
31.73,9,0.403,45,3173,2,58.74,0,1,0.146,0,0
316.56,14,0.162,73,1948,2,30.92,1,0,0.803,0,0
117.43,11,0.332,75,726,3,566.36,0,0,0.272,0,0
180.2,14,0.344,46,1665,4,364.21,0,1,0.551,1,1
15.69,21,0.349,48,708,3,47.96,1,1,0.24,1,0
26.06,19,0.353,50,797,6,214.09,1,0,0.613,0,1
511.55,1,0.025,42,234,6,50.82,2,0,0.458,0,1
245.92,16,0.067,23,2804,5,176.49,0,0,0.656,0,0
12.19,9,0.181,70,273,7,75.15,0,0,0.288,0,0
78.47,18,0.427,60,2212,3,54.84,1,0,0.727,0,0
131.36,4,0.392,33,832,4,158.65,0,0,0.23,0,0
54.38,5,0.244,68,2289,3,89.02,0,0,0.303,1,1
226.87,9,0.225,29,3478,3,113.0,0,0,0.249,0,0
137.38,12,0.292,48,3529,4,146.91,0,0,0.256,0,0
191.59,12,0.046,37,370,3,592.95,0,0,0.157,0,0
57.21,18,0.283,37,3460,3,315.98,0,0,0.362,0,0
373.72,21,0.187,35,3571,4,156.81,1,0,0.212,0,0
147.58,15,0.117,30,430,7,392.51,0,0,0.342,0,0
708.69,10,0.022,58,1790,2,384.89,0,0,0.262,0,0
437.05,13,0.342,58,1972,6,194.77,0,0,0.283,0,0
595.98,7,0.207,37,1617,3,111.36,1,0,0.257,0,0
100.72,18,0.407,46,650,7,101.14,2,0,0.346,0,0
63.02,22,0.08,57,302,4,271.4,1,0,0.422,0,0
1280.4,3,0.478,51,1525,2,64.45,1,0,0.595,0,1
32.38,14,0.303,42,393,7,28.7,0,0,0.562,1,0
100.63,22,0.518,18,2649,2,51.11,1,1,0.23,0,0
229.24,2,0.309,25,2120,2,210.95,0,0,0.3,0,0
311.73,9,0.418,32,164,6,178.72,1,0,0.73,0,0
348.62,14,0.201,46,2997,6,285.09,1,0,0.274,0,0
476.45,21,0.535,39,731,3,230.88,0,0,0.414,0,0
67.63,20,0.4,50,883,2,350.48,1,0,0.069,0,0
79.05,9,0.401,35,2336,1,139.33,0,0,0.223,0,0
178.49,3,0.03,20,2973,2,20.87,0,0,0.268,0,0
243.24,13,0.469,60,538,2,208.21,0,0,0.033,0,0
534.67,12,0.316,59,493,4,98.22,0,0,0.415,0,0
348.42,14,0.357,19,901,4,224.25,0,1,0.291,0,1
97.77,20,0.334,73,55,6,158.39,0,0,0.282,0,0
155.33,0,0.184,48,2877,4,88.07,0,1,0.342,0,1
138.1,10,0.452,59,3411,3,352.21,0,1,0.093,0,0
66.74,0,0.399,56,3585,6,142.53,1,0,0.061,0,0
356.54,11,0.27,33,1108,3,56.43,0,0,0.109,0,0
56.07,9,0.444,67,865,5,90.42,0,0,0.135,0,0
1326.71,19,0.115,70,2842,2,28.78,0,0,0.137,0,0
372.07,5,0.434,21,1656,6,105.68,0,1,0.345,1,1
456.74,23,0.169,54,2143,1,267.75,1,1,0.837,0,0
209.36,9,0.327,58,2047,6,118.56,1,0,0.705,1,1
197.51,23,0.244,45,284,5,54.28,0,0,0.349,0,0
108.19,15,0.753,48,2443,4,227.19,1,0,0.367,0,0
140.25,4,0.455,23,3275,8,216.48,1,1,0.379,0,1
152.52,13,0.26,75,415,3,54.23,0,1,0.599,0,0
756.32,4,0.554,53,3335,3,212.46,2,0,0.19,0,1
83.09,5,0.066,34,2925,2,249.9,1,0,0.339,1,0
24.88,6,0.482,22,2429,3,102.25,1,0,0.383,0,0
94.97,19,0.289,47,1460,4,123.55,1,1,0.738,0,1
123.08,16,0.147,55,3046,0,48.1,2,0,0.118,0,0
295.94,23,0.207,54,2562,6,240.1,0,0,0.518,0,0
120.1,10,0.169,35,563,8,74.11,1,0,0.287,0,0
256.5,17,0.315,47,450,2,84.74,0,0,0.538,0,0
182.66,12,0.324,37,581,1,155.54,1,0,0.373,0,0
24.41,18,0.157,62,2700,4,137.04,0,0,0.171,0,0
376.64,13,0.516,39,1466,2,307.97,1,0,0.239,0,1
40.86,8,0.148,46,2369,4,116.3,0,1,0.733,1,1
313.34,18,0.212,53,891,7,224.43,1,0,0.353,0,0
143.51,5,0.245,52,1995,4,107.54,0,0,0.207,0,0
1509.19,17,0.213,20,1464,1,253.47,0,0,0.405,0,0
65.41,20,0.306,72,963,4,274.28,1,1,0.493,0,0
65.96,2,0.361,22,3005,5,97.69,0,1,0.41,0,0
202.68,12,0.278,37,508,2,74.53,0,0,0.333,0,0
198.78,23,0.659,53,3380,6,93.16,1,0,0.126,0,0
55.39,5,0.174,75,907,5,103.39,4,0,0.446,0,0
324.86,17,0.166,38,3537,6,357.9,0,0,0.407,0,1
222.36,9,0.374,64,2203,4,87.18,0,0,0.463,0,0
225.52,7,0.144,68,1647,1,45.81,2,0,0.308,0,0
23.79,15,0.375,75,3492,3,114.56,0,0,0.265,0,0
122.13,16,0.291,21,2917,5,51.5,0,1,0.631,0,0
155.63,19,0.092,55,1971,6,17.63,0,1,0.09,0,1
69.7,13,0.453,28,168,6,196.65,1,0,0.097,0,0
77.48,22,0.321,19,2488,9,434.38,1,0,0.564,1,0
262.59,16,0.282,25,2382,4,76.02,0,0,0.151,0,0
85.1,8,0.072,20,380,2,54.49,1,0,0.331,0,0
242.55,15,0.423,58,3207,4,98.08,0,0,0.473,0,0
251.27,4,0.148,70,2813,3,119.39,0,1,0.448,0,1
461.17,11,0.412,25,2450,5,108.72,1,1,0.316,0,0
18.66,6,0.535,63,1892,5,64.58,1,1,0.305,0,0
97.84,9,0.445,57,3330,7,375.89,1,0,0.111,1,0
115.01,9,0.271,42,2302,7,176.69,1,0,0.838,0,0
18.85,21,0.304,27,2937,3,293.38,0,0,0.357,1,0
226.8,20,0.188,62,2668,5,196.75,2,1,0.159,0,1
61.66,0,0.322,40,2869,3,126.43,0,1,0.228,0,1
166.25,16,0.263,55,2473,4,31.34,2,0,0.059,0,0
96.02,23,0.147,49,402,2,87.82,2,0,0.236,0,1
7.45,20,0.158,51,1503,6,51.58,1,0,0.06,0,0
65.57,5,0.16,51,2984,2,72.21,3,0,0.221,0,0
10.75,7,0.563,65,1561,7,48.83,3,0,0.269,0,0
83.46,18,0.656,26,421,1,178.94,1,0,0.533,0,1
30.85,15,0.233,48,3109,1,68.09,1,0,0.189,0,0
29.49,16,0.216,39,2502,5,102.05,1,0,0.235,0,0
178.13,11,0.129,56,1949,0,100.47,1,1,0.414,0,0
361.88,11,0.103,39,1888,3,39.85,1,0,0.269,0,0
99.72,17,0.365,36,3519,3,991.52,1,0,0.255,0,0
97.16,9,0.107,58,3097,1,62.52,0,0,0.577,0,0
157.28,22,0.388,18,2655,3,69.45,0,0,0.1,0,0
96.28,22,0.258,38,2716,3,201.08,1,0,0.478,0,0
76.84,18,0.29,51,884,6,149.49,1,0,0.258,0,0
51.1,1,0.217,69,1220,3,579.54,0,0,0.314,0,0
708.31,2,0.285,30,893,1,83.58,0,0,0.311,0,0
156.38,22,0.107,64,3051,7,53.22,1,1,0.178,0,0
107.55,10,0.127,75,3193,4,58.69,0,1,0.584,0,0
122.73,9,0.332,55,2193,6,39.09,1,0,0.094,0,1
303.5,19,0.425,42,3470,4,134.14,0,0,0.375,0,0
89.89,3,0.333,40,3426,3,391.8,1,0,0.177,0,0
153.3,15,0.326,35,3054,2,119.3,2,0,0.424,0,0
111.41,13,0.438,75,3030,4,125.47,0,0,0.487,0,0
77.18,20,0.407,73,2164,4,163.09,2,0,0.47,0,0
502.08,9,0.636,27,3505,5,137.55,0,0,0.199,0,0
20.01,10,0.517,34,3074,0,181.88,0,0,0.097,0,0
1088.46,18,0.426,33,3293,3,164.32,0,0,0.208,1,1
33.82,6,0.246,40,2571,5,147.65,0,0,0.124,0,0
270.41,23,0.341,30,3645,4,549.82,1,0,0.327,0,1
124.48,2,0.137,25,2010,1,85.2,1,0,0.223,0,0
145.58,9,0.314,46,1518,1,225.71,0,0,0.257,0,0
765.57,0,0.391,22,2154,3,16.91,1,0,0.417,0,0
20.21,18,0.665,33,465,9,172.64,0,0,0.346,0,0
160.71,19,0.543,68,1955,0,343.49,3,0,0.474,0,0
27.59,9,0.511,49,1397,3,230.71,0,0,0.226,0,0
927.56,3,0.372,66,1166,7,344.54,0,1,0.498,0,1
391.29,10,0.177,37,2547,3,110.4,1,0,0.433,0,0
176.0,12,0.19,26,457,5,402.06,0,0,0.379,0,0
383.92,13,0.411,25,2962,7,341.91,1,0,0.366,0,0
279.76,20,0.489,60,2862,2,186.6,0,0,0.396,1,1
96.73,4,0.206,60,239,2,86.19,0,0,0.407,0,0
384.95,20,0.166,53,785,3,148.29,0,0,0.379,1,0
490.53,15,0.33,20,2506,3,143.24,2,0,0.352,0,0
155.91,16,0.446,72,1472,3,126.73,0,0,0.359,0,0
301.19,17,0.107,45,381,7,78.05,0,1,0.119,0,0
53.78,11,0.07,73,3047,4,227.13,0,0,0.349,0,0
102.37,0,0.122,52,100,2,72.99,2,0,0.31,0,0
222.51,11,0.287,53,2849,5,59.6,0,0,0.179,0,0
236.61,13,0.331,27,3271,6,294.44,1,0,0.519,0,0
87.17,4,0.318,58,1253,6,171.08,2,0,0.332,0,0
270.75,10,0.275,55,184,1,341.09,2,0,0.094,0,0
77.48,3,0.174,63,989,2,57.47,2,0,0.399,0,0
166.37,4,0.196,59,397,3,252.27,2,0,0.105,0,0
63.04,7,0.329,18,1051,5,54.87,0,0,0.44,0,0
106.92,19,0.512,44,3174,3,53.66,1,0,0.076,0,0
909.97,7,0.047,29,992,3,135.96,3,0,0.305,1,1
1056.36,0,0.175,20,1565,4,340.8,1,0,0.318,0,1
434.56,9,0.102,57,3040,2,23.52,2,1,0.285,0,0
129.22,5,0.214,25,3336,2,217.75,1,0,0.275,0,0
343.99,14,0.275,29,704,6,97.17,1,0,0.508,1,1
180.37,17,0.196,18,1239,2,54.5,1,0,0.129,0,0
75.55,9,0.08,59,3496,5,108.1,0,0,0.428,0,0
94.63,3,0.067,50,357,1,109.39,0,1,0.377,0,1
69.47,18,0.413,46,122,3,72.32,2,1,0.457,0,1
78.45,16,0.188,67,1361,5,270.24,0,0,0.452,1,0
151.55,9,0.42,68,1121,2,74.84,1,0,0.511,0,0
415.7,17,0.246,52,1457,5,34.4,1,0,0.407,0,0
412.2,15,0.03,19,3153,5,74.15,2,0,0.413,0,0
106.02,7,0.148,32,1731,3,183.12,0,0,0.261,0,0
77.49,13,0.165,52,2030,3,493.28,3,0,0.73,0,0
29.59,6,0.245,45,1788,6,74.88,3,0,0.419,0,0
37.97,4,0.203,18,714,6,282.77,1,1,0.288,0,1
384.35,23,0.401,35,3571,4,173.7,1,1,0.333,0,1
175.68,21,0.319,30,1777,5,103.6,1,0,0.377,0,0
119.59,12,0.172,36,661,4,126.48,0,0,0.83,0,0
293.39,18,0.316,30,2007,3,198.07,0,0,0.189,0,0
234.72,23,0.391,52,3013,2,28.18,0,0,0.037,0,0
255.33,19,0.395,24,434,5,134.27,1,0,0.161,0,0
276.32,9,0.514,27,2917,9,58.27,0,0,0.588,0,1
143.56,1,0.504,53,356,6,149.22,4,0,0.795,0,0
91.45,18,0.442,58,3360,3,70.21,1,0,0.48,0,0
286.51,20,0.353,50,2079,4,120.74,2,0,0.332,0,1
468.08,10,0.136,68,2639,4,103.56,0,0,0.339,0,0
376.98,12,0.155,24,290,4,138.62,0,0,0.204,0,0
490.31,14,0.172,39,207,11,237.42,1,0,0.196,0,1
91.58,11,0.242,59,2355,1,302.57,2,0,0.223,0,0
38.43,21,0.461,27,1370,2,60.77,0,0,0.573,0,0
237.83,4,0.13,68,2711,4,138.6,1,0,0.22,0,0
140.34,7,0.409,61,1539,5,40.8,1,0,0.328,0,0
239.71,9,0.435,51,1415,6,78.65,2,0,0.358,1,0
83.35,11,0.39,68,33,5,75.25,0,0,0.17,0,1
110.32,23,0.483,36,3192,5,51.15,0,1,0.083,0,0
16.95,20,0.179,71,2578,1,108.43,0,0,0.19,0,0
110.04,16,0.18,69,2836,6,134.37,1,0,0.264,0,0
150.74,6,0.317,59,2751,2,230.03,2,0,0.813,0,0
667.8,9,0.73,38,3450,2,189.7,0,0,0.212,0,0
257.69,1,0.302,74,216,5,32.51,1,0,0.591,0,0
111.2,13,0.273,52,3495,3,169.46,0,0,0.303,0,0
58.88,4,0.537,19,3627,1,73.08,1,0,0.159,0,0
52.35,15,0.32,66,3208,4,104.41,0,0,0.224,0,0
317.08,3,0.744,55,307,5,244.09,1,0,0.43,0,0
112.72,6,0.566,58,219,4,109.36,0,0,0.476,0,0
413.11,19,0.26,63,1902,3,146.13,1,0,0.317,0,0
370.1,4,0.023,26,912,7,46.58,1,0,0.086,0,0
214.88,12,0.106,28,3144,3,85.74,3,1,0.29,0,0
38.59,1,0.064,60,1220,5,144.25,2,0,0.652,0,0
159.37,2,0.307,21,3137,5,228.63,0,1,0.295,0,0
226.04,10,0.372,41,524,8,124.33,0,1,0.305,1,1
112.19,8,0.17,58,197,3,102.53,0,0,0.416,0,0
790.43,12,0.602,65,112,5,42.3,1,0,0.155,0,1
822.25,19,0.311,64,1985,4,415.19,0,0,0.048,0,0
206.62,11,0.2,27,641,3,48.76,0,1,0.654,1,1
284.95,14,0.251,67,811,4,64.7,1,0,0.539,0,1
55.44,12,0.087,36,2260,4,209.17,0,1,0.316,0,0
31.14,15,0.159,27,334,7,292.27,1,0,0.266,0,0
385.79,11,0.306,70,1920,3,188.56,2,0,0.313,1,1
242.62,23,0.389,66,804,2,114.67,0,0,0.486,0,0
44.99,15,0.298,54,2914,5,299.1,0,0,0.233,0,0
88.05,8,0.339,57,3331,6,74.61,1,0,0.228,0,0
767.14,23,0.507,33,2930,4,40.01,0,0,0.088,0,0
238.31,15,0.254,62,923,4,71.63,0,1,0.585,0,1
710.18,16,0.171,62,749,4,80.51,1,0,0.406,0,0
103.25,8,0.146,62,2349,7,209.0,2,0,0.574,0,0
81.64,19,0.3,36,3041,5,114.77,1,0,0.063,0,0
25.32,5,0.3,45,1532,3,164.77,1,1,0.523,0,1
110.5,2,0.517,75,465,3,176.23,0,0,0.202,0,0
77.43,0,0.186,56,574,4,77.32,0,0,0.526,0,0
181.86,0,0.276,75,2047,0,134.75,2,0,0.09,0,0
144.53,10,0.555,45,37,3,107.86,1,0,0.157,0,0
181.69,5,0.129,21,3004,3,97.75,1,0,0.272,0,0
426.69,19,0.553,75,2978,4,97.91,1,0,0.227,1,0
311.72,12,0.06,19,3573,4,180.03,1,0,0.128,0,0
591.2,3,0.247,46,3125,1,1073.96,0,0,0.775,0,0
67.16,14,0.333,46,3173,6,141.24,0,0,0.596,0,0
390.66,17,0.446,72,2267,5,745.34,2,0,0.341,0,0
154.38,12,0.249,39,2122,3,166.68,0,1,0.132,0,0
145.97,15,0.045,71,1361,1,86.69,0,0,0.137,0,0
48.36,23,0.057,55,3208,6,298.78,1,0,0.185,0,0
56.51,11,0.302,29,1227,2,169.64,0,0,0.603,1,0
132.85,11,0.449,30,1539,4,25.23,0,0,0.63,0,0
1152.64,15,0.407,19,2336,1,11.15,1,1,0.382,0,1
221.22,20,0.099,27,430,3,114.82,0,0,0.515,0,0
1554.76,11,0.207,73,1449,3,168.52,1,0,0.063,0,0
92.75,10,0.064,23,2747,2,191.17,2,0,0.774,0,0
139.19,2,0.219,53,2964,3,64.53,2,0,0.236,0,0
91.55,19,0.153,40,3026,5,132.7,1,0,0.208,0,0
685.53,14,0.143,72,2115,12,44.32,0,0,0.184,0,1
17.69,15,0.253,39,3130,3,178.5,1,0,0.363,0,0
608.46,2,0.177,65,1073,2,223.72,0,1,0.315,0,0
407.41,21,0.114,53,3335,3,158.7,1,0,0.157,0,0
158.3,13,0.384,59,57,7,286.57,2,0,0.129,0,1
243.4,10,0.729,28,1383,5,77.9,0,0,0.335,0,1
194.5,23,0.139,26,3131,4,86.41,0,0,0.176,0,0
222.23,13,0.101,68,1279,2,310.73,1,0,0.252,0,0
37.23,11,0.405,26,1470,2,220.15,0,0,0.459,0,0
184.32,18,0.097,32,50,7,77.94,0,0,0.253,0,0
597.33,8,0.283,29,2862,5,34.32,0,0,0.312,0,0
153.24,4,0.187,60,2462,3,30.61,1,1,0.242,0,0
133.44,12,0.092,60,260,3,88.59,1,0,0.26,0,0
117.87,14,0.379,38,2683,4,89.84,1,0,0.42,0,0
406.44,11,0.319,48,690,6,209.26,1,0,0.31,0,0
144.39,11,0.534,42,2850,5,32.9,3,0,0.105,0,0
196.17,5,0.176,40,887,4,68.23,2,0,0.344,0,0
109.72,3,0.415,19,2984,3,170.96,0,1,0.565,0,1
120.04,10,0.313,31,1503,1,67.36,0,0,0.229,0,0
39.09,17,0.397,21,3023,3,117.48,1,0,0.63,0,0
781.53,10,0.115,64,2404,3,32.83,0,0,0.343,0,0
58.09,19,0.373,31,313,6,118.12,2,0,0.123,0,0
447.59,20,0.467,37,1923,7,125.83,2,0,0.532,0,1
156.79,13,0.32,53,2169,3,70.72,0,1,0.128,1,0
628.77,6,0.066,57,782,4,166.74,0,0,0.36,0,0
293.35,20,0.065,67,3562,1,123.43,1,0,0.192,0,0
223.24,22,0.592,28,384,4,330.98,0,1,0.201,0,1
74.58,19,0.216,28,201,2,64.17,1,0,0.35,0,0
44.39,15,0.61,73,670,3,993.23,0,0,0.435,1,0
308.74,20,0.28,59,1645,1,76.19,1,0,0.389,0,0
101.98,13,0.235,46,204,4,126.3,1,1,0.479,0,0
468.14,4,0.455,51,273,4,189.23,0,0,0.316,0,0
71.22,3,0.027,21,2705,9,112.03,1,0,0.387,1,1
260.84,17,0.551,36,2748,1,157.93,2,0,0.434,0,0
584.37,6,0.041,49,2137,5,84.45,3,0,0.31,0,0
105.73,20,0.29,18,1320,6,90.96,0,0,0.271,0,0
28.8,8,0.371,21,108,2,101.19,2,0,0.696,1,1
56.96,15,0.519,24,1868,5,88.12,0,0,0.775,0,0
346.11,0,0.075,67,3535,4,130.72,0,0,0.459,0,0
178.51,19,0.043,64,2715,5,97.7,1,0,0.396,0,0
78.39,13,0.175,33,1019,2,226.23,0,0,0.36,0,0
44.56,23,0.133,48,1081,2,77.41,0,1,0.286,0,0
172.48,5,0.165,67,2420,4,56.29,0,0,0.254,0,0
55.3,4,0.235,42,3520,3,87.54,1,0,0.239,0,0
106.56,3,0.286,44,1656,6,237.71,0,0,0.344,0,0
201.83,9,0.436,71,3596,6,67.05,0,0,0.478,0,0
126.39,4,0.206,44,1720,3,28.36,2,0,0.502,0,0
92.84,20,0.271,60,1876,4,112.18,1,0,0.479,0,0
92.9,15,0.153,37,1282,4,110.98,0,0,0.29,0,0
82.32,18,0.127,40,158,8,92.42,0,0,0.315,0,0
126.66,17,0.041,64,2509,5,219.1,1,0,0.586,1,0
86.69,6,0.444,56,3154,4,148.77,0,1,0.021,0,0
89.12,1,0.253,74,351,5,80.36,0,0,0.11,0,0
1318.3,12,0.083,42,2060,6,34.75,0,0,0.175,0,0
294.57,11,0.454,37,2928,3,118.12,1,0,0.439,0,0
49.81,8,0.61,67,380,8,81.76,0,0,0.411,0,0
55.96,7,0.209,40,2369,3,53.95,0,0,0.506,0,0
171.66,3,0.303,19,542,3,124.76,0,0,0.276,1,1
243.14,10,0.337,47,814,5,243.5,0,0,0.259,0,0
432.84,15,0.3,73,3306,6,114.01,0,0,0.29,0,0
180.59,5,0.031,51,812,1,208.13,2,0,0.459,1,0
189.42,14,0.286,24,1043,4,85.88,1,0,0.266,0,0
42.34,15,0.276,61,1740,5,744.94,1,0,0.192,0,0
109.33,12,0.046,73,1124,6,98.38,2,0,0.208,0,0
281.11,19,0.382,43,2773,5,72.78,1,0,0.067,0,0
68.72,16,0.03,53,2617,4,190.21,2,0,0.189,0,0
83.9,15,0.251,66,2256,10,157.99,1,0,0.503,0,0
50.14,12,0.292,48,2256,4,176.63,0,0,0.503,0,0
38.99,9,0.401,41,2855,6,96.66,1,0,0.645,0,0
68.18,3,0.573,53,473,5,270.89,0,0,0.054,0,0
370.7,14,0.129,73,1031,3,86.35,3,0,0.313,0,0
292.64,2,0.171,65,3391,2,441.17,1,0,0.256,1,1
86.51,21,0.07,74,3069,7,169.87,0,0,0.556,0,0
32.0,5,0.407,73,1935,1,116.28,0,0,0.063,1,0
73.14,16,0.451,39,2587,6,313.0,0,0,0.435,0,1
674.15,3,0.378,23,499,7,145.19,3,1,0.038,0,0
634.85,8,0.516,25,2958,2,78.77,0,0,0.442,0,0
101.7,23,0.167,49,1138,7,106.76,1,0,0.319,0,0
211.81,18,0.11,32,821,6,154.3,0,0,0.549,0,0
165.57,6,0.273,57,1730,6,466.3,1,1,0.162,0,0
122.44,8,0.508,46,2090,7,73.02,0,0,0.188,1,0
166.61,8,0.278,23,3346,4,221.3,2,0,0.756,0,1
296.7,17,0.205,49,1512,2,324.8,0,0,0.117,0,0
437.05,16,0.277,26,1609,2,129.86,1,0,0.276,0,0
188.71,4,0.239,67,2562,8,75.69,0,0,0.431,0,1
212.61,9,0.446,39,2234,8,34.47,0,0,0.594,0,0
18.47,3,0.446,39,1588,1,101.14,2,0,0.313,0,0
29.04,22,0.158,56,435,2,149.92,1,1,0.304,0,0
35.03,16,0.42,40,2861,4,122.53,3,0,0.315,0,0
425.66,20,0.129,45,3614,5,137.08,1,0,0.109,0,0
37.43,11,0.445,37,2568,8,69.72,0,0,0.215,0,0
539.5,0,0.218,23,304,6,198.42,0,0,0.002,0,1
904.33,23,0.255,69,2888,6,149.25,1,0,0.374,0,0
576.27,1,0.358,43,3233,4,380.54,2,0,0.285,0,0
89.75,4,0.087,70,3609,3,275.67,1,0,0.285,0,1
173.66,8,0.355,27,625,3,187.18,1,0,0.21,0,0
40.66,10,0.256,37,2504,5,110.07,3,0,0.091,0,0
63.76,3,0.133,47,3472,1,155.84,0,0,0.073,0,0
123.58,0,0.15,51,1661,6,167.55,3,0,0.056,0,0
702.16,23,0.173,70,1150,3,60.79,0,0,0.518,0,0
62.58,6,0.534,47,2735,5,41.1,1,0,0.172,0,0
31.11,10,0.507,41,378,3,203.12,1,0,0.584,0,0
139.46,14,0.191,50,912,7,51.12,0,1,0.235,0,0
16.83,16,0.184,69,534,7,71.3,1,0,0.266,0,0
8.74,7,0.48,66,3515,3,146.08,1,1,0.305,0,0
181.48,11,0.506,37,864,5,174.71,1,0,0.113,0,1
85.16,7,0.342,27,2943,6,102.8,1,1,0.123,0,0
295.03,23,0.178,54,2121,3,129.2,0,0,0.187,0,0
283.92,11,0.056,22,1280,3,107.85,0,1,0.352,0,0
256.16,5,0.236,51,197,1,196.43,0,1,0.47,0,0
128.12,1,0.333,49,2522,5,118.21,2,0,0.049,0,0
126.59,0,0.299,61,319,4,28.09,0,1,0.219,0,0
502.19,19,0.048,33,1846,7,75.87,1,0,0.107,0,0
37.83,1,0.147,36,1380,6,95.78,1,0,0.272,1,0
180.89,19,0.361,21,1851,3,130.41,0,0,0.408,0,0
240.34,17,0.064,39,100,2,119.24,0,0,0.098,0,0
63.67,23,0.128,46,2717,3,352.48,1,0,0.302,0,0
21.77,10,0.591,19,1686,6,219.51,1,0,0.15,0,0
350.03,1,0.395,37,1154,6,181.27,2,0,0.175,1,1
199.97,14,0.214,36,807,6,289.3,1,0,0.446,0,0
75.25,17,0.497,42,1992,6,476.72,0,0,0.008,0,0
389.71,17,0.45,64,3024,3,81.04,1,0,0.394,0,0
468.56,1,0.481,72,2969,6,117.33,0,0,0.282,0,0
63.28,19,0.079,38,3515,4,152.45,1,1,0.342,1,1
99.12,2,0.167,52,1962,3,157.41,1,0,0.284,0,0
296.76,1,0.332,38,2675,2,318.21,0,0,0.415,0,0
489.07,7,0.184,31,1588,5,37.97,0,0,0.455,0,0
49.09,3,0.029,72,1466,4,205.57,1,0,0.238,0,0
141.19,17,0.062,69,1537,4,181.0,0,1,0.248,0,0
99.91,9,0.245,74,1729,5,61.99,0,1,0.141,1,1
156.16,18,0.494,40,2131,3,41.18,0,0,0.702,0,1
423.57,0,0.271,65,1218,4,45.54,0,0,0.403,0,0
6.23,4,0.444,55,2302,6,820.58,0,0,0.555,0,0
97.99,5,0.295,44,2954,5,392.88,0,1,0.268,0,0
160.55,10,0.146,29,1891,5,416.68,1,0,0.109,0,0
11.83,9,0.366,63,3606,3,280.07,0,1,0.702,0,0
204.99,21,0.273,69,1336,4,59.24,0,0,0.569,0,0
96.39,16,0.142,57,1946,3,105.39,1,1,0.395,0,0
140.12,0,0.446,37,1856,4,164.52,3,0,0.11,0,0
72.81,21,0.119,47,1393,5,102.4,2,0,0.414,0,0
64.69,6,0.105,51,3334,6,81.3,0,0,0.733,0,0
208.2,6,0.263,40,2997,2,113.94,1,0,0.504,0,0
491.09,11,0.142,34,3428,4,69.25,0,0,0.206,0,0
262.96,18,0.171,38,585,2,158.68,1,0,0.191,0,0
507.76,8,0.114,26,3135,3,378.83,0,0,0.108,0,0
325.06,16,0.351,62,2438,4,109.62,1,0,0.235,0,0
47.32,21,0.169,33,1570,1,88.82,2,0,0.452,0,0
97.42,8,0.235,24,2434,1,32.88,0,0,0.237,0,0
86.56,15,0.08,47,811,4,36.46,2,0,0.427,0,0
116.87,12,0.261,73,3638,6,67.08,1,0,0.437,0,0
104.66,22,0.299,41,2219,4,110.7,0,0,0.191,0,0
542.94,5,0.303,38,2810,4,400.98,0,0,0.056,0,0
1182.35,4,0.128,28,1879,3,53.96,1,0,0.373,0,1
243.89,23,0.386,53,1829,1,68.42,0,1,0.235,0,0
55.07,20,0.302,31,51,3,99.25,1,0,0.142,0,0
1364.82,3,0.397,26,2607,3,151.85,0,1,0.405,0,1
143.35,9,0.375,19,2901,3,100.5,1,0,0.321,0,0
23.55,17,0.275,53,1332,3,118.26,3,0,0.15,0,0
70.88,20,0.324,36,696,2,182.43,1,0,0.387,1,0
159.63,8,0.084,61,2972,2,80.84,3,1,0.202,0,1
38.69,9,0.074,23,2853,3,87.93,0,0,0.103,0,0
314.8,6,0.184,26,3164,3,71.92,1,0,0.388,0,0
172.24,1,0.305,23,1142,2,315.19,2,0,0.214,0,0
37.9,12,0.463,51,2042,2,119.7,3,0,0.351,0,1
28.36,5,0.388,31,566,6,329.57,1,0,0.334,0,0
46.69,7,0.235,50,2125,8,127.96,0,1,0.145,0,0
81.73,16,0.455,47,1802,3,162.39,1,0,0.425,0,1
217.31,6,0.146,25,1551,5,53.22,2,0,0.533,0,0
19.26,13,0.137,21,3167,7,360.65,0,0,0.387,0,0
88.45,10,0.375,48,2939,6,1164.81,0,1,0.416,1,1
117.43,3,0.113,59,1734,6,210.36,1,0,0.094,0,0
73.01,3,0.295,53,3271,2,36.53,1,0,0.285,1,0
129.1,0,0.213,42,2262,4,150.12,1,0,0.486,0,0
45.81,17,0.347,68,36,2,164.96,1,0,0.088,0,0
74.46,23,0.278,58,575,5,58.04,0,0,0.488,0,0
102.98,3,0.459,69,3144,5,51.08,0,0,0.269,0,0
135.57,12,0.118,43,405,7,120.89,1,0,0.65,0,0
731.07,7,0.439,74,3539,4,111.29,0,0,0.456,0,0
155.4,3,0.135,51,1770,4,152.99,1,0,0.256,0,0
340.16,6,0.193,71,1671,3,85.09,0,0,0.04,0,0
85.38,17,0.329,30,862,4,44.17,0,0,0.016,0,0
93.89,18,0.05,71,480,5,288.99,0,0,0.144,0,1
218.85,12,0.318,68,622,6,145.38,1,0,0.13,0,0
487.37,17,0.408,55,928,6,82.55,0,1,0.11,0,0
79.3,18,0.132,47,2320,2,164.7,0,0,0.717,0,0
90.82,13,0.45,50,3516,4,73.69,2,1,0.188,0,0
592.45,2,0.117,55,2013,5,103.86,1,0,0.058,1,1
75.11,0,0.069,52,201,3,80.59,0,0,0.198,0,0
441.85,23,0.19,60,72,3,262.19,1,0,0.543,0,0
794.23,7,0.185,63,1678,6,113.78,0,0,0.202,0,0
93.42,22,0.172,58,1086,3,60.79,2,0,0.436,0,0
48.59,22,0.234,33,689,6,38.62,0,0,0.224,0,0
102.24,15,0.343,68,3452,5,159.27,1,1,0.224,0,0
148.75,0,0.071,50,3138,5,68.9,3,0,0.358,0,0
495.71,6,0.139,66,639,2,72.42,0,0,0.429,0,0
69.18,10,0.336,45,1307,6,115.11,0,1,0.089,0,0
656.71,20,0.312,30,3286,7,159.87,1,0,0.571,0,0
22.6,19,0.398,63,2729,5,558.26,0,0,0.293,0,0
101.03,9,0.45,56,3505,4,57.72,0,1,0.242,0,0
136.92,5,0.44,46,3422,5,181.85,0,0,0.729,0,1
179.81,17,0.346,56,2181,3,143.7,1,0,0.158,0,0
69.93,23,0.312,37,1010,7,161.28,0,1,0.456,0,0
259.77,6,0.438,66,3354,2,233.46,0,0,0.484,0,0
232.44,6,0.064,72,450,8,202.19,0,1,0.668,1,1
115.49,5,0.31,48,3637,1,50.39,0,0,0.332,0,0
371.84,9,0.488,43,1560,1,23.26,0,1,0.6,0,0
198.95,13,0.272,42,780,3,127.0,0,0,0.224,0,0
92.65,13,0.462,48,2045,4,355.96,0,0,0.049,0,0
93.26,16,0.112,56,2229,4,61.21,1,0,0.439,0,0
97.1,2,0.654,29,1458,2,493.52,1,0,0.296,0,0
229.18,20,0.537,31,999,1,138.52,0,1,0.105,0,0
119.63,7,0.237,48,1191,0,810.88,0,0,0.216,0,0
61.57,7,0.309,29,2769,4,110.37,1,0,0.559,0,0
102.51,5,0.3,47,882,3,23.58,0,0,0.355,0,0
104.43,21,0.273,69,3264,4,78.53,0,0,0.52,0,1
17.26,3,0.309,21,3109,2,273.96,0,0,0.151,0,0
82.87,5,0.214,68,2770,6,80.56,0,0,0.397,0,0
84.24,1,0.082,56,1202,6,70.19,3,0,0.695,1,1
1066.93,18,0.154,68,576,2,199.17,0,0,0.275,0,0
82.33,20,0.317,59,2418,3,53.65,0,0,0.162,0,0
118.98,12,0.229,29,2401,4,86.07,1,1,0.476,0,0
164.97,14,0.427,58,955,4,13.02,0,0,0.403,0,0
325.64,15,0.11,54,1522,5,421.51,0,1,0.515,0,0
424.94,14,0.138,26,2880,2,257.3,1,0,0.106,0,0
94.96,3,0.795,62,2419,6,105.21,2,0,0.272,0,0
299.22,11,0.198,40,746,7,98.06,0,0,0.181,0,0
123.36,10,0.079,40,2916,5,72.34,0,0,0.315,0,0
196.19,3,0.274,29,2542,3,37.13,1,0,0.082,0,0
68.46,12,0.139,34,1613,8,74.07,0,0,0.158,0,0
81.58,2,0.383,70,2271,0,91.53,1,0,0.027,0,0
84.76,1,0.492,29,357,5,112.66,0,0,0.369,0,0
80.85,3,0.247,75,3484,3,87.67,1,1,0.507,0,1
126.68,0,0.043,27,1720,5,277.24,1,0,0.802,0,0
321.08,11,0.125,63,2664,6,81.81,0,0,0.226,0,0
98.68,18,0.401,31,331,6,80.77,1,1,0.422,0,0
76.91,14,0.202,60,829,5,104.37,1,0,0.463,0,0
209.87,2,0.381,60,3136,6,294.62,1,0,0.278,0,0
373.08,19,0.235,67,2267,2,345.9,0,0,0.314,0,0
238.03,16,0.243,36,2001,4,275.33,0,1,0.66,0,0
53.8,20,0.238,39,3267,4,87.45,1,1,0.126,0,0
53.9,6,0.056,44,2514,3,144.96,1,1,0.113,1,1
91.51,13,0.237,21,1750,5,57.81,0,0,0.179,0,0
118.43,21,0.408,32,505,5,114.88,3,0,0.294,1,1
33.6,7,0.082,58,879,2,53.3,1,0,0.2,0,0
151.17,4,0.075,21,1459,5,80.53,1,0,0.161,0,0
2333.72,17,0.134,33,1202,8,40.42,2,0,0.19,0,0
232.23,13,0.579,44,628,4,297.51,1,0,0.147,0,0
440.96,16,0.534,46,1848,7,341.32,0,0,0.383,0,0
81.96,12,0.279,71,1371,4,55.94,1,0,0.325,0,0
350.58,17,0.153,27,122,6,136.34,1,1,0.196,0,0
354.65,18,0.501,33,2252,2,74.48,0,0,0.307,0,0
263.42,11,0.499,18,35,4,230.26,0,0,0.448,0,0
38.63,0,0.41,33,1623,6,130.09,0,1,0.351,0,1
359.12,3,0.269,61,916,3,57.83,0,0,0.109,0,0
132.75,1,0.18,30,1006,2,26.88,1,0,0.73,0,0
83.88,18,0.26,46,554,5,76.7,0,0,0.579,0,0
136.71,14,0.508,35,3078,4,141.48,0,0,0.631,1,0
761.89,5,0.068,20,542,5,29.43,2,1,0.542,0,0
87.27,18,0.342,53,319,3,223.47,0,1,0.688,0,0
102.18,4,0.165,58,460,3,36.1,2,0,0.33,1,0
386.77,4,0.233,39,827,2,152.94,0,0,0.136,0,0
146.34,1,0.255,44,2027,2,338.92,0,0,0.414,0,0
64.37,12,0.048,75,2763,5,304.99,1,0,0.289,0,0
694.54,4,0.235,51,1786,4,92.57,0,0,0.378,0,0
85.78,18,0.309,41,1631,3,110.21,0,0,0.348,0,0
76.09,18,0.695,45,218,4,173.14,0,0,0.388,0,0
43.85,0,0.115,30,2849,1,409.39,2,0,0.143,0,0
56.0,21,0.255,71,1074,3,580.35,0,0,0.187,0,0
199.79,4,0.427,62,590,4,22.88,0,0,0.114,0,0
209.08,9,0.831,51,54,8,119.84,1,0,0.327,0,0
98.26,11,0.34,69,3130,6,174.97,2,0,0.081,0,0
41.25,12,0.069,23,2813,5,192.67,1,0,0.166,0,0
507.24,9,0.577,74,2089,3,350.03,0,0,0.447,0,0
43.45,10,0.267,36,779,4,157.6,1,0,0.131,0,0
84.64,10,0.125,23,1585,7,65.99,2,0,0.448,0,0
80.75,23,0.271,67,3215,5,152.54,0,0,0.316,0,0
901.76,4,0.332,39,2701,3,125.0,2,0,0.425,0,1
149.17,16,0.536,74,2741,7,87.81,1,0,0.225,0,0
148.91,0,0.231,73,2479,3,418.72,1,0,0.058,0,0
106.61,4,0.151,73,1473,2,62.53,1,0,0.18,1,0
416.74,12,0.509,50,2715,1,75.92,0,0,0.317,0,0
29.62,12,0.043,32,1967,5,73.82,1,0,0.576,0,0
262.74,4,0.209,22,2606,3,48.4,0,0,0.035,0,0
77.37,2,0.195,26,2758,4,25.44,1,0,0.307,0,0
486.57,17,0.166,73,1999,7,94.16,0,1,0.116,1,0
646.15,12,0.548,29,2060,1,80.76,2,0,0.291,0,0
109.56,11,0.454,34,349,4,294.8,0,1,0.319,0,1
92.64,19,0.566,75,3383,4,241.14,1,1,0.289,0,1
54.58,15,0.213,59,2559,2,118.82,0,0,0.132,0,0
302.57,7,0.481,54,1656,3,116.16,2,1,0.125,0,0
44.96,8,0.259,60,1509,3,48.74,0,0,0.457,0,0
766.64,9,0.304,71,3066,4,93.7,1,0,0.129,0,0
213.5,15,0.289,22,3201,3,143.86,0,0,0.098,0,0
60.12,15,0.166,25,3543,3,54.22,1,0,0.441,0,0
57.64,14,0.121,25,1863,3,67.57,0,0,0.041,0,0
92.18,12,0.368,25,605,2,88.36,2,1,0.459,0,0
49.47,21,0.335,44,2287,6,163.67,2,0,0.64,0,1
232.9,3,0.108,35,907,2,128.59,3,0,0.538,0,0
223.75,12,0.505,25,2536,4,230.95,0,0,0.114,0,0
24.87,20,0.38,25,2779,4,44.6,1,0,0.125,0,0
173.33,18,0.28,67,3550,5,74.91,3,1,0.324,0,0
143.31,9,0.092,55,1248,3,155.64,2,0,0.453,0,0
188.4,12,0.402,21,3005,2,98.92,0,1,0.226,0,0
569.88,14,0.36,24,1847,3,65.11,0,0,0.186,0,0
5.81,11,0.425,70,3146,2,111.74,1,0,0.226,1,0
169.2,11,0.191,18,3243,3,121.89,0,0,0.581,0,0
196.23,12,0.293,27,2039,2,302.0,0,0,0.453,0,0
73.08,19,0.175,74,2281,7,178.43,2,0,0.447,0,0
67.3,11,0.293,61,3414,1,64.68,0,0,0.537,0,1
132.32,23,0.476,56,1995,5,49.71,1,0,0.39,0,0
69.51,20,0.231,48,3148,3,105.09,1,0,0.596,0,1
185.53,1,0.128,42,556,6,119.29,3,0,0.274,0,0
525.16,5,0.012,29,2192,6,147.71,2,1,0.174,0,0
802.03,1,0.38,48,3493,2,311.73,0,0,0.369,0,0
162.85,13,0.491,26,596,3,46.57,0,1,0.041,0,0
330.28,16,0.479,29,654,2,202.92,0,0,0.436,1,0
212.4,21,0.199,28,3099,5,64.41,2,0,0.193,0,0
305.36,17,0.458,22,2767,2,302.1,1,0,0.551,0,0
43.08,8,0.765,27,2589,1,43.04,1,0,0.094,1,1
306.46,9,0.446,56,2631,2,362.61,1,1,0.691,1,1
61.26,9,0.443,24,3033,2,127.17,1,1,0.415,0,0
78.61,6,0.121,28,1901,5,108.18,2,0,0.267,0,0
128.46,15,0.263,44,1268,5,171.52,2,0,0.263,0,0
183.68,7,0.17,34,2316,3,242.02,1,0,0.819,0,0
256.53,1,0.375,72,645,4,57.96,2,0,0.344,0,0
657.94,1,0.238,67,702,2,120.44,1,0,0.464,0,0
473.14,4,0.118,72,2397,5,86.5,2,0,0.471,1,1
35.16,5,0.303,74,2679,6,88.47,0,0,0.406,0,1
358.31,10,0.1,19,3488,3,387.52,0,1,0.364,0,0
25.06,17,0.311,65,838,3,162.79,0,0,0.498,0,0
1012.69,19,0.361,54,746,6,139.88,0,1,0.292,0,1
43.4,16,0.244,68,1629,2,220.2,0,0,0.256,0,0
173.08,14,0.088,32,3097,4,262.95,0,0,0.388,1,0
94.11,2,0.272,43,3179,2,109.69,1,1,0.336,0,0
100.78,22,0.397,54,3361,6,148.31,1,0,0.655,0,1
266.48,15,0.385,42,1697,5,104.94,0,1,0.417,0,0
143.31,19,0.508,26,1479,6,105.22,1,0,0.433,0,1
66.34,22,0.203,68,1853,2,53.77,1,0,0.536,0,0
205.3,6,0.179,68,2330,2,231.57,1,0,0.615,0,0
172.1,10,0.176,51,414,3,106.83,0,0,0.309,0,0
438.36,7,0.22,28,1113,3,114.04,0,0,0.151,0,0
503.12,11,0.631,40,3305,6,94.43,0,0,0.302,1,1
109.6,4,0.072,53,1261,5,61.05,0,0,0.034,1,0
116.57,1,0.214,57,1455,2,66.53,0,0,0.329,0,0
992.16,2,0.144,48,2695,3,78.61,2,0,0.668,0,0
72.46,9,0.33,54,1484,0,108.81,1,1,0.219,0,0
614.31,18,0.334,73,3440,5,284.07,1,0,0.374,0,0
153.55,10,0.242,54,638,6,108.8,0,0,0.432,0,0
82.28,21,0.312,27,2036,6,34.68,1,0,0.06,0,1
48.84,9,0.172,70,2825,2,152.84,0,0,0.297,0,0
373.91,12,0.097,65,3577,2,55.51,1,0,0.223,0,0
39.07,16,0.216,55,2294,3,35.33,0,1,0.177,0,0
127.07,19,0.139,75,486,2,283.84,0,0,0.164,0,0
83.78,6,0.521,73,177,4,241.74,0,0,0.678,0,0
57.1,20,0.385,64,433,1,104.34,1,0,0.536,0,0
101.87,2,0.705,54,652,3,40.48,1,0,0.167,0,0
561.91,11,0.422,32,2578,5,84.88,0,0,0.383,0,1
1795.43,18,0.467,44,1805,11,165.9,1,0,0.102,1,1
66.53,18,0.207,34,457,6,151.39,0,0,0.335,0,0
372.1,18,0.219,53,2928,6,103.94,2,0,0.36,0,0
338.08,10,0.217,27,3541,5,134.79,3,0,0.112,0,0
446.22,23,0.31,67,226,0,68.31,2,0,0.345,0,0
339.38,12,0.547,54,162,4,70.26,0,0,0.125,0,0
175.57,21,0.281,39,2810,3,182.91,1,0,0.548,1,0
47.42,12,0.366,51,2846,5,173.42,0,0,0.063,0,0
126.08,23,0.502,34,3492,4,79.31,1,1,0.591,0,1
86.19,9,0.262,69,2785,8,121.54,0,0,0.554,0,0
6.19,18,0.733,33,2543,2,26.99,0,0,0.48,1,0
619.47,23,0.577,75,2342,2,109.78,0,0,0.531,0,0
12.21,21,0.581,43,1593,3,147.38,2,0,0.399,0,0
738.29,19,0.398,37,1343,4,356.76,2,1,0.446,0,0
809.53,14,0.297,75,1370,5,212.65,2,0,0.335,0,0
301.3,22,0.379,27,1656,4,195.59,0,0,0.369,0,0
20.85,5,0.106,70,2250,4,60.76,0,0,0.288,0,0
331.0,3,0.215,49,1974,5,57.4,1,0,0.16,0,1
152.66,6,0.219,50,1366,3,207.76,0,0,0.175,0,0
57.17,14,0.149,18,2995,0,30.97,0,0,0.216,1,1
184.31,8,0.057,54,142,0,480.25,0,0,0.225,0,0
144.67,12,0.566,25,906,1,76.8,0,0,0.133,0,0
48.44,16,0.036,41,3256,5,167.17,2,0,0.276,0,0
80.82,2,0.053,43,1264,3,92.14,0,0,0.227,0,0
93.71,23,0.222,23,440,1,226.29,0,0,0.356,0,0
391.34,7,0.272,20,1875,4,75.79,1,0,0.544,0,0
318.63,4,0.33,21,1448,4,42.99,0,1,0.069,0,0
129.74,5,0.311,21,1354,4,23.46,1,0,0.175,0,0
203.86,22,0.272,45,1635,7,118.4,0,0,0.405,0,0
1161.53,16,0.486,41,2016,2,54.27,2,0,0.183,1,1
91.35,22,0.135,37,998,4,110.26,2,0,0.311,0,0
62.73,2,0.335,35,2771,6,28.5,0,0,0.357,0,1
165.57,22,0.156,37,2254,7,155.67,1,0,0.228,0,0
103.39,10,0.251,24,1849,7,315.15,0,0,0.313,0,0
310.69,2,0.015,47,2321,3,157.02,0,0,0.547,0,0
102.45,17,0.3,35,1587,6,30.57,2,0,0.189,1,0
250.44,13,0.129,72,2747,5,155.8,0,0,0.279,0,0
27.98,9,0.11,69,156,7,41.83,0,0,0.385,0,0
402.75,13,0.236,43,2089,2,333.5,0,0,0.008,0,0
384.86,23,0.277,40,1357,2,94.85,0,0,0.215,0,0
193.17,3,0.102,24,1282,4,53.57,1,0,0.574,0,0
107.12,3,0.427,39,1725,4,122.91,0,0,0.437,0,0
269.09,18,0.133,68,801,6,153.73,2,0,0.394,0,1
894.15,16,0.091,43,3010,3,123.43,0,0,0.134,0,0
185.8,9,0.494,26,725,5,83.73,1,0,0.703,0,0
248.4,20,0.423,47,1994,3,294.21,1,1,0.177,1,1
358.22,0,0.069,54,810,5,130.64,1,1,0.533,0,0
124.34,10,0.256,60,300,2,29.56,0,0,0.404,0,0
93.82,15,0.342,42,1536,4,143.31,2,0,0.368,0,0
36.65,17,0.364,18,2869,12,192.54,2,1,0.587,0,0
274.11,18,0.497,44,1057,4,219.2,0,0,0.121,0,0
80.29,11,0.19,28,1853,4,235.68,0,0,0.241,0,0
53.69,5,0.376,43,250,3,233.38,1,0,0.241,0,0
328.41,6,0.253,25,443,5,406.94,2,0,0.381,0,0
31.54,4,0.376,56,1020,5,104.59,0,0,0.4,0,0
800.32,5,0.166,27,1263,4,717.33,3,0,0.19,0,0
96.11,1,0.095,38,1009,2,85.15,0,0,0.486,0,0
48.71,20,0.476,62,2401,12,64.18,0,1,0.25,0,0
293.55,8,0.251,49,846,5,140.77,1,0,0.367,0,0
226.28,1,0.059,35,3017,2,39.72,1,1,0.181,0,0
71.55,23,0.297,36,2836,6,129.92,0,0,0.098,0,0
53.81,6,0.083,38,2754,4,39.18,1,1,0.59,0,0
212.25,4,0.432,27,2190,4,203.81,0,0,0.388,0,0
265.03,21,0.344,55,1536,2,120.3,0,0,0.367,0,0
288.97,22,0.711,56,452,6,125.37,2,0,0.224,0,1
69.63,7,0.377,55,1547,2,94.92,0,0,0.73,0,0
345.78,20,0.584,56,3581,6,72.94,1,1,0.241,0,0
124.22,1,0.158,30,229,3,257.07,0,1,0.257,0,0
242.72,10,0.131,19,2830,8,371.19,0,0,0.204,0,0
1103.34,21,0.231,51,588,0,195.81,0,1,0.508,0,1
621.02,14,0.313,60,1538,4,153.42,1,0,0.697,0,1
512.32,10,0.478,46,2129,3,218.3,2,0,0.408,0,0
350.18,3,0.443,74,180,5,66.67,0,1,0.267,0,0
334.46,4,0.237,75,844,4,72.65,2,0,0.109,0,0
139.2,22,0.035,22,916,5,101.45,1,0,0.121,0,0
219.31,15,0.346,75,482,5,55.44,0,1,0.164,0,0
160.35,1,0.18,71,1166,5,342.15,2,0,0.322,0,1
66.14,12,0.361,24,2753,3,105.89,4,1,0.649,0,1
128.83,5,0.092,52,2979,3,79.38,0,0,0.541,0,0
314.54,9,0.419,18,501,4,34.21,0,1,0.175,0,1
742.13,23,0.518,69,1279,10,152.59,2,0,0.243,0,0
31.29,4,0.22,51,3387,6,106.63,0,0,0.585,0,0
146.0,7,0.132,67,1851,3,90.65,0,0,0.531,0,0
107.62,21,0.481,27,2876,6,250.94,0,0,0.706,0,0
77.37,4,0.372,58,2003,4,78.6,0,0,0.404,0,0
171.01,2,0.31,69,3249,3,465.46,0,0,0.383,0,0
54.96,23,0.165,64,301,4,203.67,0,0,0.452,0,0
343.56,6,0.275,55,3145,4,198.53,1,1,0.173,0,0
53.18,1,0.2,37,1093,1,189.67,2,0,0.262,0,1
558.51,3,0.123,60,670,5,645.46,0,0,0.379,0,0
112.04,8,0.421,55,1570,3,154.56,0,0,0.165,0,0
37.35,5,0.605,62,499,2,154.71,1,0,0.464,0,0
168.39,21,0.483,19,1938,5,550.12,0,0,0.189,0,0
326.06,7,0.071,64,970,4,91.75,2,1,0.208,0,0
19.1,1,0.312,71,2688,7,25.57,3,0,0.243,0,0
323.23,2,0.209,47,1150,8,122.1,1,1,0.171,0,0
37.65,15,0.371,34,2895,2,425.0,1,0,0.58,0,0
147.45,5,0.144,37,2553,3,111.78,1,0,0.367,0,0
989.59,22,0.125,38,2612,5,147.76,3,0,0.106,0,0
83.62,1,0.289,75,928,2,64.74,0,0,0.223,0,0
758.89,0,0.393,56,2386,5,61.06,0,1,0.106,0,1
13.59,3,0.388,40,3181,5,266.72,1,1,0.46,0,1
296.81,16,0.245,48,2658,3,141.04,0,0,0.315,0,0
586.66,3,0.144,44,2044,3,215.8,1,0,0.067,1,1
8.11,6,0.223,29,68,1,216.36,0,0,0.154,0,0
337.83,22,0.51,62,2699,2,87.0,0,0,0.194,0,0
137.13,12,0.176,43,1797,7,73.98,1,0,0.621,0,0
30.87,18,0.347,74,2391,2,703.52,1,0,0.241,0,0
10.64,2,0.414,59,2567,1,184.25,0,0,0.305,0,1
61.1,8,0.134,45,1705,4,119.59,1,0,0.337,0,0
56.09,0,0.21,62,3391,2,78.32,0,1,0.579,0,0
121.33,22,0.143,63,2617,4,372.52,2,0,0.604,0,0
140.84,12,0.239,52,2594,3,19.18,0,0,0.353,0,0
98.57,4,0.439,42,1666,3,127.84,0,0,0.147,0,0
132.33,9,0.339,25,2904,6,45.08,0,0,0.328,1,0
129.36,9,0.419,33,1097,5,189.0,0,0,0.122,0,0
451.55,0,0.006,63,1120,2,63.25,1,0,0.379,0,1
316.39,9,0.133,51,1319,6,175.98,0,1,0.352,0,0
102.56,6,0.345,45,537,3,245.72,1,0,0.275,0,0
100.99,11,0.085,57,1889,1,335.72,0,1,0.446,0,0
10.01,13,0.019,59,712,7,54.83,0,0,0.204,0,0
296.74,3,0.028,20,2579,2,262.95,1,0,0.067,1,0
281.62,19,0.127,68,1060,2,495.37,0,0,0.408,0,0
185.36,8,0.275,24,3601,10,71.71,0,0,0.662,0,1
91.03,1,0.183,39,3511,7,92.71,0,0,0.343,0,0
60.1,3,0.378,46,827,1,190.69,3,0,0.151,0,0
110.45,10,0.203,35,3353,6,106.03,2,0,0.278,0,0
189.82,8,0.393,30,2150,6,141.56,0,1,0.18,0,0
39.04,1,0.156,63,3266,0,15.21,2,0,0.334,0,0
1082.54,0,0.528,28,3563,5,471.54,0,0,0.375,0,0
32.63,16,0.144,51,2616,4,32.66,1,1,0.147,0,0
193.86,5,0.336,64,2199,5,78.09,2,0,0.332,0,0
22.43,1,0.315,27,3128,4,78.28,1,0,0.074,0,0
46.95,0,0.416,21,2849,4,171.03,2,0,0.014,0,1
147.04,6,0.436,51,1820,5,124.22,1,0,0.2,0,0
205.99,7,0.071,24,2679,2,129.11,1,0,0.141,0,0
107.59,8,0.247,33,705,4,166.15,0,0,0.173,1,0
768.91,19,0.292,57,1935,4,230.1,2,1,0.693,0,1
32.55,1,0.051,22,2904,6,102.63,1,1,0.308,0,0
128.81,17,0.063,61,3125,4,208.64,0,0,0.364,0,0
22.42,23,0.54,56,3593,4,82.3,2,0,0.082,0,1
84.44,7,0.264,43,1828,6,91.86,0,0,0.142,0,0
109.9,22,0.305,46,1347,3,52.1,0,0,0.274,0,0
55.17,21,0.558,19,1435,4,258.84,1,0,0.691,0,0
124.67,15,0.118,20,1128,3,271.7,2,1,0.285,0,0
58.59,3,0.338,70,1616,5,86.25,2,0,0.538,0,1
909.09,17,0.284,68,3282,4,64.7,0,0,0.492,0,0
486.72,5,0.185,26,3108,4,223.93,2,0,0.364,0,0
31.48,21,0.494,39,1294,2,41.46,0,0,0.514,0,0
542.33,18,0.238,70,1908,4,78.65,1,1,0.597,0,0
272.67,21,0.343,54,2267,6,64.94,0,1,0.188,0,0
297.5,9,0.291,33,1300,4,234.24,0,1,0.26,0,1
210.69,23,0.353,32,232,6,135.13,0,0,0.786,0,0
274.28,5,0.37,45,547,6,104.97,0,0,0.058,0,0
135.04,7,0.19,32,2480,5,134.1,0,1,0.198,0,0
67.9,11,0.257,50,2730,8,33.81,1,0,0.615,0,0
181.8,21,0.343,24,1608,6,393.19,0,1,0.015,0,0
