customer_id,age,tenure_months,monthly_spend,orders_last_90d,avg_order_value,days_since_last_order,support_tickets_90d,refund_rate,discount_usage_rate,sessions_last_30d,email_open_rate,payment_failures_90d,late_delivery_count,satisfaction_score,mobile_app_user,membership_tier,acquisition_channel,region,preferred_payment_method,churned
CUST101501,28.0,11,3104.44,3,3104.44,34,3.0,0.227,0.111,8,0.573,0,1,4.8,Yes,Silver,Organic,East,Card,0
CUST102586,35.0,2,917.63,1,2752.89,56,1.0,0.076,0.393,7,0.552,0,1,3.9,No,Silver,Organic,South,Card,1
CUST102653,26.0,12,2479.26,3,2479.26,44,3.0,0.057,0.138,16,0.71,0,3,3.7,No,Platinum,Referral,Central,UPI,0
CUST101055,,8,3134.04,3,3134.04,22,0.0,0.047,0.063,10,0.906,1,1,,No,Bronze,Paid Search,East,COD,1
CUST100705,24.0,9,3236.95,3,3236.95,54,0.0,0.034,0.489,13,0.622,0,1,3.7,Yes,Bronze,Social,West,NetBanking,0
CUST100106,24.0,32,4475.35,8,1678.26,15,2.0,0.077,0.319,13,,0,1,4.2,Yes,Silver,Social,Central,Card,0
CUST100589,50.0,20,4171.36,5,2502.82,46,1.0,0.253,0.684,14,0.629,1,0,3.5,Yes,Silver,Paid Search,North,Wallet,0
CUST102468,41.0,15,1944.8,2,2917.2,130,1.0,0.226,0.318,7,0.669,1,0,3.3,Yes,Bronze,Organic,East,Card,0
CUST102413,,23,2043.81,7,875.92,46,1.0,0.139,0.173,8,0.349,2,3,5.0,Yes,Gold,Partner,West,UPI,0
CUST101600,33.0,34,1667.38,5,1000.43,70,2.0,0.041,0.573,8,0.488,1,1,4.6,No,Silver,Social,East,UPI,1
CUST102464,27.0,20,1650.32,1,4950.96,62,0.0,0.085,0.052,9,0.469,0,1,4.6,Yes,Silver,Paid Search,North,Card,0
CUST100228,25.0,55,3909.47,3,3909.47,26,0.0,0.084,0.124,12,0.795,0,0,4.4,Yes,Bronze,Organic,South,NetBanking,0
CUST100915,46.0,25,1720.54,3,1720.54,22,2.0,0.128,0.128,20,0.831,1,0,3.3,No,Bronze,Paid Search,West,UPI,0
CUST100794,18.0,33,4016.73,7,1721.46,13,1.0,0.17,0.233,11,0.701,2,0,3.8,No,Bronze,Email,North,UPI,0
CUST103021,49.0,15,2267.83,6,1133.92,8,3.0,0.082,0.359,15,0.563,1,0,4.9,Yes,Platinum,Organic,South,Card,0
CUST103543,38.0,8,1383.74,5,830.24,24,0.0,0.083,0.294,14,0.687,2,0,4.6,No,Silver,Partner,Central,UPI,0
CUST101073,18.0,22,2220.14,6,1110.07,58,2.0,0.056,0.504,6,0.953,0,2,,No,Silver,Referral,South,COD,1
CUST103351,38.0,15,1756.55,12,439.14,81,2.0,0.016,0.293,7,0.879,1,2,2.7,No,Silver,Referral,West,Wallet,1
CUST101744,41.0,8,2241.06,3,2241.06,45,1.0,0.094,0.442,7,0.725,1,0,4.4,Yes,Platinum,Email,West,UPI,0
CUST101084,35.0,46,3039.67,3,3039.67,28,1.0,0.066,0.313,8,0.795,1,1,4.4,Yes,Platinum,Social,East,NetBanking,0
CUST100926,32.0,70,1077.76,6,538.88,50,0.0,0.046,0.383,12,0.726,1,2,3.8,Yes,Bronze,Partner,South,Card,1
CUST103049,48.0,11,7191.44,6,3595.72,26,0.0,0.122,0.684,10,0.868,1,1,4.7,Yes,Bronze,Partner,West,COD,0
CUST101117,30.0,10,713.14,1,2139.42,56,,0.092,0.05,9,0.437,0,0,3.9,Yes,Silver,Partner,Central,UPI,0
CUST100642,55.0,24,1305.17,6,652.58,34,1.0,0.059,0.33,10,0.798,1,1,4.2,Yes,Platinum,Partner,North,Card,0
CUST104767,45.0,46,1346.81,4,1010.11,54,0.0,0.198,0.177,6,0.412,0,1,3.0,Yes,Bronze,Email,East,UPI,0
CUST100501,43.0,34,2603.69,5,1562.21,37,0.0,0.106,0.158,11,0.611,0,0,3.7,No,Bronze,Partner,South,Wallet,0
CUST104066,26.0,33,1889.87,6,944.94,48,1.0,0.173,0.22,8,0.899,0,1,,Yes,Bronze,Organic,East,Wallet,1
CUST100333,24.0,16,1856.14,2,,41,1.0,0.129,0.264,10,0.679,0,0,3.6,No,Gold,Paid Search,North,Card,0
CUST104684,28.0,18,1702.04,3,1702.04,72,0.0,0.12,0.166,10,0.733,0,1,5.0,No,Silver,Partner,North,UPI,0
CUST100486,26.0,26,814.12,6,407.06,80,2.0,0.125,0.23,16,0.832,0,0,1.8,Yes,Silver,Organic,West,UPI,0
CUST101962,31.0,51,4135.15,10,1240.54,25,0.0,0.131,0.282,5,0.77,0,1,4.0,Yes,Bronze,Partner,West,UPI,0
CUST100393,39.0,8,1330.96,4,998.22,52,0.0,0.06,0.241,12,0.568,0,0,3.1,No,Bronze,Partner,East,COD,0
CUST104842,19.0,20,2666.58,4,1999.94,42,1.0,0.074,0.243,12,0.577,0,1,4.2,Yes,Bronze,Social,South,Card,0
CUST104866,25.0,31,4264.38,4,3198.28,35,1.0,0.086,0.106,10,0.878,1,1,4.2,No,Silver,Paid Search,Central,NetBanking,0
CUST101755,40.0,19,2853.71,2,4280.57,10,0.0,0.028,0.43,10,0.719,0,1,3.6,Yes,Silver,Paid Search,Central,UPI,0
CUST102515,28.0,25,7250.65,6,3625.32,15,0.0,0.022,0.141,12,0.369,0,2,2.3,Yes,Bronze,Paid Search,South,UPI,0
CUST103585,54.0,17,3038.38,4,,23,0.0,0.09,0.219,14,0.813,0,0,3.1,Yes,Bronze,Referral,West,Wallet,0
CUST104315,33.0,20,2394.9,2,3592.35,64,0.0,0.092,0.172,18,0.523,1,0,3.0,Yes,Bronze,Email,East,Wallet,0
CUST104966,30.0,10,5274.59,2,6000.0,68,2.0,0.044,0.106,12,0.661,1,2,3.5,Yes,Gold,Organic,East,Card,0
CUST102099,49.0,14,2967.02,5,1780.21,45,2.0,0.042,0.486,9,0.354,0,0,2.9,Yes,Gold,Email,North,UPI,0
CUST103599,48.0,13,4386.54,4,3289.9,64,1.0,0.066,0.339,10,0.774,0,0,3.9,Yes,Bronze,Email,West,UPI,0
CUST104121,41.0,6,3495.4,5,2097.24,20,0.0,0.032,0.306,9,0.709,0,1,3.2,No,Bronze,Referral,West,UPI,0
CUST100029,38.0,21,1126.26,3,1126.26,11,0.0,0.29,0.206,10,0.759,0,1,3.6,Yes,Bronze,Referral,South,Card,0
CUST100065,42.0,10,2235.66,3,2235.66,37,1.0,0.036,0.272,10,0.792,0,1,3.6,No,Gold,,South,Wallet,0
CUST100838,52.0,6,3954.75,7,1694.89,87,0.0,0.073,0.342,10,0.481,0,1,4.2,Yes,Bronze,Organic,East,UPI,1
CUST103906,18.0,13,2384.82,4,1788.62,67,1.0,0.041,0.375,12,0.892,0,0,,Yes,Platinum,Organic,West,NetBanking,0
CUST103773,39.0,16,3028.7,2,4543.05,35,2.0,0.019,0.467,9,0.599,0,1,3.9,Yes,Silver,Social,East,Card,0
CUST104635,22.0,9,5324.42,5,3194.65,80,1.0,0.124,0.246,16,0.384,0,2,3.3,Yes,Gold,Organic,West,COD,0
CUST103161,39.0,15,2298.09,3,2298.09,25,0.0,0.059,0.157,7,0.734,0,0,2.4,Yes,Silver,Social,West,NetBanking,0
CUST102659,38.0,56,2403.04,1,6000.0,40,0.0,0.022,0.471,5,0.505,1,0,2.4,Yes,Silver,Paid Search,North,COD,1
CUST104615,51.0,24,4986.98,4,3740.23,15,0.0,0.037,0.279,12,0.767,0,1,5.0,Yes,Gold,Social,West,Card,0
CUST104628,27.0,7,3752.47,4,2814.35,20,1.0,0.051,0.212,15,0.588,0,0,4.2,No,Silver,Organic,Central,NetBanking,0
CUST102451,30.0,23,,6,413.72,40,2.0,0.031,0.353,8,0.517,1,1,4.4,Yes,Bronze,Referral,South,Wallet,0
CUST102846,28.0,33,705.19,6,,24,2.0,0.153,0.065,13,0.554,0,0,3.1,Yes,Bronze,Social,West,Card,0
CUST101144,34.0,24,1229.01,6,614.5,26,0.0,0.026,0.344,10,0.745,1,1,4.2,Yes,Silver,Social,Central,UPI,0
CUST103078,21.0,28,4925.9,9,1641.97,55,1.0,0.035,0.343,13,0.898,0,0,3.4,Yes,Silver,Social,North,NetBanking,0
CUST101103,39.0,15,930.68,7,398.86,26,4.0,0.075,0.527,11,0.735,0,1,5.0,No,Gold,Organic,East,UPI,0
CUST100168,32.0,39,2489.71,2,3734.56,23,1.0,0.05,0.368,13,0.747,0,0,3.6,Yes,Silver,Organic,South,NetBanking,0
CUST101670,33.0,57,1953.4,4,1465.05,31,0.0,0.136,0.019,13,0.949,0,0,3.7,Yes,Bronze,Paid Search,North,UPI,0
CUST102570,57.0,19,1798.45,2,2697.68,51,,0.099,0.396,9,0.75,1,2,4.9,No,Bronze,Social,North,NetBanking,1
CUST102377,27.0,22,3648.25,3,3648.25,3,0.0,0.24,0.441,5,0.858,0,0,3.0,No,Bronze,Social,South,Wallet,0
CUST104395,37.0,45,3801.15,3,3801.15,3,1.0,0.044,0.318,10,0.673,1,1,3.8,Yes,Bronze,Social,East,UPI,0
CUST104257,45.0,22,2354.79,2,3532.18,34,2.0,0.093,0.075,9,0.85,2,0,4.4,Yes,Platinum,Organic,East,Card,0
CUST103862,22.0,18,1239.87,7,531.37,107,1.0,0.049,0.336,7,0.59,1,0,3.9,Yes,Bronze,Paid Search,West,Card,0
CUST100023,32.0,9,2330.5,5,1398.3,8,1.0,0.063,0.231,12,0.513,0,0,4.7,No,Silver,Email,North,UPI,0
CUST102633,34.0,15,4241.81,9,1413.94,1,2.0,0.07,0.463,7,0.524,0,0,3.7,No,Bronze,Email,Central,Card,0
CUST103340,31.0,16,3630.55,4,2722.91,46,1.0,0.046,0.469,10,0.707,0,0,2.5,Yes,Silver,Partner,West,UPI,1
CUST102215,34.0,30,2700.93,3,2700.93,10,1.0,0.028,0.431,10,0.56,0,0,4.0,Yes,Bronze,Organic,North,Wallet,0
CUST103682,35.0,12,,5,2608.78,15,2.0,0.001,0.113,11,0.625,0,4,3.3,Yes,Bronze,Paid Search,East,UPI,0
CUST104724,36.0,10,4073.82,2,6000.0,20,1.0,0.118,0.538,10,0.599,0,0,4.6,No,Gold,Social,West,UPI,0
CUST101907,35.0,18,2105.27,1,6000.0,36,,0.085,0.34,11,0.482,0,2,5.0,Yes,Silver,Organic,West,UPI,0
CUST100084,22.0,37,854.74,3,854.74,47,1.0,0.055,0.354,6,0.472,0,0,3.9,Yes,Bronze,Email,West,UPI,1
CUST100227,53.0,17,3003.02,6,1501.51,43,0.0,0.117,0.076,8,0.653,2,2,4.0,Yes,Gold,Email,East,NetBanking,0
CUST100296,37.0,17,4215.22,7,1806.52,25,0.0,0.021,0.259,9,0.532,2,1,4.5,Yes,Silver,Referral,North,COD,0
CUST101001,27.0,15,3601.25,3,3601.25,69,2.0,0.048,0.404,15,0.839,0,2,3.3,Yes,Gold,Referral,North,Wallet,1
CUST102138,37.0,10,2766.02,6,1383.01,23,1.0,0.035,0.21,8,0.557,0,3,4.2,No,Silver,Email,South,,0
CUST100711,41.0,19,1466.52,1,4399.56,36,3.0,0.058,0.195,11,0.514,0,1,3.7,Yes,Gold,Email,West,Card,0
CUST102801,44.0,17,2163.96,6,1081.98,29,0.0,0.037,0.747,9,0.44,1,1,3.9,Yes,Gold,Organic,South,NetBanking,0
CUST102527,30.0,4,1141.3,4,855.97,85,1.0,0.024,0.665,6,0.603,2,1,3.5,No,Bronze,Paid Search,West,Wallet,1
CUST103752,32.0,13,2096.52,5,1257.91,29,1.0,0.02,0.684,16,0.741,1,1,2.5,No,Silver,Paid Search,West,UPI,0
CUST103321,31.0,11,2155.88,1,,27,0.0,0.089,0.395,17,0.63,2,0,4.7,Yes,Bronze,Email,West,UPI,0
CUST103181,19.0,11,2008.47,4,1506.35,66,1.0,0.114,0.207,12,0.868,0,1,3.5,Yes,Gold,,East,Card,0
CUST104183,58.0,36,1430.89,4,1073.17,35,0.0,0.13,0.508,13,0.896,0,0,2.5,Yes,Gold,Organic,South,Card,0
CUST101615,39.0,10,2907.21,4,2180.41,25,1.0,0.051,0.07,11,0.471,0,0,4.0,Yes,Bronze,Organic,South,Card,0
CUST103024,32.0,39,,7,777.6,38,3.0,0.105,0.6,14,0.639,0,0,3.4,Yes,Silver,Organic,North,UPI,0
CUST101413,47.0,11,1954.87,1,5864.61,25,7.0,0.104,0.282,12,0.661,1,0,4.5,Yes,Platinum,Organic,West,UPI,0
CUST100763,40.0,43,1384.76,3,1384.76,68,0.0,0.102,0.331,9,0.635,0,0,5.0,Yes,Platinum,Email,North,UPI,0
CUST100655,37.0,21,1293.01,1,3879.03,105,1.0,0.074,0.481,10,,0,0,4.0,Yes,Silver,Paid Search,East,Card,1
CUST104797,42.0,5,1771.29,4,1328.47,14,1.0,0.074,0.622,10,0.741,0,0,3.0,No,Bronze,Paid Search,Central,UPI,0
CUST103849,26.0,37,846.32,7,362.71,78,2.0,0.123,0.334,16,0.723,0,0,2.8,No,Bronze,Organic,South,UPI,1
CUST104153,26.0,15,2062.64,0,1852.99,7,2.0,0.011,0.129,7,0.871,0,0,2.9,Yes,Platinum,Organic,East,UPI,0
CUST100468,45.0,17,2463.77,4,1847.83,69,1.0,0.282,0.356,10,0.698,2,1,4.7,Yes,Gold,Organic,East,UPI,0
CUST100157,44.0,27,4140.45,6,2070.22,26,1.0,0.126,0.154,9,0.627,1,1,2.4,Yes,Bronze,,East,UPI,0
CUST101295,42.0,6,2622.42,2,3933.63,21,2.0,0.203,0.443,12,0.773,0,2,4.5,Yes,Gold,Social,North,Card,0
CUST100497,31.0,9,4486.87,4,3365.15,83,1.0,0.168,0.419,9,0.43,0,1,5.0,No,Silver,Social,South,UPI,0
CUST104740,31.0,10,3867.08,2,5800.62,44,0.0,0.12,0.14,6,0.927,0,2,,Yes,Silver,Referral,Central,Card,0
CUST102940,50.0,3,1628.35,3,1628.35,32,1.0,0.035,0.073,17,0.495,0,0,4.4,No,Platinum,Paid Search,West,Card,0
CUST103456,36.0,22,2183.42,4,1637.56,26,0.0,0.062,0.294,13,0.606,0,0,4.1,No,Bronze,Email,Central,Card,0
CUST100373,42.0,29,2193.82,2,3290.73,77,2.0,0.021,0.325,10,0.758,1,2,3.2,Yes,Bronze,Paid Search,West,Card,0
CUST100079,31.0,12,2938.45,6,1469.22,22,1.0,0.019,0.205,4,0.853,1,1,3.9,No,Silver,Organic,East,Card,0
CUST101553,30.0,6,1188.48,6,594.24,34,1.0,0.083,0.62,10,0.587,1,0,4.3,Yes,Gold,Organic,West,UPI,0
CUST101669,27.0,2,621.91,4,466.43,73,3.0,0.083,0.259,11,0.851,0,1,3.5,Yes,Bronze,Email,West,Card,0
CUST102131,57.0,9,2424.63,4,1818.47,61,0.0,0.027,0.222,11,0.483,2,0,2.3,Yes,Gold,Paid Search,North,,0
CUST104439,24.0,60,1451.88,3,1451.88,40,1.0,0.039,0.26,10,0.589,0,0,3.9,Yes,Bronze,Email,Central,UPI,0
CUST100465,29.0,18,1708.47,2,2562.7,7,0.0,0.046,0.35,14,0.333,1,0,4.4,No,Silver,Paid Search,East,NetBanking,0
CUST100248,63.0,17,2503.94,3,2503.94,26,2.0,0.046,0.206,10,0.435,0,1,2.1,Yes,Silver,Partner,West,Card,0
CUST100931,38.0,30,1935.38,5,1161.23,62,1.0,0.061,0.407,19,0.694,2,0,4.2,No,Bronze,Referral,Central,UPI,0
CUST101335,53.0,28,7087.82,7,3037.64,86,0.0,0.128,0.242,6,0.677,2,2,4.2,No,Silver,Social,West,Card,0
CUST104524,44.0,6,3099.36,4,2324.52,31,0.0,0.061,0.175,13,0.492,0,1,4.5,No,Bronze,Paid Search,North,UPI,0
CUST101338,61.0,27,2706.04,2,4059.06,37,1.0,0.233,0.116,11,0.447,0,1,3.0,Yes,Gold,Social,East,Card,1
CUST101406,37.0,14,3745.15,4,2808.86,36,3.0,0.019,0.541,13,0.665,0,1,3.8,Yes,Bronze,Paid Search,North,Wallet,0
CUST101090,28.0,31,849.19,2,1273.79,33,3.0,0.122,0.379,12,0.584,0,1,3.4,Yes,Bronze,Email,South,Card,0
CUST104209,31.0,23,607.7,5,364.62,67,0.0,0.033,0.513,7,0.653,1,1,3.4,No,Silver,Referral,West,Card,0
CUST100742,24.0,19,498.21,4,373.66,15,0.0,0.002,0.408,14,0.682,0,1,,No,Bronze,Paid Search,South,Card,0
CUST102323,34.0,94,3983.78,5,2390.27,5,0.0,0.074,0.479,10,0.779,0,3,3.9,Yes,Bronze,Paid Search,East,Card,0
CUST103601,58.0,15,1446.64,4,1084.98,10,1.0,0.028,0.199,5,0.597,0,1,3.2,Yes,Gold,Referral,West,UPI,0
CUST102123,35.0,17,,3,2820.51,22,0.0,0.005,0.348,9,0.769,0,0,,Yes,Bronze,Organic,North,UPI,0
CUST102094,35.0,14,1834.31,6,917.16,73,2.0,0.033,0.53,13,0.68,1,1,4.5,Yes,Bronze,Email,West,Card,1
CUST100240,25.0,10,1586.25,3,1586.25,24,0.0,0.048,0.142,10,0.56,0,2,4.7,Yes,Bronze,Referral,North,UPI,0
CUST102351,40.0,20,,1,2830.41,28,1.0,0.008,0.344,16,0.725,0,1,3.6,Yes,Bronze,Referral,South,UPI,0
CUST101370,19.0,16,1341.0,4,1005.75,16,1.0,0.19,0.477,9,,1,0,3.3,Yes,Gold,Organic,West,NetBanking,0
CUST101057,38.0,22,2908.63,1,6000.0,41,0.0,0.103,0.216,10,0.603,0,2,3.2,Yes,Bronze,Organic,North,UPI,0
CUST104816,53.0,20,1718.55,2,2577.82,38,2.0,0.015,0.492,10,0.904,0,1,3.4,Yes,Bronze,,East,UPI,0
CUST100199,32.0,26,5172.1,2,6000.0,47,0.0,0.176,0.322,14,0.469,0,0,3.0,Yes,Gold,Referral,North,Card,0
CUST102280,46.0,28,2492.46,4,1869.34,25,,0.105,0.155,5,0.602,0,0,4.9,Yes,Platinum,Referral,West,Card,0
CUST104749,18.0,12,1010.84,5,606.5,7,0.0,0.063,0.685,12,0.472,0,0,3.3,Yes,Bronze,Organic,West,Card,0
CUST102220,35.0,58,1730.82,2,2596.23,81,2.0,0.217,0.535,10,0.516,0,1,4.1,Yes,Silver,Paid Search,South,UPI,0
CUST104771,18.0,18,,4,2069.24,60,1.0,0.07,0.229,12,0.515,1,1,4.4,No,Bronze,Paid Search,West,UPI,0
CUST102819,42.0,58,1261.08,1,,57,4.0,0.077,0.07,9,0.692,0,0,3.4,No,Bronze,Organic,Central,NetBanking,0
CUST103150,37.0,31,2026.69,3,2026.69,63,0.0,0.052,0.21,11,0.401,1,0,3.6,Yes,Gold,Social,West,COD,0
CUST104256,18.0,8,2782.77,1,6000.0,43,3.0,0.134,0.123,10,0.851,1,0,4.2,No,Silver,Paid Search,South,UPI,0
CUST103107,35.0,21,1233.1,2,1849.65,11,0.0,0.105,0.345,13,0.867,0,1,2.7,Yes,Platinum,Organic,North,UPI,0
CUST101973,51.0,59,2123.34,1,6000.0,76,0.0,0.063,0.168,8,0.686,1,0,4.2,No,Bronze,Email,East,Card,1
CUST101375,38.0,19,2877.75,3,2877.75,38,1.0,0.044,0.652,11,0.678,0,2,3.1,Yes,Silver,Referral,Central,Card,0
CUST103968,28.0,12,4738.08,3,4738.08,43,2.0,0.019,0.247,12,0.624,0,1,4.9,No,Silver,Paid Search,East,Card,1
CUST104062,27.0,8,1307.76,3,1307.76,9,1.0,0.106,0.204,10,0.551,0,0,4.5,Yes,Bronze,Referral,Central,Card,0
CUST104445,23.0,10,898.06,2,1347.09,29,1.0,0.082,0.221,10,0.841,0,0,3.1,No,Silver,Social,South,UPI,0
CUST103557,38.0,3,1089.39,9,363.13,40,1.0,0.048,0.604,10,0.74,0,2,2.3,No,Silver,Social,West,UPI,0
CUST100964,34.0,21,3837.37,2,5756.06,79,0.0,0.007,0.582,13,0.757,1,2,3.7,No,Silver,Paid Search,West,Wallet,0
CUST100179,37.0,19,968.68,5,581.21,44,0.0,0.055,0.098,12,0.727,0,3,3.9,Yes,Bronze,Organic,East,Card,1
CUST103698,23.0,26,1457.21,3,1457.21,97,2.0,0.173,0.46,13,0.605,0,0,2.9,No,Bronze,Social,South,UPI,1
CUST103821,46.0,45,3167.7,4,2375.77,19,0.0,0.018,0.255,16,0.623,0,1,3.6,No,Silver,Organic,West,Card,0
CUST104878,39.0,36,2378.57,4,1783.93,47,1.0,0.092,0.079,7,0.583,1,0,3.5,Yes,Bronze,Email,North,UPI,0
CUST103899,37.0,33,3065.12,3,3065.12,40,2.0,0.105,0.339,8,0.843,0,0,4.0,Yes,Bronze,Paid Search,North,Card,0
CUST104487,23.0,22,1345.15,0,863.99,44,0.0,0.012,0.509,11,0.614,1,1,4.5,Yes,Bronze,Social,South,COD,1
CUST103238,43.0,51,2711.32,7,1161.99,48,2.0,0.101,0.455,6,0.405,0,3,3.9,Yes,Bronze,Paid Search,North,UPI,1
CUST102974,35.0,20,1480.3,2,2220.45,52,2.0,0.095,0.279,11,0.594,1,2,3.6,Yes,Gold,Partner,Central,Wallet,0
CUST103580,40.0,29,1370.14,3,1370.14,63,1.0,0.175,0.213,8,0.952,0,2,2.3,Yes,Gold,Organic,East,UPI,0
CUST102887,35.0,13,2755.84,6,1377.92,69,0.0,0.112,0.24,14,0.756,1,2,1.8,Yes,Bronze,Referral,North,Card,1
CUST102575,38.0,18,2234.35,2,3351.52,16,0.0,0.004,0.775,18,0.723,0,0,4.4,Yes,Bronze,Organic,Central,UPI,0
CUST101419,34.0,11,3097.57,5,1858.54,69,2.0,0.144,0.18,10,0.425,0,1,5.0,Yes,Silver,Referral,Central,Card,0
CUST103907,24.0,13,3363.46,4,2522.6,18,2.0,0.078,0.289,10,0.749,0,2,3.1,Yes,Bronze,Social,West,UPI,0
CUST104673,36.0,24,2874.97,3,2874.97,47,1.0,0.214,0.32,11,0.759,0,1,5.0,Yes,Bronze,Organic,East,UPI,0
CUST104902,34.0,8,5055.74,3,5055.74,7,0.0,0.146,0.336,6,0.573,0,2,4.2,Yes,Bronze,Organic,South,UPI,0
CUST101860,41.0,10,923.83,6,461.92,56,0.0,0.04,0.503,9,0.685,0,2,4.7,Yes,Silver,Social,East,Card,1
CUST100008,34.0,15,8000.0,8,3000.0,91,1.0,0.077,0.236,5,0.653,2,1,4.6,Yes,Gold,Organic,West,Card,0
CUST102894,27.0,9,1834.89,5,1100.93,6,1.0,0.1,0.383,21,0.735,0,1,4.4,Yes,Silver,Referral,Central,UPI,0
CUST102847,28.0,26,1766.52,7,757.08,67,2.0,0.083,0.264,8,0.707,0,0,3.3,Yes,Gold,Referral,North,Card,0
CUST103664,32.0,24,1703.07,3,1703.07,68,4.0,0.089,0.331,9,0.389,0,0,4.2,Yes,Gold,Organic,North,Card,1
CUST100144,26.0,10,1948.66,5,1169.2,20,1.0,0.003,0.228,11,0.936,0,0,3.6,Yes,Silver,Partner,West,COD,0
CUST102104,31.0,14,1447.24,4,1085.43,84,1.0,0.072,0.078,11,0.508,0,0,3.7,Yes,Gold,Organic,North,UPI,0
CUST103143,37.0,27,942.7,7,404.01,27,2.0,0.107,0.532,9,0.582,0,0,3.6,No,Bronze,Email,East,UPI,0
CUST100841,34.0,48,2134.97,3,2134.97,26,1.0,0.112,0.5,9,0.749,0,1,3.3,Yes,Silver,Social,South,COD,0
CUST101128,32.0,14,907.24,3,907.24,104,0.0,0.048,0.149,7,0.658,0,0,2.0,Yes,Bronze,Social,West,NetBanking,0
CUST100151,24.0,11,3366.25,6,1683.12,74,3.0,0.161,0.225,14,0.749,1,2,3.8,Yes,Silver,Partner,South,Card,0
CUST103591,47.0,17,3333.94,5,2000.36,86,1.0,0.024,0.353,6,0.664,0,0,3.8,No,Silver,Social,North,Card,0
CUST101052,35.0,37,4344.75,2,6000.0,34,0.0,0.065,0.157,12,0.683,0,2,3.4,Yes,Silver,Organic,East,Card,0
CUST101590,20.0,9,2576.42,4,1932.32,23,0.0,0.069,0.151,14,0.742,0,0,3.8,No,Gold,Partner,West,NetBanking,0
CUST103008,31.0,18,1847.49,7,791.78,54,0.0,0.118,0.393,15,0.696,0,2,4.1,Yes,Platinum,Email,West,Card,0
CUST102029,29.0,14,1294.13,2,1941.2,23,3.0,0.034,0.398,8,0.447,0,1,3.5,No,Bronze,Email,South,Card,0
CUST103418,35.0,21,1267.54,6,633.77,50,0.0,0.038,0.312,9,0.671,0,0,3.4,Yes,Silver,Partner,Central,Card,0
CUST101807,34.0,11,4393.56,4,3295.17,50,0.0,0.054,0.115,9,0.827,0,0,3.6,Yes,Gold,Referral,South,Card,0
CUST102696,39.0,8,3385.36,3,3385.36,43,1.0,0.162,0.266,7,0.84,0,0,3.8,Yes,Silver,Social,East,NetBanking,0
CUST103039,33.0,43,1932.43,3,1932.43,47,2.0,0.14,0.219,11,0.459,0,0,3.3,Yes,Bronze,Social,South,UPI,0
CUST100472,31.0,4,3456.6,6,1728.3,28,0.0,0.068,0.312,7,0.505,0,0,3.4,Yes,Platinum,Organic,South,Card,0
CUST103289,24.0,19,1447.35,2,2171.02,28,1.0,0.122,0.112,16,0.603,1,2,4.8,Yes,Bronze,Email,North,UPI,0
CUST104074,22.0,37,7233.51,7,3100.08,33,0.0,0.029,0.619,6,0.786,0,0,2.6,Yes,Gold,Partner,North,,0
CUST103496,44.0,4,7616.91,4,5712.68,56,2.0,0.065,0.294,14,0.901,1,1,4.5,No,Bronze,Partner,North,Card,0
CUST100279,37.0,17,1890.11,2,2835.16,44,1.0,0.046,0.138,8,0.774,0,0,5.0,No,Gold,Social,North,Card,0
CUST101741,49.0,48,2829.73,2,4244.6,94,3.0,0.012,0.103,7,0.632,0,0,3.6,Yes,Silver,Organic,West,Card,1
CUST104624,52.0,7,719.86,4,539.9,112,4.0,0.018,0.402,13,0.486,2,0,3.3,No,Bronze,Paid Search,West,UPI,0
CUST102886,39.0,13,4934.85,6,2467.43,65,3.0,0.173,0.51,6,0.41,0,1,3.7,No,Bronze,Paid Search,East,UPI,1
CUST101941,35.0,10,4069.73,0,1098.35,44,0.0,0.052,0.221,13,0.565,0,0,3.4,Yes,Platinum,Referral,Central,UPI,0
CUST100100,30.0,17,1566.05,4,1174.54,104,5.0,0.15,0.379,8,0.628,0,2,3.6,No,Silver,Organic,South,UPI,0
CUST102804,25.0,34,1119.06,8,419.65,88,0.0,0.284,0.451,8,0.324,0,0,4.2,Yes,Bronze,Organic,West,UPI,0
CUST103570,41.0,12,3036.42,7,1301.32,95,1.0,0.018,0.097,2,0.685,1,0,4.3,Yes,Silver,Social,South,Wallet,1
CUST103684,23.0,16,2216.04,4,1662.03,98,1.0,0.079,0.652,10,0.56,0,1,4.4,Yes,Bronze,Organic,North,NetBanking,0
CUST103661,38.0,27,1906.98,5,1144.19,32,0.0,0.065,0.315,10,0.441,1,1,2.7,No,Gold,Partner,North,UPI,1
CUST100530,,22,980.97,5,588.58,15,0.0,0.042,0.27,10,0.803,0,1,,No,Platinum,Referral,West,Wallet,0
CUST101886,23.0,15,4369.59,2,6000.0,72,1.0,0.091,0.118,8,0.562,0,0,3.3,Yes,Bronze,Organic,West,UPI,1
CUST100681,40.0,15,1378.26,8,516.85,22,2.0,0.11,0.269,10,0.716,2,0,4.0,Yes,Silver,Partner,South,UPI,1
CUST103794,19.0,12,2488.34,2,3732.51,50,0.0,0.003,0.314,9,0.653,0,1,3.6,No,Silver,Paid Search,South,NetBanking,0
CUST103944,46.0,31,1749.6,3,1749.6,39,1.0,0.028,0.22,13,0.802,2,0,2.5,No,Silver,Organic,South,,0
CUST104666,47.0,6,3747.86,6,1873.93,30,2.0,0.04,0.539,17,0.648,1,0,3.5,Yes,Gold,Paid Search,West,UPI,0
CUST102018,40.0,62,5864.0,2,6000.0,37,2.0,0.035,0.264,5,0.321,1,0,4.2,Yes,Silver,Organic,East,UPI,0
CUST101096,50.0,34,3243.16,3,3243.16,122,1.0,0.086,0.14,12,0.716,0,1,3.5,No,Bronze,Referral,North,UPI,0
CUST100829,18.0,11,3826.92,4,2870.19,51,1.0,0.061,0.069,14,0.682,0,2,2.7,Yes,Gold,Social,West,UPI,0
CUST102805,35.0,23,2038.66,3,,80,1.0,0.141,0.58,15,0.554,0,0,4.2,Yes,Platinum,Paid Search,West,UPI,1
CUST103829,23.0,8,3968.09,6,1984.04,37,0.0,0.031,0.081,8,0.676,0,0,4.2,No,Gold,Paid Search,West,NetBanking,0
CUST104381,37.0,28,3441.6,1,6000.0,83,2.0,0.17,0.594,11,0.619,0,2,3.6,Yes,Gold,Email,West,Card,1
CUST103891,20.0,13,1817.68,3,1817.68,36,1.0,0.15,0.167,11,0.909,1,1,2.9,Yes,Bronze,Social,South,Card,1
CUST100764,37.0,16,2560.05,1,6000.0,8,1.0,0.069,0.509,11,0.796,2,1,4.1,Yes,Silver,Paid Search,South,NetBanking,0
CUST102767,,17,1834.4,6,917.2,46,1.0,0.11,0.359,13,0.39,0,1,3.0,Yes,Bronze,Organic,Central,Card,0
CUST104328,40.0,23,1420.44,6,710.22,16,0.0,0.053,0.369,16,0.469,0,0,2.9,Yes,Bronze,Social,East,Card,0
CUST103295,40.0,16,1169.53,5,701.72,32,1.0,0.266,0.246,9,0.565,0,0,3.6,No,Silver,Partner,West,UPI,0
CUST102194,36.0,9,669.78,3,669.78,40,1.0,0.069,0.164,11,0.766,0,0,4.0,No,Gold,Email,South,Wallet,0
CUST102357,37.0,35,2452.33,2,3678.5,11,1.0,0.152,0.468,8,0.738,0,1,4.8,No,Bronze,Organic,North,UPI,0
CUST103425,38.0,52,1250.03,4,,102,2.0,0.053,0.04,10,0.768,1,4,4.6,Yes,Silver,Organic,South,,0
CUST103979,42.0,20,5159.48,1,6000.0,53,0.0,0.09,0.521,11,0.679,0,1,3.8,No,Gold,Partner,West,Card,1
CUST100911,38.0,15,2526.37,9,842.12,12,2.0,0.046,0.09,9,0.848,0,0,5.0,Yes,Silver,Partner,South,UPI,0
CUST103145,38.0,18,823.84,3,823.84,36,1.0,0.103,0.098,12,0.552,0,1,3.5,Yes,Bronze,Partner,West,Card,1
CUST100999,42.0,11,4847.08,3,4847.08,65,2.0,0.276,0.277,6,0.839,1,2,3.2,No,Gold,Paid Search,South,UPI,0
CUST103653,41.0,24,3159.54,4,2369.65,32,1.0,0.127,0.624,10,0.584,0,0,4.0,No,Silver,Partner,East,Card,0
CUST102483,34.0,40,1619.38,1,4858.14,41,0.0,0.035,0.58,7,0.627,1,0,3.4,Yes,Silver,Email,West,Wallet,0
CUST104076,18.0,62,1401.19,5,840.71,66,1.0,0.093,0.55,11,0.656,1,0,5.0,Yes,Silver,,West,UPI,0
CUST102370,23.0,41,1159.68,3,1159.68,11,2.0,0.12,0.141,14,0.359,1,2,4.3,Yes,Gold,Organic,West,UPI,1
CUST104838,46.0,16,761.83,4,571.37,41,1.0,0.138,0.184,9,0.693,1,0,4.4,Yes,Bronze,Social,North,Card,0
CUST100033,26.0,3,1213.0,3,1213.0,83,0.0,0.083,0.482,16,0.618,1,0,2.7,Yes,Silver,Organic,South,Card,0
CUST103789,29.0,6,1377.97,4,1033.48,40,0.0,0.12,0.568,20,0.647,0,0,3.6,Yes,Silver,Referral,West,Card,0
CUST101020,37.0,22,1122.43,0,1600.67,82,0.0,0.146,0.298,12,0.569,0,0,5.0,No,Silver,Partner,West,UPI,0
CUST101647,46.0,7,1779.85,5,1067.91,95,0.0,0.155,0.407,12,0.436,0,0,4.2,Yes,Bronze,Email,South,NetBanking,1
CUST100733,32.0,82,6828.06,5,4096.84,15,0.0,0.071,0.479,10,0.656,0,2,4.2,No,Gold,Paid Search,West,,0
CUST104582,35.0,20,4238.76,4,3179.07,27,4.0,0.129,0.205,5,0.273,0,0,4.4,No,Bronze,Social,Central,UPI,0
CUST103274,18.0,32,1668.41,2,2502.62,25,2.0,0.152,0.315,5,0.873,0,2,2.6,No,Gold,Social,West,Card,0
CUST101620,40.0,29,1181.97,1,3545.91,56,0.0,0.17,0.384,7,0.695,0,0,4.3,Yes,Gold,Paid Search,West,UPI,0
CUST103135,23.0,23,2267.04,7,971.59,32,0.0,0.026,0.171,13,0.403,1,0,2.8,Yes,Platinum,Partner,North,Card,0
CUST102689,18.0,13,2118.96,7,908.13,33,1.0,0.146,0.357,12,0.638,1,1,5.0,No,Silver,Paid Search,North,NetBanking,0
CUST102707,18.0,31,2611.84,1,6000.0,43,1.0,0.063,0.6,9,0.469,1,1,3.3,Yes,Gold,Referral,West,UPI,0
CUST100297,30.0,21,3765.16,3,3765.16,93,0.0,0.239,0.092,14,0.852,1,0,2.5,Yes,Silver,Partner,East,UPI,0
CUST102339,42.0,15,2732.99,3,2732.99,29,2.0,0.008,0.505,14,0.669,0,2,3.7,No,Gold,Partner,West,Card,0
CUST100653,23.0,4,1015.29,6,507.64,28,1.0,0.054,0.314,16,0.748,0,2,4.7,No,Bronze,Organic,Central,Card,0
CUST103774,45.0,26,1597.05,5,958.23,15,1.0,0.087,0.534,8,0.568,1,0,4.3,Yes,Gold,Referral,North,UPI,0
CUST101255,28.0,25,897.72,4,673.29,8,0.0,0.069,0.459,11,0.581,0,1,4.9,No,Silver,Organic,South,UPI,0
CUST104520,23.0,3,889.35,4,667.01,19,2.0,0.303,0.233,16,0.581,1,2,4.3,Yes,Silver,Organic,West,UPI,0
CUST100230,19.0,4,1817.53,7,778.94,62,2.0,0.077,0.196,11,0.495,0,1,4.6,Yes,Bronze,Organic,West,UPI,0
CUST103276,44.0,81,1158.05,6,579.02,34,1.0,0.159,0.224,11,0.942,0,1,4.1,No,Bronze,Email,East,,0
CUST103230,30.0,25,4144.68,4,3108.51,40,0.0,0.024,0.782,9,0.653,0,0,5.0,Yes,Silver,Partner,East,,0
CUST100691,32.0,65,2573.12,3,2573.12,42,1.0,0.023,0.468,6,0.231,1,0,4.3,Yes,Gold,Organic,South,Wallet,0
CUST102754,45.0,18,2512.17,1,6000.0,21,1.0,0.004,0.489,7,0.662,2,0,5.0,No,Platinum,Social,West,NetBanking,0
CUST104863,39.0,21,2723.43,6,1361.72,90,1.0,0.227,0.207,17,0.713,0,1,4.3,No,Gold,Partner,South,Wallet,0
CUST100969,34.0,13,1659.89,8,622.46,40,3.0,0.267,0.138,16,0.453,0,2,4.4,Yes,Bronze,Social,West,UPI,0
CUST100633,18.0,26,2804.16,5,1682.5,84,1.0,0.155,0.239,13,0.725,0,4,3.7,Yes,Silver,Email,Central,Card,0
CUST104092,26.0,42,1698.27,5,1018.96,64,1.0,0.043,0.386,10,0.819,0,1,2.4,Yes,Silver,Organic,South,Card,0
CUST104077,29.0,21,482.99,0,670.83,34,1.0,0.009,0.345,10,0.812,2,2,3.9,Yes,Silver,Email,South,Card,0
CUST101321,28.0,19,1056.44,8,396.16,19,1.0,0.043,0.659,8,0.757,2,0,3.8,Yes,Bronze,Paid Search,South,UPI,0
CUST101831,35.0,7,1436.55,3,,44,0.0,0.289,0.526,10,0.764,0,0,3.2,Yes,Bronze,Email,North,COD,1
CUST102178,40.0,21,1673.49,3,1673.49,23,1.0,0.023,0.162,14,0.351,0,1,3.5,Yes,Bronze,Social,South,NetBanking,1
CUST101417,44.0,42,,4,1930.37,51,3.0,0.029,0.228,12,0.527,1,3,,No,Silver,Referral,West,Card,0
CUST101782,18.0,4,547.73,6,273.86,11,1.0,0.147,0.543,7,0.698,0,0,4.1,Yes,Bronze,Referral,West,Card,0
CUST104715,50.0,54,1514.89,5,908.93,54,0.0,0.106,0.535,8,0.632,1,0,4.0,Yes,Silver,Organic,East,Card,0
CUST104701,29.0,5,,4,1151.55,45,0.0,0.018,0.395,9,0.746,0,1,3.5,Yes,Silver,Paid Search,South,UPI,0
CUST104118,27.0,8,1947.16,2,2920.74,50,0.0,0.065,0.133,15,0.445,2,0,4.6,Yes,Bronze,Organic,Central,UPI,0
CUST101652,39.0,4,2624.35,2,3936.52,170,0.0,0.199,0.182,10,0.673,0,0,3.0,Yes,Bronze,Partner,East,UPI,0
CUST101483,37.0,22,2326.51,4,1744.88,61,3.0,0.065,0.725,8,0.399,0,0,4.7,Yes,Silver,Organic,East,Card,0
CUST102275,18.0,44,3439.28,6,1719.64,19,1.0,0.052,0.244,9,0.727,0,1,3.2,No,Gold,Paid Search,North,Card,0
CUST100877,32.0,35,,6,2254.88,30,0.0,0.044,0.755,8,0.764,0,0,4.6,Yes,Silver,Organic,North,UPI,0
CUST103525,50.0,27,1284.61,3,1284.61,78,3.0,0.066,0.151,11,0.721,0,2,4.7,No,Gold,Social,North,Card,0
CUST102016,34.0,10,1481.11,5,888.67,33,2.0,0.032,0.348,12,0.66,0,1,3.1,Yes,Bronze,Social,North,NetBanking,0
CUST100426,42.0,29,3239.02,3,3239.02,43,1.0,0.098,0.25,9,0.788,0,2,3.4,No,Bronze,Partner,West,UPI,0
CUST100626,30.0,37,2153.29,4,1614.97,37,1.0,0.04,0.078,9,,0,0,2.6,Yes,Gold,Email,Central,Card,0
CUST101589,29.0,22,4649.63,4,3487.22,50,1.0,0.282,0.42,15,0.86,0,1,3.1,Yes,Bronze,Partner,South,Card,1
CUST102223,26.0,9,1103.26,4,827.44,7,0.0,0.087,0.27,9,0.754,0,1,4.4,No,Silver,Organic,South,UPI,0
CUST102217,33.0,52,1832.45,4,1374.34,16,2.0,0.064,0.285,12,0.619,0,3,,Yes,Gold,Paid Search,Central,Card,0
CUST104483,36.0,28,1104.14,7,473.2,50,0.0,0.053,0.198,13,0.602,0,0,3.4,Yes,Bronze,Social,West,UPI,0
CUST101485,26.0,15,2020.17,2,3030.26,51,1.0,0.004,0.695,15,0.502,0,0,3.9,Yes,Silver,Referral,West,Card,0
CUST101739,35.0,15,2427.48,3,2427.48,99,2.0,0.067,0.382,11,0.621,0,0,3.8,Yes,Bronze,Paid Search,North,Card,0
CUST102480,52.0,13,3028.86,4,2271.64,39,0.0,0.009,0.169,8,0.743,0,1,4.1,Yes,Bronze,Paid Search,North,Card,0
CUST102584,39.0,10,839.55,4,629.66,30,,0.073,0.541,2,0.552,1,3,4.1,Yes,Bronze,Organic,South,Card,1
CUST102893,27.0,9,3259.88,7,1397.09,35,1.0,0.012,0.499,17,0.56,0,1,4.8,Yes,Silver,Paid Search,West,UPI,1
CUST100149,36.0,11,539.07,3,539.07,77,2.0,0.052,0.558,17,0.885,0,0,3.7,Yes,Gold,Social,East,UPI,1
CUST100676,58.0,50,2892.94,4,2169.7,34,1.0,0.032,0.209,14,0.568,0,0,,Yes,Bronze,Partner,North,UPI,0
CUST101261,35.0,50,1626.76,5,976.06,34,1.0,0.091,0.137,10,0.902,1,1,3.7,No,Silver,Organic,North,UPI,0
CUST104917,33.0,20,865.78,4,649.34,37,2.0,0.127,0.474,13,0.484,0,1,3.5,Yes,Bronze,Referral,South,Wallet,0
CUST100012,35.0,9,940.75,3,940.75,66,0.0,0.111,0.491,17,0.85,0,1,3.3,Yes,Gold,Paid Search,East,Card,0
CUST101833,38.0,46,656.94,2,985.41,78,0.0,0.013,0.107,7,,0,0,3.8,No,Bronze,Organic,South,Wallet,0
CUST103248,43.0,26,1180.88,6,590.44,47,0.0,0.043,0.415,14,0.648,0,1,4.1,No,Gold,Organic,West,COD,0
CUST101491,34.0,25,6590.25,8,2471.34,45,1.0,0.036,0.462,7,0.686,0,0,4.3,No,Bronze,Organic,North,Wallet,1
CUST102727,32.0,26,2678.29,4,2008.72,12,0.0,0.015,0.015,6,0.867,1,3,3.6,Yes,Bronze,,North,UPI,0
CUST103686,22.0,14,908.53,5,545.12,18,0.0,0.018,0.122,9,0.791,1,0,4.3,Yes,Silver,Social,West,,0
CUST101424,36.0,19,1774.44,6,887.22,22,0.0,0.125,0.439,13,0.699,0,0,4.7,No,Silver,Social,Central,NetBanking,0
CUST104605,36.0,15,3288.47,6,1644.24,23,2.0,0.17,0.257,17,0.329,1,1,3.7,No,Gold,Social,Central,UPI,0
CUST104595,43.0,46,2936.08,4,2202.06,4,1.0,0.061,0.421,12,0.342,0,2,3.1,Yes,Gold,Partner,Central,Card,0
CUST100731,35.0,21,3965.95,7,1699.69,40,2.0,0.075,0.35,3,0.825,0,1,3.6,No,Silver,Email,East,Card,0
CUST101231,23.0,22,1976.24,3,1976.24,78,0.0,0.104,0.218,13,0.534,0,2,2.5,Yes,Bronze,Organic,East,Wallet,0
CUST101634,37.0,31,4940.29,4,3705.22,46,2.0,0.04,0.67,7,0.785,0,0,3.1,Yes,Platinum,Email,North,UPI,0
CUST103936,46.0,26,3160.69,6,1580.34,17,2.0,0.091,0.48,12,0.564,0,0,5.0,No,Bronze,Organic,West,NetBanking,0
CUST101210,43.0,38,3548.27,7,1520.69,25,2.0,0.017,0.217,14,0.803,0,0,4.0,No,Bronze,Social,North,NetBanking,0
CUST103268,31.0,15,822.17,5,493.3,17,0.0,0.185,0.048,7,0.448,1,3,5.0,No,Silver,Paid Search,South,Card,0
CUST101934,20.0,56,1402.71,5,841.63,15,4.0,0.027,0.648,6,0.695,0,1,3.4,No,Bronze,Paid Search,East,Card,1
CUST100553,54.0,16,1674.1,1,5022.3,59,1.0,0.028,0.173,6,0.866,0,3,4.1,Yes,Bronze,Social,Central,Card,0
CUST100491,38.0,11,1314.46,2,1971.69,32,1.0,0.02,0.318,10,0.789,0,1,4.1,Yes,Silver,Email,North,Card,0
CUST102962,37.0,40,1121.65,3,1121.65,68,0.0,0.053,0.297,11,0.711,0,1,4.3,Yes,Gold,Organic,South,UPI,0
CUST102329,44.0,5,1700.22,1,5100.66,17,1.0,0.132,0.365,13,0.671,0,1,3.9,Yes,Silver,Email,East,Card,0
CUST102195,18.0,17,4174.59,4,3130.94,89,2.0,0.243,0.156,13,0.505,0,4,4.0,Yes,Platinum,Referral,West,Wallet,1
CUST103064,31.0,69,2831.19,7,1213.37,96,0.0,0.025,0.515,8,0.657,2,2,3.6,Yes,Gold,Partner,South,Wallet,0
CUST100657,36.0,19,1749.05,2,2623.58,14,1.0,0.113,0.06,19,0.629,1,0,5.0,Yes,Gold,Email,West,Card,0
CUST102374,30.0,4,1704.24,5,1022.54,105,1.0,0.026,0.225,12,0.678,0,1,3.6,No,Gold,Social,South,COD,0
CUST102225,36.0,16,2332.59,2,3498.88,79,2.0,0.083,0.461,9,0.945,0,0,3.7,Yes,Silver,Email,South,NetBanking,0
CUST104264,27.0,64,3422.05,5,2053.23,19,1.0,0.012,0.073,7,0.852,1,0,3.5,Yes,Bronze,Social,South,UPI,0
CUST101170,23.0,15,3503.27,4,2627.45,127,2.0,0.062,0.206,6,0.812,1,1,4.4,Yes,Bronze,Paid Search,South,Card,1
CUST100132,40.0,27,1123.96,3,1123.96,17,2.0,0.074,0.626,12,0.785,0,0,2.4,No,Silver,Organic,North,UPI,0
CUST100471,30.0,23,3572.53,1,6000.0,47,3.0,0.107,0.163,9,,0,1,5.0,Yes,Gold,Email,South,Card,1
CUST103225,28.0,16,1744.37,6,872.18,57,3.0,0.059,0.301,16,0.572,0,2,3.0,Yes,Bronze,Paid Search,North,COD,0
CUST101405,41.0,17,1320.79,2,1981.18,57,1.0,0.094,0.241,11,0.395,0,0,5.0,Yes,Silver,Paid Search,East,COD,0
CUST102876,21.0,27,2490.65,3,2490.65,34,0.0,0.033,0.709,14,,0,1,3.0,No,Silver,Organic,North,Card,0
CUST104504,27.0,28,845.6,2,1268.4,7,0.0,0.028,0.225,9,0.57,0,0,4.4,Yes,Silver,Social,North,UPI,0
CUST104692,37.0,31,1051.52,6,525.76,39,0.0,0.133,0.697,11,0.888,0,0,3.9,No,Gold,Email,North,UPI,1
CUST102826,52.0,15,4270.27,2,6000.0,38,0.0,0.054,0.322,10,0.71,0,2,2.4,No,Bronze,Email,West,UPI,0
CUST100287,35.0,34,2320.32,1,6000.0,62,2.0,0.054,0.238,10,0.691,0,1,4.1,Yes,Bronze,Organic,West,NetBanking,0
CUST101869,36.0,12,1713.37,3,1713.37,35,0.0,0.081,0.18,13,0.759,0,0,5.0,Yes,Gold,Paid Search,North,UPI,0
CUST103114,37.0,26,2700.87,4,2025.65,94,2.0,0.006,0.32,4,0.517,1,2,4.3,No,Platinum,Organic,East,UPI,0
CUST103625,54.0,23,1393.12,2,2089.68,37,1.0,0.014,0.181,13,0.524,0,3,2.7,No,Gold,Organic,North,Card,0
CUST102312,48.0,52,626.52,5,375.91,28,3.0,0.08,0.149,6,0.713,0,1,3.1,Yes,Gold,Paid Search,South,UPI,0
CUST104923,,25,3233.11,5,1939.87,16,1.0,0.001,0.322,9,0.577,1,2,3.5,Yes,Bronze,Organic,North,UPI,0
CUST101618,37.0,13,4021.37,4,3016.03,97,1.0,0.036,0.374,14,0.293,1,1,4.6,No,Bronze,Email,South,UPI,1
CUST100994,33.0,31,3669.2,4,2751.9,139,1.0,0.039,0.249,11,0.808,1,1,3.6,Yes,Silver,Email,North,UPI,1
CUST101803,30.0,8,3330.13,6,1665.06,11,0.0,0.059,0.383,8,0.919,0,0,4.5,Yes,Bronze,Partner,South,Card,0
CUST102642,24.0,9,5518.62,1,,10,0.0,0.173,0.295,7,0.59,1,0,3.3,No,Bronze,Email,South,Card,0
CUST104802,34.0,33,1745.26,4,1308.94,35,2.0,0.143,0.607,9,0.738,0,0,,Yes,Gold,Organic,South,UPI,1
CUST103535,21.0,46,1109.27,6,554.64,25,1.0,0.113,0.427,5,0.485,1,2,3.4,No,Bronze,Organic,West,UPI,0
CUST104831,18.0,11,2367.1,5,1420.26,15,0.0,0.116,0.35,8,0.635,0,2,3.7,No,Silver,Social,West,Card,0
CUST103911,58.0,22,3679.98,5,2207.99,24,0.0,0.262,0.637,14,0.634,1,0,2.7,No,Bronze,Organic,North,UPI,0
CUST102107,24.0,31,675.5,4,506.62,54,1.0,0.041,0.16,11,0.562,0,0,4.4,Yes,Gold,Referral,North,Card,0
CUST103044,36.0,23,1949.03,4,1461.77,33,2.0,0.032,0.193,10,0.564,0,1,4.1,No,Bronze,Email,North,Card,0
CUST100416,45.0,15,1365.8,5,819.48,55,0.0,0.063,0.367,10,0.75,0,0,2.8,No,Silver,Paid Search,East,Card,0
CUST100977,30.0,11,2499.91,4,1874.93,42,1.0,0.016,0.662,16,0.383,1,0,4.0,Yes,Silver,Organic,South,Card,1
CUST102417,,43,2794.27,4,2095.7,62,1.0,0.143,0.41,14,0.759,1,0,5.0,Yes,Bronze,Referral,South,COD,0
CUST100505,29.0,32,1756.41,3,1756.41,57,1.0,0.013,0.073,12,0.644,0,0,3.7,No,Platinum,Organic,West,UPI,0
CUST104152,38.0,30,4249.09,2,6000.0,104,1.0,0.033,0.269,7,0.785,1,0,2.9,No,Silver,Organic,North,UPI,0
CUST104255,44.0,14,3645.1,7,1562.19,60,1.0,0.045,0.669,7,0.781,0,2,3.2,Yes,Silver,Organic,South,UPI,1
CUST103941,31.0,29,278.18,3,278.18,35,1.0,0.095,0.571,5,0.486,1,2,3.7,Yes,Bronze,Organic,East,UPI,0
CUST100414,31.0,4,1937.13,3,1937.13,60,1.0,0.077,0.297,15,0.705,0,0,4.3,Yes,Gold,Social,North,UPI,0
CUST104148,33.0,7,1154.8,2,1732.2,42,0.0,0.006,0.239,7,0.783,0,2,4.4,Yes,Silver,Social,South,UPI,0
CUST101183,40.0,10,4876.63,13,1125.38,78,1.0,0.215,0.036,7,0.721,0,2,3.6,No,Gold,Partner,West,UPI,0
CUST100485,32.0,21,930.52,2,1395.78,17,1.0,0.065,0.46,6,0.825,0,2,4.1,Yes,Bronze,Referral,East,NetBanking,0
CUST100893,34.0,25,1050.38,0,1557.6,20,0.0,0.101,0.159,4,0.877,0,1,3.6,Yes,Gold,Organic,South,COD,0
CUST100805,45.0,21,2948.81,6,1474.4,24,,0.003,0.325,11,0.692,0,2,2.3,Yes,Silver,Referral,West,Card,0
CUST100555,31.0,16,1613.97,2,2420.96,70,1.0,0.042,0.12,8,0.766,0,0,4.2,Yes,Gold,Email,South,Card,0
CUST103825,31.0,24,1107.9,6,553.95,48,0.0,0.017,0.586,5,0.717,0,1,3.8,Yes,Gold,Referral,Central,COD,1
CUST101197,25.0,50,2072.57,7,888.24,48,0.0,0.072,0.403,13,0.293,1,1,2.3,Yes,Silver,Paid Search,North,UPI,0
CUST104253,,13,473.3,6,236.65,29,3.0,0.029,0.391,8,0.603,0,1,,Yes,Bronze,Partner,West,Card,0
CUST104058,40.0,7,3900.59,2,5850.88,46,1.0,0.038,0.065,10,0.6,0,1,3.3,Yes,Silver,Partner,Central,Card,0
CUST101293,18.0,8,2122.51,2,3183.77,12,2.0,0.105,0.373,9,0.831,0,0,3.6,No,Bronze,Social,Central,Card,0
CUST102221,26.0,6,1633.01,1,4899.03,42,1.0,0.009,0.56,10,0.657,0,1,5.0,No,Gold,Social,Central,UPI,0
CUST103504,36.0,30,2708.72,6,1354.36,63,3.0,0.045,0.103,6,0.835,0,0,3.3,No,Gold,Partner,West,UPI,1
CUST103654,40.0,28,2041.26,4,1530.94,14,1.0,0.041,0.09,15,0.567,0,1,3.4,Yes,Bronze,Social,North,COD,0
CUST104758,24.0,21,1991.55,7,853.52,41,3.0,0.045,0.325,7,0.728,0,1,2.5,Yes,Silver,Referral,East,Card,0
CUST103006,18.0,24,2366.18,3,2366.18,50,2.0,0.081,0.508,9,0.505,2,3,3.6,Yes,Gold,Partner,Central,,0
CUST102093,42.0,40,2289.22,1,6000.0,40,1.0,0.129,0.281,13,0.823,1,0,3.3,Yes,Silver,Partner,East,Card,0
CUST102187,29.0,35,1303.4,7,558.6,92,0.0,0.005,0.609,9,0.843,1,1,3.8,Yes,Silver,Paid Search,South,NetBanking,1
CUST103036,35.0,20,2597.85,6,1298.92,40,1.0,0.131,0.73,5,0.531,0,0,3.3,No,Silver,Email,South,UPI,0
CUST103918,36.0,11,2065.95,6,1032.97,134,2.0,0.114,0.239,10,0.79,1,0,3.7,Yes,Gold,Paid Search,South,UPI,0
CUST101272,30.0,22,3443.81,6,1721.9,26,2.0,0.14,0.485,9,0.687,0,1,4.1,Yes,Bronze,,East,UPI,1
CUST100290,31.0,26,612.17,3,612.17,9,3.0,0.182,0.11,13,0.763,0,0,3.3,Yes,Silver,Organic,West,Card,0
CUST104827,32.0,17,1204.45,3,1204.45,39,1.0,0.094,0.349,16,0.409,0,1,4.0,Yes,Bronze,Referral,East,Card,1
CUST100252,51.0,14,1443.95,1,4331.85,45,3.0,0.059,0.21,9,0.852,1,1,5.0,Yes,Silver,Social,West,UPI,1
CUST103245,37.0,13,1459.41,1,4378.23,65,1.0,0.076,0.293,15,0.653,0,0,4.0,Yes,Silver,Email,West,UPI,0
CUST100350,38.0,23,2129.13,3,2129.13,52,1.0,0.028,0.153,20,0.803,1,0,3.5,No,Silver,Organic,North,UPI,0
CUST101187,38.0,11,1199.6,6,599.8,80,0.0,0.042,0.126,4,0.741,0,0,3.3,Yes,Gold,Social,East,Card,0
CUST101961,28.0,19,1409.38,3,1409.38,17,1.0,0.101,0.301,6,0.52,2,0,3.5,Yes,Silver,Referral,East,UPI,0
CUST100422,28.0,13,5053.07,3,5053.07,11,0.0,0.024,0.297,5,0.573,0,1,3.9,Yes,Silver,Social,South,UPI,0
CUST100090,41.0,12,888.87,4,666.65,36,1.0,0.103,0.612,13,0.608,2,0,3.7,Yes,Gold,Social,North,UPI,0
CUST103729,36.0,8,1020.44,2,1530.66,50,0.0,0.007,0.127,5,0.921,0,2,4.3,No,Gold,Social,South,UPI,1
CUST102236,34.0,9,3855.69,1,6000.0,31,3.0,0.046,0.435,9,0.471,0,0,4.4,Yes,Bronze,Referral,East,UPI,0
CUST100670,42.0,30,2543.56,2,3815.34,46,0.0,0.059,0.253,5,0.721,1,0,3.9,No,Bronze,Organic,South,UPI,0
CUST103040,47.0,19,2896.43,1,6000.0,51,1.0,0.114,0.214,6,0.705,0,1,2.9,Yes,Platinum,Paid Search,West,Card,0
CUST100026,39.0,39,2881.82,3,2881.82,58,0.0,0.036,0.617,8,0.855,1,1,2.7,Yes,Silver,Organic,Central,UPI,0
CUST100429,38.0,10,2567.73,3,2567.73,106,1.0,0.04,0.371,12,0.782,1,0,3.5,Yes,Gold,Referral,West,COD,1
CUST100683,29.0,51,5467.23,4,4100.42,23,2.0,0.078,0.57,6,0.747,0,1,3.7,Yes,Bronze,Social,North,COD,1
CUST104463,28.0,12,2546.33,3,2546.33,96,0.0,0.061,0.198,10,0.943,0,0,4.9,Yes,Bronze,Email,South,COD,1
CUST103945,33.0,29,1770.18,5,1062.11,18,0.0,0.091,0.136,8,0.743,0,0,3.2,Yes,Gold,Paid Search,North,Card,0
CUST103523,18.0,67,4885.95,3,4885.95,18,0.0,0.035,0.8,11,0.758,0,0,3.6,Yes,Silver,Partner,West,UPI,0
CUST101541,42.0,18,6077.3,5,3646.38,37,4.0,0.057,0.195,10,0.789,0,3,4.9,No,Bronze,Paid Search,East,NetBanking,0
CUST102031,29.0,16,2772.39,3,2772.39,43,2.0,0.012,0.265,7,0.96,0,1,3.5,No,Silver,Paid Search,South,NetBanking,1
CUST102232,21.0,8,2452.66,4,1839.5,39,1.0,0.189,0.563,8,0.592,0,2,3.5,Yes,Bronze,Organic,West,Card,0
CUST104120,28.0,17,4417.8,2,6000.0,33,1.0,0.131,0.585,10,0.665,2,0,3.0,Yes,Silver,Paid Search,Central,Card,0
CUST103235,39.0,22,2703.84,3,2703.84,3,1.0,0.092,0.194,10,0.607,0,3,2.5,No,Gold,Organic,West,NetBanking,1
CUST100254,32.0,21,1692.31,2,2538.46,30,0.0,0.063,0.39,7,0.773,1,0,3.7,Yes,Bronze,Referral,West,Card,0
CUST101029,44.0,16,1625.46,5,975.28,49,0.0,0.107,0.247,10,0.782,0,0,3.9,Yes,Bronze,Email,West,Card,0
CUST104392,23.0,39,2444.8,6,1222.4,65,2.0,0.171,0.171,12,0.478,1,0,3.5,Yes,Silver,Partner,Central,UPI,0
CUST103800,31.0,5,1726.99,4,1295.24,58,1.0,0.038,0.341,6,0.695,0,0,3.2,Yes,Gold,Paid Search,East,NetBanking,0
CUST104310,37.0,6,2751.77,5,1651.06,70,0.0,0.111,0.354,10,0.693,0,3,3.7,Yes,Bronze,Organic,North,UPI,0
CUST102509,31.0,11,2088.41,6,1044.2,62,,0.026,0.282,13,0.564,0,3,3.9,Yes,Bronze,Partner,Central,UPI,1
CUST102292,46.0,50,730.65,4,547.99,65,2.0,0.019,0.047,10,0.33,1,0,5.0,Yes,Silver,Referral,East,Wallet,0
CUST101323,18.0,15,3692.59,3,3692.59,34,1.0,0.095,0.265,5,0.762,0,2,3.9,Yes,Bronze,Social,South,Card,0
CUST101550,18.0,32,5051.27,3,5051.27,76,1.0,0.053,0.328,8,0.776,0,1,3.0,Yes,Silver,Social,Central,UPI,0
CUST104647,26.0,18,1864.56,6,932.28,85,1.0,0.155,0.053,11,0.695,2,1,5.0,Yes,Silver,Social,Central,Card,0
CUST100315,31.0,26,1219.51,7,,19,2.0,0.03,0.426,10,0.559,2,1,5.0,No,Silver,Referral,North,UPI,0
CUST101242,51.0,16,2355.76,5,1413.46,25,0.0,0.06,0.123,9,0.463,0,0,3.4,Yes,Silver,Organic,East,Card,0
CUST102450,29.0,16,3398.51,3,3398.51,26,0.0,0.044,0.309,11,0.874,1,2,3.9,No,Silver,Paid Search,North,NetBanking,0
CUST101578,18.0,27,3670.63,4,2752.97,102,0.0,0.03,0.516,11,0.381,1,2,3.5,No,Silver,Social,West,UPI,1
CUST104625,38.0,16,8000.0,5,4800.0,65,1.0,0.065,0.046,10,0.461,1,0,3.6,Yes,Gold,Social,South,,0
CUST103116,27.0,42,2972.27,0,911.79,14,0.0,0.047,0.13,10,0.824,0,0,3.3,Yes,Platinum,Email,East,,0
CUST100069,32.0,13,1564.88,6,782.44,49,1.0,0.084,0.235,15,,0,0,4.4,Yes,Bronze,Paid Search,South,NetBanking,0
CUST100859,41.0,27,3833.42,4,2875.06,115,2.0,0.028,0.526,13,0.894,0,0,3.0,Yes,Silver,Organic,West,COD,1
CUST102753,35.0,23,957.23,3,,58,0.0,0.135,0.188,6,0.909,0,1,4.5,No,Bronze,Referral,South,UPI,0
CUST101632,35.0,26,1193.05,4,894.79,50,0.0,0.11,0.416,9,0.748,0,0,3.9,Yes,Gold,Social,North,COD,0
CUST101650,29.0,27,2362.77,6,1181.38,42,3.0,0.021,0.432,14,0.597,0,2,3.4,Yes,Silver,Partner,North,NetBanking,0
CUST103860,22.0,46,702.74,5,421.64,29,2.0,0.073,0.402,14,0.508,1,0,4.2,Yes,Bronze,Organic,South,Card,0
CUST103106,42.0,16,1399.18,6,699.59,39,2.0,0.025,0.414,8,0.782,0,0,4.2,Yes,Silver,Organic,West,Card,0
CUST101074,25.0,34,1196.92,6,598.46,59,2.0,0.068,0.134,2,0.566,2,2,4.6,Yes,Gold,Email,East,UPI,0
CUST104001,43.0,9,1157.46,3,1157.46,36,1.0,0.034,0.414,11,0.327,0,0,4.4,Yes,Silver,Organic,Central,UPI,0
CUST100787,32.0,5,994.87,7,426.37,70,0.0,0.237,0.306,8,0.939,1,1,3.2,Yes,Gold,Referral,Central,Card,0
CUST102605,25.0,17,6670.43,3,6000.0,70,3.0,0.257,0.254,8,0.823,2,0,4.7,No,Gold,Paid Search,Central,UPI,0
CUST103630,41.0,25,3140.02,6,1570.01,52,1.0,0.016,0.31,7,0.907,1,1,4.1,No,Gold,Partner,South,UPI,0
CUST102121,34.0,19,1507.5,1,4522.5,22,0.0,0.143,0.113,12,0.676,0,3,3.2,Yes,Gold,Organic,North,UPI,0
CUST101874,23.0,12,1792.69,2,2689.04,8,1.0,0.011,0.046,20,0.733,1,0,4.9,Yes,Silver,Referral,North,UPI,0
CUST100811,28.0,13,1021.61,3,1021.61,40,1.0,0.254,0.47,6,0.634,0,2,1.9,Yes,Silver,Email,North,UPI,1
CUST100387,39.0,41,4467.19,8,1675.2,24,3.0,0.031,0.658,9,0.547,0,1,5.0,Yes,Silver,Organic,North,Card,0
CUST102882,42.0,21,2989.23,3,2989.23,52,0.0,0.03,0.405,11,0.865,0,2,3.1,No,Bronze,Referral,East,UPI,1
CUST101175,18.0,15,1949.98,2,2924.97,30,0.0,0.108,0.398,10,0.667,2,1,4.3,Yes,Platinum,Organic,West,Card,0
CUST103197,32.0,21,1371.27,6,685.63,26,0.0,0.077,0.288,9,0.883,0,0,4.2,Yes,Bronze,Organic,Central,UPI,0
CUST102623,36.0,11,2222.6,3,2222.6,29,2.0,0.224,0.169,10,0.681,0,1,4.6,Yes,Silver,Organic,Central,UPI,1
CUST101351,40.0,12,2989.56,4,2242.17,50,2.0,0.014,0.069,7,0.854,0,0,5.0,Yes,Silver,Organic,East,Card,0
CUST100410,19.0,24,3208.74,3,3208.74,69,0.0,0.082,0.244,14,0.602,1,0,2.6,No,Silver,Paid Search,South,UPI,0
CUST104212,40.0,40,2158.9,2,3238.35,46,1.0,0.098,0.336,11,0.835,0,0,3.9,Yes,Bronze,Paid Search,Central,NetBanking,0
CUST100109,18.0,41,1321.45,3,1321.45,27,2.0,0.161,0.358,10,,1,0,3.8,No,Gold,Organic,North,COD,0
CUST104995,45.0,23,2475.07,0,963.45,44,1.0,0.075,0.054,10,0.703,1,0,4.5,Yes,Silver,Paid Search,Central,UPI,0
CUST103429,42.0,40,3494.11,1,6000.0,27,1.0,0.074,0.308,6,0.75,0,0,2.7,Yes,Platinum,Email,West,COD,0
CUST102809,20.0,21,1054.97,5,632.98,1,1.0,0.024,0.319,16,0.634,3,1,3.4,No,Platinum,Organic,East,UPI,0
CUST102594,18.0,22,3680.75,3,3680.75,65,0.0,0.134,0.248,16,0.468,2,1,4.5,Yes,Gold,Organic,South,Card,0
CUST102836,40.0,12,2986.29,4,,67,1.0,0.163,0.616,10,0.427,0,0,4.0,No,Silver,Email,East,Wallet,1
CUST102372,33.0,23,3685.54,5,2211.32,23,1.0,0.184,0.076,10,0.543,0,1,2.4,Yes,Bronze,Organic,West,Card,0
CUST101235,26.0,36,3976.75,6,1988.38,17,,0.03,0.145,17,0.591,0,0,4.8,Yes,Silver,Email,South,UPI,0
CUST102146,25.0,13,906.18,6,453.09,23,0.0,0.04,0.18,8,0.563,1,1,3.0,Yes,Bronze,Organic,West,NetBanking,0
CUST104975,28.0,25,1740.71,2,2611.06,21,3.0,0.107,0.113,14,0.688,2,0,4.7,No,Silver,Referral,East,Card,0
CUST100599,18.0,11,2965.07,3,2965.07,63,3.0,0.218,0.112,13,0.546,0,1,3.9,No,Platinum,,West,UPI,0
CUST101434,36.0,6,1052.09,5,631.25,18,2.0,0.127,0.25,5,0.845,0,1,3.0,Yes,Bronze,Social,North,COD,0
CUST104996,31.0,18,1291.06,6,645.53,56,0.0,0.135,0.344,12,,0,1,3.5,Yes,Bronze,Social,South,Card,0
CUST100538,18.0,64,1109.81,3,1109.81,24,1.0,0.103,0.415,10,0.875,0,0,4.4,Yes,Silver,Email,East,NetBanking,0
CUST100721,45.0,20,3147.33,2,4721.0,35,0.0,0.104,0.05,14,0.606,1,1,3.8,Yes,Bronze,Organic,East,Card,0
CUST104410,48.0,8,1267.35,1,3802.05,14,2.0,0.048,0.737,15,0.692,0,0,4.5,Yes,Bronze,Paid Search,North,Card,0
CUST101872,28.0,12,1924.65,4,1443.49,49,2.0,0.081,0.361,15,0.329,0,1,3.3,No,Platinum,Organic,North,Card,0
CUST102845,24.0,10,1602.93,3,1602.93,63,0.0,0.002,0.495,7,0.695,1,0,3.8,Yes,Bronze,Paid Search,West,UPI,0
CUST102053,63.0,26,3286.64,8,1232.49,56,1.0,0.002,0.542,10,0.704,0,0,4.3,Yes,Silver,Partner,West,UPI,0
CUST102907,34.0,11,1231.24,3,1231.24,27,1.0,0.017,0.662,11,0.302,2,1,2.0,Yes,Bronze,Social,Central,COD,0
CUST102254,44.0,30,5057.2,3,5057.2,12,0.0,0.033,0.233,11,0.642,1,0,4.8,Yes,Gold,Organic,South,UPI,0
CUST103912,29.0,25,824.4,4,618.3,19,2.0,0.082,0.114,11,0.67,1,0,4.4,Yes,Gold,Referral,West,UPI,0
CUST100177,36.0,17,3410.18,2,5115.27,8,0.0,0.099,0.265,3,0.578,0,3,2.5,Yes,Gold,Paid Search,South,Wallet,0
CUST102890,26.0,22,1410.56,3,1410.56,65,1.0,0.03,0.265,6,0.371,0,0,3.1,No,Platinum,Social,West,Card,0
CUST103673,18.0,10,2477.97,4,1858.48,63,1.0,0.063,0.202,6,0.864,0,1,3.3,No,Silver,Social,West,Card,0
CUST100080,39.0,19,3890.37,7,1667.3,64,1.0,0.121,0.163,12,0.78,0,3,3.1,No,Gold,Partner,North,Wallet,1
CUST102561,34.0,32,1992.44,3,1992.44,11,2.0,0.221,0.235,12,,0,3,2.6,Yes,Platinum,Paid Search,South,UPI,0
CUST101723,53.0,7,1892.92,4,1419.69,14,0.0,0.063,0.699,11,0.786,0,2,3.8,Yes,Silver,Paid Search,North,NetBanking,0
CUST101617,18.0,12,839.92,4,629.94,50,0.0,0.124,0.274,10,0.517,0,1,3.4,Yes,Silver,Partner,South,UPI,0
CUST101654,32.0,17,,2,3848.04,31,1.0,0.007,0.581,6,0.743,1,0,2.3,Yes,Bronze,Organic,East,Card,1
CUST102328,36.0,40,1428.25,5,856.95,31,0.0,0.108,0.161,9,0.616,0,3,4.9,Yes,Gold,Organic,South,UPI,0
CUST104613,27.0,11,3599.82,4,2699.86,50,0.0,0.218,0.47,10,0.836,2,1,2.7,No,Silver,Email,East,NetBanking,1
CUST100221,36.0,24,2262.87,6,1131.44,49,1.0,0.137,0.192,8,0.377,0,2,4.3,Yes,Platinum,Referral,North,Card,0
CUST100093,33.0,23,2855.45,7,1223.76,80,2.0,0.038,0.232,13,0.546,1,1,5.0,Yes,Bronze,Paid Search,South,UPI,0
CUST102609,21.0,30,1707.28,5,1024.37,130,0.0,0.083,0.522,13,0.62,2,1,3.7,No,Silver,Paid Search,South,Card,0
CUST103382,53.0,48,3232.73,3,3232.73,72,2.0,0.067,0.58,7,0.59,0,1,3.5,Yes,Gold,Paid Search,West,,0
CUST104415,25.0,24,857.0,3,857.0,50,1.0,0.17,0.455,4,0.896,1,0,4.2,Yes,Bronze,Paid Search,South,UPI,0
CUST101397,32.0,25,2116.95,2,3175.42,90,1.0,0.04,0.08,5,0.33,0,0,3.5,No,Silver,Organic,South,NetBanking,0
CUST104686,21.0,19,1492.91,2,,14,2.0,0.066,0.334,7,0.748,0,0,4.0,No,Silver,,West,Wallet,0
CUST101292,30.0,7,2305.33,8,864.5,50,2.0,0.145,0.501,11,0.567,1,1,4.5,Yes,Gold,Paid Search,South,Card,0
CUST102164,40.0,14,3665.4,2,5498.1,10,1.0,0.026,0.138,15,0.553,0,1,4.5,Yes,Silver,Partner,East,UPI,0
CUST102939,26.0,21,1847.31,2,2770.96,15,3.0,0.016,0.222,11,0.478,0,0,4.7,Yes,Bronze,Partner,Central,UPI,0
CUST103668,18.0,23,1017.36,5,610.42,40,0.0,0.134,0.541,9,0.729,0,2,4.1,Yes,Silver,Social,East,NetBanking,1
CUST100812,37.0,25,4408.56,5,2645.14,75,1.0,0.066,0.21,8,0.767,0,1,,Yes,Silver,Referral,Central,Card,0
CUST101258,51.0,26,2271.48,6,1135.74,5,0.0,0.046,0.108,12,0.877,0,1,2.9,Yes,Bronze,Referral,East,UPI,0
CUST100889,18.0,15,3146.48,2,4719.72,93,1.0,0.021,0.16,15,0.466,1,4,3.5,Yes,Silver,Referral,West,COD,1
CUST101451,39.0,39,1704.48,5,1022.69,43,2.0,0.053,0.159,12,0.728,0,1,4.3,No,Silver,Organic,West,Wallet,0
CUST103316,32.0,12,2400.27,4,1800.2,33,1.0,0.034,0.463,10,0.892,0,0,2.7,No,Bronze,Organic,South,UPI,0
CUST102559,49.0,27,1722.64,8,645.99,11,0.0,0.067,0.123,7,0.762,0,0,4.5,No,Bronze,Organic,South,NetBanking,0
CUST103574,28.0,9,2981.84,3,2981.84,59,0.0,0.127,0.186,13,0.612,0,2,3.9,No,Silver,Paid Search,West,Card,1
CUST102680,46.0,28,1453.69,3,1453.69,22,2.0,0.138,0.189,10,0.621,0,0,4.4,Yes,Silver,Organic,North,UPI,0
CUST104651,44.0,12,2743.96,3,2743.96,72,1.0,0.112,0.613,8,0.784,2,2,4.3,No,Bronze,Organic,East,NetBanking,1
CUST104811,30.0,18,1700.54,5,1020.32,5,1.0,0.211,0.646,8,0.66,1,0,4.1,Yes,Silver,Organic,East,NetBanking,0
CUST104679,23.0,9,2379.32,7,1019.71,48,2.0,0.052,0.553,9,0.883,0,2,3.1,Yes,Silver,Referral,West,NetBanking,0
CUST102964,34.0,20,,5,1714.87,13,0.0,0.019,0.203,6,0.835,1,0,2.9,No,Bronze,Paid Search,Central,UPI,0
CUST102672,29.0,24,6189.18,1,6000.0,10,1.0,0.152,0.179,14,0.718,2,0,2.9,Yes,Gold,Referral,Central,Card,0
CUST100561,37.0,36,903.18,0,562.61,53,1.0,0.04,0.243,12,0.757,0,1,4.5,Yes,Platinum,Partner,North,UPI,0
CUST102778,39.0,16,646.64,6,323.32,50,2.0,0.092,0.128,7,0.729,1,0,4.0,Yes,Bronze,Partner,North,UPI,0
CUST102948,41.0,30,2406.53,2,3609.8,74,1.0,0.191,0.117,7,0.529,1,2,4.2,Yes,Bronze,Referral,North,NetBanking,1
CUST102817,42.0,13,1590.85,1,4772.55,29,2.0,0.036,0.157,15,0.606,1,0,3.7,No,Platinum,Organic,East,Wallet,0
CUST102758,42.0,9,2338.06,3,2338.06,51,0.0,0.129,0.448,6,0.784,0,1,,Yes,Gold,Organic,Central,UPI,0
CUST101756,51.0,17,1231.21,3,1231.21,40,0.0,0.096,0.418,11,0.498,0,1,3.6,Yes,Gold,Email,West,UPI,0
CUST100724,25.0,33,4626.14,3,4626.14,34,3.0,0.095,0.074,9,0.826,0,0,4.9,Yes,Bronze,Paid Search,South,Card,0
CUST100219,27.0,10,4414.27,4,3310.7,51,1.0,0.11,0.361,11,0.835,0,2,1.8,No,Silver,Paid Search,East,NetBanking,1
CUST104139,37.0,96,3896.09,3,3896.09,47,2.0,0.126,0.138,8,0.571,1,0,3.4,Yes,Platinum,Partner,East,Card,0
CUST103957,44.0,34,1215.76,7,521.04,7,0.0,0.117,0.318,10,,0,0,4.5,Yes,Bronze,Paid Search,West,UPI,0
CUST101588,24.0,39,1559.16,2,2338.74,27,2.0,0.033,0.5,12,0.603,0,0,4.7,Yes,Bronze,Social,West,UPI,1
CUST103347,36.0,21,2513.07,3,2513.07,27,3.0,0.032,0.179,8,0.542,0,0,4.1,Yes,Silver,Email,West,UPI,0
CUST103970,18.0,23,3129.07,6,1564.54,52,0.0,0.071,0.098,10,0.417,0,0,4.5,Yes,Bronze,Partner,South,Card,0
CUST104707,31.0,12,1333.86,4,1000.4,141,2.0,0.066,0.091,13,0.681,0,0,3.4,Yes,Bronze,Organic,East,UPI,1
CUST100043,36.0,9,3477.63,3,3477.63,141,2.0,0.183,0.46,9,0.827,1,1,3.7,No,Silver,Paid Search,West,,1
CUST103001,41.0,29,5658.49,4,4243.87,52,0.0,0.271,0.322,10,0.78,1,2,3.4,Yes,Bronze,Organic,West,Card,0
CUST100210,43.0,29,3769.11,3,3769.11,63,5.0,0.017,0.184,10,0.863,1,0,3.5,Yes,Gold,Referral,West,Wallet,0
CUST100677,38.0,33,2033.36,4,1525.02,41,1.0,0.074,0.39,11,0.325,0,0,4.5,Yes,Gold,Paid Search,East,Card,0
CUST100354,45.0,9,1936.86,8,726.32,50,0.0,0.017,0.593,10,0.592,0,0,4.3,Yes,Silver,Partner,Central,Wallet,0
CUST101433,18.0,49,1806.69,3,1806.69,32,1.0,0.038,0.322,17,0.548,1,0,3.4,Yes,Platinum,Partner,West,UPI,1
CUST100949,18.0,11,1689.16,2,2533.74,28,0.0,0.096,0.276,7,0.631,0,1,2.9,No,Bronze,Referral,East,UPI,0
CUST102843,41.0,29,1468.96,4,1101.72,77,0.0,0.006,0.485,8,0.819,0,3,4.1,No,Silver,Paid Search,South,COD,1
CUST100577,46.0,56,1480.1,1,4440.3,83,1.0,0.109,0.128,13,0.595,0,1,3.8,No,Gold,Organic,South,UPI,0
CUST103928,20.0,16,4492.9,2,6000.0,57,2.0,0.053,0.199,12,0.971,1,0,3.8,Yes,Bronze,Social,Central,UPI,0
CUST100544,31.0,57,1565.68,5,939.41,23,1.0,0.126,0.299,17,0.42,1,1,4.1,Yes,Silver,Email,Central,UPI,0
CUST100367,26.0,3,1834.69,6,917.34,59,2.0,0.021,0.698,12,0.675,0,1,3.5,Yes,Bronze,Referral,Central,Card,0
CUST101612,34.0,26,1684.6,2,2526.9,31,1.0,0.012,0.372,9,,1,0,3.9,Yes,Silver,Organic,South,Card,0
CUST103550,27.0,21,1519.67,0,1235.48,61,1.0,0.1,0.305,12,0.955,0,1,3.9,Yes,Bronze,Organic,East,UPI,0
CUST103716,42.0,9,5958.84,6,2979.42,39,0.0,0.068,0.252,10,0.668,0,0,3.6,No,Gold,Partner,North,Card,0
CUST103779,18.0,40,1426.6,2,2139.9,73,0.0,0.056,0.603,9,0.609,0,1,2.6,Yes,Gold,Paid Search,Central,Card,0
CUST100135,24.0,32,1512.65,2,2268.98,31,2.0,0.114,0.721,12,0.456,0,2,3.5,Yes,Bronze,Social,South,UPI,0
CUST104480,36.0,14,2719.49,6,1359.74,32,0.0,0.036,0.123,10,0.485,1,0,3.8,Yes,Silver,Paid Search,North,UPI,0
CUST101437,18.0,14,1160.76,4,870.57,9,0.0,0.059,0.199,6,0.533,1,0,3.8,Yes,Platinum,Partner,North,NetBanking,0
CUST100047,36.0,28,1976.33,6,988.16,58,3.0,0.274,0.263,7,0.759,0,0,3.9,Yes,Bronze,Email,North,UPI,0
CUST101360,30.0,9,2225.87,7,953.94,28,3.0,0.056,0.059,7,0.394,1,0,4.0,Yes,Gold,Partner,South,Card,0
CUST100734,37.0,31,3012.09,4,2259.07,24,1.0,0.022,0.269,12,,1,1,3.7,Yes,Silver,Email,South,Wallet,0
CUST101534,54.0,29,2320.16,5,1392.1,55,1.0,0.058,0.161,9,0.523,0,2,3.8,Yes,Bronze,Email,South,UPI,0
CUST102004,20.0,26,1269.08,5,761.45,14,1.0,0.101,0.098,9,0.798,0,1,3.9,Yes,Bronze,Paid Search,West,UPI,0
CUST103795,32.0,18,2161.56,3,2161.56,18,0.0,0.055,0.367,7,0.855,0,1,3.8,Yes,Platinum,Organic,West,NetBanking,1
CUST102519,18.0,9,2740.49,5,1644.29,22,1.0,0.053,0.195,11,0.698,0,2,2.9,No,Bronze,Organic,West,UPI,0
CUST101972,35.0,19,3002.35,3,3002.35,39,0.0,0.105,0.098,10,0.281,0,0,4.9,No,Gold,Paid Search,West,Card,0
CUST100996,42.0,21,2078.99,2,3118.48,93,1.0,0.187,0.203,12,0.421,0,0,3.1,Yes,Gold,Referral,South,Card,0
CUST100061,31.0,16,3312.78,5,1987.67,21,0.0,0.05,0.24,11,0.705,0,1,3.5,Yes,Bronze,Paid Search,North,Card,0
CUST101108,47.0,17,3548.63,7,1520.84,39,1.0,0.035,0.303,11,0.52,2,0,3.3,Yes,Bronze,Organic,South,UPI,0
CUST102405,18.0,28,1325.8,3,1325.8,21,2.0,0.131,0.665,6,0.548,2,1,2.8,Yes,Bronze,Social,South,Wallet,0
CUST100095,20.0,9,1009.49,8,378.56,41,3.0,0.046,0.079,13,0.75,0,0,3.7,Yes,Silver,Organic,West,UPI,0
CUST100478,34.0,17,1903.01,7,815.58,125,1.0,0.118,0.564,12,0.688,0,5,4.2,Yes,Silver,Partner,East,Wallet,0
CUST104359,54.0,19,2769.17,6,1384.58,39,1.0,0.037,0.211,8,0.37,0,0,4.3,Yes,Bronze,Paid Search,Central,Wallet,0
CUST104112,28.0,18,2640.56,5,1584.34,35,0.0,0.221,0.238,9,0.909,2,2,4.3,No,Bronze,Referral,North,NetBanking,0
CUST103707,40.0,13,6525.46,8,2447.05,70,0.0,0.1,0.486,5,0.621,0,0,2.7,Yes,Platinum,Organic,South,UPI,0
CUST101101,40.0,20,1846.73,3,1846.73,19,1.0,0.057,0.232,10,0.851,0,1,5.0,No,Silver,Social,North,UPI,0
CUST102746,44.0,21,702.28,2,1053.42,8,0.0,0.042,0.171,9,0.734,0,1,3.7,Yes,Bronze,Organic,North,Card,0
CUST102170,25.0,45,1179.52,3,1179.52,64,0.0,0.05,0.29,6,0.63,1,0,4.3,Yes,Gold,Paid Search,North,UPI,0
CUST100322,46.0,15,1844.52,1,5533.56,28,0.0,0.35,0.533,10,0.745,0,0,3.8,Yes,Bronze,Referral,West,Wallet,0
CUST104254,26.0,32,1962.64,3,1962.64,13,0.0,0.053,0.574,10,0.646,1,2,5.0,Yes,Bronze,Organic,North,UPI,0
CUST103142,32.0,36,1675.03,4,1256.27,67,1.0,0.066,0.253,9,0.729,1,2,5.0,Yes,Silver,Paid Search,South,COD,0
CUST103537,31.0,11,2955.96,1,6000.0,8,1.0,0.028,0.518,7,0.639,0,0,3.9,No,Gold,Paid Search,West,Card,0
CUST104925,45.0,32,4306.26,5,2583.76,155,2.0,0.173,0.431,11,0.774,0,1,3.5,No,Bronze,Social,South,UPI,1
CUST102924,27.0,51,,5,3775.84,56,1.0,0.029,0.178,8,0.682,0,0,3.8,No,Platinum,Email,North,UPI,0
CUST101149,44.0,14,1423.98,3,1423.98,22,1.0,0.077,0.109,5,0.863,1,1,3.6,No,Silver,Partner,North,COD,0
CUST103617,27.0,15,981.68,4,736.26,28,2.0,0.116,0.148,6,0.726,1,1,3.0,No,Silver,Referral,Central,UPI,0
CUST100291,36.0,10,1627.04,8,610.14,103,0.0,0.186,0.358,10,0.922,0,0,3.7,No,Gold,Email,Central,,1
CUST103749,47.0,5,2653.26,4,1989.95,24,2.0,0.121,0.221,12,0.69,0,1,4.3,Yes,Silver,Referral,East,UPI,0
CUST103586,24.0,14,3997.38,2,5996.07,21,,0.059,0.219,9,0.633,1,1,4.6,No,Bronze,Social,South,UPI,0
CUST100533,39.0,30,1841.48,3,1841.48,43,1.0,0.088,0.382,11,0.718,3,1,4.8,Yes,Bronze,Paid Search,West,COD,0
CUST103607,49.0,28,2729.27,4,2046.95,9,,0.187,0.343,10,0.756,0,0,4.1,No,Platinum,,West,UPI,0
CUST102648,37.0,44,1950.05,4,1462.54,10,2.0,0.092,0.159,13,0.507,0,0,3.3,Yes,Silver,Partner,East,UPI,0
CUST104810,35.0,11,2782.47,4,2086.85,49,3.0,0.216,0.106,14,0.816,0,1,3.4,Yes,Silver,Referral,South,UPI,1
CUST101983,31.0,25,3480.28,7,1491.55,39,3.0,0.002,0.193,14,0.811,1,1,4.1,Yes,Bronze,Email,North,UPI,0
CUST102932,46.0,69,2169.64,4,1627.23,18,2.0,0.014,0.284,4,0.588,0,1,3.5,Yes,Bronze,Paid Search,East,Card,0
CUST101536,41.0,96,1785.61,5,1071.37,67,1.0,0.035,0.051,14,0.668,0,0,3.2,Yes,Silver,Paid Search,West,Card,0
CUST104534,34.0,5,1918.03,7,822.01,84,0.0,0.222,0.287,13,0.479,0,2,4.1,No,Silver,Referral,South,UPI,0
CUST104172,35.0,32,1407.62,3,1407.62,62,3.0,0.217,0.152,12,0.917,0,2,3.5,No,Bronze,Organic,Central,,0
CUST103360,33.0,25,3258.62,4,2443.96,36,2.0,0.123,0.226,6,0.733,0,1,4.1,Yes,Gold,Organic,North,UPI,0
CUST103665,18.0,22,3015.85,5,1809.51,26,0.0,0.045,0.248,8,0.465,1,2,4.6,No,Silver,Referral,South,UPI,0
CUST104005,31.0,24,1041.51,3,1041.51,22,4.0,0.161,0.313,11,0.418,0,2,3.6,Yes,Bronze,Organic,North,Card,0
CUST103626,34.0,10,1635.08,4,1226.31,60,1.0,0.016,0.095,12,0.516,0,0,3.5,Yes,Silver,Paid Search,West,UPI,0
CUST100586,22.0,16,1846.06,7,791.17,46,0.0,0.072,0.408,8,0.7,1,0,2.7,Yes,Silver,Paid Search,East,COD,0
CUST103256,28.0,10,3506.12,4,2629.59,44,0.0,0.11,0.605,8,0.508,0,0,3.4,No,Silver,Partner,West,UPI,0
CUST102298,29.0,36,1851.3,7,793.41,85,1.0,0.22,0.098,12,0.766,1,0,3.0,Yes,Bronze,Paid Search,West,Card,0
CUST103988,46.0,34,1195.7,9,398.57,62,1.0,0.09,0.162,7,0.569,0,0,3.3,Yes,Silver,Social,South,UPI,0
CUST100584,41.0,19,6391.47,3,6000.0,38,1.0,0.148,0.64,8,0.626,0,1,5.0,Yes,Silver,Organic,Central,COD,0
CUST102423,30.0,49,1205.0,4,903.75,42,1.0,0.063,0.591,10,0.869,1,1,3.2,Yes,Bronze,Partner,Central,NetBanking,0
CUST101391,49.0,10,2052.76,4,1539.57,41,4.0,0.027,0.257,10,0.571,0,1,4.6,Yes,Bronze,Email,South,COD,0
CUST104525,22.0,5,1961.2,2,2941.8,5,1.0,0.125,0.527,9,0.681,1,3,3.5,No,Platinum,Organic,South,Card,0
CUST104920,31.0,13,2372.53,3,2372.53,73,1.0,0.103,0.085,8,0.726,0,0,4.2,Yes,Bronze,Social,Central,UPI,0
CUST104800,34.0,24,1105.75,3,1105.75,12,2.0,0.209,0.324,6,0.56,0,2,3.9,Yes,Bronze,Organic,West,COD,0
CUST103240,45.0,18,5408.32,3,5408.32,60,1.0,0.132,0.563,14,0.514,1,0,4.8,Yes,Silver,Referral,Central,Card,0
CUST104281,18.0,20,807.1,7,345.9,56,0.0,0.227,0.149,7,0.76,1,0,3.3,Yes,Silver,Organic,South,UPI,0
CUST103338,23.0,11,5710.39,4,4282.79,25,1.0,0.062,0.544,12,0.706,0,0,4.2,Yes,Gold,Social,North,UPI,0
CUST103220,48.0,4,4002.49,9,1334.16,46,0.0,0.044,0.405,8,0.809,0,1,3.6,No,Gold,Organic,North,COD,0
CUST102111,39.0,14,,1,6000.0,4,1.0,0.111,0.405,9,0.75,1,1,3.8,Yes,Silver,Social,North,UPI,0
CUST101174,33.0,9,4042.07,8,1515.78,21,1.0,0.023,0.178,13,0.6,1,1,3.0,Yes,Silver,Email,East,UPI,0
CUST104862,41.0,7,1878.71,5,1127.23,92,1.0,0.031,0.168,5,0.769,1,1,3.3,Yes,Silver,Paid Search,Central,NetBanking,0
CUST103811,31.0,16,4165.39,6,2082.7,65,1.0,0.015,0.278,12,0.625,1,2,4.0,No,Gold,Email,South,Card,0
CUST101867,41.0,3,2565.66,5,1539.4,32,3.0,0.043,0.179,9,0.836,0,1,3.4,Yes,Gold,Paid Search,West,UPI,0
CUST102614,18.0,11,2066.77,2,3100.16,114,2.0,0.03,0.157,12,0.613,2,1,3.7,No,Bronze,Organic,Central,Card,1
CUST103866,38.0,10,3427.43,12,856.86,49,1.0,0.063,0.206,17,0.706,0,0,3.5,No,Bronze,Organic,South,Card,1
CUST104885,31.0,8,1807.13,8,677.67,49,0.0,0.05,0.429,14,0.87,3,0,3.1,Yes,Silver,Organic,Central,Card,0
CUST103778,33.0,34,6191.37,1,6000.0,82,2.0,0.006,0.616,8,0.887,1,0,3.8,Yes,Gold,Social,South,COD,0
CUST103846,33.0,17,2277.06,2,3415.59,4,1.0,0.08,0.776,6,0.846,2,1,4.0,Yes,Gold,Paid Search,South,COD,0
CUST102416,27.0,21,1582.24,2,2373.36,19,0.0,0.025,0.42,13,0.76,1,2,3.5,Yes,Gold,Partner,East,UPI,0
CUST100070,21.0,17,2348.64,3,2348.64,38,1.0,0.04,0.247,16,0.908,1,0,4.2,Yes,Bronze,Social,South,COD,0
CUST104880,29.0,51,3600.95,8,1350.36,81,1.0,0.01,0.294,12,0.693,0,2,2.7,Yes,Silver,Paid Search,North,UPI,0
CUST101126,52.0,9,833.84,1,2501.52,39,0.0,0.049,0.356,9,0.419,1,0,3.3,Yes,Bronze,Organic,North,UPI,0
CUST104024,25.0,13,1243.89,4,932.92,60,3.0,0.111,0.24,6,0.666,1,2,4.2,No,Gold,Email,North,Card,0
CUST103250,45.0,33,4300.65,6,2150.32,7,1.0,0.056,0.327,11,0.51,0,0,4.5,No,Bronze,Paid Search,East,NetBanking,1
CUST103901,41.0,4,1162.56,2,1743.84,18,1.0,0.076,0.113,7,0.564,0,1,3.0,Yes,Bronze,,South,NetBanking,1
CUST101095,46.0,17,1455.33,6,727.66,19,2.0,0.018,0.249,16,0.702,0,0,2.1,Yes,Gold,Paid Search,North,UPI,0
CUST104545,34.0,18,1636.89,2,2455.34,47,0.0,0.019,0.496,8,0.65,1,0,4.8,Yes,Bronze,Partner,South,Card,0
CUST101212,32.0,32,2457.68,4,1843.26,94,1.0,0.108,0.568,14,0.791,1,0,3.1,Yes,Gold,Partner,South,COD,1
CUST103921,31.0,60,2835.34,2,4253.01,87,2.0,0.237,0.209,6,0.442,0,1,4.4,No,Silver,Organic,East,Card,0
CUST101425,25.0,11,1625.5,5,975.3,29,1.0,0.094,0.46,13,0.658,0,2,4.8,Yes,Bronze,Organic,South,COD,0
CUST103066,37.0,10,2820.5,4,2115.38,20,2.0,0.042,0.233,9,0.547,1,1,3.9,No,Gold,Organic,West,Card,0
CUST104519,18.0,15,1093.47,2,1640.2,37,0.0,0.152,0.191,7,0.516,1,1,2.8,No,Silver,Paid Search,East,UPI,0
CUST102100,37.0,19,1930.3,6,965.15,64,0.0,0.032,0.413,8,0.885,0,0,3.9,No,Bronze,Organic,South,NetBanking,0
CUST100807,22.0,18,2103.76,4,1577.82,25,4.0,0.163,0.339,7,0.384,0,1,4.0,No,Bronze,Paid Search,East,UPI,0
CUST104743,33.0,21,5190.54,0,580.59,41,0.0,0.136,0.235,8,0.643,0,2,3.1,Yes,Silver,Email,North,UPI,0
CUST103750,31.0,8,3800.3,5,2280.18,16,0.0,0.07,0.293,8,0.517,0,0,5.0,Yes,Bronze,Social,South,Card,0
CUST101362,18.0,28,2750.35,3,2750.35,47,1.0,0.069,0.383,9,0.813,0,1,4.3,Yes,Silver,Referral,Central,Wallet,0
CUST102317,38.0,22,1253.49,2,1880.24,69,1.0,0.1,0.395,13,0.48,0,0,2.7,Yes,Bronze,Email,East,Card,0
CUST104581,42.0,43,2082.66,7,892.57,9,2.0,0.032,0.142,9,0.396,0,0,2.2,Yes,Silver,Social,Central,Card,0
CUST104741,33.0,18,,7,1040.04,43,1.0,0.059,0.099,9,0.481,0,2,3.0,No,Bronze,Paid Search,West,NetBanking,0
CUST101025,30.0,4,1748.68,3,1748.68,44,1.0,0.057,0.404,10,0.636,0,1,4.3,Yes,Bronze,Social,West,UPI,1
CUST103109,26.0,3,566.02,3,566.02,70,0.0,0.06,0.05,9,0.647,0,0,3.8,No,Gold,Social,West,UPI,0
CUST102110,38.0,32,2194.46,6,1097.23,76,1.0,0.006,0.23,7,0.814,1,1,4.4,Yes,Gold,Organic,West,Card,0
CUST101041,44.0,19,2108.26,3,2108.26,29,0.0,0.046,0.247,10,0.663,0,1,3.6,Yes,Silver,Email,East,UPI,0
CUST101876,41.0,22,775.23,2,1162.84,104,0.0,0.143,0.263,7,0.797,0,2,4.0,No,Bronze,Organic,West,UPI,0
CUST100881,43.0,56,4057.09,2,6000.0,73,3.0,0.068,0.256,13,0.875,1,1,3.6,Yes,Platinum,Paid Search,Central,NetBanking,0
CUST104299,32.0,5,3497.65,4,,61,1.0,0.03,0.419,12,0.738,0,1,3.5,Yes,Gold,Referral,Central,UPI,0
CUST101192,31.0,18,1553.56,7,665.81,30,0.0,0.064,0.537,11,0.405,1,1,3.6,Yes,Gold,Organic,East,UPI,0
CUST104587,49.0,12,1143.71,5,686.23,103,0.0,0.049,0.177,10,0.498,0,1,3.9,No,Platinum,Social,South,UPI,0
CUST104510,31.0,25,1008.08,7,432.03,82,0.0,0.106,0.462,8,0.617,0,1,3.8,No,Bronze,Paid Search,North,UPI,0
CUST103670,39.0,28,2938.41,3,2938.41,26,1.0,0.14,0.516,14,0.708,0,1,2.5,Yes,Silver,Social,East,Card,1
CUST100624,39.0,57,1616.95,3,,58,1.0,0.016,0.336,13,0.319,0,1,3.7,Yes,Silver,Paid Search,West,UPI,0
CUST102796,40.0,6,4601.84,3,,72,1.0,0.174,0.345,12,0.267,0,1,3.0,No,Bronze,Email,West,NetBanking,1
CUST104291,18.0,18,,2,1254.6,22,0.0,0.079,0.48,9,0.752,0,0,3.2,Yes,Gold,Organic,West,Card,0
CUST104968,31.0,11,2843.3,3,2843.3,23,1.0,0.036,0.294,9,0.681,2,1,2.9,Yes,Silver,Social,Central,Card,0
CUST100233,46.0,9,821.54,0,2310.2,32,2.0,0.122,0.522,8,0.506,0,1,4.2,No,Silver,Partner,West,Card,0
CUST104566,18.0,35,693.36,8,260.01,47,1.0,0.102,0.373,10,0.703,0,0,5.0,Yes,Gold,Organic,East,Card,0
CUST101662,33.0,19,3888.17,1,6000.0,34,2.0,0.013,0.473,16,0.804,0,0,4.0,No,Silver,Organic,East,Card,0
CUST100415,36.0,36,861.57,5,516.94,25,1.0,0.01,0.179,11,0.541,1,0,3.0,Yes,Bronze,Paid Search,North,NetBanking,1
CUST104246,36.0,18,2030.91,0,2233.71,37,,0.076,0.535,17,0.644,0,0,3.3,No,Silver,Paid Search,East,UPI,0
CUST102173,22.0,22,1441.89,1,4325.67,22,1.0,0.04,0.879,10,,2,1,3.2,Yes,Bronze,Partner,South,UPI,0
CUST101456,57.0,5,1493.33,8,560.0,29,1.0,0.008,0.114,12,0.371,0,2,3.3,Yes,Silver,Paid Search,Central,Card,0
CUST100746,52.0,21,362.6,2,543.9,12,2.0,0.07,0.223,10,0.491,1,2,2.2,Yes,Silver,Paid Search,Central,Wallet,0
CUST100017,24.0,6,1461.44,3,1461.44,22,1.0,0.141,0.431,11,0.429,0,2,4.7,Yes,Silver,Organic,South,UPI,0
CUST101200,21.0,13,1366.8,2,2050.2,98,0.0,0.062,0.336,8,0.676,0,2,4.1,Yes,Silver,Paid Search,West,UPI,1
CUST101699,36.0,30,2319.82,4,1739.87,57,1.0,0.196,0.313,12,0.695,1,1,4.2,Yes,Gold,Paid Search,East,UPI,0
CUST103253,44.0,14,3208.04,4,2406.03,46,0.0,0.051,0.142,3,0.423,0,2,2.9,Yes,Gold,Paid Search,West,Card,0
CUST100596,29.0,28,2278.61,1,6000.0,19,5.0,0.065,0.288,9,0.532,0,2,4.0,Yes,Gold,Referral,West,UPI,0
CUST103226,25.0,28,5516.98,5,3310.19,96,3.0,0.175,0.336,6,0.539,0,0,4.2,No,Silver,Social,Central,UPI,0
CUST104405,47.0,50,1646.57,4,1234.93,59,2.0,0.122,0.466,8,,0,0,4.7,Yes,Silver,Paid Search,West,Card,0
CUST104719,36.0,35,2955.19,5,1773.11,9,2.0,0.174,0.125,14,0.755,1,0,4.4,Yes,Silver,Organic,North,COD,0
CUST101505,39.0,35,4605.69,4,3454.27,10,0.0,0.126,0.197,13,0.891,1,0,3.2,Yes,Bronze,Organic,North,Card,1
CUST101412,18.0,2,2197.43,2,3296.14,40,0.0,0.017,0.674,7,0.677,2,0,4.4,No,Bronze,Paid Search,East,COD,0
CUST101965,39.0,40,3499.62,3,3499.62,38,1.0,0.132,0.515,9,0.436,0,0,2.9,Yes,Bronze,Social,South,UPI,1
CUST100371,47.0,4,4256.39,5,2553.83,69,2.0,0.145,0.386,7,0.283,0,2,5.0,No,Silver,Social,West,UPI,0
CUST101340,26.0,14,4623.78,5,2774.27,77,0.0,0.055,0.147,13,0.729,1,0,3.3,No,Gold,Paid Search,West,UPI,1
CUST100598,36.0,34,2057.69,8,771.63,20,1.0,0.012,0.366,8,0.761,0,3,3.5,Yes,Bronze,Social,South,UPI,0
CUST100238,23.0,27,2515.28,10,754.58,22,1.0,0.017,0.221,17,0.693,1,1,3.8,Yes,Gold,Email,North,NetBanking,0
CUST103400,,45,1206.96,6,603.48,8,3.0,0.055,0.267,10,0.843,1,1,2.4,Yes,Gold,Organic,Central,UPI,0
CUST102067,34.0,26,1615.42,4,1211.56,62,2.0,0.093,0.259,8,0.397,0,0,3.8,No,Silver,Organic,East,COD,0
CUST100810,32.0,28,1757.73,2,2636.6,11,1.0,0.255,0.171,7,0.632,0,0,4.4,No,Gold,Social,North,Card,0
CUST101094,27.0,43,529.98,4,397.48,57,1.0,0.04,0.353,11,0.822,1,1,2.3,Yes,Silver,Organic,Central,NetBanking,1
CUST104324,25.0,21,3229.56,5,1937.74,67,2.0,0.066,0.321,8,0.756,1,1,4.2,No,Silver,Referral,East,NetBanking,0
CUST104760,36.0,13,2022.81,7,866.92,25,2.0,0.026,0.413,8,0.336,1,2,2.5,Yes,Bronze,Partner,East,UPI,0
CUST103676,24.0,31,2193.57,5,1316.14,33,0.0,0.054,0.295,9,0.457,0,0,5.0,Yes,Bronze,Referral,South,NetBanking,0
CUST103464,39.0,29,3068.8,5,1841.28,144,3.0,0.323,0.18,8,0.808,0,0,3.4,Yes,Silver,Email,Central,UPI,0
CUST103103,45.0,15,2474.24,4,1855.68,54,0.0,0.095,0.354,6,0.823,0,3,4.6,No,Silver,Paid Search,North,Wallet,0
CUST102749,41.0,22,622.87,8,233.58,28,1.0,0.031,0.693,11,0.796,2,0,3.8,Yes,Bronze,Social,West,Card,0
CUST102295,43.0,24,2042.29,3,2042.29,55,1.0,0.034,0.274,9,0.517,0,0,5.0,Yes,Silver,Partner,South,,0
CUST104192,40.0,12,1977.53,3,1977.53,24,,0.05,0.532,6,0.847,0,0,,No,Gold,Social,South,COD,1
CUST103708,33.0,49,2568.66,6,1284.33,43,1.0,0.051,0.27,9,0.365,2,0,5.0,Yes,Silver,Email,South,COD,0
CUST103018,38.0,26,703.12,1,2109.36,12,1.0,0.095,0.085,13,0.412,1,4,4.0,No,Bronze,Referral,West,Card,0
CUST104252,39.0,19,2228.7,3,2228.7,86,2.0,0.122,0.266,11,0.823,0,1,2.8,Yes,Silver,Organic,East,UPI,1
CUST100803,38.0,19,968.64,8,363.24,65,0.0,0.174,0.164,10,0.591,0,1,4.3,No,Platinum,Social,North,Card,0
CUST104190,44.0,26,1487.98,7,637.71,15,3.0,0.142,0.694,10,,0,2,5.0,Yes,Silver,Paid Search,West,UPI,1
CUST103705,32.0,57,766.89,4,575.17,51,2.0,0.069,0.328,5,0.393,1,2,2.9,Yes,Silver,Paid Search,Central,UPI,1
CUST100751,31.0,22,4298.25,4,3223.69,17,1.0,0.036,0.232,10,0.351,0,0,4.9,Yes,Gold,Paid Search,North,UPI,0
CUST104644,34.0,14,2738.76,4,2054.07,41,2.0,0.181,0.387,11,0.745,0,1,3.1,Yes,Bronze,Partner,South,UPI,0
CUST102531,39.0,14,2202.24,3,2202.24,62,0.0,0.016,0.135,4,0.563,1,0,2.9,Yes,Platinum,Organic,North,UPI,0
CUST100621,34.0,14,1235.87,4,926.9,54,1.0,0.149,0.426,9,0.456,0,0,3.9,Yes,Bronze,Organic,West,UPI,1
CUST102297,26.0,27,2593.89,4,1945.42,93,0.0,0.112,0.466,9,0.682,1,1,4.1,Yes,Silver,Paid Search,Central,NetBanking,0
CUST103828,36.0,37,1189.21,7,509.66,29,0.0,0.065,0.568,15,0.739,0,0,,No,Silver,Organic,East,Card,0
CUST100566,32.0,35,3573.62,5,2144.17,52,0.0,0.116,0.28,8,0.46,0,0,2.3,Yes,Gold,Social,East,NetBanking,0
CUST101135,47.0,16,2649.81,2,3974.72,24,2.0,0.097,0.211,14,0.551,0,3,4.7,No,Gold,Organic,West,Card,0
CUST101204,27.0,11,1641.2,6,820.6,54,2.0,0.089,0.525,13,0.51,0,0,,Yes,Bronze,Referral,South,NetBanking,1
CUST101047,39.0,7,,4,1170.85,60,1.0,0.011,0.437,10,0.765,0,1,4.4,No,Silver,Organic,West,UPI,0
CUST100051,40.0,38,1226.54,7,525.66,69,1.0,0.125,0.281,13,0.769,0,3,3.4,Yes,Bronze,Paid Search,North,Card,0
CUST103651,37.0,60,2161.85,3,2161.85,26,1.0,0.008,0.091,9,0.756,1,1,3.1,Yes,Bronze,Organic,North,UPI,0
CUST101044,26.0,42,4147.14,5,2488.28,45,1.0,0.064,0.207,14,0.745,2,0,3.8,No,Bronze,Paid Search,South,Card,0
CUST102181,36.0,19,1953.96,3,1953.96,32,2.0,0.045,0.14,12,0.641,0,0,2.8,Yes,Bronze,Social,North,NetBanking,1
CUST102688,47.0,38,1448.51,5,869.11,92,0.0,0.055,0.446,8,0.847,0,2,3.0,Yes,Silver,Paid Search,North,UPI,0
CUST100534,18.0,8,2270.49,2,3405.73,114,2.0,0.007,0.025,8,0.549,0,1,4.2,Yes,Silver,Social,East,UPI,0
CUST103184,41.0,10,3441.96,2,5162.94,71,0.0,0.052,0.352,13,0.9,1,1,,No,Silver,Social,West,UPI,1
CUST103857,34.0,61,2476.05,3,2476.05,38,3.0,0.095,0.322,10,0.796,0,1,3.0,Yes,Bronze,Referral,Central,UPI,0
CUST100443,47.0,40,2253.76,2,3380.64,48,0.0,0.201,0.414,12,0.828,0,1,4.0,No,Gold,Paid Search,East,NetBanking,0
CUST103604,35.0,10,1292.29,4,969.22,52,2.0,0.129,0.285,7,0.635,0,1,4.6,Yes,Bronze,Organic,South,Card,1
CUST100195,25.0,16,1273.48,1,3820.44,30,1.0,0.045,0.309,7,0.798,0,1,3.5,No,Silver,Email,South,Card,1
CUST101115,35.0,20,5672.62,5,3403.57,62,0.0,0.129,0.484,18,0.578,0,0,3.6,No,Bronze,Paid Search,West,Wallet,1
CUST100765,18.0,40,2253.87,7,965.94,7,0.0,0.053,0.279,14,0.62,0,0,3.6,No,Platinum,Paid Search,South,Wallet,0
CUST101945,18.0,4,1689.83,6,844.92,47,0.0,0.123,0.399,13,0.823,1,0,,Yes,Bronze,Social,West,,0
CUST103247,21.0,10,2411.41,4,1808.56,41,0.0,0.172,0.322,7,0.145,0,1,3.6,No,Silver,Email,East,COD,0
CUST103002,54.0,83,921.29,5,552.77,46,0.0,0.014,0.388,10,0.828,0,0,4.0,Yes,Silver,Organic,Central,COD,0
CUST101432,25.0,34,827.58,3,827.58,49,0.0,0.013,0.622,5,0.778,1,0,4.2,No,Bronze,Organic,South,UPI,0
CUST104200,26.0,33,866.77,2,1300.16,50,0.0,0.196,0.623,7,0.491,0,0,3.2,Yes,Silver,Referral,South,Wallet,0
CUST103095,23.0,10,2952.48,2,4428.72,69,0.0,0.059,0.527,11,0.773,1,1,,Yes,Silver,Paid Search,North,UPI,0
CUST102922,21.0,34,1816.37,4,1362.28,18,3.0,0.008,0.274,15,0.665,0,3,2.7,Yes,Bronze,Paid Search,South,UPI,0
CUST100644,31.0,21,4011.05,3,4011.05,30,3.0,0.047,0.41,9,0.818,0,1,4.1,No,Silver,Email,West,UPI,0
CUST101049,38.0,18,953.66,2,1430.49,58,2.0,0.122,0.313,12,0.513,2,0,2.6,Yes,Silver,Social,South,Card,0
CUST103745,30.0,10,5232.42,3,5232.42,25,1.0,0.004,0.262,8,0.456,2,0,4.5,Yes,Gold,Paid Search,North,COD,0
CUST104093,22.0,5,6569.49,4,4927.12,84,0.0,0.1,0.531,7,0.414,0,0,3.6,Yes,Bronze,Social,Central,Card,0
CUST104403,49.0,48,5457.6,2,6000.0,52,1.0,0.047,0.243,6,0.76,0,0,3.7,Yes,Platinum,Email,East,UPI,0
CUST100120,24.0,17,2439.54,4,1829.66,35,2.0,0.18,0.433,4,0.701,0,0,3.4,Yes,Gold,Paid Search,West,UPI,0
CUST102052,46.0,27,3652.15,7,1565.21,13,2.0,0.129,0.233,11,0.736,0,0,4.2,Yes,Bronze,Paid Search,South,UPI,0
CUST104258,49.0,5,2855.73,2,4283.6,39,1.0,0.088,0.379,10,0.734,1,0,2.9,Yes,Bronze,Organic,North,Card,0
CUST104888,32.0,19,3185.92,4,2389.44,107,1.0,0.079,0.361,12,0.878,0,1,4.6,No,Gold,Social,West,UPI,0
CUST104334,40.0,24,3894.1,4,2920.58,88,1.0,0.119,0.357,3,0.861,0,1,2.3,Yes,Silver,Social,West,UPI,1
CUST104691,37.0,9,4028.89,1,6000.0,47,0.0,0.093,0.435,13,0.716,0,0,4.3,Yes,Gold,Social,West,,1
CUST100134,19.0,6,2023.82,4,1517.86,23,0.0,0.03,0.396,11,0.408,1,0,4.7,Yes,Gold,Partner,West,NetBanking,0
CUST102460,21.0,33,4322.05,2,6000.0,48,1.0,0.008,0.298,9,0.51,0,1,2.9,No,Silver,Social,Central,Card,0
CUST101954,36.0,14,5371.17,5,3222.7,84,1.0,0.166,0.145,12,0.685,0,0,3.5,Yes,Platinum,Social,Central,Card,0
CUST102463,22.0,11,1088.72,7,466.59,30,1.0,0.018,0.235,10,0.408,0,0,3.4,Yes,Bronze,Organic,North,,0
CUST100184,38.0,57,1960.52,2,2940.78,41,1.0,0.063,0.556,11,0.376,1,1,2.8,No,Bronze,Organic,North,UPI,1
CUST101392,29.0,10,1271.64,3,1271.64,65,1.0,0.036,0.329,8,0.817,0,1,4.0,Yes,Bronze,Organic,Central,COD,0
CUST102276,21.0,8,2624.03,4,1968.02,38,2.0,0.228,0.417,10,0.746,0,1,4.0,Yes,Silver,Social,Central,UPI,0
CUST100511,31.0,7,1317.76,1,3953.28,23,0.0,0.03,0.571,9,0.694,0,1,3.7,Yes,Bronze,Social,South,COD,0
CUST104729,31.0,36,1416.3,4,1062.22,37,2.0,0.105,0.383,10,0.815,0,2,4.0,No,Platinum,Paid Search,North,NetBanking,0
CUST104054,40.0,31,4693.15,2,6000.0,55,3.0,0.128,0.682,15,0.598,2,1,2.7,Yes,Gold,Social,Central,UPI,0
CUST103137,45.0,40,1064.34,6,532.17,15,0.0,0.025,0.548,5,,0,0,5.0,Yes,Bronze,Organic,North,NetBanking,0
CUST102669,27.0,26,2538.51,2,3807.77,16,1.0,0.045,0.623,10,0.408,0,0,3.7,Yes,Silver,Social,Central,UPI,0
CUST104773,41.0,24,3854.87,2,5782.3,44,,0.13,0.484,13,0.771,0,1,3.8,Yes,Silver,Social,Central,Card,0
CUST104861,,13,2516.12,6,1258.06,73,4.0,0.019,0.359,8,0.733,0,1,4.7,No,Bronze,Social,Central,Card,0
CUST102117,35.0,33,1801.65,1,5404.95,59,1.0,0.159,0.053,7,0.681,0,0,3.9,Yes,Silver,Paid Search,North,UPI,0
CUST100251,37.0,31,1400.32,2,2100.48,30,1.0,0.067,0.398,8,0.465,0,0,3.8,Yes,Bronze,Paid Search,South,Card,0
CUST103526,38.0,22,890.37,0,489.41,23,1.0,0.022,0.28,7,0.628,1,1,4.0,Yes,Bronze,Partner,West,Card,0
CUST103559,26.0,32,3271.48,4,2453.61,56,2.0,0.101,0.299,2,0.615,0,0,3.2,Yes,Bronze,Paid Search,North,NetBanking,0
CUST104011,37.0,48,8000.0,4,6000.0,62,1.0,0.039,0.453,7,0.909,1,1,4.5,Yes,Bronze,Organic,West,NetBanking,0
CUST101507,34.0,24,941.58,5,564.95,39,0.0,0.089,0.679,13,0.702,1,2,3.1,Yes,Platinum,Organic,North,UPI,0
CUST100122,36.0,33,2433.46,2,3650.19,10,0.0,0.004,0.049,12,0.649,1,0,3.2,No,Gold,Email,North,UPI,0
CUST104259,30.0,24,3665.76,2,5498.64,30,1.0,0.046,0.17,14,0.824,0,0,3.8,No,Platinum,Paid Search,North,NetBanking,0
CUST103333,30.0,13,1337.15,3,1337.15,17,0.0,0.041,0.277,6,0.698,0,0,2.9,Yes,Platinum,Partner,South,UPI,0
CUST101871,28.0,42,3725.24,5,2235.14,12,2.0,0.082,0.376,15,0.802,0,0,4.4,Yes,Bronze,Partner,South,COD,0
CUST103692,18.0,17,1863.25,4,1397.44,146,1.0,0.08,0.53,9,0.631,0,1,3.5,Yes,Bronze,Paid Search,Central,,1
CUST100567,27.0,32,2545.87,3,2545.87,23,0.0,0.124,0.111,12,0.75,1,2,4.7,Yes,Silver,Social,North,UPI,0
CUST101371,42.0,23,3109.17,3,3109.17,68,1.0,0.063,0.38,8,0.796,0,0,3.7,Yes,Bronze,Paid Search,Central,UPI,0
CUST103185,20.0,21,2319.45,5,1391.67,15,2.0,0.162,0.707,6,,1,0,5.0,Yes,Platinum,Organic,East,,0
CUST103955,18.0,3,2977.72,4,2233.29,33,2.0,0.049,0.409,9,0.702,0,0,4.5,Yes,Platinum,Referral,South,Wallet,0
CUST101056,35.0,6,1537.04,2,2305.56,35,1.0,0.02,0.183,8,0.441,0,2,3.4,Yes,Bronze,Paid Search,West,UPI,0
CUST100856,37.0,4,2221.38,4,1666.04,56,0.0,0.135,0.013,11,0.848,1,0,3.8,No,Gold,Referral,West,,0
CUST103838,31.0,11,1247.95,5,748.77,39,1.0,0.077,0.375,12,0.566,0,1,2.1,No,Platinum,Partner,North,Wallet,0
CUST102860,19.0,30,2913.15,2,4369.73,12,2.0,0.022,0.052,12,0.908,4,1,4.9,No,Silver,Referral,South,NetBanking,0
CUST104769,50.0,38,1532.23,1,4596.69,28,1.0,0.099,0.093,7,0.674,0,1,4.1,Yes,Bronze,Organic,Central,UPI,0
CUST100776,23.0,30,3504.97,4,2628.73,32,0.0,0.188,0.478,12,0.752,0,0,4.2,Yes,Silver,Email,North,Card,1
CUST100720,33.0,42,1528.32,4,1146.24,89,2.0,0.217,0.386,8,0.826,1,0,4.8,Yes,Silver,Referral,East,UPI,0
CUST102710,33.0,17,4632.34,3,4632.34,42,1.0,0.052,0.186,9,0.71,0,0,3.5,No,Bronze,Paid Search,West,UPI,0
CUST102654,,19,,4,941.3,73,2.0,0.019,0.251,9,0.366,0,0,3.3,Yes,Bronze,Paid Search,Central,Card,0
CUST104877,40.0,11,2527.23,1,6000.0,25,1.0,0.063,0.179,12,0.708,0,2,4.1,Yes,Gold,Partner,Central,,0
CUST100602,47.0,19,1038.27,5,622.96,93,0.0,0.282,0.473,11,0.611,1,2,4.2,Yes,Bronze,Referral,North,UPI,0
CUST103822,33.0,14,1914.84,2,2872.26,6,3.0,0.02,0.451,16,0.653,0,4,2.7,Yes,Gold,Organic,South,Card,0
CUST101244,44.0,36,2131.34,2,3197.01,50,0.0,0.123,0.197,15,0.844,0,0,3.4,Yes,Gold,Partner,South,UPI,0
CUST104845,43.0,34,1191.02,3,1191.02,59,2.0,0.094,0.236,10,0.795,0,1,2.6,Yes,Gold,Social,South,UPI,1
CUST104841,24.0,5,1462.08,4,1096.56,25,0.0,0.025,0.3,12,0.56,1,1,4.1,No,Silver,Referral,Central,UPI,0
CUST100318,44.0,4,2319.03,0,1989.77,50,0.0,0.038,0.738,10,0.792,0,2,3.2,No,Gold,Social,Central,UPI,1
CUST100828,46.0,2,1866.33,5,1119.8,44,2.0,0.032,0.45,6,0.84,1,0,3.7,No,Bronze,Paid Search,South,UPI,0
CUST103263,50.0,11,1036.06,6,518.03,35,0.0,0.102,0.421,16,0.796,1,0,2.8,Yes,Bronze,Email,South,Card,0
CUST100274,50.0,19,2703.76,0,1175.79,21,1.0,0.04,0.212,7,0.628,1,1,3.9,Yes,Bronze,Social,East,UPI,0
CUST102664,30.0,38,1865.64,3,,33,0.0,0.195,0.391,12,0.738,1,3,2.8,Yes,Platinum,Referral,West,UPI,0
CUST100549,41.0,37,4964.1,3,,21,0.0,0.198,0.578,8,0.56,0,0,,Yes,Gold,Paid Search,Central,UPI,0
CUST103641,51.0,22,3851.34,2,5777.01,10,1.0,0.051,0.388,12,0.63,0,0,3.5,Yes,Gold,Paid Search,South,Card,0
CUST104053,29.0,20,3788.33,4,2841.25,39,1.0,0.114,0.302,13,0.767,0,1,,Yes,Bronze,Paid Search,South,UPI,0
CUST104892,23.0,36,1655.14,5,993.08,24,0.0,0.123,0.451,9,0.607,0,1,4.4,Yes,Platinum,Paid Search,North,Card,1
CUST102934,26.0,16,1546.58,4,1159.94,9,1.0,0.011,0.349,14,0.603,0,0,3.3,Yes,Bronze,Email,North,COD,0
CUST100605,39.0,12,1633.65,1,4900.95,34,1.0,0.156,0.372,13,0.677,0,0,3.0,No,Silver,Paid Search,South,COD,0
CUST100896,27.0,5,1306.51,5,783.91,25,1.0,0.125,0.405,12,0.478,2,0,4.5,Yes,Silver,Referral,South,UPI,0
CUST100527,35.0,13,2719.59,5,1631.75,38,2.0,0.088,0.677,12,0.494,1,2,4.7,No,Silver,Paid Search,South,NetBanking,0
CUST104607,47.0,26,8000.0,2,6000.0,30,1.0,0.019,0.333,6,0.514,1,0,4.2,Yes,Silver,Email,East,Card,1
CUST102347,27.0,4,3186.26,11,868.98,16,0.0,0.219,0.28,12,0.662,0,2,2.8,No,Silver,Partner,East,Card,0
CUST103439,53.0,18,768.48,5,461.09,98,0.0,0.08,0.235,11,0.749,0,0,4.8,No,Gold,Paid Search,West,UPI,1
CUST104998,34.0,19,2689.96,4,2017.47,37,0.0,0.002,0.256,14,0.336,1,0,3.4,Yes,Silver,Social,Central,UPI,0
CUST104826,29.0,25,1893.45,6,946.72,10,1.0,0.192,0.371,10,0.909,0,1,3.3,Yes,Bronze,Partner,Central,NetBanking,0
CUST103922,23.0,19,723.98,2,1085.97,32,0.0,0.08,0.324,10,0.765,0,4,5.0,Yes,Silver,Paid Search,Central,Card,0
CUST100298,18.0,36,3562.46,3,3562.46,15,0.0,0.071,0.628,10,0.808,0,0,3.6,No,Silver,Paid Search,North,NetBanking,1
CUST102119,42.0,20,1811.43,3,1811.43,49,1.0,0.259,0.224,9,0.45,1,4,2.7,Yes,Bronze,Email,West,UPI,0
CUST102536,25.0,5,2311.96,1,6000.0,15,3.0,0.059,0.445,8,0.43,0,0,3.4,No,Bronze,Paid Search,South,COD,0
CUST104203,55.0,13,2435.19,1,6000.0,40,0.0,0.048,0.036,10,0.829,1,2,4.1,Yes,Bronze,Social,South,NetBanking,0
CUST103254,30.0,25,2085.27,6,1042.64,72,1.0,0.054,0.41,12,0.664,1,2,4.8,Yes,Silver,Referral,Central,Card,0
CUST103725,48.0,32,1325.36,4,994.02,10,1.0,0.068,0.649,12,0.631,0,2,4.0,Yes,Bronze,Organic,East,Card,0
CUST101260,44.0,12,1127.92,2,1691.88,80,1.0,0.028,0.467,10,0.893,1,1,2.3,Yes,Bronze,Partner,West,COD,1
CUST101558,42.0,30,1473.52,5,884.11,34,3.0,0.234,0.234,8,0.441,0,2,2.5,Yes,Silver,Organic,West,,0
CUST103269,26.0,13,1729.67,2,2594.5,114,0.0,0.127,0.641,13,0.723,0,1,3.9,Yes,Gold,Paid Search,East,Wallet,0
CUST104046,32.0,28,3826.75,1,6000.0,46,0.0,0.013,0.367,7,0.56,0,0,4.2,No,Silver,Paid Search,Central,Wallet,1
CUST100756,25.0,4,2544.05,7,1090.31,41,0.0,0.065,0.091,15,0.75,0,0,3.5,Yes,Gold,Referral,West,UPI,0
CUST101010,22.0,48,3506.91,7,1502.96,29,1.0,0.32,0.399,13,0.725,0,1,4.2,Yes,Silver,Organic,North,UPI,1
CUST102794,45.0,13,2384.76,5,1430.86,40,2.0,0.202,0.342,4,0.723,3,1,4.0,Yes,Gold,Organic,North,UPI,0
CUST102905,34.0,14,1762.06,4,1321.54,118,,0.114,0.229,14,0.632,0,0,3.7,Yes,Bronze,Email,North,UPI,1
CUST101870,43.0,14,3067.17,3,3067.17,45,2.0,0.125,0.376,10,0.769,1,1,3.3,No,Silver,Organic,South,UPI,0
CUST102229,37.0,22,3814.56,3,3814.56,13,1.0,0.116,0.293,9,0.782,3,0,2.9,Yes,Gold,Paid Search,North,NetBanking,0
CUST101173,24.0,20,1162.0,9,387.33,40,,0.074,0.83,10,0.795,1,2,2.5,Yes,Gold,Paid Search,Central,Card,0
CUST101832,23.0,22,4098.08,4,3073.56,63,1.0,0.086,0.088,11,0.781,0,0,2.8,Yes,Silver,Organic,South,Wallet,1
CUST100376,32.0,11,1297.29,3,1297.29,43,2.0,0.109,0.501,13,0.823,1,1,2.3,No,Gold,Referral,West,Card,1
CUST103853,31.0,61,3289.01,2,4933.52,70,2.0,0.089,0.396,9,0.662,0,3,3.6,Yes,Silver,Email,West,UPI,0
CUST103616,46.0,25,2563.23,5,1537.94,78,0.0,0.067,0.163,15,0.759,0,0,3.2,Yes,Platinum,Organic,West,Wallet,0
CUST100798,44.0,35,2073.05,8,777.39,16,1.0,0.045,0.302,7,0.843,1,1,3.7,Yes,Gold,Referral,East,UPI,0
CUST100378,50.0,39,2223.61,3,2223.61,12,0.0,0.046,0.345,7,0.649,0,0,4.1,No,Silver,Partner,South,Card,1
CUST101158,18.0,33,1646.71,6,823.36,32,2.0,0.35,0.331,11,0.598,1,3,2.9,Yes,Gold,Email,South,UPI,0
CUST103819,31.0,22,1955.06,5,1173.04,22,0.0,0.017,0.486,11,0.849,0,0,5.0,Yes,Platinum,Paid Search,East,NetBanking,0
CUST102792,26.0,7,1260.62,3,1260.62,63,3.0,0.35,0.287,11,0.516,2,0,3.4,No,Bronze,Email,South,Card,1
CUST102240,46.0,17,1786.15,7,765.49,55,2.0,0.017,0.188,8,0.475,0,1,3.7,Yes,Bronze,Organic,North,Card,0
CUST104035,36.0,28,1099.55,5,659.73,91,1.0,0.043,0.414,12,0.712,0,1,4.0,Yes,Silver,Social,South,NetBanking,0
CUST102662,31.0,12,1440.69,3,1440.69,4,1.0,0.176,0.424,9,0.687,0,0,4.0,Yes,Bronze,Organic,Central,UPI,0
CUST104012,41.0,18,3951.29,3,3951.29,67,1.0,0.088,0.262,12,0.487,0,0,4.4,Yes,Bronze,Email,Central,COD,0
CUST102957,35.0,25,898.64,3,898.64,27,2.0,0.045,0.533,14,0.796,1,1,4.8,Yes,Bronze,Referral,Central,Wallet,0
CUST103927,20.0,52,2567.84,3,2567.84,9,1.0,0.043,0.221,13,0.423,0,0,3.6,No,Silver,,South,NetBanking,0
CUST101038,42.0,34,1727.29,4,1295.47,20,1.0,0.135,0.279,8,0.572,1,2,4.2,Yes,Platinum,Partner,West,Card,0
CUST103259,31.0,57,1403.25,2,2104.88,49,0.0,0.055,0.398,13,0.679,1,0,3.5,Yes,Silver,Social,West,UPI,0
CUST101344,24.0,30,3430.63,3,3430.63,20,1.0,0.174,0.353,6,0.703,0,0,4.4,No,Silver,Referral,South,COD,0
CUST102505,43.0,43,4344.84,2,6000.0,31,2.0,0.095,0.088,6,,0,2,4.4,Yes,Silver,Social,West,UPI,0
CUST101721,20.0,8,520.75,7,223.18,21,0.0,0.028,0.283,11,0.782,2,2,4.1,Yes,Bronze,Paid Search,East,COD,0
CUST104663,27.0,68,1355.14,6,677.57,56,2.0,0.081,0.137,6,0.927,1,0,4.1,No,Bronze,Organic,North,UPI,0
CUST100175,36.0,27,698.63,4,523.97,32,1.0,0.167,0.306,14,0.698,0,2,3.5,No,Gold,Organic,South,COD,0
CUST104893,26.0,13,2134.02,6,1067.01,15,0.0,0.171,0.494,13,0.809,0,0,3.4,Yes,Silver,Paid Search,West,Card,0
CUST101909,38.0,5,2521.0,4,1890.75,84,1.0,0.032,0.294,13,0.877,0,1,3.5,No,Silver,Organic,Central,NetBanking,0
CUST100045,36.0,24,4574.58,5,2744.75,8,,0.135,0.235,13,0.191,1,2,4.6,Yes,Platinum,Paid Search,South,NetBanking,0
CUST103409,34.0,33,2483.35,4,1862.51,34,0.0,0.077,0.396,11,0.732,2,0,3.5,Yes,Bronze,Paid Search,South,UPI,0
CUST104674,37.0,18,1001.58,5,600.95,24,0.0,0.154,0.17,10,0.372,1,1,5.0,No,Bronze,Partner,Central,UPI,0
CUST101075,36.0,23,2061.21,5,1236.73,51,0.0,0.198,0.652,7,0.525,0,1,2.9,No,Silver,Organic,North,COD,0
CUST102829,59.0,6,1639.25,2,2458.88,21,0.0,0.119,0.191,11,0.408,0,0,3.9,Yes,Bronze,Social,West,UPI,0
CUST101504,32.0,29,2769.73,9,923.24,38,1.0,0.064,0.555,10,0.244,0,0,5.0,Yes,Silver,Social,North,UPI,0
CUST102309,37.0,8,2125.43,5,1275.26,41,1.0,0.026,0.275,8,0.617,0,0,2.8,No,Bronze,Organic,West,UPI,0
CUST101436,30.0,30,1792.28,7,768.12,48,0.0,0.055,0.048,6,0.697,0,1,3.4,Yes,Gold,Partner,West,,0
CUST102418,40.0,8,3515.17,3,,90,0.0,0.104,0.432,6,0.717,0,0,4.6,Yes,Platinum,Social,Central,UPI,0
CUST103986,23.0,17,861.33,4,646.0,26,0.0,0.177,0.27,11,0.633,0,2,4.3,Yes,Gold,Social,West,UPI,0
CUST103098,54.0,68,1123.49,5,674.09,47,0.0,0.034,0.643,8,0.603,1,0,5.0,Yes,Platinum,Email,West,UPI,0
CUST104588,18.0,31,1674.1,4,1255.57,32,0.0,0.008,0.659,7,0.823,0,2,,Yes,Bronze,Email,South,Wallet,0
CUST100283,39.0,26,1347.4,1,4042.2,45,2.0,0.009,0.469,10,0.628,1,0,4.3,Yes,Bronze,Email,West,Wallet,0
CUST104918,37.0,13,2309.21,4,1731.91,38,2.0,0.025,0.425,4,0.709,2,2,3.8,Yes,Silver,Social,East,Card,1
CUST100842,52.0,16,1008.67,3,1008.67,33,1.0,0.062,0.309,17,0.789,1,2,2.8,Yes,Silver,Paid Search,East,COD,0
CUST101513,18.0,3,1683.04,2,2524.56,25,2.0,0.046,0.467,10,0.562,1,2,3.4,Yes,Silver,Partner,South,COD,0
CUST101168,30.0,20,563.84,3,563.84,57,3.0,0.212,0.115,7,0.556,0,0,3.9,Yes,Bronze,Referral,East,UPI,0
CUST101592,32.0,27,4283.26,4,3212.44,46,1.0,0.097,0.432,11,0.851,0,2,3.1,Yes,Bronze,Partner,East,Card,0
CUST103460,35.0,50,2323.64,4,1742.73,23,1.0,0.056,0.405,17,0.745,1,1,3.8,Yes,Gold,Partner,North,COD,0
CUST103165,37.0,30,1646.44,6,823.22,34,1.0,0.208,0.501,12,0.396,1,0,3.1,No,Bronze,Paid Search,North,COD,0
CUST102284,39.0,14,4298.72,5,2579.23,20,3.0,0.065,0.236,5,0.716,0,2,4.4,Yes,Platinum,Social,South,Card,0
CUST103575,18.0,23,3010.81,4,2258.11,4,1.0,0.052,0.447,11,0.832,0,0,,Yes,Gold,Social,West,UPI,1
CUST104870,22.0,13,8000.0,7,3428.57,28,2.0,0.093,0.276,17,0.795,0,0,3.8,No,Silver,Social,Central,Card,0
CUST102305,29.0,28,,7,1347.36,83,1.0,0.155,0.558,6,0.648,2,0,4.1,No,Silver,Referral,Central,UPI,0
CUST100952,39.0,20,2263.91,2,3395.86,17,1.0,0.106,0.61,6,0.76,0,2,3.5,No,Bronze,Partner,South,NetBanking,0
CUST104942,31.0,25,986.91,2,1480.36,16,0.0,0.117,0.381,11,0.765,1,1,4.6,No,Bronze,Social,West,UPI,0
CUST103053,33.0,16,2585.95,3,2585.95,89,2.0,0.025,0.209,12,0.702,1,0,3.7,No,Bronze,Organic,North,Card,0
CUST104559,21.0,15,2860.49,3,2860.49,34,2.0,0.031,0.278,14,0.775,0,1,3.1,No,Gold,Email,South,UPI,0
CUST102685,35.0,16,3711.67,5,2227.0,43,3.0,0.12,0.478,6,0.679,2,0,2.9,Yes,Bronze,Organic,Central,UPI,0
CUST101489,36.0,64,1161.78,3,1161.78,34,0.0,0.069,0.215,11,0.82,1,1,4.1,Yes,Silver,Organic,South,Card,1
CUST100927,38.0,20,2813.87,2,4220.8,31,1.0,0.146,0.34,5,0.811,0,0,3.3,Yes,Bronze,Email,West,Card,0
CUST101209,37.0,16,3613.39,5,2168.03,15,1.0,0.1,0.492,13,0.454,0,1,,No,Silver,Organic,Central,Wallet,0
CUST103973,51.0,18,4763.88,4,3572.91,20,1.0,0.017,0.481,8,0.365,0,1,4.5,Yes,Bronze,Referral,Central,UPI,0
CUST103545,28.0,11,1045.96,3,1045.96,19,1.0,0.025,0.134,12,0.305,0,0,2.5,No,Gold,Organic,North,Card,0
CUST104361,37.0,46,609.26,5,365.56,20,2.0,0.03,0.579,6,0.606,0,0,4.2,Yes,Gold,Organic,South,Card,0
CUST101921,44.0,8,1720.94,9,573.65,10,1.0,0.118,0.301,8,0.738,0,0,5.0,No,Bronze,Email,West,,0
CUST100351,42.0,12,1826.3,6,913.15,14,2.0,0.155,0.466,9,0.658,0,0,3.4,No,Bronze,Paid Search,West,COD,1
CUST104898,37.0,13,2731.64,4,2048.73,45,0.0,0.223,0.234,12,0.693,0,1,3.4,Yes,Gold,,South,UPI,0
CUST103393,24.0,20,6417.67,5,3850.6,12,2.0,0.051,0.437,8,0.756,0,1,3.5,Yes,Bronze,,Central,UPI,0
CUST102721,47.0,13,1307.09,3,1307.09,59,2.0,0.171,0.439,12,0.705,1,0,2.9,Yes,Bronze,Social,West,NetBanking,0
CUST104981,36.0,32,3023.49,6,1511.74,25,,0.078,0.62,11,0.655,0,1,,Yes,Bronze,Organic,Central,Card,0
CUST100718,30.0,33,2717.69,6,1358.84,43,0.0,0.159,0.807,7,0.714,0,1,2.5,Yes,Gold,Organic,East,UPI,0
CUST102702,42.0,11,3602.46,5,,31,0.0,0.258,0.295,10,0.621,1,1,3.6,No,Bronze,Organic,West,NetBanking,0
CUST102722,18.0,24,3841.38,4,2881.04,4,1.0,0.031,0.303,11,0.413,0,1,3.2,Yes,Silver,Paid Search,East,NetBanking,0
CUST104561,27.0,9,2564.78,3,2564.78,17,2.0,0.145,0.09,12,0.482,1,0,3.4,Yes,Bronze,Paid Search,North,Wallet,0
CUST100308,40.0,12,1647.28,4,1235.46,16,3.0,0.025,0.236,10,0.518,0,1,5.0,No,Gold,Email,East,UPI,0
CUST101675,18.0,13,1137.67,1,3413.01,13,0.0,0.06,0.409,13,0.696,1,2,4.4,Yes,Silver,Organic,West,UPI,0
CUST100833,30.0,8,3920.85,2,5881.28,36,0.0,0.118,0.263,5,0.821,0,0,4.4,No,Platinum,Referral,East,NetBanking,0
CUST100366,27.0,40,1485.0,4,1113.75,6,,0.043,0.336,11,0.798,0,2,3.8,Yes,Platinum,Partner,South,Card,0
CUST104506,41.0,6,3964.77,5,2378.86,52,0.0,0.027,0.426,11,0.709,1,1,4.9,Yes,Bronze,Paid Search,South,Card,0
CUST102078,18.0,41,1200.43,8,450.16,35,1.0,0.063,0.627,5,0.472,0,2,4.0,Yes,Bronze,Paid Search,South,UPI,0
CUST104038,27.0,14,3234.77,3,3234.77,46,0.0,0.011,0.362,11,0.616,0,1,3.8,Yes,Silver,Paid Search,West,UPI,0
CUST104846,43.0,22,2202.6,4,1651.95,38,0.0,0.086,0.398,7,,0,1,3.7,Yes,Bronze,Social,Central,Wallet,0
CUST104479,38.0,9,2162.7,6,1081.35,48,0.0,0.037,0.1,11,0.713,0,1,4.6,Yes,Bronze,Organic,East,UPI,0
CUST101746,28.0,19,3444.68,7,1476.29,38,1.0,0.055,0.322,6,0.398,0,1,4.1,Yes,Silver,Social,South,Wallet,1
CUST100019,34.0,8,2180.94,5,1308.56,14,1.0,0.065,0.372,6,0.742,0,1,2.8,Yes,Platinum,Referral,South,UPI,0
CUST101322,34.0,13,1721.9,6,860.95,13,0.0,0.114,0.56,8,0.619,0,3,3.6,Yes,Silver,Referral,North,Card,0
CUST103567,22.0,32,3767.93,3,3767.93,4,2.0,0.008,0.763,10,0.938,0,0,3.8,Yes,Silver,Organic,East,UPI,1
CUST102521,52.0,22,3201.08,5,1920.65,15,0.0,0.14,0.166,11,0.591,1,1,3.2,No,Silver,Social,South,COD,1
CUST100218,32.0,8,3264.1,3,3264.1,16,1.0,0.163,0.381,10,0.887,0,0,2.8,Yes,Bronze,Paid Search,East,UPI,0
CUST101487,20.0,24,2311.42,6,1155.71,66,0.0,0.097,0.207,16,0.893,2,1,4.7,Yes,Bronze,Organic,South,NetBanking,1
CUST100438,27.0,22,1818.13,4,1363.6,96,0.0,0.067,0.534,11,0.752,0,0,2.4,Yes,Silver,Partner,East,UPI,1
CUST104174,23.0,10,1646.38,1,4939.14,27,0.0,0.088,0.086,6,0.536,0,2,4.5,Yes,Bronze,Organic,South,Card,0
CUST102750,38.0,40,1873.96,7,803.13,80,5.0,0.03,0.365,7,0.726,2,0,2.8,Yes,Silver,Email,South,UPI,0
CUST103288,30.0,7,1456.34,2,2184.51,28,3.0,0.084,0.335,14,0.716,1,0,3.2,Yes,Silver,Social,East,Card,0
CUST103433,35.0,39,978.3,0,1071.2,81,3.0,0.051,0.093,6,0.852,1,3,2.9,Yes,Bronze,Organic,West,UPI,1
CUST102525,41.0,17,3368.27,3,3368.27,37,0.0,0.009,0.298,7,0.678,2,0,3.9,No,Silver,Organic,South,Card,0
CUST104650,25.0,29,997.18,4,747.88,45,2.0,0.058,0.363,5,0.605,0,0,3.6,Yes,Silver,Partner,North,UPI,0
CUST103688,60.0,31,3533.3,2,5299.95,88,2.0,0.037,0.165,15,0.487,0,1,3.4,No,Gold,Paid Search,West,UPI,1
CUST102763,43.0,22,1383.44,4,1037.58,52,1.0,0.203,0.279,11,0.731,0,0,3.9,Yes,Bronze,Organic,North,Wallet,0
CUST100802,37.0,30,2251.96,6,1125.98,29,1.0,0.041,0.466,10,0.728,1,0,4.0,Yes,Silver,Referral,South,COD,0
CUST102997,57.0,60,1104.4,2,1656.6,38,0.0,0.017,0.205,9,0.893,0,2,4.2,Yes,Gold,Social,West,UPI,1
CUST102228,56.0,12,1797.08,5,1078.25,26,1.0,0.027,0.461,8,,2,1,3.9,No,Platinum,Paid Search,South,NetBanking,0
CUST104785,18.0,23,3305.44,5,1983.26,73,3.0,0.019,0.317,15,0.484,2,1,3.7,Yes,Platinum,Organic,East,UPI,1
CUST102077,35.0,23,1900.1,3,1900.1,142,1.0,0.151,0.333,10,0.859,0,1,3.7,No,Silver,Organic,North,Wallet,0
CUST100582,31.0,52,4141.68,5,2485.01,28,0.0,0.35,0.406,9,0.882,0,1,4.5,Yes,Bronze,Paid Search,Central,UPI,0
CUST100203,40.0,7,1707.91,5,1024.75,6,2.0,0.053,0.474,11,0.608,1,1,3.4,Yes,Bronze,Social,South,NetBanking,1
CUST104346,25.0,43,6001.84,3,6000.0,83,0.0,0.247,0.693,6,0.625,1,0,4.5,Yes,Bronze,Social,South,Wallet,1
CUST103478,45.0,7,1943.66,3,1943.66,44,0.0,0.02,0.08,10,0.494,0,3,4.8,Yes,Gold,Organic,West,UPI,0
CUST102929,31.0,5,2265.57,5,1359.34,74,2.0,0.054,0.739,10,0.83,1,1,4.0,No,Silver,Social,East,UPI,1
CUST103085,41.0,14,1257.15,5,754.29,19,1.0,0.099,0.178,12,0.595,0,1,2.9,Yes,Silver,Paid Search,North,NetBanking,0
CUST101018,31.0,40,1251.74,3,1251.74,1,1.0,0.067,0.303,6,0.733,0,2,4.2,No,Gold,Social,West,UPI,0
CUST101583,27.0,18,2446.01,2,,44,0.0,0.068,0.211,15,0.6,0,0,3.8,Yes,Silver,Referral,Central,UPI,0
CUST101032,29.0,36,3202.79,9,1067.6,29,3.0,0.143,0.477,10,0.646,1,2,3.1,Yes,Silver,Organic,West,UPI,0
CUST101718,40.0,9,3927.62,5,2356.57,18,0.0,0.023,0.547,7,0.809,1,3,4.2,Yes,Silver,Partner,South,UPI,0
CUST101281,18.0,27,1577.91,3,1577.91,48,1.0,0.058,0.379,11,0.715,1,0,2.5,Yes,Bronze,Referral,North,UPI,1
CUST102498,29.0,16,1208.68,4,906.51,14,0.0,0.055,0.526,15,0.921,0,2,3.4,Yes,Bronze,Paid Search,West,Card,0
CUST103350,35.0,24,1077.99,8,404.25,60,1.0,0.171,0.303,13,0.525,0,2,3.6,No,Silver,Organic,West,UPI,0
CUST100517,27.0,16,1877.33,3,1877.33,28,1.0,0.167,0.728,7,0.486,0,0,3.4,No,Bronze,Organic,West,Card,0
CUST101747,37.0,8,2427.03,4,1820.27,40,0.0,0.055,0.102,7,0.621,0,1,4.6,Yes,Silver,Paid Search,South,Card,0
CUST104652,38.0,39,2437.7,4,1828.28,41,4.0,0.069,0.346,5,0.953,0,1,4.2,No,Silver,Organic,West,Card,0
CUST103732,62.0,7,1390.63,4,1042.97,31,3.0,0.135,0.14,15,0.567,2,0,5.0,Yes,Silver,Referral,North,UPI,0
CUST100668,29.0,43,2099.18,5,1259.51,30,0.0,0.031,0.262,6,0.621,0,2,3.3,Yes,Bronze,Social,North,NetBanking,0
CUST104059,33.0,31,1082.55,8,405.96,11,0.0,0.104,0.45,13,0.7,0,1,3.5,Yes,Gold,Email,Central,UPI,0
CUST103026,41.0,7,3055.39,0,591.88,35,2.0,0.063,0.258,12,0.187,1,0,3.7,Yes,Gold,Partner,Central,COD,0
CUST104932,51.0,14,6643.88,2,6000.0,50,2.0,0.016,0.274,7,0.698,0,0,3.4,Yes,Silver,Referral,North,UPI,0
CUST103286,20.0,10,4095.85,6,2047.92,52,0.0,0.053,0.16,5,0.75,1,2,4.5,Yes,Silver,Paid Search,East,NetBanking,0
CUST102650,23.0,33,2704.39,5,1622.63,72,2.0,0.067,0.173,13,0.688,1,1,4.2,Yes,Gold,Paid Search,East,UPI,0
CUST104453,38.0,35,2840.32,1,,24,1.0,0.054,0.442,9,,1,1,3.7,Yes,Bronze,Referral,South,UPI,0
CUST103192,35.0,38,2007.84,4,1505.88,19,1.0,0.095,0.126,14,0.776,1,0,4.5,No,Bronze,Organic,East,,0
CUST102124,34.0,26,2495.81,2,3743.72,50,1.0,0.116,0.148,12,0.671,1,2,3.9,No,Silver,Referral,Central,Card,0
CUST103375,28.0,13,1734.16,2,2601.24,81,0.0,0.111,0.127,13,0.645,0,1,4.1,Yes,Bronze,Email,North,UPI,0
CUST103392,26.0,6,1430.4,3,1430.4,61,1.0,0.036,0.334,8,0.579,1,2,3.6,Yes,Bronze,Organic,South,Card,0
CUST103485,45.0,18,,3,690.84,55,2.0,0.103,0.594,11,0.679,0,0,4.3,Yes,Bronze,Paid Search,South,UPI,0
CUST100759,38.0,38,1293.56,3,,42,2.0,0.027,0.031,8,0.53,0,2,3.0,No,Gold,Social,North,NetBanking,0
CUST103379,31.0,5,1970.57,8,738.96,17,1.0,0.04,0.689,5,0.649,1,0,4.2,Yes,Gold,Referral,West,Card,0
CUST104440,37.0,28,2947.34,2,4421.01,26,4.0,0.189,0.374,11,0.847,0,0,3.2,Yes,Platinum,Paid Search,North,UPI,0
CUST102526,33.0,22,2133.02,3,2133.02,9,1.0,0.028,0.371,14,0.665,0,3,3.0,Yes,Bronze,,Central,NetBanking,0
CUST104858,29.0,9,1295.36,4,971.52,24,1.0,0.313,0.188,7,0.764,1,1,3.9,No,Bronze,Organic,East,Card,0
CUST100907,21.0,18,4089.55,4,3067.16,16,0.0,0.35,0.18,9,0.501,0,0,4.3,Yes,Silver,Organic,South,Card,0
CUST102683,27.0,21,3102.75,6,1551.38,45,2.0,0.035,0.227,13,0.861,0,0,3.1,Yes,Bronze,Organic,North,COD,0
CUST100214,31.0,31,2814.11,3,2814.11,75,1.0,0.094,0.283,10,0.513,0,1,3.8,No,Silver,Social,East,Card,1
CUST103331,34.0,19,1309.09,3,1309.09,112,1.0,0.058,0.168,7,0.707,0,1,3.8,No,Silver,Referral,North,UPI,0
CUST104458,28.0,18,4190.87,6,2095.44,43,0.0,0.014,0.467,13,0.764,1,0,3.7,Yes,Gold,Organic,Central,Card,0
CUST100693,18.0,26,1205.8,5,723.48,51,0.0,0.16,0.518,10,0.675,1,0,4.0,Yes,Bronze,Referral,East,UPI,0
CUST101503,37.0,14,1750.96,2,2626.44,16,4.0,0.174,0.577,9,0.675,0,1,,Yes,Bronze,Referral,Central,NetBanking,0
CUST102414,45.0,4,1889.9,6,944.95,29,1.0,0.299,0.411,8,0.692,1,2,3.2,No,Platinum,Partner,North,Card,0
CUST102118,36.0,11,3292.82,4,2469.62,13,1.0,0.067,0.046,14,0.476,1,2,,Yes,Gold,Organic,West,UPI,0
CUST103858,30.0,55,3657.62,3,3657.62,23,0.0,0.054,0.238,12,0.641,0,1,,Yes,Bronze,Email,South,UPI,0
CUST102462,32.0,30,1128.58,4,846.44,57,0.0,0.048,0.111,10,0.908,0,0,3.6,No,Bronze,Social,West,COD,0
CUST103635,21.0,5,2077.79,3,,3,,0.058,0.718,11,0.452,2,2,4.2,Yes,Gold,Partner,North,NetBanking,0
CUST104105,42.0,28,3564.96,7,1527.84,50,1.0,0.077,0.105,17,0.418,0,0,2.3,Yes,Bronze,Paid Search,South,UPI,1
CUST104478,42.0,7,1792.67,2,2689.0,11,1.0,0.075,0.232,16,0.902,1,1,,Yes,Gold,Organic,Central,Card,0
CUST100196,40.0,6,2378.74,1,6000.0,30,2.0,0.168,0.132,8,0.911,0,1,3.4,Yes,Bronze,Referral,North,COD,0
CUST104667,,28,1406.2,4,1054.65,29,0.0,0.132,0.099,10,0.509,0,0,3.9,Yes,Bronze,Social,East,,0
CUST101543,33.0,5,2733.36,2,4100.04,21,0.0,0.232,0.178,10,0.658,1,0,3.3,Yes,Bronze,Referral,Central,Card,0
CUST101330,18.0,42,2252.46,7,965.34,70,2.0,0.161,0.18,10,0.863,0,1,4.3,No,Silver,Email,Central,UPI,0
CUST100879,34.0,15,3643.11,3,3643.11,15,0.0,0.134,0.417,8,0.772,1,1,5.0,Yes,Silver,Paid Search,North,Card,0
CUST104502,21.0,9,2786.35,4,2089.76,21,0.0,0.007,0.448,12,0.634,0,0,4.7,Yes,Gold,Social,Central,Wallet,0
CUST103501,47.0,91,1501.67,3,1501.67,8,3.0,0.081,0.456,10,0.578,0,1,2.8,No,Gold,Partner,East,Card,0
CUST103894,40.0,13,2833.02,7,1214.15,13,,0.186,0.255,10,0.704,0,1,4.7,Yes,Bronze,Referral,West,NetBanking,1
CUST104990,18.0,11,1710.78,5,1026.47,46,3.0,0.03,0.188,11,0.626,0,1,3.1,No,Platinum,Social,South,UPI,0
CUST100887,30.0,40,2967.11,1,6000.0,18,1.0,0.056,0.141,7,0.79,1,1,3.0,No,Platinum,Organic,North,Card,0
CUST101345,57.0,17,1775.36,6,887.68,79,0.0,0.051,0.377,9,0.759,1,0,4.0,Yes,Silver,Organic,North,UPI,0
CUST100068,43.0,26,1752.28,4,1314.21,25,,0.055,0.234,9,,0,2,4.1,Yes,Silver,Paid Search,West,UPI,0
CUST104210,34.0,23,4158.73,5,2495.24,112,1.0,0.166,0.212,13,0.728,0,2,2.3,Yes,Bronze,Referral,East,UPI,0
CUST101815,29.0,14,4169.44,3,4169.44,8,1.0,0.016,0.325,10,0.743,0,1,4.5,No,Bronze,Email,North,UPI,0
CUST100568,39.0,9,2643.92,4,1982.94,56,1.0,0.154,0.145,13,0.902,0,0,3.9,Yes,Gold,Paid Search,West,Card,1
CUST102167,18.0,13,5102.11,6,2551.05,35,3.0,0.029,0.311,8,0.743,0,0,3.1,No,Platinum,Organic,West,UPI,0
CUST100096,21.0,28,1381.18,5,828.71,49,3.0,0.117,0.171,4,0.728,0,2,3.2,Yes,Bronze,Social,West,UPI,1
CUST104181,35.0,41,1088.14,2,1632.21,19,1.0,0.113,0.62,10,0.944,0,0,4.4,Yes,Silver,Paid Search,Central,Card,1
CUST103353,26.0,18,1762.61,8,660.98,29,1.0,0.066,0.107,11,0.54,0,1,4.4,No,Silver,Paid Search,West,Card,0
CUST100139,63.0,21,2900.3,4,2175.23,19,2.0,0.113,0.108,14,0.559,0,1,2.1,Yes,Bronze,Paid Search,East,UPI,0
CUST104954,45.0,5,1661.79,8,623.17,47,1.0,0.051,0.245,6,0.728,1,0,4.0,No,Bronze,Partner,East,UPI,0
CUST102602,33.0,11,3133.36,5,1880.02,41,3.0,0.033,0.301,9,0.656,1,0,3.9,Yes,Gold,Partner,South,UPI,0
CUST104023,19.0,14,3314.56,7,1420.53,18,2.0,0.185,0.124,12,0.669,0,1,4.7,Yes,Silver,Paid Search,West,Card,0
CUST104772,31.0,15,2231.52,3,2231.52,78,0.0,0.016,0.399,11,0.693,0,3,4.0,No,Bronze,Referral,West,UPI,1
CUST101606,39.0,27,1522.88,6,761.44,40,2.0,0.067,0.499,10,0.574,0,1,3.4,Yes,Bronze,Social,East,UPI,1
CUST101629,45.0,40,2412.49,5,1447.49,23,0.0,0.028,0.49,13,0.605,0,0,3.8,Yes,Silver,Email,Central,COD,0
CUST101539,49.0,13,2257.67,4,1693.25,55,0.0,0.096,0.186,11,0.737,0,1,3.3,Yes,Platinum,Referral,South,NetBanking,0
CUST101694,22.0,22,1614.24,5,968.54,44,1.0,0.089,0.519,12,0.657,0,0,4.6,Yes,Bronze,Organic,South,UPI,0
CUST102059,23.0,18,1375.4,3,1375.4,24,0.0,0.025,0.739,15,0.59,0,0,4.9,Yes,Gold,Organic,Central,UPI,0
CUST100463,18.0,87,2382.84,2,3574.26,61,0.0,0.047,0.437,8,0.605,0,2,,Yes,Platinum,Organic,East,Card,0
CUST102330,25.0,41,1298.79,5,779.27,19,1.0,0.112,0.177,7,0.572,1,1,4.3,Yes,Silver,Email,South,COD,0
CUST103043,29.0,6,3093.76,4,2320.32,65,0.0,0.071,0.153,14,0.746,1,4,3.4,Yes,Bronze,Social,North,Card,0
CUST104734,30.0,37,1177.17,9,392.39,70,1.0,0.078,0.538,9,0.849,0,0,4.0,Yes,Gold,Referral,South,UPI,0
CUST100594,21.0,17,1171.11,2,1756.66,60,0.0,0.05,0.083,9,0.536,0,0,4.1,No,Bronze,Email,East,UPI,0
CUST103814,45.0,8,2031.55,4,1523.66,26,2.0,0.187,0.394,8,0.579,0,2,2.9,Yes,Platinum,Paid Search,South,Wallet,0
CUST100625,29.0,16,3374.07,1,6000.0,84,1.0,0.11,0.533,10,0.784,0,3,3.4,Yes,Silver,Organic,West,Card,0
CUST100450,33.0,29,1175.08,6,587.54,40,2.0,0.053,0.187,10,,3,0,3.0,Yes,Silver,Paid Search,Central,UPI,0
CUST101499,22.0,40,652.2,6,326.1,12,2.0,0.019,0.162,15,0.624,1,0,2.9,Yes,Gold,Social,South,NetBanking,0
CUST102456,44.0,24,1983.27,4,1487.45,16,3.0,0.047,0.463,14,0.645,0,1,3.1,Yes,Gold,Social,North,Card,0
CUST104722,33.0,13,834.68,2,1252.02,117,,0.139,0.473,8,0.793,1,0,3.6,Yes,Gold,Referral,South,Wallet,0
CUST102984,21.0,64,926.09,2,1389.14,103,1.0,0.065,0.265,5,0.632,1,3,3.9,Yes,Silver,Email,West,UPI,0
CUST101569,18.0,5,1832.28,6,916.14,46,2.0,0.158,0.422,9,0.6,0,0,3.9,No,Bronze,Partner,West,Card,0
CUST101034,29.0,3,2158.45,4,1618.84,46,2.0,0.03,0.25,9,0.564,0,4,4.4,Yes,Silver,Organic,North,COD,1
CUST103518,34.0,16,1038.36,6,519.18,28,2.0,0.028,0.362,8,0.635,0,2,3.2,Yes,Bronze,Paid Search,West,UPI,0
CUST101557,42.0,9,1350.47,6,675.24,28,2.0,0.174,0.157,9,0.66,0,0,4.3,No,Silver,Social,North,Card,0
CUST103624,33.0,43,1234.46,3,1234.46,31,1.0,0.163,0.614,14,,0,0,4.5,No,Silver,Partner,Central,UPI,1
CUST104664,59.0,11,3361.8,3,3361.8,62,2.0,0.095,0.393,10,0.631,1,1,4.5,Yes,Bronze,Email,West,UPI,0
CUST100150,32.0,29,1065.38,3,1065.38,65,2.0,0.136,0.404,7,0.426,0,1,4.7,Yes,Bronze,Referral,Central,UPI,0
CUST101420,32.0,20,1996.58,5,1197.95,127,1.0,0.144,0.509,11,0.702,0,2,5.0,Yes,Gold,Organic,West,NetBanking,1
CUST102011,52.0,8,2352.2,4,1764.15,119,0.0,0.198,0.257,8,0.669,1,2,3.4,No,Bronze,Email,East,UPI,1
CUST102686,18.0,15,3108.05,3,3108.05,13,2.0,0.086,0.13,9,0.72,0,1,,Yes,Bronze,Organic,Central,UPI,0
CUST101786,45.0,31,1231.09,3,1231.09,55,3.0,0.092,0.325,7,0.797,0,0,2.9,Yes,Bronze,Paid Search,West,UPI,1
CUST100088,39.0,66,3461.68,8,1298.13,73,4.0,0.118,0.315,9,,0,0,3.7,No,Bronze,Social,West,COD,0
CUST100457,26.0,52,4202.75,2,6000.0,17,1.0,0.142,0.332,13,0.642,0,1,3.5,No,Bronze,Paid Search,North,Card,0
CUST101305,18.0,16,2239.17,5,1343.5,36,1.0,0.013,0.029,5,,0,1,4.3,Yes,Platinum,Social,North,Card,0
CUST102925,43.0,8,8000.0,4,6000.0,17,0.0,0.083,0.401,8,0.822,0,2,3.7,Yes,Bronze,Paid Search,North,UPI,0
CUST103270,45.0,34,3218.23,2,4827.34,10,2.0,0.056,0.23,9,0.766,0,1,2.8,No,Silver,Social,East,UPI,0
CUST103227,33.0,26,2745.59,0,2822.8,36,1.0,0.048,0.229,16,0.808,1,1,2.8,Yes,Silver,Paid Search,South,Wallet,1
CUST101988,26.0,20,4029.49,4,3022.12,39,2.0,0.04,0.313,9,,0,3,3.0,No,Silver,Social,North,UPI,0
CUST103754,32.0,38,693.53,4,520.15,15,0.0,0.046,0.46,15,0.896,1,0,3.3,Yes,Silver,Referral,Central,COD,0
CUST103646,48.0,17,3813.86,6,1906.93,11,4.0,0.019,0.21,13,0.359,0,2,3.7,Yes,Silver,Referral,South,Card,0
CUST100831,50.0,18,1040.22,6,520.11,5,0.0,0.095,0.187,8,0.688,0,1,,Yes,Gold,,Central,NetBanking,0
CUST100239,29.0,24,4342.11,8,1628.29,57,2.0,0.01,0.506,12,0.83,0,0,3.4,No,Silver,Paid Search,North,NetBanking,0
CUST104681,35.0,22,674.26,3,674.26,59,0.0,0.199,0.187,9,0.556,2,0,,Yes,Silver,Paid Search,South,Card,1
CUST103022,38.0,50,1961.75,2,2942.62,39,0.0,0.086,0.194,12,0.664,1,0,3.4,Yes,Gold,Paid Search,Central,UPI,1
CUST103148,52.0,7,901.94,4,676.46,13,2.0,0.038,0.449,11,0.66,1,1,3.6,Yes,Bronze,Referral,North,UPI,0
CUST101946,26.0,6,1287.85,4,965.89,77,0.0,0.012,0.547,7,0.76,1,1,3.9,Yes,Bronze,Partner,West,UPI,0
CUST102775,60.0,13,1094.43,5,656.66,65,4.0,0.005,0.297,15,,0,1,3.5,Yes,Bronze,Paid Search,West,UPI,0
CUST100192,30.0,25,2434.97,7,1043.56,107,1.0,0.051,0.235,10,0.416,1,0,2.5,No,Silver,Email,South,Card,0
CUST104849,34.0,48,1639.45,7,702.62,36,0.0,0.177,0.278,16,0.949,3,4,3.5,Yes,Silver,Paid Search,East,,0
CUST104939,24.0,11,1414.51,4,1060.88,37,0.0,0.109,0.485,11,0.755,0,0,4.4,Yes,Gold,Referral,East,UPI,0
CUST100944,37.0,36,1778.9,3,1778.9,89,0.0,0.09,0.121,13,0.622,0,0,3.3,Yes,Silver,Email,East,NetBanking,0
CUST101268,41.0,17,1213.29,2,1819.94,123,0.0,0.031,0.058,12,0.466,0,1,3.3,Yes,Bronze,Referral,West,UPI,1
CUST104231,41.0,25,2081.14,5,1248.68,21,2.0,0.087,0.108,12,0.504,0,1,3.6,No,Bronze,Organic,South,COD,0
CUST102307,34.0,13,4580.66,6,2290.33,41,0.0,0.137,0.382,8,0.621,0,0,4.1,Yes,Bronze,Email,West,Wallet,0
CUST104424,24.0,30,2789.45,4,2092.09,43,0.0,0.005,0.078,13,0.589,0,1,3.5,Yes,Gold,Referral,West,UPI,0
CUST104711,28.0,21,4388.38,3,4388.38,42,2.0,0.046,0.635,8,0.793,0,0,4.3,Yes,Silver,Paid Search,North,Card,0
CUST102313,35.0,23,1431.27,3,1431.27,20,1.0,0.197,0.157,13,0.726,0,0,4.6,Yes,Silver,Referral,North,UPI,0
CUST103214,44.0,11,651.5,3,651.5,94,2.0,0.029,0.486,6,0.643,1,0,3.1,No,Platinum,Organic,North,Card,0
CUST102732,51.0,27,2784.89,7,1193.52,24,3.0,0.143,0.405,17,0.643,0,0,,Yes,Bronze,Email,East,UPI,0
CUST101926,28.0,13,1223.74,3,1223.74,24,1.0,0.041,0.342,11,0.842,1,1,4.0,Yes,Gold,Referral,West,UPI,0
CUST104227,54.0,24,4377.35,7,1876.01,31,3.0,0.216,0.224,3,0.671,0,0,3.4,Yes,Gold,Email,North,NetBanking,0
CUST104676,38.0,18,1594.44,8,597.92,116,3.0,0.122,0.643,10,0.824,1,0,3.2,Yes,Platinum,Paid Search,Central,UPI,0
CUST100800,26.0,31,2579.35,5,1547.61,48,1.0,0.022,0.489,6,0.656,1,1,2.2,Yes,Bronze,Paid Search,West,Wallet,0
CUST103671,39.0,16,2502.55,6,1251.28,32,0.0,0.14,0.328,11,0.782,0,3,4.1,No,Bronze,Social,West,UPI,0
CUST104193,24.0,19,2250.45,7,964.48,47,0.0,0.039,0.23,9,0.442,0,0,3.6,Yes,Gold,Organic,North,UPI,0
CUST102968,54.0,34,2185.89,5,1311.53,12,1.0,0.046,0.189,11,0.893,2,1,4.4,No,Silver,Social,South,COD,0
CUST104793,33.0,16,3707.24,2,5560.86,64,0.0,0.142,0.591,10,0.613,1,0,3.8,Yes,Silver,Paid Search,East,Card,1
CUST104368,33.0,32,1034.14,2,1551.21,60,1.0,0.153,0.156,10,0.856,0,0,4.0,Yes,Bronze,Email,Central,UPI,0
CUST102776,40.0,44,1499.24,3,1499.24,36,0.0,0.083,0.493,13,0.878,1,2,3.4,No,Gold,Organic,West,Card,0
CUST102970,44.0,61,2147.69,6,1073.84,94,2.0,0.099,0.14,10,0.727,1,1,3.8,Yes,Silver,Referral,South,NetBanking,0
CUST103867,,46,3873.69,3,3873.69,58,1.0,0.187,0.565,9,0.943,0,2,3.9,Yes,Bronze,Social,Central,UPI,0
CUST101743,,11,4207.84,5,2524.7,33,1.0,0.182,0.082,6,0.51,0,0,3.9,Yes,Platinum,Organic,North,Card,0
CUST103948,33.0,12,1950.08,4,1462.56,28,1.0,0.028,0.17,5,0.643,0,2,3.3,Yes,Bronze,Organic,West,Card,0
CUST103802,32.0,44,2169.22,3,2169.22,17,2.0,0.147,0.687,12,0.706,1,0,1.4,No,Silver,Social,North,UPI,0
CUST102024,21.0,5,7920.1,1,6000.0,67,1.0,0.137,0.192,7,0.92,1,0,3.8,Yes,Platinum,Social,South,UPI,0
CUST102274,35.0,50,1345.93,7,576.83,27,0.0,0.156,0.524,12,0.717,0,0,3.8,No,Silver,Organic,North,UPI,0
CUST100099,25.0,8,2506.98,4,1880.24,66,0.0,0.059,0.146,3,0.711,0,0,2.6,No,Silver,Organic,North,,0
CUST104921,42.0,4,1914.79,1,5744.37,50,2.0,0.145,0.175,11,0.82,0,2,4.2,No,Silver,Paid Search,Central,UPI,1
CUST103407,51.0,22,1703.85,3,1703.85,59,4.0,0.11,0.093,9,0.483,0,0,4.2,Yes,Silver,Paid Search,West,Card,1
CUST104245,34.0,34,2850.83,4,2138.12,173,2.0,0.179,0.124,8,0.931,0,0,3.8,Yes,Silver,Social,West,Card,1
CUST104619,40.0,16,853.19,2,1279.79,7,3.0,0.115,0.138,9,0.473,1,0,4.9,Yes,Bronze,Referral,North,UPI,0
CUST104916,18.0,17,1954.07,5,1172.44,79,0.0,0.077,0.85,7,0.723,0,1,4.1,Yes,Bronze,Partner,East,Card,0
CUST100191,32.0,12,811.2,10,243.36,82,0.0,0.13,0.352,11,0.593,0,0,2.5,Yes,Silver,Referral,West,NetBanking,0
CUST104696,41.0,24,5305.19,4,3978.89,89,2.0,0.225,0.299,9,0.778,0,1,3.1,Yes,Bronze,Organic,South,UPI,1
CUST101784,41.0,18,2588.21,4,1941.16,37,0.0,0.087,0.276,8,0.545,3,0,3.5,Yes,Silver,Paid Search,South,UPI,0
CUST101532,44.0,8,504.06,7,216.03,44,4.0,0.157,0.189,8,0.552,1,1,4.3,No,Bronze,Email,West,Card,0
CUST102834,39.0,28,5557.71,3,5557.71,21,2.0,0.158,0.45,8,0.625,1,0,4.2,No,Silver,Paid Search,South,NetBanking,0
CUST104444,35.0,33,2121.13,2,3181.7,116,0.0,0.314,0.125,11,0.504,0,1,3.3,Yes,Bronze,Paid Search,North,Card,0
CUST104915,35.0,20,2134.09,2,3201.14,19,3.0,0.08,0.611,12,0.64,0,0,5.0,Yes,Gold,Organic,West,UPI,1
CUST101598,50.0,7,1952.12,6,976.06,43,2.0,0.35,0.407,13,0.7,1,0,3.5,No,Silver,Organic,West,NetBanking,0
CUST101779,49.0,4,1654.65,4,1240.99,39,0.0,0.006,0.464,10,0.586,0,1,3.3,Yes,Silver,Email,South,,0
CUST104900,18.0,7,3037.61,6,1518.8,51,4.0,0.147,0.572,8,0.89,0,1,2.2,Yes,Gold,Paid Search,West,UPI,0
CUST102574,33.0,6,3493.8,3,3493.8,43,0.0,0.033,0.439,9,0.786,1,1,3.4,Yes,Bronze,Referral,West,Wallet,0
CUST103398,18.0,26,694.86,5,416.92,40,4.0,0.01,0.466,17,0.484,0,2,3.5,Yes,Silver,Social,West,Card,0
CUST103975,37.0,25,2375.71,2,3563.56,8,2.0,0.081,0.278,15,0.616,0,1,4.4,No,Silver,Paid Search,North,UPI,0
CUST103770,30.0,21,3936.3,4,2952.23,78,0.0,0.027,0.397,6,0.589,0,0,3.5,No,Silver,Email,West,COD,0
CUST100166,43.0,25,2016.61,2,3024.92,23,2.0,0.152,0.542,16,0.807,0,1,3.8,Yes,Platinum,Social,South,Wallet,0
CUST101751,28.0,21,1708.06,3,1708.06,75,1.0,0.035,0.542,12,0.532,0,0,4.0,Yes,Bronze,Organic,East,UPI,0
CUST101479,51.0,12,2745.96,1,6000.0,20,0.0,0.061,0.351,9,0.469,0,1,2.8,Yes,Bronze,Referral,Central,Card,0
CUST101024,18.0,61,1988.0,4,1491.0,74,2.0,0.059,0.269,7,0.477,1,0,5.0,Yes,Bronze,Paid Search,South,Wallet,1
CUST101788,37.0,21,3419.67,2,5129.5,35,1.0,0.138,0.174,8,0.623,0,0,3.5,No,Gold,Social,East,UPI,0
CUST102264,39.0,18,5544.03,2,6000.0,42,1.0,0.128,0.087,10,0.65,0,1,4.6,Yes,Gold,Partner,East,UPI,1
CUST102473,40.0,19,4428.32,5,2656.99,23,1.0,0.208,0.326,8,0.565,0,0,2.8,Yes,Gold,Email,North,,0
CUST101822,46.0,22,4777.57,3,4777.57,44,0.0,0.082,0.219,16,0.596,1,0,4.1,Yes,Gold,Referral,East,UPI,0
CUST101220,34.0,20,3414.27,4,2560.7,63,1.0,0.047,0.348,11,0.721,0,0,4.2,Yes,Silver,Paid Search,North,UPI,0
CUST101666,36.0,6,6798.95,4,5099.21,61,,0.086,0.453,7,0.768,1,0,5.0,No,Silver,Partner,West,NetBanking,0
CUST102960,21.0,21,3342.89,6,1671.44,74,2.0,0.118,0.546,8,0.753,0,0,4.2,Yes,Gold,Email,North,UPI,0
CUST100152,18.0,37,3848.91,5,2309.35,27,3.0,0.045,0.236,6,0.755,1,2,,Yes,Bronze,Organic,South,NetBanking,0
CUST102534,32.0,13,4598.76,5,2759.26,11,2.0,0.106,0.668,9,0.5,1,0,3.1,Yes,Silver,Email,South,UPI,0
CUST104688,32.0,22,3103.22,5,1861.93,48,1.0,0.011,0.449,11,0.586,1,1,3.5,No,Bronze,Partner,West,Card,0
CUST101978,50.0,8,2340.33,2,3510.5,76,0.0,0.115,0.453,10,0.707,0,0,3.5,No,Silver,Referral,West,UPI,0
CUST101469,18.0,25,2264.13,4,1698.1,29,1.0,0.062,0.393,11,0.776,0,2,3.8,Yes,Gold,Social,South,UPI,0
CUST102807,18.0,24,4825.15,0,667.13,43,1.0,0.054,0.279,10,0.616,0,2,,No,Gold,Organic,North,NetBanking,0
CUST102512,36.0,37,1690.15,3,1690.15,28,0.0,0.097,0.61,10,0.744,1,1,4.3,Yes,Bronze,Social,North,UPI,0
CUST102943,31.0,8,3782.9,4,2837.18,108,0.0,0.105,0.228,14,0.776,0,0,5.0,Yes,Silver,Email,South,Card,0
CUST102980,33.0,9,2485.6,4,1864.2,34,3.0,0.042,0.279,11,0.639,1,1,2.6,Yes,Silver,Social,West,UPI,1
CUST104822,49.0,22,1948.85,5,1169.31,14,0.0,0.226,0.431,13,0.714,0,1,2.9,Yes,Silver,Paid Search,West,Card,0
CUST103017,45.0,24,2920.99,6,1460.5,19,1.0,0.044,0.528,8,0.673,1,3,4.0,No,Bronze,Organic,West,UPI,0
CUST101566,22.0,17,1972.05,6,986.02,68,1.0,0.062,0.021,9,0.431,0,2,4.1,No,Platinum,Partner,North,Card,1
CUST100031,30.0,9,1210.41,1,3631.23,50,1.0,0.034,0.235,12,0.518,1,0,3.9,Yes,Bronze,Referral,West,UPI,0
CUST100937,33.0,21,1733.99,4,1300.49,61,0.0,0.041,0.226,9,0.403,0,3,4.1,No,Gold,Paid Search,South,Wallet,0
CUST101215,20.0,41,7895.25,1,6000.0,97,1.0,0.041,0.096,15,0.811,0,1,3.5,Yes,Gold,Organic,South,Card,0
CUST101937,22.0,31,2388.94,5,1433.36,70,2.0,0.154,0.341,10,0.769,1,3,3.6,Yes,Bronze,Organic,Central,UPI,0
CUST101129,18.0,26,,5,2435.84,21,3.0,0.349,0.394,14,0.505,1,0,4.3,Yes,Silver,Paid Search,Central,Card,1
CUST100309,51.0,32,520.03,2,780.04,53,1.0,0.034,0.192,6,0.723,2,2,2.9,Yes,Silver,Social,Central,UPI,1
CUST104901,35.0,18,1472.77,6,736.38,69,1.0,0.046,0.264,8,0.748,0,0,3.6,Yes,Silver,Paid Search,South,UPI,0
CUST102168,27.0,12,2356.13,5,1413.68,39,2.0,0.117,0.27,14,0.441,0,0,3.9,Yes,Silver,Organic,West,Card,1
CUST103113,42.0,40,1106.77,3,1106.77,53,0.0,0.063,0.035,9,0.482,1,2,3.4,Yes,Silver,Referral,West,Card,0
CUST100495,43.0,22,,4,1494.64,95,0.0,0.085,0.286,10,0.783,1,0,4.7,No,Gold,Social,East,Card,0
CUST100205,34.0,5,2172.44,3,2172.44,59,0.0,0.119,0.367,14,0.657,0,1,4.5,Yes,Platinum,Organic,West,UPI,0
CUST102673,39.0,35,1151.44,4,863.58,97,0.0,0.017,0.157,12,0.767,0,0,3.6,Yes,Bronze,Organic,Central,UPI,0
CUST103357,29.0,39,975.38,1,2926.14,9,2.0,0.061,0.349,12,0.684,1,2,2.1,No,Bronze,Paid Search,East,UPI,0
CUST103830,24.0,45,4041.85,3,4041.85,31,,0.15,0.21,12,0.671,0,0,2.9,Yes,Bronze,Paid Search,West,Card,0
CUST100305,23.0,17,5740.69,2,6000.0,92,2.0,0.099,0.355,7,0.684,1,2,2.7,Yes,Silver,Social,South,Card,1
CUST103793,41.0,22,6210.59,0,,26,1.0,0.032,0.586,11,0.813,0,1,4.3,Yes,Silver,Organic,South,UPI,0
CUST102201,32.0,20,2281.45,2,3422.18,32,3.0,0.078,0.09,10,0.816,0,0,3.3,No,Bronze,Organic,South,COD,0
CUST101061,49.0,13,3490.73,4,2618.05,42,1.0,0.166,0.202,10,0.724,1,1,4.7,No,Silver,Email,East,Card,0
CUST100843,33.0,7,1520.68,3,1520.68,32,0.0,0.019,0.307,5,0.691,0,1,5.0,Yes,Gold,Partner,North,Card,0
CUST103872,29.0,27,3481.57,2,5222.36,18,0.0,0.261,0.037,7,0.71,1,1,4.5,No,Silver,Partner,West,Card,0
CUST102251,33.0,6,7039.17,3,6000.0,50,0.0,0.038,0.329,8,0.677,0,1,4.9,No,Silver,Email,South,UPI,0
CUST100211,21.0,16,4002.46,1,6000.0,33,0.0,0.069,0.263,6,0.627,0,0,4.5,Yes,Silver,Referral,East,UPI,0
CUST103997,32.0,11,2356.77,6,1178.38,22,2.0,0.055,0.271,10,0.713,0,1,3.9,No,Silver,Social,South,Card,0
CUST100679,32.0,25,3853.66,1,6000.0,44,1.0,0.031,0.308,11,0.827,0,1,3.7,Yes,Platinum,Social,East,Card,0
CUST100565,41.0,18,1881.63,6,940.82,23,0.0,0.071,0.634,8,0.612,0,0,,Yes,Gold,Paid Search,Central,NetBanking,0
CUST103290,32.0,19,1857.47,8,696.55,17,0.0,0.001,0.249,12,0.83,2,0,,No,Gold,Social,West,UPI,0
CUST104354,24.0,12,1875.27,6,937.63,50,1.0,0.051,0.12,10,0.565,0,0,2.9,No,Silver,Organic,West,NetBanking,0
CUST100680,42.0,20,768.18,4,576.14,7,2.0,0.073,0.377,14,0.827,0,1,4.2,No,Bronze,Social,North,UPI,0
CUST100180,47.0,18,2526.36,3,2526.36,34,1.0,0.009,0.363,13,0.735,0,1,3.2,Yes,Gold,Organic,Central,Card,0
CUST104279,24.0,13,3248.32,2,4872.48,107,2.0,0.09,0.147,14,0.498,0,1,4.0,Yes,Bronze,Email,West,Card,1
CUST102495,56.0,17,2419.06,6,1209.53,53,1.0,0.228,0.078,12,0.355,0,2,3.9,No,Silver,Organic,West,UPI,0
CUST102316,31.0,42,1853.33,8,695.0,19,0.0,0.009,0.478,10,0.652,0,1,5.0,Yes,Silver,Social,Central,UPI,0
CUST104273,52.0,14,1062.36,3,1062.36,41,1.0,0.123,0.311,9,0.34,0,2,3.8,No,Bronze,Email,East,Card,1
CUST100278,46.0,28,1049.27,4,786.95,44,0.0,0.045,0.18,8,0.855,0,0,4.6,Yes,Bronze,Email,East,Wallet,0
CUST103683,30.0,31,4270.51,7,1830.22,36,3.0,0.124,0.14,5,0.483,1,2,4.6,No,Gold,Social,South,Card,0
CUST104762,37.0,11,1581.14,1,4743.42,31,3.0,0.218,0.732,7,0.73,0,1,2.5,Yes,Bronze,Organic,West,UPI,1
CUST100432,33.0,41,4390.97,6,2195.48,121,1.0,0.089,0.126,13,0.314,0,0,4.7,Yes,Gold,Email,West,NetBanking,0
CUST100289,33.0,40,929.96,5,557.98,26,0.0,0.182,0.046,8,0.914,0,0,2.9,Yes,Platinum,Paid Search,North,Card,0
CUST101027,34.0,20,638.8,6,319.4,20,0.0,0.096,0.232,11,0.68,1,1,5.0,Yes,Silver,Organic,North,Card,1
CUST100535,40.0,8,900.46,5,540.28,18,5.0,0.263,0.203,9,0.68,0,1,3.2,Yes,Silver,Paid Search,West,NetBanking,1
CUST103631,46.0,2,3868.51,4,2901.38,40,1.0,0.127,0.481,11,0.558,1,2,3.9,No,Platinum,Partner,North,NetBanking,0
CUST100188,20.0,35,1626.9,4,1220.18,53,2.0,0.086,0.105,7,0.664,0,0,4.5,Yes,Bronze,Email,South,,0
CUST102174,37.0,26,1205.82,5,723.49,19,4.0,0.066,0.699,6,0.367,2,1,3.3,Yes,Bronze,Partner,South,Card,0
CUST103915,32.0,26,3398.07,8,1274.28,18,1.0,0.12,0.11,13,0.448,0,1,4.1,Yes,Gold,Organic,West,,0
CUST101862,48.0,28,1451.5,3,1451.5,51,0.0,0.143,0.734,5,0.665,0,3,4.8,Yes,Silver,Organic,South,Wallet,1
CUST100270,27.0,10,3807.51,4,2855.63,54,0.0,0.043,0.296,19,0.619,1,1,3.8,Yes,Bronze,Organic,East,Wallet,1
CUST101728,35.0,24,3923.22,5,2353.93,22,1.0,0.032,0.232,8,0.497,0,1,4.5,Yes,Silver,Email,North,Card,0
CUST104075,26.0,11,3346.49,3,3346.49,40,1.0,0.025,0.086,9,0.575,2,0,3.8,Yes,Silver,Paid Search,Central,Card,0
CUST102157,26.0,22,1462.84,6,731.42,25,0.0,0.129,0.562,9,0.655,0,1,5.0,Yes,Gold,Organic,West,Card,0
CUST103931,42.0,12,2072.09,5,1243.25,23,2.0,0.122,0.102,5,0.793,0,2,5.0,Yes,Bronze,Organic,North,Card,1
CUST100111,36.0,4,1090.1,4,817.58,21,1.0,0.086,0.298,9,0.545,0,3,3.7,Yes,Bronze,Social,East,UPI,1
CUST102384,41.0,7,829.17,2,1243.75,38,0.0,0.092,0.341,12,0.866,2,1,5.0,Yes,Bronze,Social,West,UPI,0
CUST100220,32.0,13,1336.87,2,2005.3,73,1.0,0.135,0.212,10,0.797,0,0,3.8,Yes,Bronze,Email,West,UPI,0
CUST100627,48.0,23,1700.96,7,728.98,64,2.0,0.151,0.651,11,0.852,0,0,3.7,No,Bronze,Organic,West,Card,0
CUST101181,43.0,30,1624.69,8,609.26,5,2.0,0.01,0.285,7,0.483,1,0,4.4,Yes,Silver,Paid Search,East,Card,0
CUST103381,37.0,25,2685.59,2,4028.38,47,1.0,0.025,0.244,11,0.392,0,1,,Yes,Silver,Partner,Central,Card,0
CUST102422,49.0,3,1515.74,3,1515.74,109,2.0,0.103,0.497,6,0.755,0,1,4.6,Yes,Bronze,Social,Central,COD,1
CUST100790,27.0,18,736.87,1,2210.61,1,0.0,0.057,0.352,7,0.585,0,0,3.6,No,Silver,Organic,North,Card,0
CUST104275,30.0,13,1344.14,4,1008.1,41,0.0,0.31,0.287,6,0.804,2,1,,No,Platinum,Paid Search,East,UPI,0
CUST100461,26.0,27,1488.87,5,893.32,10,3.0,0.087,0.194,8,0.503,1,0,3.5,Yes,Bronze,Paid Search,Central,UPI,0
CUST104402,27.0,66,3557.83,5,2134.7,7,1.0,0.066,0.427,9,0.63,0,1,4.1,Yes,Silver,Referral,South,NetBanking,0
CUST100551,40.0,13,1666.1,5,999.66,57,3.0,0.078,0.202,10,0.533,1,1,4.1,No,Gold,Email,North,Card,0
CUST103129,38.0,9,1759.69,3,1759.69,15,0.0,0.274,0.569,11,0.931,1,1,3.7,Yes,Silver,Paid Search,East,Card,0
CUST101444,33.0,32,2583.97,2,3875.96,53,2.0,0.012,0.314,14,0.861,0,0,4.5,Yes,Gold,Paid Search,Central,UPI,0
CUST100198,34.0,24,2304.83,3,2304.83,56,,0.085,0.497,16,0.716,0,1,4.0,Yes,Bronze,Organic,North,Wallet,0
CUST102589,40.0,18,3645.62,1,6000.0,44,1.0,0.176,0.312,8,0.818,0,1,4.6,No,Bronze,Organic,South,Card,0
CUST100402,42.0,14,2416.77,4,1812.58,24,1.0,0.097,0.451,14,0.873,1,1,4.2,Yes,Platinum,Referral,South,Card,0
CUST103959,26.0,19,1890.24,4,1417.68,24,0.0,0.08,0.147,9,0.528,0,0,3.5,No,Bronze,Partner,Central,Card,0
CUST104189,55.0,4,1834.81,1,5504.43,9,0.0,0.198,0.56,13,0.73,0,4,3.7,Yes,Silver,Social,South,UPI,1
CUST104763,50.0,4,2005.01,4,1503.76,25,2.0,0.143,0.129,10,0.655,1,0,4.3,Yes,Gold,Organic,Central,Card,0
CUST102095,42.0,12,2051.66,2,3077.49,35,2.0,0.255,0.431,14,0.397,0,0,4.6,No,Gold,Social,West,Card,0
CUST102900,28.0,8,1762.37,1,5287.11,33,0.0,0.138,0.433,11,0.776,0,0,3.9,Yes,Bronze,Social,East,UPI,0
CUST104462,,63,1937.71,4,1453.28,17,1.0,0.035,0.072,7,0.836,1,0,4.0,Yes,Bronze,Paid Search,East,COD,0
CUST100650,52.0,50,1293.49,1,3880.47,50,0.0,0.173,0.511,12,0.656,2,3,5.0,Yes,Bronze,Organic,North,UPI,0
CUST100708,32.0,59,1803.44,4,1352.58,131,2.0,0.083,0.668,11,0.585,0,0,3.2,Yes,Gold,Organic,West,UPI,0
CUST101480,38.0,27,1704.64,5,1022.78,52,1.0,0.09,0.269,11,0.695,0,2,3.0,Yes,Silver,Social,Central,UPI,1
CUST104414,32.0,29,4053.54,6,2026.77,28,2.0,0.127,0.175,12,0.623,2,1,3.6,Yes,Silver,Partner,South,UPI,0
CUST103065,34.0,18,,1,6000.0,50,1.0,0.051,0.636,13,0.777,0,0,3.1,Yes,Silver,Partner,West,UPI,0
CUST102395,22.0,7,5421.43,5,3252.86,71,2.0,0.032,0.241,6,0.779,0,0,3.2,Yes,Gold,Organic,South,Card,0
CUST101769,62.0,45,1230.95,7,527.55,39,0.0,0.055,0.466,8,0.706,1,0,5.0,No,Bronze,Paid Search,East,Card,0
CUST100314,42.0,14,2026.19,3,2026.19,56,1.0,0.045,0.515,10,0.812,0,1,3.3,Yes,Bronze,Organic,South,UPI,1
CUST103761,42.0,16,2027.78,4,1520.84,11,1.0,0.107,0.477,9,0.753,0,0,3.1,Yes,Gold,Partner,West,UPI,0
CUST104909,33.0,16,7987.07,3,6000.0,43,1.0,0.35,0.271,8,0.603,0,1,3.8,No,Gold,Organic,North,UPI,0
CUST100113,20.0,25,3185.35,7,1365.15,92,1.0,0.076,0.136,9,0.691,1,1,3.5,Yes,Gold,Partner,Central,NetBanking,1
CUST100960,50.0,19,5268.49,2,6000.0,102,0.0,0.189,0.546,16,0.556,1,0,3.3,Yes,Bronze,Organic,West,UPI,1
CUST102910,29.0,38,6079.55,3,6000.0,15,,0.058,0.345,9,0.548,0,1,3.5,Yes,Silver,Paid Search,East,Card,0
CUST103405,22.0,18,481.03,6,240.52,23,0.0,0.073,0.223,14,0.548,1,0,2.4,No,Silver,Organic,West,NetBanking,0
CUST101623,46.0,19,5172.17,4,3879.13,71,2.0,0.152,0.489,9,0.641,3,2,4.0,Yes,Gold,Paid Search,Central,UPI,0
CUST103322,36.0,64,1315.42,0,842.08,54,1.0,0.053,0.331,12,0.664,1,2,3.5,Yes,Gold,Social,West,UPI,1
CUST104999,25.0,8,1244.32,4,933.24,48,0.0,0.038,0.242,10,0.743,2,1,3.7,Yes,Silver,Partner,North,COD,0
CUST101818,39.0,8,1203.67,2,1805.5,23,0.0,0.001,0.293,12,0.84,0,1,4.3,Yes,Bronze,Paid Search,West,NetBanking,0
CUST103194,33.0,13,1504.51,3,1504.51,18,2.0,0.071,0.344,11,0.757,0,0,3.2,Yes,Silver,Paid Search,South,UPI,0
CUST103007,45.0,23,1878.5,3,1878.5,62,1.0,0.045,0.535,9,0.429,0,1,4.7,No,Bronze,Social,East,,0
CUST103414,23.0,41,1638.7,1,4916.1,46,1.0,0.096,0.386,11,0.621,0,3,4.5,Yes,Bronze,Paid Search,West,Card,1
CUST104528,27.0,36,560.16,5,336.1,86,2.0,0.054,0.118,8,0.962,1,0,4.0,Yes,Bronze,Paid Search,North,Wallet,0
CUST101897,39.0,59,2320.96,5,1392.58,34,0.0,0.12,0.651,12,0.819,0,1,3.8,Yes,Silver,,South,Card,0
CUST101918,31.0,13,2562.16,9,854.05,4,0.0,0.034,0.341,9,0.813,1,1,4.1,Yes,Bronze,Paid Search,Central,UPI,0
CUST101270,49.0,31,3130.98,6,1565.49,31,3.0,0.052,0.576,7,0.557,0,1,2.2,Yes,Silver,Paid Search,South,NetBanking,0
CUST104176,38.0,42,3883.27,4,2912.45,60,4.0,0.079,0.232,4,0.676,0,0,3.9,Yes,Platinum,Partner,West,Card,0
CUST104962,37.0,18,1944.84,4,1458.63,11,1.0,0.019,0.491,10,0.733,0,2,5.0,Yes,Silver,Organic,South,Card,0
CUST104883,31.0,12,5495.83,4,4121.87,44,0.0,0.066,0.508,14,0.584,0,0,4.7,Yes,Bronze,Organic,South,Card,0
CUST104094,40.0,31,1688.14,3,1688.14,55,1.0,0.041,0.09,9,0.84,1,3,,No,Platinum,Partner,South,Card,0
CUST103159,27.0,21,2695.78,4,2021.84,61,1.0,0.057,0.133,4,0.915,0,0,3.4,No,Bronze,Paid Search,West,Card,1
CUST101813,34.0,27,1273.71,4,,53,1.0,0.148,0.58,13,0.738,0,1,3.3,Yes,Silver,Organic,Central,Card,0
CUST102426,55.0,5,3285.35,4,2464.01,54,0.0,0.134,0.743,13,0.737,1,0,5.0,Yes,Silver,Partner,East,Card,0
CUST103950,27.0,13,2169.21,2,3253.82,16,2.0,0.121,0.128,11,0.75,0,0,3.3,No,Silver,Referral,North,UPI,0
CUST104428,32.0,25,1929.79,0,1156.78,67,2.0,0.151,0.379,9,0.626,1,1,3.7,No,Bronze,Email,South,Card,1
CUST102142,61.0,7,1574.85,4,1181.14,40,0.0,0.09,0.563,7,0.605,0,1,3.8,Yes,Silver,Organic,Central,NetBanking,0
CUST101626,18.0,15,1027.33,3,1027.33,85,2.0,0.2,0.272,14,0.796,1,0,4.3,Yes,Silver,Organic,South,NetBanking,1
CUST100789,32.0,22,1999.82,5,1199.89,106,1.0,0.236,0.444,13,0.632,0,0,2.8,Yes,Gold,Organic,East,COD,1
CUST103786,31.0,37,1458.09,0,1470.5,36,0.0,0.023,0.673,14,0.465,0,0,4.1,No,Silver,Organic,East,UPI,0
CUST101864,37.0,7,4941.39,2,6000.0,10,3.0,0.033,0.369,10,0.67,1,0,4.0,Yes,Silver,Organic,South,UPI,0
CUST102865,21.0,21,2473.35,4,,41,0.0,0.042,0.036,11,0.656,0,0,4.1,No,Bronze,Organic,East,Card,0
CUST100871,24.0,19,2273.47,4,1705.1,87,1.0,0.013,0.423,8,0.922,2,2,4.7,No,Bronze,Social,North,UPI,0
CUST103271,31.0,8,2296.47,7,984.2,20,2.0,0.35,0.144,4,0.362,0,1,,No,Bronze,Referral,South,UPI,0
CUST103833,26.0,32,1986.68,4,1490.01,23,2.0,0.148,0.265,9,0.608,1,0,5.0,Yes,Bronze,Email,North,,0
CUST100073,39.0,51,3031.71,6,1515.86,57,0.0,0.114,0.207,12,0.425,1,1,3.9,Yes,Bronze,Organic,Central,NetBanking,0
CUST101752,27.0,13,2309.14,4,1731.86,60,0.0,0.059,0.297,11,,0,1,4.3,Yes,Silver,Organic,North,UPI,1
CUST101421,32.0,38,2467.5,9,822.5,15,0.0,0.04,0.487,7,0.368,0,0,3.8,No,Bronze,Paid Search,South,Card,0
CUST104221,39.0,21,692.5,1,2077.5,15,1.0,0.091,0.377,12,0.523,1,1,4.1,Yes,Gold,Paid Search,South,UPI,0
CUST104693,27.0,19,1551.87,4,1163.9,33,1.0,0.02,0.471,13,0.604,1,1,3.3,No,Bronze,Referral,West,Card,1
CUST104369,41.0,27,928.44,3,928.44,36,1.0,0.114,0.584,6,0.703,1,1,4.2,No,Bronze,Paid Search,North,Card,0
CUST104575,38.0,28,1617.21,1,4851.63,52,1.0,0.002,0.918,9,0.622,0,0,3.7,Yes,Bronze,Social,South,Card,0
CUST103809,38.0,8,1483.06,4,1112.3,51,1.0,0.033,0.419,14,0.933,0,1,4.6,No,Gold,Organic,Central,UPI,0
CUST102244,39.0,21,1311.26,6,655.63,26,1.0,0.211,0.241,9,0.63,2,0,2.9,Yes,Silver,Paid Search,Central,Card,1
CUST103047,39.0,26,2956.29,3,2956.29,21,0.0,0.085,0.154,14,0.593,1,1,3.6,Yes,Bronze,Partner,West,,0
CUST102445,60.0,10,1732.35,5,1039.41,58,1.0,0.069,0.251,13,0.78,0,0,4.2,Yes,Silver,Email,Central,UPI,1
CUST100494,31.0,18,1485.45,6,742.72,35,1.0,0.2,0.088,9,0.667,0,1,3.6,Yes,Bronze,Paid Search,East,COD,0
CUST103130,41.0,8,3297.51,8,1236.57,27,0.0,0.187,0.15,10,0.383,0,0,4.3,Yes,Silver,Paid Search,Central,Wallet,0
CUST104321,35.0,9,1607.56,5,964.54,42,2.0,0.083,0.567,9,0.461,0,1,4.4,Yes,Bronze,Social,North,Card,1
CUST104397,29.0,2,1040.63,5,624.38,78,0.0,0.076,0.461,13,0.795,0,1,2.8,No,Silver,Referral,South,UPI,0
CUST101164,24.0,45,833.63,2,1250.44,61,2.0,0.153,0.631,12,0.885,0,0,3.5,No,Bronze,Referral,West,UPI,0
CUST103734,35.0,12,1108.55,6,554.28,27,1.0,0.026,0.59,10,0.843,0,0,5.0,Yes,Bronze,Organic,East,Wallet,0
CUST101730,33.0,23,2947.3,4,2210.48,161,2.0,0.119,0.162,6,0.656,0,3,3.4,No,Platinum,Paid Search,South,UPI,1
CUST104812,34.0,16,896.76,3,,4,0.0,0.13,0.573,8,0.547,1,1,2.7,Yes,Bronze,Organic,West,Wallet,1
CUST102402,37.0,15,2906.21,4,2179.66,42,1.0,0.017,0.279,8,0.558,0,1,3.9,Yes,Bronze,Referral,East,UPI,0
CUST103403,45.0,34,2948.24,7,1263.53,14,0.0,0.331,0.687,7,0.702,0,2,3.8,No,Bronze,Email,North,UPI,0
CUST100618,28.0,17,3154.12,3,3154.12,32,1.0,0.1,0.133,6,0.664,0,0,4.5,Yes,Bronze,Email,West,Wallet,0
CUST101697,58.0,33,2559.55,4,1919.66,23,1.0,0.108,0.528,11,0.916,0,1,4.3,Yes,Gold,Email,West,NetBanking,0
CUST103593,38.0,12,4702.25,2,6000.0,14,2.0,0.237,0.338,18,0.553,0,1,4.2,No,Bronze,Paid Search,East,Card,1
CUST101957,22.0,16,990.23,4,742.67,39,0.0,0.008,0.385,16,0.547,0,0,4.6,No,Bronze,Referral,Central,Card,0
CUST101221,47.0,8,6964.68,3,6000.0,16,0.0,0.098,0.183,6,0.787,0,2,2.3,Yes,Bronze,Social,Central,UPI,0
CUST102073,31.0,15,1988.26,7,852.11,13,3.0,0.129,0.436,9,0.636,0,0,3.6,Yes,Gold,Social,North,UPI,0
CUST103410,18.0,11,3028.69,6,1514.34,40,0.0,0.247,0.096,7,0.575,1,0,3.9,No,Platinum,Paid Search,South,UPI,0
CUST100869,34.0,28,2005.22,3,2005.22,22,2.0,0.049,0.535,15,0.884,1,1,2.9,Yes,Silver,Organic,West,Card,0
CUST102718,44.0,24,,3,1706.95,36,3.0,0.035,0.45,10,0.734,0,1,3.8,No,Bronze,Partner,West,UPI,0
CUST101042,41.0,5,3745.74,9,1248.58,45,2.0,0.072,0.488,9,0.407,1,0,3.0,Yes,Bronze,Email,East,UPI,0
CUST101361,,14,2927.88,7,1254.81,66,1.0,0.216,0.235,10,0.801,0,2,4.0,Yes,Platinum,Referral,South,Card,0
CUST100356,36.0,22,3994.35,2,5991.52,32,0.0,0.015,0.336,17,0.703,1,0,2.2,Yes,Bronze,Email,North,UPI,1
CUST101162,31.0,79,2080.38,1,6000.0,86,0.0,0.101,0.267,13,0.786,1,0,4.7,No,Bronze,Social,West,Card,0
CUST102765,27.0,11,660.89,2,991.34,13,1.0,0.272,0.28,8,0.59,0,0,2.6,No,Bronze,Email,West,UPI,0
CUST103252,20.0,43,1249.21,10,374.76,11,2.0,0.148,0.261,9,0.888,1,2,4.7,Yes,Gold,Partner,North,Card,0
CUST101438,22.0,13,2739.86,2,4109.79,26,1.0,0.008,0.224,6,0.538,0,1,5.0,Yes,Gold,Email,North,UPI,1
CUST103603,49.0,37,2680.29,7,1148.7,67,0.0,0.3,0.309,8,0.749,0,0,3.6,No,Bronze,Paid Search,Central,NetBanking,0
CUST104940,38.0,23,882.76,4,662.07,71,4.0,0.015,0.173,5,0.817,0,1,2.6,Yes,Gold,Referral,East,UPI,0
CUST104593,31.0,18,3124.24,0,1061.57,54,1.0,0.115,0.347,11,0.648,0,1,2.5,Yes,Silver,Social,Central,COD,0
CUST103639,21.0,51,2367.97,4,1775.98,8,0.0,0.149,0.031,8,0.928,0,0,3.3,Yes,Bronze,Paid Search,Central,UPI,0
CUST101253,37.0,17,1649.88,1,4949.64,7,0.0,0.065,0.157,9,,1,2,4.6,Yes,Gold,Paid Search,West,Card,0
CUST103365,21.0,10,4526.07,5,2715.64,13,1.0,0.091,0.232,12,0.722,0,0,3.9,Yes,Silver,Partner,Central,UPI,0
CUST100332,27.0,25,1739.27,4,1304.45,47,3.0,0.013,0.299,4,0.829,1,1,4.1,Yes,Platinum,Paid Search,North,Card,0
CUST103694,47.0,19,1559.21,8,584.7,21,2.0,0.065,0.183,16,0.66,0,0,3.4,No,Bronze,Social,Central,,0
CUST103568,39.0,22,1413.96,5,848.38,39,2.0,0.045,0.28,7,0.716,1,0,3.1,No,Bronze,Organic,South,,0
CUST102728,52.0,8,1831.99,8,687.0,12,1.0,0.118,0.186,5,0.584,0,0,,Yes,Platinum,Organic,West,UPI,0
CUST103667,23.0,15,717.64,5,430.58,83,1.0,0.114,0.169,8,0.861,0,0,4.4,No,Bronze,Email,North,Card,0
CUST101630,22.0,9,4847.2,4,3635.4,22,1.0,0.093,0.17,11,0.777,0,0,4.4,Yes,Platinum,Organic,Central,UPI,0
CUST101116,45.0,16,554.6,6,277.3,87,2.0,0.049,0.582,10,0.893,0,1,3.5,Yes,Bronze,Partner,West,Card,0
CUST101849,41.0,11,3569.15,6,1784.58,52,0.0,0.102,0.39,9,0.676,0,1,3.7,Yes,Gold,Organic,East,Wallet,0
CUST103554,43.0,14,1243.72,4,932.79,45,2.0,0.009,0.37,8,0.721,2,1,2.3,Yes,Bronze,Partner,West,NetBanking,0
CUST103153,33.0,5,1193.07,2,1789.6,35,1.0,0.074,0.562,6,0.418,0,0,5.0,No,Platinum,Referral,West,Card,0
CUST103265,38.0,16,4319.66,4,3239.74,25,2.0,0.244,0.177,9,0.504,0,1,4.4,Yes,Gold,Organic,West,UPI,0
CUST101665,27.0,24,986.74,4,740.06,29,1.0,0.036,0.48,8,,1,1,3.7,Yes,Silver,Paid Search,Central,NetBanking,0
CUST100445,19.0,33,811.24,6,405.62,36,1.0,0.078,0.334,10,,0,1,2.2,Yes,Bronze,Partner,West,Card,0
CUST102245,28.0,15,1124.68,1,3374.04,51,0.0,0.016,0.485,7,0.869,2,0,3.7,No,Silver,Referral,South,Card,0
CUST100452,54.0,20,4482.55,2,6000.0,118,1.0,0.045,0.219,9,0.651,2,1,3.6,No,Bronze,Organic,West,UPI,1
CUST101551,27.0,35,1313.03,1,3939.09,21,1.0,0.012,0.481,9,0.702,1,0,3.0,No,Silver,Social,North,COD,0
CUST104434,53.0,11,2058.45,1,6000.0,35,0.0,0.053,0.108,14,0.951,2,1,4.3,No,Bronze,Referral,South,Card,0
CUST102954,18.0,14,4279.38,2,6000.0,36,1.0,0.061,0.288,9,0.823,0,0,3.0,Yes,Bronze,Paid Search,East,Card,1
CUST100014,39.0,4,2029.99,2,3044.98,17,1.0,0.167,0.541,15,0.676,0,0,3.4,No,Silver,Organic,South,UPI,0
CUST103628,46.0,25,1275.35,6,637.67,14,0.0,0.1,0.107,4,0.828,0,0,2.6,Yes,Bronze,Partner,South,UPI,0
CUST100945,30.0,10,1991.62,1,5974.86,129,,0.099,0.484,10,0.556,0,2,3.2,Yes,Bronze,Organic,West,UPI,0
CUST100247,52.0,16,544.0,3,544.0,14,0.0,0.028,0.333,8,0.542,0,1,2.5,Yes,Silver,Paid Search,North,Card,0
CUST104697,33.0,18,1773.54,4,1330.16,15,2.0,0.105,0.408,11,0.783,0,0,3.3,No,Gold,Partner,West,Wallet,0
CUST100360,32.0,20,2921.0,5,1752.6,36,0.0,0.288,0.39,13,0.838,1,1,4.6,Yes,Gold,Paid Search,North,Wallet,0
CUST104656,25.0,49,2376.93,4,1782.7,25,0.0,0.035,0.389,8,0.659,1,1,,Yes,Gold,Partner,East,NetBanking,0
CUST101614,27.0,23,2515.92,4,1886.94,130,2.0,0.11,0.361,12,0.717,2,1,4.6,Yes,Silver,Email,North,COD,1
CUST102303,30.0,20,2922.35,4,2191.76,20,2.0,0.117,0.038,17,0.838,1,1,3.4,No,Bronze,Paid Search,West,UPI,0
CUST104141,69.0,9,1247.74,1,3743.22,34,0.0,0.052,0.599,12,0.623,0,0,3.9,Yes,Gold,Organic,South,Card,0
CUST103168,25.0,28,1305.83,4,979.37,75,2.0,0.039,0.145,15,0.929,0,2,4.2,Yes,Bronze,Partner,North,UPI,0
CUST102478,42.0,31,2020.4,7,865.89,32,1.0,0.049,0.301,9,0.219,1,1,3.6,No,Silver,Paid Search,East,COD,0
CUST104214,33.0,13,2456.87,5,1474.12,41,0.0,0.063,0.552,6,0.685,0,1,,Yes,Silver,Social,East,UPI,0
CUST104180,46.0,25,2109.6,5,1265.76,24,2.0,0.124,0.143,13,0.586,0,1,,Yes,Gold,Partner,North,Card,0
CUST104884,,21,1171.76,4,878.82,30,2.0,0.29,0.102,15,0.666,2,0,1.9,Yes,Silver,Paid Search,South,UPI,1
CUST103163,41.0,60,1656.19,5,993.71,23,3.0,0.076,0.403,10,,0,0,4.1,Yes,Silver,Social,East,UPI,0
CUST100490,45.0,13,1407.56,4,1055.67,16,2.0,0.149,0.483,7,0.527,1,0,3.8,No,Silver,Referral,West,NetBanking,1
CUST100862,33.0,35,1629.81,3,1629.81,77,0.0,0.04,0.314,12,0.753,0,1,2.8,No,Bronze,Organic,North,Card,0
CUST101740,30.0,37,685.07,3,685.07,62,0.0,0.119,0.199,12,0.81,1,1,3.6,Yes,Bronze,Paid Search,South,Card,0
CUST104099,32.0,32,3451.85,3,3451.85,20,2.0,0.024,0.552,8,,0,0,4.9,No,Silver,Organic,North,Wallet,0
CUST104385,30.0,3,2737.38,2,4106.07,26,1.0,0.041,0.668,9,0.568,0,2,5.0,No,Silver,Social,Central,Card,0
CUST102447,29.0,15,684.87,4,513.65,117,1.0,0.043,0.548,11,0.766,0,1,3.6,No,Gold,Social,East,UPI,0
CUST104230,46.0,24,2549.61,4,1912.21,15,3.0,0.058,0.241,9,0.341,0,0,2.5,Yes,Bronze,Partner,Central,UPI,0
CUST100506,58.0,10,2408.01,4,1806.01,41,1.0,0.211,0.153,10,0.821,0,1,3.2,Yes,Bronze,Organic,Central,UPI,0
CUST102677,39.0,5,2884.13,3,2884.13,53,0.0,0.013,0.29,11,,2,1,5.0,Yes,Platinum,Email,South,UPI,0
CUST102995,26.0,41,410.78,2,616.17,7,1.0,0.059,0.368,5,0.547,0,1,5.0,No,Silver,Organic,Central,UPI,0
CUST101942,22.0,6,2650.68,5,1590.41,44,1.0,0.051,0.218,12,0.674,0,0,4.4,No,Bronze,Referral,West,Card,0
CUST101222,38.0,5,1462.67,5,877.6,12,0.0,0.037,0.342,9,0.498,0,0,1.9,Yes,Gold,Organic,South,UPI,0
CUST101113,32.0,12,1841.61,5,1104.97,39,1.0,0.022,0.273,13,0.679,0,1,4.5,Yes,Silver,Email,Central,UPI,0
CUST101905,22.0,31,2422.41,3,2422.41,49,0.0,0.112,0.381,11,0.721,0,1,3.7,No,Gold,Paid Search,West,COD,1
CUST103423,24.0,23,1208.19,2,1812.28,54,0.0,0.15,0.169,14,0.69,0,0,3.4,No,Silver,Organic,South,Card,0
CUST101877,,20,789.76,5,473.86,44,0.0,0.145,0.53,7,0.774,0,1,3.2,Yes,Bronze,Partner,Central,UPI,0
CUST104672,40.0,8,2934.41,3,2934.41,46,3.0,0.047,0.169,3,0.533,1,0,3.4,No,Silver,Email,Central,Card,0
CUST100433,18.0,9,4089.16,5,2453.5,68,2.0,0.105,0.71,14,0.633,0,0,2.3,Yes,Platinum,Partner,West,Card,0
CUST102364,59.0,28,2395.41,6,1197.7,9,0.0,0.003,0.251,7,0.618,0,2,3.1,No,Gold,Organic,South,UPI,0
CUST103154,28.0,20,3173.1,6,1586.55,26,0.0,0.105,0.442,9,0.646,0,0,3.4,Yes,Bronze,Organic,Central,NetBanking,1
CUST102835,33.0,32,960.25,3,960.25,39,0.0,0.135,0.732,6,0.733,0,0,4.3,Yes,Bronze,Organic,West,NetBanking,1
CUST102092,35.0,16,1259.66,7,539.85,67,2.0,0.295,0.177,11,0.696,2,0,4.6,Yes,Bronze,Organic,East,Card,1
CUST103010,58.0,24,2205.53,5,1323.32,22,0.0,0.016,0.423,6,0.543,1,2,4.1,Yes,Bronze,Organic,East,NetBanking,0
CUST103162,40.0,17,765.46,0,613.81,28,0.0,0.075,0.114,11,0.673,0,1,2.9,Yes,Bronze,Referral,South,Card,0
CUST102945,36.0,36,1903.23,2,2854.84,63,0.0,0.011,0.114,10,0.651,2,0,5.0,Yes,Bronze,Organic,South,Card,0
CUST103916,31.0,31,1300.76,4,,49,1.0,0.073,0.114,11,0.628,2,0,3.6,Yes,Bronze,Paid Search,South,NetBanking,1
CUST102916,50.0,22,1101.77,3,1101.77,70,2.0,0.208,0.185,24,0.586,0,0,4.8,No,Bronze,Partner,North,UPI,1
CUST101102,40.0,8,1561.73,9,520.58,39,1.0,0.171,0.177,9,0.471,0,0,3.8,No,Silver,Organic,West,,0
CUST101448,31.0,14,3271.71,4,2453.78,75,1.0,0.063,0.207,9,0.629,1,0,4.5,No,Gold,Referral,West,NetBanking,0
CUST101720,44.0,32,3395.33,5,2037.2,24,1.0,0.01,0.435,8,0.254,1,1,3.4,Yes,Bronze,Paid Search,Central,COD,1
CUST104518,31.0,41,6635.31,1,6000.0,22,0.0,0.191,0.416,10,0.755,0,0,4.3,No,Gold,Paid Search,South,Wallet,0
CUST103842,37.0,10,2369.56,3,2369.56,61,0.0,0.113,0.155,10,,3,1,2.5,No,Silver,Referral,North,UPI,1
CUST100156,35.0,9,1409.16,5,,35,1.0,0.034,0.203,18,0.877,1,1,4.5,No,Gold,Referral,West,Card,0
CUST102978,28.0,58,2786.02,6,1393.01,90,2.0,0.087,0.127,11,0.509,0,0,3.2,Yes,Bronze,Social,Central,NetBanking,0
CUST101773,51.0,14,2068.82,2,3103.23,16,4.0,0.016,0.364,13,0.789,0,1,3.4,No,Bronze,Email,East,Card,0
CUST100615,21.0,20,1899.53,6,949.76,5,0.0,0.049,0.511,5,0.758,1,2,3.8,Yes,Gold,Paid Search,South,Card,0
CUST100643,36.0,42,1028.14,4,771.1,59,0.0,0.159,0.391,5,0.839,0,0,4.4,Yes,Silver,Organic,South,UPI,0
CUST101935,50.0,13,1325.89,6,662.94,81,2.0,0.102,0.181,11,0.616,1,0,3.8,No,Bronze,Paid Search,West,Card,0
CUST104277,32.0,8,3251.53,7,1393.51,13,0.0,0.001,0.079,16,0.579,0,1,3.4,Yes,Bronze,Social,East,NetBanking,0
CUST101068,48.0,35,4211.25,7,1804.82,34,3.0,0.14,0.309,5,0.751,0,0,3.6,No,Silver,Paid Search,East,UPI,0
CUST104454,40.0,47,3112.51,4,2334.38,26,1.0,0.049,0.211,8,0.47,1,1,3.8,Yes,Bronze,Paid Search,East,COD,0
CUST104154,27.0,21,1237.28,8,463.98,17,1.0,0.102,0.541,9,0.456,1,0,4.2,Yes,Bronze,Paid Search,Central,UPI,0
CUST104239,40.0,12,6367.9,3,6000.0,22,0.0,0.142,0.323,13,0.553,1,0,2.5,No,Silver,Organic,North,COD,0
CUST104868,56.0,13,2179.16,6,1089.58,24,0.0,0.083,0.381,6,0.64,0,0,4.3,Yes,Platinum,Partner,East,UPI,0
CUST100330,49.0,4,1052.28,3,1052.28,65,1.0,0.044,0.55,18,0.677,0,2,3.9,Yes,Silver,Social,West,UPI,0
CUST102057,18.0,30,3219.79,6,1609.89,32,0.0,0.18,0.278,13,0.546,0,0,4.3,No,Gold,Social,East,Card,0
CUST102646,50.0,33,2163.62,2,3245.43,86,0.0,0.018,0.656,16,,2,1,3.9,No,Gold,Paid Search,Central,UPI,0
CUST102191,25.0,6,1072.12,6,536.06,55,2.0,0.286,0.534,8,0.909,2,1,3.1,No,Gold,Email,North,Card,1
CUST100622,37.0,50,940.97,5,564.58,23,0.0,0.075,0.189,9,0.59,0,0,2.8,Yes,Bronze,Paid Search,East,Card,0
CUST101595,39.0,10,1304.54,4,978.4,10,1.0,0.21,0.148,8,0.565,0,0,3.3,Yes,Bronze,Partner,East,COD,0
CUST102915,53.0,25,4984.1,7,2136.04,68,1.0,0.089,0.451,10,0.39,1,0,2.7,No,Bronze,Social,South,UPI,0
CUST104821,27.0,5,2030.02,3,2030.02,75,2.0,0.062,0.088,5,0.926,0,0,4.0,Yes,Gold,Organic,East,Card,0
CUST103898,28.0,5,612.06,2,918.09,23,0.0,0.35,0.141,4,0.624,0,2,5.0,No,Silver,Organic,North,Card,0
CUST101919,19.0,6,1756.12,5,1053.67,21,0.0,0.055,0.329,9,0.583,0,2,,Yes,Silver,Organic,East,UPI,0
CUST104173,27.0,46,868.2,4,651.15,37,1.0,0.207,0.598,5,0.448,1,0,3.3,Yes,Bronze,Paid Search,East,Card,1
CUST104477,29.0,6,1302.0,3,1302.0,21,4.0,0.102,0.537,6,0.615,1,0,4.4,No,Bronze,Paid Search,West,Card,0
CUST100755,45.0,26,1140.96,1,3422.88,32,1.0,0.034,0.166,7,0.701,1,0,4.5,Yes,Gold,Social,West,COD,1
CUST100518,43.0,11,3899.38,4,2924.54,48,1.0,0.044,0.194,11,0.268,0,0,3.7,No,Platinum,Organic,East,UPI,0
CUST103803,37.0,11,1726.0,5,1035.6,77,2.0,0.008,0.085,9,0.747,0,0,2.8,Yes,Silver,Social,West,Card,0
CUST100032,29.0,16,2107.18,7,903.08,36,1.0,0.103,0.202,8,0.311,0,0,4.9,No,Bronze,Paid Search,South,NetBanking,0
CUST102937,48.0,20,1365.07,7,585.03,18,1.0,0.119,0.271,12,0.363,1,1,4.5,Yes,Bronze,Paid Search,North,COD,0
CUST101157,49.0,8,758.26,0,1941.51,44,1.0,0.045,0.293,8,0.789,4,1,3.7,Yes,Bronze,Email,West,UPI,1
CUST100744,,37,1318.51,5,791.11,25,2.0,0.188,0.339,15,0.606,0,1,4.6,Yes,Bronze,Email,South,COD,0
CUST101497,22.0,5,1585.83,3,1585.83,66,0.0,0.118,0.223,5,0.844,0,0,3.7,No,Silver,Paid Search,South,Card,1
CUST103459,42.0,21,3305.82,2,4958.73,63,0.0,0.043,0.589,8,0.582,1,0,3.8,No,Gold,Organic,South,Card,0
CUST103755,29.0,25,957.72,5,574.63,49,0.0,0.004,0.593,8,0.731,0,3,4.7,Yes,Bronze,Referral,Central,NetBanking,0
CUST102591,56.0,25,1808.24,3,1808.24,25,1.0,0.022,0.38,12,0.461,1,0,4.6,Yes,Bronze,Organic,South,Wallet,0
CUST100783,43.0,12,5524.28,4,,59,0.0,0.2,0.11,10,0.93,0,0,3.0,Yes,Bronze,Organic,East,COD,0
CUST103493,36.0,17,1445.93,8,542.22,37,2.0,0.025,0.338,9,0.679,0,1,4.0,No,Platinum,Paid Search,Central,Card,1
CUST102949,46.0,15,3187.7,3,3187.7,26,1.0,0.281,0.196,7,0.653,0,0,3.7,Yes,Bronze,Social,South,NetBanking,0
CUST100229,31.0,11,1318.19,4,988.64,41,1.0,0.089,0.268,3,0.561,1,1,4.3,Yes,Silver,Email,East,UPI,0
CUST100857,38.0,49,1122.14,2,1683.21,45,0.0,0.168,0.074,5,0.735,0,1,2.3,Yes,Bronze,Social,East,UPI,0
CUST102266,40.0,17,1179.82,2,1769.73,42,1.0,0.171,0.061,10,0.582,1,2,3.3,Yes,Platinum,Partner,West,Wallet,0
CUST104274,38.0,13,2722.77,5,1633.66,15,1.0,0.014,0.616,11,,1,1,2.9,No,Silver,Partner,West,NetBanking,0
CUST100408,18.0,29,2661.76,4,,55,0.0,0.115,0.638,8,0.614,0,0,4.6,Yes,Gold,Organic,East,Card,0
CUST100170,27.0,24,1341.45,3,1341.45,108,1.0,0.042,0.393,7,0.437,0,0,3.6,Yes,Silver,Social,East,NetBanking,1
CUST100540,18.0,11,1078.94,7,462.4,56,1.0,0.004,0.62,9,0.603,0,3,4.2,Yes,Bronze,Email,East,UPI,1
CUST102210,42.0,28,3609.15,4,2706.86,62,0.0,0.027,0.242,2,0.837,1,2,5.0,Yes,Bronze,Social,North,Wallet,0
CUST102304,38.0,13,2495.53,3,2495.53,113,2.0,0.114,0.617,11,0.643,0,0,4.0,Yes,Bronze,Social,East,COD,1
CUST102567,38.0,9,1311.77,4,983.83,70,3.0,0.117,0.258,13,0.839,0,2,3.8,Yes,Gold,Organic,South,Card,0
CUST100613,38.0,19,965.36,3,965.36,18,2.0,0.021,0.341,16,0.723,0,1,4.0,Yes,Gold,Referral,Central,UPI,0
CUST102101,18.0,10,2322.94,4,,64,2.0,0.004,0.157,7,0.652,2,2,3.4,No,Bronze,Paid Search,South,UPI,1
CUST101808,34.0,12,2091.54,3,2091.54,61,0.0,0.088,0.242,4,0.858,0,1,4.5,No,Silver,Paid Search,South,Card,0
CUST103438,31.0,73,2649.75,4,1987.31,35,1.0,0.029,0.367,11,0.369,0,1,3.3,Yes,Bronze,Referral,East,Card,0
CUST101161,30.0,40,1384.73,3,1384.73,38,2.0,0.077,0.213,16,0.564,1,1,4.0,Yes,Bronze,Organic,East,UPI,0
CUST104225,38.0,10,1550.25,5,930.15,25,2.0,0.037,0.213,12,0.533,0,0,4.4,Yes,Gold,Paid Search,West,UPI,0
CUST103119,22.0,26,1900.58,3,1900.58,19,1.0,0.075,0.539,7,0.826,0,0,3.5,Yes,Silver,Email,South,Wallet,1
CUST103652,43.0,35,1445.25,7,619.39,75,0.0,0.106,0.583,8,0.492,0,0,2.3,Yes,Silver,Social,North,UPI,0
CUST101610,37.0,26,1489.04,5,893.42,41,1.0,0.105,0.42,14,0.803,1,1,3.3,Yes,Bronze,Paid Search,North,UPI,0
CUST101932,25.0,19,2795.98,6,1397.99,81,0.0,0.012,0.71,13,0.782,0,0,3.9,Yes,Silver,Referral,South,UPI,0
CUST103027,20.0,47,2085.3,7,893.7,67,0.0,0.069,0.165,8,0.706,0,0,4.5,Yes,Gold,Paid Search,Central,Card,1
CUST100564,43.0,43,1043.91,2,1565.87,70,0.0,0.045,0.389,11,0.828,0,1,3.9,Yes,Bronze,Social,South,UPI,0
CUST103571,42.0,23,4260.82,3,4260.82,131,3.0,0.154,0.417,11,0.547,1,0,3.9,Yes,Bronze,Social,West,UPI,1
CUST104247,39.0,19,2631.17,4,1973.38,15,0.0,0.055,0.448,8,0.921,1,2,3.0,Yes,Platinum,Organic,East,Card,1
CUST102388,45.0,35,700.97,3,700.97,90,0.0,0.163,0.597,10,0.945,0,3,3.9,Yes,Bronze,Organic,East,UPI,1
CUST101471,45.0,6,1894.79,5,1136.87,20,1.0,0.139,0.584,7,0.675,0,0,3.1,Yes,Gold,Email,South,UPI,0
CUST102630,35.0,28,4370.74,2,6000.0,45,3.0,0.197,0.21,11,,0,1,3.8,Yes,Bronze,Social,North,NetBanking,0
CUST101835,35.0,7,3001.2,8,1125.45,83,0.0,0.011,0.127,6,0.454,1,0,3.4,Yes,Bronze,Organic,South,UPI,0
CUST104928,49.0,4,2805.18,4,2103.88,6,2.0,0.025,0.544,11,0.59,0,0,4.0,No,Silver,Paid Search,West,Card,0
CUST103475,40.0,18,1308.54,4,981.4,27,0.0,0.015,0.403,8,0.771,1,1,4.9,Yes,Bronze,Referral,North,COD,0
CUST101533,22.0,19,2271.58,5,1362.95,26,0.0,0.021,0.555,5,0.513,0,0,3.6,No,Bronze,Social,North,UPI,0
CUST104327,39.0,17,2091.83,3,2091.83,13,1.0,0.095,0.528,11,0.631,0,0,2.7,Yes,Platinum,Organic,North,UPI,0
CUST102484,33.0,22,1115.79,3,1115.79,146,4.0,0.03,0.163,12,0.866,3,0,4.6,No,Silver,Referral,East,NetBanking,0
CUST104207,43.0,48,597.13,1,1791.39,12,0.0,0.017,0.251,6,0.934,1,3,4.1,Yes,Platinum,Organic,West,Card,0
CUST101172,33.0,18,3904.63,3,3904.63,16,0.0,0.052,0.684,8,0.47,0,2,3.4,Yes,Silver,Organic,North,Card,0
CUST101427,43.0,17,1462.54,3,1462.54,58,0.0,0.086,0.419,7,0.688,1,3,4.1,Yes,Gold,Organic,South,Wallet,0
CUST100325,41.0,6,1314.88,4,986.16,31,1.0,0.042,0.712,15,0.443,0,0,3.2,Yes,Bronze,Partner,West,NetBanking,0
CUST101051,32.0,28,1882.66,6,941.33,64,2.0,0.062,0.119,11,0.184,0,0,3.7,No,Platinum,Organic,North,UPI,0
CUST103319,42.0,19,2352.22,4,1764.16,83,1.0,0.26,0.231,11,0.721,0,1,4.0,Yes,Silver,Referral,North,COD,0
CUST104721,25.0,40,3428.61,5,2057.17,63,2.0,0.073,0.208,11,0.517,0,0,3.4,No,Bronze,Partner,North,UPI,0
CUST103864,18.0,13,1293.29,5,775.97,31,4.0,0.143,0.181,5,0.63,0,0,3.8,Yes,Bronze,Social,Central,UPI,1
CUST102603,36.0,41,2718.02,2,,32,2.0,0.118,0.473,7,0.401,0,0,4.2,Yes,Platinum,Paid Search,West,Card,0
CUST101738,26.0,27,2827.72,2,4241.58,47,3.0,0.03,0.15,8,0.645,1,0,3.2,Yes,Silver,Organic,West,NetBanking,0
CUST101196,22.0,20,1585.66,3,1585.66,93,3.0,0.11,0.144,10,0.602,0,2,3.6,Yes,Silver,Partner,North,Card,0
CUST100620,30.0,40,1096.56,2,1644.84,14,1.0,0.048,0.182,13,0.244,1,0,3.1,Yes,Bronze,Organic,West,UPI,0
CUST101374,34.0,27,2141.55,5,1284.93,18,1.0,0.072,0.367,8,0.71,2,2,3.5,Yes,Bronze,Organic,West,Card,0
CUST102879,38.0,58,874.99,4,656.24,43,1.0,0.072,0.567,13,0.81,0,0,3.8,Yes,Silver,Organic,West,Card,0
CUST101189,33.0,18,1919.2,1,5757.6,46,,0.156,0.36,12,0.708,0,0,2.9,Yes,Silver,Organic,South,NetBanking,1
CUST100328,22.0,32,1474.48,3,1474.48,130,0.0,0.032,0.289,13,0.813,0,1,,Yes,Gold,Referral,South,UPI,1
CUST100648,36.0,7,3310.26,5,,69,0.0,0.046,0.714,9,0.758,0,2,,No,Platinum,Paid Search,Central,Card,1
CUST100897,25.0,14,1215.78,2,1823.67,52,3.0,0.075,0.484,9,0.528,0,2,4.4,No,Bronze,Referral,North,Card,1
CUST103882,37.0,22,1739.91,5,1043.95,24,3.0,0.075,0.637,6,0.515,1,2,4.4,Yes,Bronze,Paid Search,North,Card,0
CUST101123,32.0,18,3264.25,5,1958.55,18,2.0,0.009,0.231,8,0.868,1,1,3.5,Yes,Bronze,Social,East,UPI,0
CUST101891,26.0,15,1975.43,6,987.72,32,2.0,0.074,0.277,11,0.608,0,0,3.2,Yes,Silver,Referral,North,UPI,0
CUST104643,34.0,31,6106.35,5,3663.81,34,1.0,0.056,0.123,5,0.57,0,1,4.0,Yes,Bronze,Organic,East,UPI,0
CUST104791,18.0,9,2623.62,4,1967.72,28,1.0,0.113,0.109,4,0.771,0,2,2.1,Yes,Bronze,Partner,South,COD,1
CUST104529,48.0,16,868.36,3,868.36,156,0.0,0.163,0.375,12,0.854,0,0,4.4,Yes,Bronze,Partner,South,UPI,1
CUST104234,46.0,28,1184.97,1,3554.91,61,3.0,0.036,0.384,3,,1,0,4.4,Yes,Bronze,Organic,North,Card,1
CUST101593,27.0,43,4725.9,7,,14,2.0,0.115,0.562,12,0.675,0,2,2.7,No,Silver,Partner,South,COD,0
CUST103312,32.0,27,993.37,1,2980.11,50,0.0,0.054,0.327,9,0.832,1,2,3.4,Yes,Silver,Paid Search,South,UPI,0
CUST102547,54.0,7,968.42,2,1452.63,31,0.0,0.027,0.211,11,0.662,0,3,5.0,Yes,Bronze,Paid Search,East,COD,0
CUST101545,32.0,11,3338.34,6,1669.17,31,0.0,0.096,0.177,7,0.753,0,1,3.4,No,Silver,Paid Search,East,UPI,0
CUST104336,36.0,44,1300.0,4,975.0,180,2.0,0.145,0.11,11,0.582,0,0,4.8,Yes,Bronze,Organic,Central,Card,1
CUST101023,40.0,56,4853.34,2,6000.0,44,1.0,0.011,0.149,9,0.875,0,2,4.6,No,Silver,Social,East,UPI,0
CUST101971,31.0,17,2588.17,2,3882.26,66,2.0,0.099,0.467,7,0.423,0,1,3.3,Yes,Bronze,Referral,South,Card,1
CUST104988,29.0,24,1017.38,2,1526.07,13,1.0,0.076,0.027,15,0.801,1,1,4.4,No,Gold,Organic,East,Card,0
CUST101714,24.0,31,1953.78,5,1172.27,37,0.0,0.054,0.146,5,0.367,2,4,3.9,No,Silver,Paid Search,Central,UPI,0
CUST101717,29.0,38,2068.59,6,1034.3,23,3.0,0.001,0.219,12,0.699,1,2,4.8,No,Gold,Email,South,Wallet,0
CUST101477,19.0,30,1170.94,2,1756.41,23,3.0,0.031,0.029,8,0.851,0,0,4.5,Yes,Bronze,Organic,West,UPI,0
CUST100809,36.0,12,2642.31,3,2642.31,26,,0.01,0.372,12,0.62,0,1,3.5,Yes,Silver,Email,South,UPI,1
CUST102850,32.0,8,2401.44,3,2401.44,40,1.0,0.031,0.277,13,0.539,0,0,3.1,Yes,Silver,Social,South,Card,0
CUST100978,20.0,2,1586.38,3,1586.38,8,3.0,0.081,0.047,12,0.464,0,1,3.5,No,Gold,Email,North,Card,0
CUST104687,19.0,41,1215.54,0,1127.16,15,3.0,0.029,0.313,15,0.768,0,0,,Yes,Silver,Referral,South,COD,0
CUST104895,33.0,13,1246.37,5,747.82,50,3.0,0.279,0.574,12,0.485,0,0,3.5,No,Platinum,Organic,North,Card,1
CUST101684,28.0,25,2474.61,6,1237.3,19,1.0,0.139,0.129,11,0.854,0,2,4.7,Yes,Gold,Social,South,UPI,0
CUST104660,18.0,14,1258.96,6,629.48,22,0.0,0.141,0.173,6,0.777,3,2,3.1,Yes,Platinum,Email,Central,UPI,0
CUST101514,18.0,25,2032.98,5,1219.79,39,1.0,0.172,0.393,11,0.575,0,3,3.4,Yes,Bronze,Social,South,UPI,0
CUST102404,25.0,16,5160.39,4,3870.29,25,0.0,0.312,0.293,5,0.864,0,0,4.1,Yes,Gold,Partner,Central,UPI,0
CUST102021,26.0,26,1547.73,8,580.4,45,2.0,0.019,0.287,7,0.386,0,1,3.8,No,Gold,Organic,South,UPI,1
CUST104553,38.0,49,7248.76,5,4349.26,50,0.0,0.025,0.203,9,0.595,1,0,4.9,No,Bronze,Organic,Central,Card,0
CUST101767,42.0,23,2861.53,3,2861.53,32,2.0,0.131,0.142,11,0.782,0,1,4.4,No,Silver,Partner,North,Wallet,0
CUST100174,21.0,8,4918.51,3,4918.51,125,1.0,0.195,0.44,10,0.389,0,0,3.5,Yes,Bronze,Referral,West,UPI,0
CUST101554,20.0,44,3479.38,5,2087.63,24,1.0,0.09,0.318,5,0.634,0,0,3.4,No,Bronze,Paid Search,South,UPI,0
CUST104215,48.0,21,5555.38,3,5555.38,48,0.0,0.002,0.088,8,0.629,0,1,2.9,Yes,Silver,Organic,Central,NetBanking,0
CUST101482,35.0,10,1282.23,2,1923.34,49,0.0,0.054,0.278,10,0.635,0,0,2.8,Yes,Bronze,Referral,North,Card,0
CUST104461,33.0,18,1565.49,2,2348.24,54,0.0,0.014,0.286,15,0.717,0,2,4.5,No,Gold,Organic,South,COD,0
CUST100217,47.0,6,2724.15,3,2724.15,90,1.0,0.257,0.369,9,0.872,0,1,3.7,Yes,Silver,Referral,Central,NetBanking,1
CUST103914,18.0,21,2017.75,4,1513.31,79,2.0,0.209,0.593,11,0.675,0,0,4.0,Yes,Silver,Email,East,UPI,0
CUST103720,34.0,86,1020.94,6,510.47,30,1.0,0.059,0.83,11,0.973,4,0,4.7,Yes,Silver,Partner,North,Card,0
CUST100690,37.0,8,3325.52,5,1995.31,49,1.0,0.094,0.346,13,0.735,1,1,3.8,Yes,Platinum,Social,Central,UPI,0
CUST102577,24.0,14,1623.0,5,973.8,70,2.0,0.151,0.295,15,0.539,0,0,3.9,No,Silver,Referral,South,Wallet,0
CUST102233,50.0,19,4204.73,1,6000.0,37,0.0,0.115,0.129,11,0.821,0,4,2.6,No,Gold,Referral,West,NetBanking,0
CUST102238,25.0,57,1703.18,1,5109.54,44,2.0,0.196,0.249,13,0.656,1,2,4.1,No,Silver,Email,West,UPI,1
CUST101106,20.0,21,1404.58,4,1053.44,56,0.0,0.061,0.349,14,0.783,1,1,4.2,Yes,Bronze,Organic,West,Card,0
CUST101789,44.0,18,1933.33,5,1160.0,7,1.0,0.03,0.216,6,0.537,0,0,3.0,No,Gold,Partner,West,Card,0
CUST103188,30.0,39,2284.15,4,1713.11,27,1.0,0.191,0.037,7,0.715,0,0,3.2,No,Bronze,Partner,Central,Card,0
CUST102436,24.0,89,2062.02,7,883.72,47,0.0,0.055,0.123,5,0.567,1,1,4.0,Yes,Silver,Paid Search,South,Card,0
CUST100611,36.0,20,1423.04,3,1423.04,5,2.0,0.012,0.296,5,0.356,0,1,3.3,Yes,Bronze,Organic,South,UPI,0
CUST103660,34.0,35,3420.65,3,3420.65,64,0.0,0.156,0.34,7,0.885,1,1,3.2,No,Gold,Partner,Central,NetBanking,0
CUST103711,41.0,7,1780.66,2,2670.99,30,1.0,0.1,0.242,12,0.881,1,0,5.0,Yes,Silver,Partner,West,UPI,0
CUST100576,47.0,8,1363.83,4,1022.87,69,4.0,0.023,0.071,11,0.698,2,0,4.0,Yes,Bronze,Organic,West,Card,0
CUST102063,38.0,29,5316.04,4,3987.03,10,2.0,0.13,0.48,12,0.846,0,0,3.5,Yes,Gold,Organic,West,NetBanking,0
CUST104435,42.0,44,2866.57,2,,8,1.0,0.042,0.168,11,0.834,0,2,3.7,Yes,Bronze,Organic,West,UPI,0
CUST101180,21.0,27,1565.67,2,2348.5,24,2.0,0.181,0.191,8,0.491,0,0,2.3,No,Silver,,West,UPI,1
CUST100888,18.0,8,2285.77,2,3428.66,27,3.0,0.073,0.228,9,0.574,0,1,4.8,Yes,Platinum,Partner,South,Card,0
CUST103128,27.0,15,1655.57,4,1241.68,125,0.0,0.03,0.587,9,0.825,1,0,,Yes,Bronze,Paid Search,East,Wallet,0
CUST101732,32.0,17,992.8,8,372.3,30,1.0,0.086,0.538,11,0.513,0,0,4.3,Yes,Bronze,Partner,North,NetBanking,0
CUST102663,20.0,3,1408.56,2,,49,0.0,0.241,0.139,9,0.675,0,2,5.0,No,Bronze,Paid Search,North,UPI,0
CUST100817,36.0,28,985.96,5,591.58,68,1.0,0.211,0.206,8,0.404,0,0,2.6,No,Silver,Email,North,UPI,0
CUST103277,18.0,23,2864.62,3,2864.62,31,0.0,0.082,0.442,11,0.745,0,0,4.0,No,Bronze,Partner,North,COD,0
CUST101859,,18,2457.21,0,1432.05,17,4.0,0.076,0.194,8,0.555,0,2,4.1,Yes,Bronze,Referral,East,Card,1
CUST100208,25.0,13,1994.11,5,1196.47,110,2.0,0.04,0.198,8,0.916,0,2,3.9,No,Silver,Referral,South,Card,0
CUST100293,18.0,49,1637.13,3,1637.13,50,1.0,0.054,0.277,8,0.526,2,1,4.0,No,Bronze,Organic,Central,UPI,0
CUST101119,24.0,27,1727.2,3,1727.2,32,1.0,0.089,0.214,13,0.574,1,1,3.5,Yes,Bronze,Paid Search,South,Wallet,0
CUST102213,52.0,16,8000.0,2,6000.0,41,2.0,0.175,0.74,9,0.689,0,1,4.9,No,Gold,Referral,West,UPI,0
CUST101609,30.0,14,900.39,3,900.39,150,1.0,0.011,0.527,16,0.582,0,0,3.0,No,Gold,Partner,North,UPI,0
CUST101264,34.0,17,1536.93,1,4610.79,55,0.0,0.055,0.322,7,0.639,0,0,4.2,Yes,Gold,Social,North,NetBanking,0
CUST100990,43.0,8,3381.72,3,3381.72,49,0.0,0.123,0.132,8,0.538,0,0,4.0,Yes,Bronze,Organic,North,UPI,0
CUST104197,18.0,76,3584.14,3,3584.14,17,0.0,0.193,0.671,9,0.803,1,3,4.0,Yes,Bronze,Organic,East,Card,0
CUST101616,63.0,44,1410.28,5,846.17,61,0.0,0.026,0.316,15,0.732,0,2,4.0,Yes,Bronze,Email,South,UPI,1
CUST100353,42.0,29,2406.16,4,1804.62,61,0.0,0.114,0.717,5,0.529,1,1,3.2,Yes,Bronze,Referral,West,Card,0
CUST104557,39.0,25,1573.51,4,1180.13,18,0.0,0.084,0.458,11,0.68,0,1,2.6,Yes,Platinum,Social,East,Wallet,0
CUST102022,35.0,12,1297.97,5,,70,0.0,0.154,0.215,9,0.865,1,2,2.6,No,Bronze,Organic,East,UPI,0
CUST103690,41.0,18,571.86,4,428.9,89,2.0,0.089,0.1,7,0.827,1,2,3.2,No,Silver,Paid Search,North,COD,1
CUST102555,30.0,33,2734.45,4,2050.84,34,1.0,0.193,0.225,6,0.785,2,3,3.9,No,Bronze,Organic,Central,UPI,0
CUST103048,43.0,17,3937.93,4,2953.45,20,2.0,0.035,0.172,10,0.614,1,1,2.7,No,Bronze,Paid Search,North,Card,0
CUST101228,40.0,5,1752.39,4,1314.29,60,1.0,0.143,0.291,16,0.738,1,0,4.9,No,Silver,Partner,Central,Wallet,1
CUST100259,20.0,15,763.58,7,327.25,40,2.0,0.126,0.113,7,0.688,0,0,5.0,Yes,Silver,Referral,South,UPI,0
CUST101519,18.0,21,5159.59,5,3095.75,27,0.0,0.098,0.313,6,0.876,2,1,4.1,No,Silver,Organic,Central,UPI,0
CUST101777,36.0,9,4868.56,7,2086.53,24,1.0,0.137,0.296,8,0.752,0,0,3.2,Yes,Bronze,Paid Search,East,Card,1
CUST104739,34.0,38,4241.28,3,4241.28,13,1.0,0.1,0.132,9,0.613,0,0,3.4,Yes,Bronze,Referral,East,Card,0
CUST101770,29.0,15,2154.49,5,1292.69,59,3.0,0.117,0.202,8,0.941,0,2,4.5,Yes,Bronze,Social,West,,0
CUST104353,19.0,38,1527.65,7,654.71,87,3.0,0.182,0.465,8,0.626,1,1,4.5,No,Bronze,Organic,Central,UPI,0
CUST100052,19.0,20,597.47,4,448.1,33,0.0,0.145,0.219,13,0.836,0,1,,Yes,Bronze,Paid Search,South,UPI,0
CUST103473,40.0,26,1311.84,5,787.1,9,0.0,0.234,0.132,12,0.52,0,2,3.4,No,Bronze,Email,Central,Card,1
CUST104683,28.0,26,693.56,3,693.56,118,3.0,0.029,0.715,8,0.605,1,2,3.4,Yes,Bronze,Partner,South,UPI,1
CUST104411,,25,1780.31,6,,20,1.0,0.093,0.06,9,0.854,0,1,3.0,Yes,Silver,Organic,South,Card,0
CUST102409,29.0,16,6599.77,1,6000.0,51,2.0,0.028,0.359,11,0.714,2,3,3.6,Yes,Bronze,Organic,Central,UPI,1
CUST102787,33.0,36,3708.42,2,5562.63,92,0.0,0.039,0.17,16,,1,0,4.5,Yes,Bronze,Partner,South,Wallet,0
CUST102344,42.0,20,4843.99,7,2076.0,27,1.0,0.077,0.366,21,0.8,1,1,3.8,Yes,Silver,Social,North,Wallet,0
CUST101033,39.0,20,2305.07,8,864.4,66,1.0,0.052,0.222,5,0.708,0,2,3.4,Yes,Platinum,Referral,East,UPI,0
CUST101097,39.0,32,1712.98,3,1712.98,10,2.0,0.233,0.278,6,0.189,0,2,2.8,Yes,Silver,Referral,West,Card,0
CUST100543,32.0,32,3128.68,8,1173.25,31,2.0,0.02,0.174,11,0.714,0,0,5.0,No,Gold,Paid Search,South,UPI,0
CUST101046,29.0,25,2033.24,6,1016.62,16,4.0,0.036,0.538,7,0.62,0,1,3.2,No,Bronze,Organic,South,UPI,0
CUST101894,31.0,53,4299.66,5,2579.8,27,1.0,0.045,0.02,15,0.917,0,2,4.2,No,Silver,Email,East,UPI,0
CUST104376,,16,1684.38,0,1096.02,47,3.0,0.11,0.308,10,0.742,0,2,4.4,No,Silver,Referral,North,UPI,1
CUST100030,55.0,9,2110.76,7,904.61,4,1.0,0.074,0.22,6,0.558,0,1,3.5,Yes,Bronze,Organic,South,NetBanking,0
CUST100725,49.0,16,1005.21,2,1507.82,32,3.0,0.01,0.262,11,0.839,3,1,3.2,No,Bronze,Organic,North,UPI,0
CUST104961,40.0,13,4656.76,6,2328.38,27,1.0,0.01,0.17,11,0.886,0,0,3.3,No,Silver,Organic,North,NetBanking,0
CUST104718,37.0,25,4987.88,4,3740.91,27,,0.09,0.512,19,0.822,0,0,3.1,Yes,Silver,Organic,North,,0
CUST103903,32.0,4,2853.68,3,2853.68,34,0.0,0.047,0.323,10,0.728,0,1,3.5,Yes,Silver,Organic,West,UPI,0
CUST101426,42.0,19,1128.37,1,,35,1.0,0.141,0.378,4,0.706,1,1,2.4,Yes,Gold,Social,Central,Card,0
CUST102497,18.0,42,1249.94,4,937.46,51,0.0,0.209,0.133,8,0.538,0,0,,No,Silver,Organic,West,Card,0
CUST100436,29.0,16,1028.11,7,440.62,69,1.0,0.04,0.305,10,0.707,0,0,4.3,Yes,Gold,Email,Central,Card,1
CUST102470,29.0,17,7534.09,4,5650.57,57,1.0,0.037,0.103,6,0.618,1,0,4.9,Yes,Bronze,Social,Central,Card,0
CUST100912,40.0,17,3505.5,2,5258.25,74,3.0,0.019,0.279,5,0.87,0,1,3.9,No,Silver,Organic,South,Card,1
CUST104222,67.0,17,6941.33,5,4164.8,31,2.0,0.079,0.112,8,0.624,0,1,3.2,Yes,Bronze,Paid Search,Central,Card,0
CUST104352,35.0,7,1999.96,3,1999.96,79,0.0,0.159,0.051,13,0.675,0,0,3.1,Yes,Bronze,Organic,West,Card,1
CUST104512,47.0,20,3867.41,4,2900.56,51,1.0,0.083,0.636,13,0.874,0,1,5.0,Yes,Bronze,Partner,South,UPI,1
CUST104443,24.0,10,3542.67,4,2657.0,36,1.0,0.148,0.487,10,0.886,1,0,4.7,Yes,Gold,Email,Central,UPI,0
CUST102287,57.0,21,2027.6,3,2027.6,60,1.0,0.06,0.393,1,0.591,0,0,4.2,Yes,Gold,Organic,West,NetBanking,0
CUST104597,37.0,43,2902.72,4,2177.04,64,0.0,0.026,0.49,5,0.485,0,2,3.3,Yes,Gold,Paid Search,West,Card,0
CUST101238,40.0,27,3860.28,7,1654.41,28,2.0,0.01,0.737,8,0.589,1,0,4.1,Yes,Bronze,Organic,West,UPI,0
CUST100903,50.0,20,1101.32,1,3303.96,56,1.0,0.135,0.901,6,0.508,1,2,3.7,No,Bronze,Paid Search,West,COD,1
CUST103620,37.0,25,6325.93,4,4744.45,47,0.0,0.058,0.693,9,0.318,0,1,3.3,Yes,Bronze,Paid Search,South,Wallet,1
CUST103231,49.0,26,2239.14,7,959.63,47,0.0,0.126,0.63,8,0.702,1,1,3.4,Yes,Bronze,Partner,West,Card,0
CUST102859,25.0,7,2872.86,3,2872.86,63,1.0,0.125,0.237,10,0.703,1,2,3.8,Yes,Bronze,Email,East,Card,0
CUST100507,38.0,37,1969.52,3,1969.52,36,2.0,0.085,0.762,7,0.905,0,0,3.6,Yes,Bronze,Referral,Central,NetBanking,0
CUST103221,35.0,24,1461.8,3,1461.8,54,1.0,0.021,0.097,10,0.825,2,0,4.2,Yes,Bronze,Paid Search,West,Wallet,0
CUST100183,45.0,62,1417.77,4,1063.33,31,1.0,0.152,0.268,6,0.624,1,0,3.3,Yes,Gold,Social,Central,NetBanking,0
CUST101564,25.0,17,2846.82,7,1220.07,92,2.0,0.11,0.294,7,0.697,0,0,3.0,Yes,Silver,Organic,North,UPI,1
CUST102704,36.0,29,1565.67,4,1174.25,30,0.0,0.126,0.262,10,0.773,0,0,4.2,Yes,Gold,Referral,North,UPI,0
CUST100321,32.0,25,2635.93,8,988.47,22,1.0,0.05,0.23,8,0.869,0,0,2.6,Yes,Silver,Referral,West,Card,0
CUST103563,32.0,11,1996.96,5,1198.18,85,4.0,0.03,0.423,13,0.548,0,0,4.3,Yes,Silver,Paid Search,East,UPI,1
CUST101538,25.0,12,1739.58,3,1739.58,89,0.0,0.064,0.203,7,0.833,1,0,4.4,Yes,Bronze,Organic,South,UPI,0
CUST101837,31.0,9,3413.8,3,3413.8,34,0.0,0.287,0.482,9,0.694,1,1,4.6,No,Bronze,Partner,East,UPI,0
CUST102380,31.0,32,623.85,4,467.89,50,0.0,0.016,0.361,9,0.542,1,2,3.3,Yes,Gold,Partner,South,Card,0
CUST101912,40.0,9,3385.99,4,2539.49,58,4.0,0.04,0.199,7,0.706,0,1,3.8,No,Silver,Email,South,Card,0
CUST101840,28.0,41,3394.03,4,2545.52,37,1.0,0.047,0.444,12,0.731,1,0,4.5,Yes,Gold,Paid Search,South,Wallet,0
CUST102115,31.0,30,1580.44,4,1185.33,102,2.0,0.079,0.268,10,0.829,1,0,3.8,Yes,Silver,Organic,South,UPI,0
CUST104437,42.0,7,3080.38,5,1848.23,16,0.0,0.028,0.7,9,0.437,1,0,3.6,No,Bronze,Social,North,NetBanking,0
CUST101146,39.0,21,2428.62,6,1214.31,113,0.0,0.07,0.263,5,0.525,1,1,3.8,Yes,Gold,Paid Search,West,UPI,0
CUST102486,35.0,6,5249.25,1,6000.0,94,0.0,0.054,0.622,7,0.483,0,1,4.9,Yes,Bronze,Social,South,Card,0
CUST100044,35.0,6,2162.62,4,1621.96,35,0.0,0.181,0.183,6,0.596,2,1,3.9,Yes,Gold,Partner,North,Card,0
CUST102154,36.0,4,1930.32,6,965.16,27,0.0,0.096,0.357,5,0.643,1,0,2.8,No,Gold,Paid Search,Central,Card,0
CUST101526,46.0,46,2690.84,1,6000.0,46,3.0,0.035,0.154,12,0.506,0,1,5.0,Yes,Gold,Email,South,Card,0
CUST104855,46.0,8,2497.86,7,1070.51,57,2.0,0.205,0.227,22,0.773,0,1,4.2,Yes,Gold,Organic,North,Card,0
CUST101378,37.0,13,1241.2,5,744.72,79,0.0,0.073,0.079,13,0.443,0,1,4.6,No,Silver,Email,West,UPI,0
CUST101765,33.0,14,949.16,5,569.5,34,1.0,0.019,0.638,9,0.588,2,0,4.4,No,Bronze,Social,North,,0
CUST103012,30.0,40,4855.81,3,4855.81,24,2.0,0.115,0.189,12,0.765,0,1,4.3,No,Platinum,Organic,North,UPI,0
CUST100413,41.0,22,920.66,1,2761.98,35,0.0,0.006,0.069,10,0.635,0,1,4.2,No,Silver,Paid Search,West,Wallet,1
CUST104284,30.0,15,2481.87,0,1699.31,4,1.0,0.013,0.591,13,0.464,0,0,3.4,Yes,Bronze,Email,West,NetBanking,0
CUST101407,41.0,66,1864.79,5,1118.87,67,0.0,0.066,0.495,11,0.589,0,2,3.5,No,Bronze,Organic,South,COD,0
CUST101658,42.0,52,6304.24,4,4728.18,71,0.0,0.058,0.458,12,0.5,1,1,4.8,No,Silver,Partner,South,Card,1
CUST100801,23.0,18,1892.08,5,1135.25,86,0.0,0.223,0.287,12,0.563,0,1,4.9,Yes,Bronze,Social,West,UPI,1
CUST101288,54.0,9,1801.14,2,2701.71,67,0.0,0.014,0.49,13,0.591,1,1,3.5,No,Platinum,Paid Search,South,Wallet,1
CUST102182,18.0,85,1888.02,7,809.15,44,0.0,0.024,0.474,10,0.608,0,1,3.8,Yes,Bronze,Referral,West,NetBanking,0
CUST102588,37.0,52,4860.7,3,4860.7,111,1.0,0.165,0.166,10,0.786,1,2,5.0,Yes,Bronze,Paid Search,South,COD,0
CUST102615,27.0,29,1937.31,6,968.66,41,1.0,0.052,0.144,13,0.69,2,0,4.6,Yes,Bronze,Referral,North,COD,0
CUST102318,56.0,13,681.5,6,340.75,44,0.0,0.112,0.214,12,0.446,0,2,3.5,No,Bronze,Referral,East,Card,0
CUST100256,38.0,22,1653.32,8,620.0,65,2.0,0.07,0.581,10,0.708,0,0,4.1,No,Silver,Organic,South,UPI,0
CUST104541,37.0,13,2365.5,4,1774.12,75,0.0,0.103,0.257,17,0.729,0,0,4.8,Yes,Bronze,Social,South,UPI,0
CUST101729,34.0,23,7260.84,2,6000.0,77,2.0,0.009,0.124,7,0.847,0,0,4.6,Yes,Gold,Social,South,UPI,0
CUST101151,44.0,16,773.83,2,1160.75,40,1.0,0.068,0.719,13,0.271,0,0,5.0,No,Gold,,Central,Card,0
CUST104144,48.0,29,261.11,4,195.83,130,2.0,0.213,0.415,9,0.461,0,0,3.5,Yes,Silver,Partner,North,NetBanking,0
CUST100647,18.0,8,2511.94,5,1507.16,50,5.0,0.069,0.393,17,0.843,0,0,3.5,Yes,Gold,Social,Central,UPI,0
CUST102908,22.0,6,5077.77,1,6000.0,20,0.0,0.127,0.769,11,0.657,1,1,4.7,Yes,Bronze,Organic,South,UPI,1
CUST101702,35.0,24,1199.67,6,599.84,48,1.0,0.027,0.333,11,0.617,1,0,2.0,No,Gold,Social,South,UPI,0
CUST101881,48.0,8,1967.0,5,,56,,0.078,0.364,5,0.848,2,0,4.5,Yes,Gold,Paid Search,South,Card,1
CUST103768,43.0,12,2403.33,4,1802.5,75,1.0,0.159,0.292,10,0.4,1,1,3.6,Yes,Gold,Organic,Central,UPI,0
CUST101315,52.0,34,1347.15,7,577.35,48,0.0,0.065,0.292,12,0.544,1,1,3.4,No,Platinum,Social,East,Card,0
CUST102269,29.0,8,2780.53,6,1390.26,59,1.0,0.138,0.658,14,0.598,1,2,3.5,No,Gold,Paid Search,North,COD,0
CUST101966,36.0,36,1875.3,3,1875.3,22,0.0,0.171,0.49,13,0.493,0,4,2.3,No,Platinum,Social,East,Card,0
CUST102465,26.0,30,2409.66,5,1445.8,14,1.0,0.103,0.432,10,0.626,0,0,3.6,Yes,Platinum,Partner,East,Card,0
CUST103855,18.0,16,3441.11,6,1720.56,81,3.0,0.092,0.325,8,0.37,0,0,4.2,Yes,Silver,Referral,North,Wallet,0
CUST101350,31.0,38,4188.45,2,6000.0,25,1.0,0.04,0.424,12,0.943,0,1,3.0,Yes,Silver,Partner,West,UPI,0
CUST103296,38.0,9,2888.41,3,2888.41,44,1.0,0.119,0.211,12,0.473,0,1,4.3,Yes,Bronze,Paid Search,South,UPI,0
CUST100112,28.0,26,2011.09,4,1508.32,24,1.0,0.062,0.666,15,0.414,0,2,2.5,Yes,Bronze,Referral,East,Wallet,0
CUST103133,28.0,5,869.04,2,1303.56,88,2.0,0.193,0.529,10,0.455,0,2,3.5,Yes,Platinum,Social,West,Card,0
CUST100263,28.0,11,1879.63,6,939.82,57,1.0,0.091,0.392,12,0.72,1,1,2.8,Yes,Platinum,Organic,North,UPI,0
CUST101393,39.0,36,2338.55,7,1002.24,64,0.0,0.015,0.51,11,0.915,0,2,3.3,Yes,Platinum,Paid Search,North,Card,0
CUST101878,48.0,36,1591.45,0,1009.97,33,0.0,0.014,0.337,15,0.804,3,0,5.0,Yes,Bronze,Organic,Central,UPI,0
CUST101186,31.0,16,1576.27,2,2364.4,52,0.0,0.014,0.464,16,0.742,0,2,4.5,Yes,Platinum,Organic,North,Card,0
CUST103071,36.0,24,5553.72,6,2776.86,31,2.0,0.176,0.674,14,0.555,1,2,4.0,No,Silver,Partner,East,Card,1
CUST100056,31.0,20,2475.0,6,1237.5,22,3.0,0.057,0.291,10,0.781,0,1,3.4,No,Bronze,Referral,East,UPI,0
CUST101309,31.0,16,980.64,5,588.38,60,0.0,0.071,0.496,11,0.754,0,0,3.9,Yes,Silver,Organic,East,Card,1
CUST100695,26.0,20,1498.89,6,749.44,92,2.0,0.192,0.305,12,0.658,0,1,2.7,No,Silver,Paid Search,South,UPI,0
CUST102952,31.0,6,866.59,4,649.94,62,3.0,0.075,0.307,7,0.749,0,3,4.5,No,Bronze,Organic,East,Card,0
CUST101726,25.0,20,1094.68,5,656.81,21,1.0,0.004,0.536,9,0.814,0,1,3.6,No,Bronze,Organic,Central,UPI,0
CUST102091,40.0,57,1446.8,3,1446.8,47,,0.308,0.133,9,0.656,1,0,2.6,Yes,Silver,Organic,South,UPI,0
CUST103869,40.0,23,794.88,3,794.88,18,1.0,0.149,0.487,9,0.684,0,1,4.5,Yes,Gold,Social,North,Card,0
CUST100319,22.0,20,1063.28,3,1063.28,34,2.0,0.026,0.101,12,0.867,0,0,4.3,No,Gold,Email,West,Card,0
CUST104320,27.0,46,3341.62,8,1253.11,13,2.0,0.001,0.147,7,0.557,1,2,3.8,Yes,Silver,Referral,East,UPI,0
CUST100682,47.0,9,3935.67,4,2951.75,29,1.0,0.104,0.441,16,0.668,2,0,4.3,Yes,Bronze,Referral,East,Card,0
CUST103841,33.0,19,2108.37,4,1581.28,8,2.0,0.085,0.259,8,0.804,1,1,2.5,Yes,Gold,Social,North,Card,0
CUST103213,24.0,65,1692.45,3,1692.45,14,2.0,0.042,0.669,6,0.676,0,0,3.3,Yes,Bronze,Organic,South,UPI,0
CUST102002,38.0,40,1835.85,0,1402.99,29,0.0,0.329,0.024,16,0.741,1,0,2.7,Yes,Silver,Organic,South,Card,0
CUST104782,25.0,20,3169.74,7,1358.46,14,0.0,0.083,0.211,8,0.614,0,0,4.4,Yes,Gold,Organic,West,UPI,0
CUST104150,30.0,23,2413.17,3,2413.17,20,0.0,0.041,0.315,8,0.666,0,2,4.5,Yes,Silver,Social,East,UPI,0
CUST100286,37.0,18,1924.84,2,2887.26,44,1.0,0.116,0.117,8,0.355,0,1,3.7,Yes,Bronze,Social,West,Card,0
CUST101888,18.0,25,2358.36,3,2358.36,48,1.0,0.106,0.238,14,0.646,0,1,4.0,Yes,Gold,Partner,South,UPI,0
CUST102337,42.0,23,648.53,2,972.8,18,1.0,0.02,0.323,13,0.452,0,0,4.4,Yes,Gold,Referral,North,UPI,0
CUST102520,32.0,74,2111.28,5,1266.77,29,0.0,0.006,0.406,12,0.534,0,1,3.8,No,Silver,Social,South,UPI,0
CUST102277,53.0,6,2102.08,1,6000.0,35,1.0,0.059,0.54,6,0.458,0,1,4.8,No,Silver,Social,North,UPI,0
CUST102127,29.0,17,481.87,4,,24,0.0,0.116,0.442,3,0.638,0,0,3.5,No,Bronze,Organic,Central,UPI,0
CUST103499,40.0,38,1897.68,7,813.29,50,0.0,0.056,0.554,7,0.433,1,2,4.8,Yes,Bronze,Organic,South,Card,1
CUST104211,37.0,68,4699.22,4,3524.42,35,2.0,0.099,0.203,12,0.436,1,0,4.0,No,Silver,Social,North,UPI,0
CUST102083,36.0,12,1509.49,2,2264.24,61,2.0,0.032,0.526,13,0.481,0,1,5.0,Yes,Silver,Referral,South,Card,0
CUST100736,42.0,5,2076.18,4,1557.13,8,0.0,0.05,0.111,8,0.816,0,0,4.7,Yes,Gold,Paid Search,North,UPI,0
CUST104801,39.0,29,2855.48,4,2141.61,67,0.0,0.151,0.293,11,0.769,0,2,3.1,No,Silver,Organic,South,UPI,0
CUST100336,27.0,12,2829.43,7,1212.61,64,1.0,0.214,0.345,8,0.791,0,0,4.3,No,Silver,Organic,Central,UPI,1
CUST102596,46.0,19,835.37,2,1253.06,17,0.0,0.116,0.177,6,0.87,0,0,4.2,No,Bronze,Paid Search,South,UPI,0
CUST102771,40.0,6,2577.45,1,6000.0,60,0.0,0.112,0.382,12,0.787,0,1,4.1,Yes,Silver,Social,North,UPI,1
CUST103704,,7,4547.32,3,4547.32,36,1.0,0.026,0.641,9,0.516,0,1,3.2,Yes,Silver,Paid Search,Central,UPI,0
CUST104404,33.0,16,5150.16,1,6000.0,20,1.0,0.168,0.071,5,0.88,0,1,3.9,No,Silver,Paid Search,North,Card,0
CUST101071,23.0,26,2036.54,3,2036.54,124,0.0,0.094,0.697,8,0.579,0,3,3.9,Yes,Bronze,Paid Search,West,UPI,1
CUST102290,38.0,17,4057.24,3,4057.24,93,1.0,0.018,0.353,7,0.727,0,0,3.8,Yes,Silver,Referral,West,Card,1
CUST101672,35.0,16,3734.8,4,2801.1,44,2.0,0.019,0.163,11,0.753,0,1,4.5,Yes,Silver,Email,East,Card,0
CUST104083,30.0,15,1579.93,5,947.96,33,1.0,0.077,0.392,8,0.669,1,2,2.9,No,Bronze,Organic,North,UPI,1
CUST104250,31.0,28,2296.98,6,1148.49,25,1.0,0.039,0.323,10,0.708,0,0,4.9,Yes,Bronze,Referral,South,UPI,0
CUST104113,39.0,35,1551.28,4,1163.46,30,0.0,0.026,0.375,10,0.868,0,1,4.1,Yes,Gold,Email,South,NetBanking,0
CUST104408,33.0,33,1598.1,4,1198.57,46,3.0,0.071,0.092,8,0.688,0,2,3.2,No,Bronze,Referral,West,UPI,0
CUST103366,34.0,18,1731.42,5,1038.85,15,1.0,0.091,0.364,9,0.852,1,3,5.0,No,Gold,Social,Central,UPI,0
CUST101488,37.0,13,1493.34,10,448.0,70,1.0,0.093,0.265,7,0.403,1,0,1.9,No,Silver,Email,South,Card,0
CUST100498,18.0,23,2167.38,3,2167.38,37,0.0,0.168,0.34,6,0.405,0,2,3.8,Yes,Bronze,Paid Search,East,Card,1
CUST104382,39.0,28,2595.39,2,3893.08,120,0.0,0.079,0.195,12,0.521,1,1,3.2,Yes,Bronze,Social,North,Card,1
CUST103479,34.0,15,2661.85,4,1996.39,23,1.0,0.24,0.139,9,0.755,1,3,3.2,No,Bronze,Social,West,UPI,0
CUST102581,44.0,27,3354.09,2,5031.14,18,1.0,0.104,0.341,17,0.598,0,0,4.5,No,Silver,Social,West,Card,0
CUST103123,39.0,35,3070.98,1,6000.0,70,2.0,0.25,0.361,6,0.828,0,1,2.8,No,Bronze,Referral,North,Card,1
CUST102921,36.0,7,5596.53,2,6000.0,18,1.0,0.019,0.64,12,0.703,0,0,2.4,Yes,Bronze,Partner,South,NetBanking,0
CUST104377,33.0,16,2405.42,4,1804.06,70,1.0,0.14,0.289,9,0.62,0,0,4.4,Yes,Platinum,Partner,West,Card,0
CUST102644,48.0,30,1308.83,8,490.81,63,,0.163,0.4,11,0.619,1,0,4.5,Yes,Bronze,Partner,South,UPI,1
CUST104286,27.0,11,4557.69,7,1953.3,9,2.0,0.108,0.465,11,0.47,0,1,4.1,Yes,Silver,Organic,East,UPI,0
CUST104040,35.0,22,1566.67,4,1175.0,35,2.0,0.102,0.41,14,0.528,1,1,4.3,No,Bronze,Partner,East,Wallet,1
CUST102034,35.0,5,546.61,3,546.61,81,3.0,0.075,0.59,5,0.744,0,1,4.2,Yes,Platinum,Organic,West,UPI,0
CUST101022,38.0,37,2416.03,4,1812.02,54,2.0,0.133,0.375,6,0.825,3,2,3.9,Yes,Silver,Paid Search,West,UPI,0
CUST102282,45.0,19,,2,3620.22,36,0.0,0.062,0.506,7,0.682,1,1,3.6,Yes,Gold,Partner,West,NetBanking,0
CUST104886,36.0,6,700.0,4,525.0,94,1.0,0.08,0.393,11,0.709,0,4,3.2,Yes,Bronze,Partner,Central,UPI,1
CUST104219,30.0,13,1237.48,3,1237.48,90,0.0,0.025,0.131,10,0.662,1,1,4.5,No,Gold,Social,North,UPI,0
CUST103063,36.0,8,2933.27,5,1759.96,57,3.0,0.092,0.427,14,0.366,0,3,3.7,Yes,Silver,Organic,West,UPI,0
CUST104365,44.0,19,1881.33,2,2822.0,33,0.0,0.061,0.47,10,0.751,1,2,4.2,Yes,Bronze,Social,South,Wallet,1
CUST100665,18.0,16,2139.96,2,3209.94,26,2.0,0.037,0.207,6,0.517,0,1,4.0,Yes,Bronze,Social,East,UPI,0
CUST103932,,46,1905.64,2,2858.46,73,2.0,0.171,0.579,14,0.768,1,2,5.0,No,Bronze,Email,South,UPI,1
CUST102638,41.0,13,4313.33,9,1437.78,106,0.0,0.08,0.443,12,0.898,3,1,3.5,No,Silver,Social,North,UPI,0
CUST103176,43.0,35,1442.65,2,2163.98,41,1.0,0.077,0.594,13,0.851,0,0,3.1,No,Silver,Paid Search,East,UPI,0
CUST104265,29.0,20,2652.77,3,2652.77,108,1.0,0.025,0.474,5,0.756,0,2,3.8,Yes,Bronze,Social,North,Card,0
CUST103121,36.0,3,1316.4,0,464.38,39,2.0,0.054,0.35,16,0.29,0,1,3.7,Yes,Bronze,Referral,East,UPI,0
CUST101017,31.0,7,1615.49,5,969.29,104,,0.067,0.365,9,0.526,0,1,2.8,No,Bronze,Paid Search,West,NetBanking,1
CUST100557,24.0,26,1187.21,4,890.41,27,0.0,0.114,0.323,11,0.413,0,0,3.7,Yes,Bronze,Social,North,Card,0
CUST102399,40.0,34,1839.89,3,1839.89,41,0.0,0.051,0.489,5,0.189,0,1,4.1,Yes,Bronze,Organic,South,Card,0
CUST101207,25.0,23,3315.75,7,1421.04,22,1.0,0.02,0.271,10,0.761,0,1,2.4,Yes,Bronze,Referral,Central,NetBanking,0
CUST102005,45.0,20,1826.43,6,913.22,47,1.0,0.07,0.026,7,0.658,0,2,3.6,No,Silver,Organic,West,UPI,0
CUST102656,37.0,51,3005.09,4,2253.82,32,0.0,0.169,0.331,6,0.751,1,0,3.3,Yes,Platinum,Organic,East,UPI,0
CUST102135,30.0,25,2802.29,10,840.69,17,1.0,0.035,0.236,12,0.763,0,0,3.7,Yes,Bronze,Email,South,UPI,0
CUST101510,35.0,6,892.02,2,1338.03,11,1.0,0.055,0.12,8,0.512,1,0,3.4,Yes,Bronze,Organic,North,UPI,0
CUST101736,20.0,12,819.83,4,614.87,49,2.0,0.101,0.483,8,0.582,0,0,4.0,No,Platinum,Partner,South,UPI,0
CUST100245,21.0,60,2857.13,6,1428.56,134,2.0,0.014,0.439,9,0.535,0,1,3.6,No,Bronze,Organic,North,UPI,1
CUST101163,19.0,62,2142.26,4,1606.7,7,1.0,0.165,0.241,10,0.848,2,0,5.0,No,Silver,Email,West,Card,0
CUST103362,36.0,5,3869.15,4,2901.86,76,0.0,0.089,0.325,10,0.794,0,1,3.1,Yes,Bronze,Organic,East,COD,1
CUST100266,36.0,17,2639.28,4,1979.46,76,1.0,0.018,0.157,12,0.363,0,0,4.2,Yes,Silver,Organic,North,Wallet,0
CUST102366,45.0,39,2066.3,4,1549.72,16,1.0,0.104,0.264,9,0.698,0,0,4.0,Yes,Bronze,Organic,East,UPI,0
CUST101114,35.0,41,1567.43,4,1175.57,18,2.0,0.096,0.35,10,0.629,0,1,4.7,Yes,Silver,Paid Search,South,Wallet,0
CUST100063,40.0,27,1358.23,1,4074.69,64,1.0,0.005,0.27,7,0.856,1,1,3.1,Yes,Gold,Referral,West,UPI,0
CUST102592,39.0,14,1156.93,5,694.16,44,0.0,0.048,0.182,12,0.608,1,1,4.1,Yes,Bronze,Paid Search,West,NetBanking,0
CUST102788,28.0,26,2028.77,7,869.47,30,3.0,0.092,0.537,9,0.54,0,1,3.4,Yes,Bronze,Referral,Central,NetBanking,0
CUST102757,37.0,9,609.32,6,304.66,39,1.0,0.158,0.66,8,0.684,2,1,2.8,No,Silver,Social,South,Card,0
CUST103011,30.0,13,2843.81,9,947.94,22,0.0,0.013,0.375,12,0.613,1,1,2.8,Yes,Bronze,Organic,Central,COD,0
CUST103076,34.0,25,1404.4,2,2106.6,20,0.0,0.188,0.544,12,0.549,0,1,5.0,Yes,Bronze,Partner,Central,NetBanking,0
CUST102998,42.0,14,1266.33,5,759.8,24,1.0,0.104,0.113,9,0.729,0,1,3.3,Yes,Bronze,Organic,West,Card,0
CUST102815,29.0,23,4212.55,3,4212.55,42,3.0,0.142,0.476,3,0.646,0,0,5.0,No,Gold,Email,South,Card,0
CUST102259,40.0,5,2154.24,4,1615.68,48,1.0,0.035,0.388,9,0.85,0,1,4.3,Yes,Bronze,Referral,South,Card,1
CUST104958,40.0,8,2748.49,3,2748.49,31,1.0,0.017,0.276,11,0.491,1,1,4.6,Yes,Bronze,Paid Search,East,NetBanking,0
CUST103204,38.0,15,2034.66,4,1526.0,21,1.0,0.041,0.714,4,0.596,0,0,3.7,No,Bronze,Paid Search,West,UPI,0
CUST101237,40.0,15,2306.72,5,1384.03,31,0.0,0.069,0.083,9,0.486,1,0,3.5,Yes,Bronze,Partner,South,,0
CUST100103,41.0,17,3662.74,3,3662.74,58,2.0,0.161,0.367,8,0.528,0,1,4.7,Yes,Silver,Paid Search,West,Card,0
CUST102643,24.0,43,931.68,8,349.38,45,3.0,0.041,0.279,12,0.37,2,1,3.2,No,Bronze,Paid Search,North,UPI,0
CUST100272,33.0,22,2888.69,4,2166.52,101,1.0,0.088,0.097,10,0.623,0,1,3.6,Yes,Gold,Partner,East,Card,1
CUST100508,28.0,38,1192.08,4,894.06,122,2.0,0.154,0.21,10,0.551,1,0,2.0,No,Bronze,Paid Search,East,Wallet,1
CUST102226,36.0,15,2538.54,4,1903.9,105,2.0,0.131,0.266,7,0.599,0,2,2.8,Yes,Bronze,Organic,North,Card,1
CUST104933,39.0,6,1238.75,4,929.06,51,1.0,0.172,0.477,8,0.983,0,1,3.8,Yes,Bronze,Partner,West,UPI,1
CUST102441,40.0,26,782.97,6,391.48,62,1.0,0.102,0.078,7,0.656,1,0,,Yes,Bronze,Paid Search,East,UPI,0
CUST100865,42.0,56,1182.07,5,709.24,33,0.0,0.149,0.299,9,0.531,2,3,5.0,Yes,Silver,Referral,Central,Wallet,0
CUST103326,40.0,33,2530.38,4,1897.78,36,0.0,0.003,0.295,7,0.794,0,1,4.3,Yes,Platinum,Referral,West,UPI,0
CUST100908,35.0,74,1912.78,3,1912.78,50,3.0,0.008,0.12,14,0.805,0,0,4.0,Yes,Gold,Paid Search,South,UPI,0
CUST102114,39.0,13,3329.42,2,4994.13,76,0.0,0.047,0.55,5,0.787,1,4,4.4,No,Bronze,Organic,East,NetBanking,1
CUST103896,20.0,23,2407.64,4,1805.73,22,1.0,0.025,0.704,8,0.639,0,1,3.6,Yes,Silver,Social,Central,Card,0
CUST101627,50.0,27,1959.13,2,2938.7,12,2.0,0.114,0.375,6,0.909,0,0,,Yes,Platinum,Paid Search,South,Card,0
CUST102873,18.0,36,1264.63,4,948.47,28,2.0,0.003,0.766,5,0.961,0,1,5.0,No,Gold,Social,North,NetBanking,0
CUST101522,32.0,9,2490.07,4,1867.55,46,1.0,0.035,0.482,9,0.524,0,1,3.2,Yes,Bronze,Referral,West,NetBanking,0
CUST100835,25.0,18,2331.8,5,1399.08,51,4.0,0.035,0.053,7,0.514,0,1,4.1,No,Bronze,Partner,North,COD,1
CUST100358,25.0,25,4256.04,7,1824.02,30,0.0,0.03,0.34,10,0.655,0,0,4.9,Yes,Gold,Organic,Central,,0
CUST100138,54.0,12,767.01,3,767.01,35,1.0,0.019,0.178,6,,0,0,3.6,No,Bronze,Social,Central,UPI,0
CUST100299,37.0,27,1030.78,7,441.76,8,1.0,0.046,0.112,6,0.619,0,2,4.9,No,Gold,Paid Search,East,UPI,0
CUST101556,27.0,17,1176.44,6,588.22,82,0.0,0.022,0.345,12,0.543,1,1,5.0,Yes,Silver,Social,West,UPI,0
CUST101003,40.0,15,2443.8,2,3665.7,55,0.0,0.068,0.669,9,0.723,0,2,4.2,No,Gold,Paid Search,West,Card,0
CUST100382,18.0,76,3102.6,2,4653.9,19,0.0,0.146,0.249,10,0.649,1,2,5.0,No,Gold,Paid Search,West,Card,0
CUST100941,43.0,9,1096.72,6,548.36,36,2.0,0.215,0.38,11,0.601,2,2,3.9,Yes,Gold,Social,North,NetBanking,0
CUST104446,38.0,25,3199.03,3,3199.03,62,1.0,0.022,0.146,8,0.713,0,2,4.7,Yes,Silver,Partner,Central,UPI,0
CUST104854,32.0,3,3080.25,6,1540.12,47,1.0,0.091,0.578,5,0.715,2,1,5.0,No,Silver,Organic,West,NetBanking,0
CUST100761,40.0,23,884.57,2,1326.86,35,2.0,0.02,0.17,11,0.743,0,0,2.7,Yes,Gold,Paid Search,West,UPI,0
CUST101705,53.0,20,1226.87,3,1226.87,36,1.0,0.058,0.5,8,0.718,0,0,5.0,Yes,Bronze,Paid Search,North,UPI,0
CUST101873,22.0,20,6247.26,3,6000.0,65,1.0,0.133,0.34,5,0.608,0,1,3.7,Yes,Platinum,Social,South,COD,0
CUST102550,18.0,19,6069.09,6,3034.54,10,1.0,0.067,0.478,11,0.695,0,1,4.4,No,Silver,Social,Central,UPI,0
CUST102086,33.0,20,,5,581.18,31,1.0,0.16,0.476,15,0.558,1,0,3.7,Yes,Platinum,,East,Card,0
CUST102197,34.0,27,2218.29,7,950.7,38,1.0,0.055,0.043,15,0.902,0,2,2.8,Yes,Silver,Partner,South,COD,0
CUST100898,39.0,18,2402.0,4,1801.5,121,1.0,0.053,0.296,8,0.604,1,3,4.3,Yes,Gold,Paid Search,West,UPI,0
CUST103999,21.0,18,4785.78,6,2392.89,46,2.0,0.037,0.189,8,0.828,1,0,4.2,Yes,Bronze,Paid Search,East,NetBanking,0
CUST103615,43.0,19,1299.1,2,1948.65,40,0.0,0.094,0.681,9,0.36,2,2,4.5,Yes,Silver,Organic,South,UPI,0
CUST101402,32.0,37,6603.91,4,4952.93,12,1.0,0.049,0.113,12,0.485,0,4,2.4,Yes,Bronze,Social,North,NetBanking,0
CUST103873,22.0,24,2260.74,5,1356.44,35,0.0,0.05,0.326,9,0.555,0,0,4.1,Yes,Platinum,Referral,West,Card,0
CUST103785,22.0,3,1650.73,1,4952.19,66,0.0,0.041,0.615,7,0.418,0,0,4.1,Yes,Gold,Referral,West,Wallet,0
CUST104386,31.0,27,2050.58,0,2579.39,19,2.0,0.023,0.265,6,0.847,0,0,4.0,No,Gold,Organic,North,Card,0
CUST102955,24.0,62,2256.42,2,3384.63,17,0.0,0.227,0.394,9,0.769,0,1,4.6,Yes,Bronze,,East,NetBanking,0
CUST101512,43.0,21,3937.97,2,5906.96,104,0.0,0.029,0.58,4,0.67,0,0,4.2,Yes,Bronze,Email,West,UPI,1
CUST101188,40.0,14,4128.8,7,1769.49,49,1.0,0.098,0.322,11,0.614,0,0,3.4,No,Bronze,Social,South,UPI,0
CUST102989,48.0,14,2193.62,3,2193.62,46,2.0,0.126,0.132,5,0.442,1,1,4.4,Yes,Bronze,Organic,West,UPI,0
CUST102080,38.0,14,2154.2,5,1292.52,33,0.0,0.071,0.289,10,0.709,2,2,4.5,Yes,Bronze,Organic,Central,Card,0
CUST104983,53.0,7,1872.47,6,936.24,28,0.0,0.114,0.139,10,0.726,1,2,3.6,Yes,Platinum,Email,East,Wallet,0
CUST103437,35.0,39,2971.12,3,2971.12,73,0.0,0.112,0.138,9,0.696,0,0,4.1,No,Platinum,Paid Search,South,,0
CUST100108,42.0,12,1832.07,2,2748.1,10,0.0,0.112,0.186,14,0.615,0,0,3.6,Yes,Silver,Referral,Central,COD,0
CUST104698,45.0,11,3232.43,4,2424.32,85,1.0,0.153,0.491,9,0.741,2,0,3.3,Yes,Platinum,Email,Central,NetBanking,1
CUST102827,53.0,20,1603.13,5,961.88,37,0.0,0.013,0.491,7,0.604,0,1,4.1,Yes,Bronze,Paid Search,North,UPI,0
CUST104747,22.0,51,3163.38,4,2372.54,13,1.0,0.168,0.32,15,0.964,1,1,4.8,Yes,Bronze,Referral,East,UPI,0
CUST100058,25.0,33,1555.47,1,4666.41,25,0.0,0.075,0.373,9,0.51,1,1,2.6,No,Gold,Referral,North,Wallet,0
CUST100076,30.0,20,828.39,1,2485.17,32,1.0,0.023,0.229,10,0.763,1,0,4.1,Yes,Bronze,Paid Search,Central,UPI,0
CUST100796,44.0,17,2203.13,2,3304.7,48,1.0,0.023,0.216,10,0.706,0,0,2.5,No,Silver,Paid Search,Central,Card,0
CUST100368,36.0,45,1775.82,6,887.91,20,0.0,0.114,0.545,9,0.863,0,2,3.7,Yes,Gold,Partner,North,NetBanking,0
CUST104905,46.0,10,4193.09,4,3144.82,57,0.0,0.018,0.687,5,0.486,0,0,3.7,No,Silver,Organic,North,COD,0
CUST100785,36.0,14,1530.53,3,1530.53,79,2.0,0.14,0.251,13,,0,1,3.6,Yes,Silver,Social,South,UPI,0
CUST102088,28.0,52,1313.84,7,563.07,24,4.0,0.045,0.258,11,0.808,1,2,3.2,Yes,Silver,Partner,North,UPI,0
CUST102314,39.0,31,3014.23,3,3014.23,29,1.0,0.039,0.537,7,0.36,0,0,3.6,Yes,Platinum,Paid Search,Central,COD,0
CUST103384,33.0,5,2527.8,3,2527.8,20,2.0,0.138,0.069,13,0.825,0,0,3.3,No,Silver,Paid Search,North,UPI,0
CUST103605,42.0,14,4497.72,6,2248.86,99,0.0,0.017,0.75,11,0.664,0,0,5.0,Yes,Gold,Partner,West,Card,0
CUST104111,40.0,23,2312.22,2,3468.33,31,1.0,0.215,0.716,7,0.664,0,0,4.6,Yes,Gold,Paid Search,East,UPI,1
CUST101902,40.0,26,2164.96,7,927.84,21,1.0,0.283,0.49,8,0.609,1,1,3.5,No,Silver,Organic,North,Wallet,0
CUST101703,18.0,23,356.52,1,1069.56,38,0.0,0.096,0.374,10,0.643,1,1,4.1,Yes,Gold,Partner,North,NetBanking,0
CUST100121,,12,2160.3,2,3240.45,13,0.0,0.101,0.288,12,0.522,3,1,2.6,No,Bronze,Email,North,Card,0
CUST101844,21.0,13,2338.2,5,1402.92,38,2.0,0.016,0.329,5,0.959,1,2,3.5,No,Bronze,Email,North,UPI,0
CUST102369,42.0,4,4219.82,1,6000.0,49,0.0,0.031,0.308,9,0.412,1,2,4.6,Yes,Bronze,Social,Central,UPI,1
CUST103728,37.0,14,3830.91,6,1915.46,44,0.0,0.133,0.139,14,0.636,0,1,5.0,No,Gold,Social,South,Card,1
CUST100910,26.0,4,1575.25,3,1575.25,16,1.0,0.083,0.455,9,0.827,0,0,4.0,Yes,Bronze,Referral,North,Wallet,1
CUST100124,42.0,17,2787.75,2,4181.62,55,1.0,0.072,0.266,8,0.84,1,1,4.3,No,Silver,Organic,North,NetBanking,0
CUST102572,,3,2906.1,6,1453.05,46,4.0,0.125,0.186,19,0.831,0,1,4.2,Yes,Bronze,Organic,East,UPI,0
CUST101586,18.0,29,1828.19,4,1371.14,50,0.0,0.068,0.363,9,0.476,1,2,4.2,No,Bronze,Referral,South,UPI,0
CUST101257,34.0,48,3205.39,2,4808.08,32,0.0,0.053,0.29,6,0.688,0,1,3.0,Yes,Silver,Organic,South,UPI,0
CUST103441,34.0,17,1180.73,5,708.44,14,1.0,0.018,0.389,11,0.706,1,0,2.9,No,Platinum,Referral,East,Card,0
CUST103480,29.0,24,2169.42,4,1627.06,38,0.0,0.12,0.444,12,0.757,0,0,4.6,Yes,Platinum,,North,NetBanking,0
CUST104108,49.0,15,4545.36,3,4545.36,51,2.0,0.198,0.767,13,0.514,1,0,4.1,No,Gold,Social,Central,NetBanking,0
CUST101178,38.0,42,648.0,4,486.0,55,0.0,0.192,0.13,15,0.736,0,2,3.9,Yes,Bronze,Partner,North,Card,1
CUST103463,20.0,26,1850.79,4,1388.09,61,1.0,0.076,0.198,5,0.452,0,1,3.6,Yes,Gold,Referral,East,UPI,0
CUST103469,43.0,11,2195.89,4,1646.92,18,0.0,0.057,0.327,12,0.687,1,1,3.3,Yes,Silver,Social,North,Card,0
CUST103467,18.0,13,1420.11,3,1420.11,32,0.0,0.109,0.32,10,0.713,0,0,3.7,Yes,Bronze,Paid Search,North,Wallet,0
CUST102103,42.0,11,2233.68,5,1340.21,38,1.0,0.019,0.254,10,0.692,0,1,3.8,Yes,Gold,Referral,West,Wallet,0
CUST100442,38.0,43,2491.05,4,1868.29,44,0.0,0.16,0.244,15,0.495,0,1,3.5,No,Gold,Email,West,UPI,0
CUST102227,40.0,32,1923.21,6,961.6,33,1.0,0.109,0.186,9,0.478,1,3,2.1,Yes,Platinum,Organic,East,COD,0
CUST104416,46.0,18,952.15,3,952.15,13,1.0,0.082,0.647,8,0.635,1,1,3.4,Yes,Bronze,Partner,North,NetBanking,0
CUST100925,53.0,9,1544.59,0,994.8,34,1.0,0.153,0.125,6,0.802,0,0,3.1,Yes,Bronze,Paid Search,Central,Card,0
CUST104020,36.0,11,2150.34,5,1290.2,6,3.0,0.104,0.339,15,0.731,0,1,4.4,No,Silver,Paid Search,North,Card,0
CUST102145,27.0,22,893.11,5,535.87,33,1.0,0.103,0.15,12,0.28,0,0,4.3,Yes,Gold,,East,UPI,0
CUST104770,36.0,24,1221.6,4,916.2,44,4.0,0.023,0.268,5,0.366,0,1,3.6,Yes,Bronze,Organic,East,UPI,0
CUST101411,56.0,17,2515.16,4,1886.37,40,1.0,0.071,0.071,15,0.624,0,0,3.6,No,Gold,Organic,East,NetBanking,1
CUST103466,48.0,92,2264.03,6,1132.02,20,1.0,0.056,0.246,10,0.714,0,1,3.9,No,Gold,Organic,West,UPI,0
CUST102072,18.0,27,1554.65,4,1165.99,93,2.0,0.01,0.224,13,0.702,0,1,4.3,Yes,Gold,Partner,Central,UPI,0
CUST101509,35.0,5,857.79,6,428.9,48,1.0,0.03,0.114,7,0.526,0,1,5.0,Yes,Silver,Organic,South,UPI,0
CUST101227,28.0,11,4612.55,6,2306.28,12,2.0,0.029,0.086,14,0.823,0,0,5.0,Yes,Bronze,Organic,East,UPI,0
CUST104072,32.0,16,5910.65,6,2955.32,15,2.0,0.093,0.202,10,0.666,0,1,3.7,No,Bronze,Email,West,Card,0
CUST102585,44.0,38,1883.41,2,2825.12,30,0.0,0.157,0.197,11,0.721,1,0,3.5,Yes,Bronze,Organic,West,Card,0
CUST104450,26.0,27,3284.2,2,4926.3,28,2.0,0.041,0.407,14,0.851,0,1,4.4,Yes,Platinum,Social,North,Card,0
CUST102951,42.0,32,949.85,4,712.39,9,2.0,0.007,0.104,10,0.687,0,1,3.5,No,Gold,Paid Search,Central,UPI,0
CUST103885,35.0,26,2763.36,3,2763.36,64,2.0,0.28,0.246,14,,2,0,3.3,No,Bronze,Partner,West,UPI,0
CUST100324,52.0,40,1473.68,5,884.21,39,0.0,0.094,0.34,8,0.681,1,0,4.1,Yes,Gold,Referral,Central,NetBanking,0
CUST103977,31.0,23,3465.34,3,3465.34,37,3.0,0.018,0.036,8,0.717,0,0,2.8,No,Gold,Partner,North,Card,0
CUST103576,37.0,7,2168.78,5,1301.27,87,2.0,0.088,0.453,10,0.781,1,1,3.1,No,Gold,Paid Search,North,UPI,0
CUST102211,44.0,13,2253.2,3,2253.2,14,4.0,0.084,0.381,6,,0,0,2.5,No,Silver,Paid Search,South,UPI,0
CUST103298,30.0,24,1116.33,6,558.16,24,1.0,0.043,0.452,12,0.646,0,0,3.9,Yes,Platinum,Email,West,UPI,0
CUST103035,,18,2490.54,4,1867.9,34,0.0,0.105,0.47,18,0.753,0,2,,No,Bronze,Paid Search,East,Card,0
CUST101498,41.0,7,4127.16,4,3095.37,25,1.0,0.065,0.155,12,0.656,0,0,4.1,Yes,Gold,Paid Search,West,Card,0
CUST101502,47.0,6,1255.34,3,1255.34,28,1.0,0.1,0.544,9,0.633,0,4,2.8,Yes,Silver,,West,Card,1
CUST101006,41.0,11,2019.47,1,,38,0.0,0.149,0.129,17,0.668,0,0,3.2,No,Bronze,Organic,North,Card,0
CUST104179,26.0,22,2773.01,6,1386.5,50,1.0,0.133,0.234,15,0.492,0,1,3.7,Yes,Platinum,Paid Search,West,UPI,0
CUST103013,35.0,56,1787.58,8,670.34,17,0.0,0.076,0.326,11,0.844,1,1,3.1,No,Bronze,Partner,North,NetBanking,0
CUST103516,38.0,21,1684.52,4,1263.39,76,0.0,0.087,0.108,3,0.608,0,1,3.1,No,Bronze,Referral,Central,Wallet,0
CUST101467,20.0,24,2193.77,3,2193.77,18,0.0,0.156,0.124,12,,1,2,2.8,Yes,Bronze,Paid Search,Central,Wallet,0
CUST101225,39.0,19,3463.84,4,2597.88,63,1.0,0.022,0.103,6,0.585,0,0,4.3,No,Bronze,Partner,South,UPI,0
CUST103167,28.0,4,2969.18,6,1484.59,108,0.0,0.101,0.204,10,0.42,0,2,2.8,Yes,Bronze,Paid Search,North,UPI,0
CUST102267,32.0,20,2328.47,5,1397.08,13,1.0,0.016,0.303,7,0.654,0,2,2.7,No,Bronze,Organic,Central,Card,0
CUST103808,33.0,15,2962.62,3,2962.62,13,1.0,0.093,0.248,7,0.904,1,1,4.9,Yes,Silver,Email,East,Card,0
CUST101216,18.0,14,1507.3,3,1507.3,31,1.0,0.029,0.257,11,0.763,1,3,4.3,No,Gold,Referral,South,Wallet,0
CUST103976,37.0,10,1345.37,6,672.68,41,1.0,0.045,0.16,13,0.783,0,1,3.9,Yes,Bronze,Partner,West,COD,0
CUST104584,31.0,26,1919.25,7,822.54,11,3.0,0.029,0.277,11,0.608,1,0,5.0,Yes,Platinum,Paid Search,Central,Card,0
CUST100420,35.0,35,984.76,6,492.38,115,0.0,0.034,0.263,11,0.764,0,1,4.4,Yes,Bronze,Social,North,Wallet,0
CUST103422,45.0,38,3579.95,2,5369.92,35,1.0,0.062,0.7,8,0.683,2,0,4.4,Yes,Silver,Paid Search,South,Card,1
CUST100006,35.0,6,1040.69,4,780.52,27,3.0,0.044,0.201,8,0.681,0,1,3.7,Yes,Bronze,Social,East,Card,0
CUST100932,46.0,39,602.97,3,602.97,63,0.0,0.041,0.3,15,0.788,1,0,3.1,No,Bronze,Partner,Central,COD,0
CUST101691,18.0,32,2111.54,4,1583.66,54,0.0,0.174,0.07,9,0.648,0,0,4.0,Yes,Gold,Organic,South,COD,0
CUST100439,38.0,22,1004.53,7,430.51,21,1.0,0.147,0.31,10,0.486,0,1,2.5,Yes,Silver,Email,East,NetBanking,0
CUST101313,38.0,30,1880.64,4,1410.48,33,0.0,0.143,0.207,10,0.589,1,0,5.0,Yes,Silver,Paid Search,North,Wallet,0
CUST100678,38.0,40,1772.67,6,886.34,62,1.0,0.037,0.273,9,0.622,1,2,4.0,No,Bronze,Organic,South,UPI,1
CUST101943,18.0,29,5722.88,4,4292.16,36,1.0,0.046,0.623,11,0.398,0,0,,Yes,Silver,Social,South,Card,1
CUST104610,35.0,8,4064.97,2,6000.0,56,1.0,0.35,0.385,11,0.933,1,0,3.6,Yes,Bronze,Organic,Central,UPI,0
CUST103303,44.0,9,3233.19,0,1062.27,25,0.0,0.079,0.496,10,0.685,0,0,3.9,No,Gold,Paid Search,West,Card,0
CUST102268,18.0,16,2543.86,6,1271.93,11,2.0,0.071,0.41,7,0.707,0,0,3.3,No,Bronze,Social,North,Card,0
CUST104633,22.0,61,1084.6,1,3253.8,66,0.0,0.031,0.242,12,0.718,1,0,4.3,No,Silver,Paid Search,East,COD,0
CUST104080,45.0,12,2533.23,4,1899.92,44,1.0,0.085,0.468,13,0.373,0,1,3.9,Yes,Gold,Partner,South,Card,0
CUST102518,40.0,31,1452.44,3,1452.44,28,3.0,0.273,0.4,10,0.802,1,0,3.5,Yes,Silver,Paid Search,East,UPI,0
CUST102439,33.0,15,5215.59,1,6000.0,47,1.0,0.017,0.524,12,0.65,0,0,3.7,Yes,Bronze,Paid Search,Central,Card,0
CUST104037,34.0,45,4618.84,8,1732.06,26,2.0,0.053,0.383,13,0.767,0,0,4.0,Yes,Silver,Organic,North,UPI,0
CUST101893,18.0,15,1725.63,3,1725.63,58,3.0,0.174,0.516,15,0.842,0,0,3.2,No,Platinum,Social,North,UPI,1
CUST104244,36.0,27,3654.34,2,5481.51,44,1.0,0.101,0.399,12,0.808,1,1,5.0,Yes,Bronze,Paid Search,West,Card,0
CUST104829,18.0,17,5806.65,3,5806.65,59,2.0,0.063,0.461,8,0.787,1,2,4.0,Yes,Bronze,Email,East,Card,0
CUST102640,40.0,18,2868.54,4,,50,1.0,0.158,0.288,10,0.62,0,0,3.2,No,Platinum,Social,Central,Wallet,0
CUST100194,23.0,16,913.36,2,1370.04,29,1.0,0.066,0.352,13,0.736,0,3,3.3,Yes,Silver,Referral,East,Card,1
CUST101474,32.0,30,1865.23,5,1119.14,47,0.0,0.061,0.519,9,0.556,0,1,5.0,Yes,Bronze,Organic,South,Wallet,0
CUST104616,18.0,13,4047.03,1,6000.0,73,2.0,0.027,0.093,9,0.485,1,0,5.0,No,Silver,Social,North,UPI,0
CUST101211,29.0,45,2241.06,3,2241.06,62,1.0,0.178,0.6,11,0.656,1,1,3.3,Yes,Gold,Organic,South,Card,0
CUST102438,44.0,7,1966.3,5,1179.78,40,1.0,0.034,0.606,12,,1,0,3.0,Yes,Gold,Paid Search,Central,UPI,1
CUST101657,18.0,70,526.03,10,157.81,76,3.0,0.036,0.202,10,0.643,0,1,4.0,Yes,Bronze,Organic,North,Card,0
CUST102700,43.0,37,2816.34,3,2816.34,43,0.0,0.215,0.112,15,0.59,0,0,5.0,Yes,Gold,Paid Search,North,Card,0
CUST103082,,14,1962.34,1,5887.02,30,1.0,0.04,0.267,8,0.577,0,0,4.7,Yes,Platinum,Organic,Central,UPI,0
CUST102705,32.0,11,2409.66,4,1807.24,62,0.0,0.136,0.198,7,0.851,3,0,4.2,Yes,Silver,Paid Search,Central,COD,0
CUST104226,38.0,17,855.17,3,855.17,77,,0.027,0.546,6,0.756,1,1,5.0,Yes,Bronze,Email,East,Card,0
CUST102842,40.0,37,2099.8,5,1259.88,77,1.0,0.145,0.185,11,0.7,0,1,3.6,Yes,Gold,Paid Search,North,NetBanking,0
CUST102302,18.0,20,1708.2,1,5124.6,63,2.0,0.055,0.067,18,0.661,0,0,3.2,Yes,Platinum,Organic,West,Card,0
CUST101130,25.0,29,2513.61,6,1256.8,10,1.0,0.083,0.3,7,0.663,0,0,3.8,No,Silver,Email,South,COD,0
CUST101461,27.0,28,6259.27,4,4694.45,60,4.0,0.105,0.781,8,0.717,0,0,,Yes,Silver,Partner,South,UPI,1
CUST100276,26.0,25,2473.84,6,1236.92,49,1.0,0.244,0.491,9,0.874,0,0,3.0,Yes,Gold,Paid Search,West,Card,1
CUST102222,35.0,5,1713.86,2,2570.79,82,3.0,0.13,0.449,9,0.903,2,2,3.9,Yes,Platinum,Paid Search,West,UPI,0
CUST102331,18.0,38,966.34,3,966.34,39,0.0,0.04,0.326,8,0.628,0,0,5.0,Yes,Bronze,Social,West,UPI,0
CUST104322,19.0,67,1176.03,6,588.02,90,0.0,0.181,0.155,15,0.644,0,1,5.0,No,Bronze,Email,South,UPI,1
CUST101302,40.0,12,2660.68,5,1596.41,99,0.0,0.258,0.616,5,0.694,0,0,2.5,Yes,Bronze,Referral,West,COD,0
CUST102517,48.0,6,3561.6,3,3561.6,61,0.0,0.047,0.034,10,0.745,0,0,2.4,No,Silver,Social,South,UPI,0
CUST100222,36.0,20,2289.96,3,2289.96,12,0.0,0.2,0.523,11,0.843,0,0,4.5,Yes,Gold,Partner,South,UPI,0
CUST102036,29.0,39,2485.83,3,2485.83,48,,0.203,0.674,10,0.773,1,2,4.4,No,Gold,Organic,Central,Card,0
CUST101924,33.0,19,983.51,3,983.51,44,1.0,0.033,0.124,9,0.498,0,2,4.0,Yes,Bronze,Email,West,Card,0
CUST100573,25.0,13,3161.93,5,1897.16,25,2.0,0.036,0.093,8,0.632,1,0,4.4,Yes,Bronze,Organic,North,Card,0
CUST101236,34.0,21,1782.62,3,1782.62,35,3.0,0.089,0.415,5,0.845,0,4,3.8,Yes,Silver,Organic,West,UPI,0
CUST103544,31.0,14,3155.69,4,2366.77,89,1.0,0.124,0.217,14,0.393,0,3,4.4,Yes,Bronze,Social,South,Card,1
CUST102133,37.0,23,3105.84,1,6000.0,20,3.0,0.034,0.138,7,0.432,0,2,3.1,No,Bronze,Organic,West,UPI,1
CUST101334,38.0,11,1454.31,4,1090.73,32,0.0,0.161,0.444,9,0.879,1,0,3.1,Yes,Silver,Paid Search,East,Wallet,0
CUST102457,28.0,3,,7,763.93,51,1.0,0.135,0.118,9,0.548,0,0,4.2,No,Bronze,Organic,Central,UPI,0
CUST100418,33.0,23,4508.96,4,3381.72,38,0.0,0.01,0.146,9,0.499,1,1,2.8,No,Bronze,Email,West,Card,1
CUST104914,46.0,37,1649.57,5,989.74,14,3.0,0.166,0.149,6,0.586,0,0,3.4,Yes,Silver,Email,Central,COD,0
CUST101104,23.0,6,897.98,2,1346.97,9,0.0,0.042,0.258,8,0.661,0,1,5.0,Yes,Gold,Paid Search,West,Card,1
CUST100257,30.0,26,3846.56,2,5769.84,20,0.0,0.19,0.105,8,0.597,0,0,4.5,Yes,Bronze,Partner,East,UPI,0
CUST100295,36.0,13,1947.33,5,1168.4,9,1.0,0.109,0.207,11,0.596,1,0,4.5,Yes,Silver,Referral,North,UPI,0
CUST102361,24.0,30,,2,2454.36,115,0.0,0.071,0.312,9,0.474,1,1,3.6,Yes,Platinum,Partner,North,Card,0
CUST100386,38.0,18,2688.1,3,2688.1,21,1.0,0.019,0.43,14,0.704,0,0,3.6,No,Bronze,Social,West,NetBanking,0
CUST103308,24.0,34,2129.08,1,6000.0,61,0.0,0.061,0.27,12,0.762,1,2,3.1,Yes,Silver,Paid Search,East,UPI,0
CUST104013,51.0,5,2333.58,7,1000.11,23,1.0,0.076,0.197,12,0.789,0,1,5.0,Yes,Bronze,Referral,South,Card,0
CUST102231,23.0,9,4350.91,4,3263.18,9,1.0,0.108,0.324,10,0.833,0,0,4.6,Yes,Platinum,Partner,Central,UPI,0
CUST102554,38.0,23,4118.65,4,3088.99,32,1.0,0.071,0.181,11,0.636,0,0,3.6,Yes,Bronze,Partner,North,UPI,0
CUST104335,25.0,6,1776.06,8,666.02,14,2.0,0.279,0.235,13,0.588,1,0,4.3,No,Bronze,Partner,Central,Card,0
CUST103515,31.0,24,1494.96,3,1494.96,32,1.0,0.075,0.363,16,0.696,0,0,3.5,Yes,Bronze,Organic,East,UPI,1
CUST101839,25.0,33,1480.1,4,1110.07,38,1.0,0.079,0.16,14,0.454,0,0,2.6,Yes,Bronze,Paid Search,East,UPI,0
CUST104384,41.0,96,2208.69,6,1104.34,4,0.0,0.165,0.374,10,0.861,2,0,4.6,No,Gold,Paid Search,West,NetBanking,0
CUST101563,23.0,18,1065.37,4,799.03,131,1.0,0.078,0.512,12,0.817,0,4,3.0,Yes,Gold,Organic,Central,UPI,1
CUST102015,36.0,7,2000.9,4,1500.68,85,1.0,0.176,0.403,9,0.356,0,0,3.9,Yes,Silver,Organic,Central,Card,0
CUST101400,46.0,9,3655.43,4,2741.57,30,2.0,0.175,0.355,6,0.701,0,0,3.6,Yes,Platinum,Paid Search,South,UPI,0
CUST100712,24.0,36,1706.1,5,1023.66,136,1.0,0.021,0.311,8,0.924,0,4,4.3,No,Silver,Paid Search,South,Card,0
CUST102420,18.0,14,2064.09,1,6000.0,16,1.0,0.064,0.152,11,0.684,0,0,3.4,Yes,Bronze,Organic,West,UPI,0
CUST102619,51.0,30,1993.42,3,1993.42,19,0.0,0.058,0.319,9,0.788,0,0,4.2,Yes,Gold,Paid Search,East,NetBanking,0
CUST100209,31.0,45,1060.29,5,636.17,87,1.0,0.008,0.239,6,0.441,1,2,4.1,Yes,Platinum,Social,East,Card,0
CUST104944,32.0,7,1620.76,7,694.61,42,2.0,0.015,0.217,13,0.524,0,0,3.5,No,Silver,Email,North,NetBanking,0
CUST101289,42.0,62,1964.09,7,841.75,66,1.0,0.013,0.243,10,0.578,1,1,4.2,Yes,Bronze,Organic,North,NetBanking,0
CUST100449,38.0,20,2467.94,7,,5,0.0,0.068,0.452,4,0.635,0,1,4.4,Yes,Silver,Organic,Central,UPI,0
CUST104091,35.0,18,1334.41,3,1334.41,28,0.0,0.022,0.244,12,0.758,1,2,5.0,Yes,Silver,Partner,West,UPI,0
CUST102569,39.0,15,2210.52,3,2210.52,17,0.0,0.015,0.399,5,0.564,1,1,4.4,No,Bronze,Organic,East,,0
CUST101820,18.0,30,4547.86,12,1136.96,17,3.0,0.138,0.448,7,,1,1,3.0,Yes,Silver,Referral,Central,UPI,0
CUST100958,34.0,46,911.23,8,341.71,35,1.0,0.106,0.709,13,0.764,0,0,4.0,Yes,Bronze,Paid Search,West,COD,0
CUST101793,31.0,13,3641.57,5,2184.94,27,0.0,0.034,0.231,4,0.774,0,2,3.8,Yes,Silver,Social,South,UPI,0
CUST104786,21.0,25,1416.19,4,1062.14,31,0.0,0.068,0.257,11,0.838,1,1,2.5,Yes,Gold,Social,Central,UPI,1
CUST100654,40.0,29,5803.34,1,6000.0,56,2.0,0.232,0.566,7,0.748,0,1,3.6,No,Bronze,Email,North,UPI,1
CUST102407,30.0,17,1761.65,4,1321.24,46,1.0,0.025,0.153,11,0.683,0,0,3.7,Yes,Bronze,Email,South,Card,0
CUST103852,20.0,21,2952.02,3,2952.02,72,6.0,0.076,0.532,9,0.626,0,0,4.2,No,Silver,Social,West,NetBanking,0
CUST101995,38.0,50,1226.97,4,920.23,9,1.0,0.194,0.199,14,0.804,1,2,4.6,Yes,Gold,Partner,West,COD,0
CUST101760,22.0,24,1880.84,6,940.42,109,1.0,0.067,0.238,10,0.92,0,0,4.5,No,Platinum,Organic,Central,UPI,0
CUST102354,22.0,36,1802.81,5,1081.69,5,0.0,0.026,0.071,12,0.616,0,0,4.2,Yes,Gold,Paid Search,West,Card,0
CUST102741,40.0,8,5287.14,3,5287.14,90,1.0,0.075,0.543,8,0.73,3,2,3.0,Yes,Bronze,Partner,Central,Wallet,0
CUST102617,43.0,16,1769.01,6,884.5,37,1.0,0.018,0.373,4,0.691,0,0,3.5,No,Bronze,,North,UPI,0
CUST100411,18.0,26,928.13,2,1392.2,20,2.0,0.028,0.169,7,0.61,0,1,3.6,Yes,Silver,Referral,Central,UPI,0
CUST101774,45.0,8,4174.72,7,1789.17,45,1.0,0.125,0.277,10,0.741,0,0,2.6,Yes,Bronze,Partner,North,Card,1
CUST103978,41.0,50,3161.96,4,,21,0.0,0.121,0.28,8,0.617,0,0,4.1,No,Bronze,Organic,North,UPI,0
CUST102186,33.0,19,1338.58,8,501.97,35,3.0,0.068,0.051,12,0.711,1,0,3.8,Yes,Silver,Social,West,UPI,0
CUST102379,33.0,29,2541.71,4,1906.28,16,2.0,0.047,0.203,5,0.653,1,0,4.3,No,Platinum,Partner,Central,UPI,0
CUST103963,29.0,14,3057.15,3,3057.15,19,2.0,0.145,0.177,11,0.758,1,2,3.4,No,Silver,Referral,South,UPI,0
CUST104311,34.0,46,1194.02,3,1194.02,22,0.0,0.058,0.176,8,0.54,0,1,3.8,Yes,Bronze,Paid Search,West,UPI,0
CUST104774,32.0,25,5640.27,4,4230.2,52,0.0,0.086,0.211,8,0.674,0,1,3.9,No,Silver,Referral,South,UPI,0
CUST103702,27.0,17,3610.03,4,2707.52,38,2.0,0.296,0.394,16,0.349,0,1,4.6,Yes,Bronze,Organic,West,NetBanking,0
CUST103972,36.0,26,1243.49,1,3730.47,64,1.0,0.038,0.064,10,0.721,0,0,3.7,No,Silver,Social,East,UPI,0
CUST104765,38.0,30,1528.14,5,916.88,73,2.0,0.089,0.431,9,0.396,2,1,3.5,No,Bronze,Partner,West,UPI,0
CUST103558,40.0,21,1143.91,6,571.96,27,1.0,0.089,0.288,12,0.54,0,2,3.7,Yes,Silver,Referral,North,NetBanking,0
CUST104110,40.0,13,5393.52,1,6000.0,21,0.0,0.137,0.217,11,0.491,0,1,3.8,No,Bronze,Organic,South,UPI,0
CUST103497,45.0,8,2941.1,1,6000.0,132,3.0,0.13,0.643,10,0.639,1,2,3.8,Yes,Gold,Email,South,UPI,1
CUST103765,46.0,63,3525.96,2,5288.94,22,1.0,0.09,0.265,8,0.57,0,2,4.1,No,Bronze,Referral,East,UPI,0
CUST100430,24.0,32,945.36,5,567.22,64,2.0,0.049,0.296,17,0.621,0,2,4.6,Yes,Silver,Partner,East,NetBanking,0
CUST104484,35.0,24,2473.9,3,2473.9,42,0.0,0.104,0.385,4,0.752,0,2,4.2,No,Gold,Referral,North,,0
CUST102321,47.0,39,1577.75,4,1183.31,73,0.0,0.049,0.569,12,0.711,0,0,3.8,No,Silver,Partner,East,Card,0
CUST101366,23.0,30,742.59,9,247.53,49,3.0,0.122,0.709,7,0.512,0,1,4.1,Yes,Silver,Referral,East,UPI,0
CUST101992,36.0,21,5767.65,7,2471.85,13,3.0,0.071,0.254,11,0.758,0,2,5.0,Yes,Bronze,,West,Wallet,0
CUST102851,48.0,17,4544.6,1,6000.0,108,1.0,0.023,0.196,7,0.693,1,0,3.5,Yes,Bronze,Social,East,UPI,1
CUST101176,26.0,30,4796.89,2,6000.0,44,5.0,0.026,0.151,10,0.928,0,0,4.0,Yes,Bronze,Referral,South,UPI,0
CUST103528,19.0,12,2876.01,9,958.67,96,0.0,0.043,0.24,12,0.762,0,0,4.0,Yes,Bronze,Organic,Central,,0
CUST101476,55.0,27,999.74,3,999.74,40,0.0,0.03,0.422,9,0.757,0,1,4.2,Yes,Platinum,Partner,South,NetBanking,0
CUST103740,18.0,35,980.01,4,735.01,34,1.0,0.093,0.839,12,0.906,0,0,3.9,No,Silver,Referral,West,Card,0
CUST102045,24.0,28,1230.64,4,922.98,68,0.0,0.135,0.808,12,0.809,1,0,3.5,Yes,Gold,Paid Search,North,NetBanking,0
CUST100102,30.0,8,3590.18,3,3590.18,96,2.0,0.031,0.054,4,0.876,1,0,4.0,Yes,Silver,Social,Central,UPI,1
CUST104331,22.0,5,3054.73,7,1309.17,36,2.0,0.156,0.298,13,0.725,0,0,3.2,Yes,Bronze,Social,North,UPI,0
CUST102992,33.0,13,2396.53,5,1437.92,35,1.0,0.027,0.483,7,0.871,0,0,3.6,No,Gold,Social,North,Card,0
CUST101263,30.0,24,2637.62,2,3956.43,48,1.0,0.026,0.719,8,0.812,0,1,3.5,Yes,Silver,Organic,South,COD,0
CUST102881,43.0,5,1062.64,3,1062.64,16,0.0,0.121,0.247,6,0.457,0,0,3.6,Yes,Bronze,Social,Central,Wallet,0
CUST103138,39.0,45,1798.06,3,1798.06,16,1.0,0.201,0.316,6,0.74,1,1,3.0,Yes,Gold,Organic,South,NetBanking,0
CUST103622,25.0,21,429.67,7,184.14,22,2.0,0.257,0.056,10,0.788,0,0,2.2,No,Gold,Organic,North,Card,0
CUST103203,45.0,4,942.74,5,565.64,60,1.0,0.154,0.074,6,,0,2,4.1,Yes,Silver,Paid Search,West,Wallet,1
CUST104278,30.0,4,1156.02,3,1156.02,31,1.0,0.256,0.223,8,0.675,0,0,3.9,No,Bronze,Organic,South,UPI,0
CUST103299,36.0,26,2718.5,4,2038.88,50,0.0,0.072,0.17,13,0.544,0,1,3.2,Yes,Bronze,Paid Search,South,UPI,0
CUST104993,27.0,21,8000.0,9,2666.67,50,0.0,0.069,0.371,15,,2,0,3.2,No,Silver,Social,North,UPI,0
CUST103633,33.0,33,1978.91,2,2968.36,105,0.0,0.232,0.428,14,0.872,1,2,4.2,No,Silver,Email,West,Card,0
CUST101643,40.0,29,1403.06,6,701.53,26,2.0,0.026,0.026,8,0.328,1,0,3.0,No,Silver,Email,North,Card,0
CUST104505,50.0,12,4107.61,0,1125.28,53,0.0,0.096,0.066,8,0.836,0,2,3.4,Yes,Bronze,Organic,Central,UPI,0
CUST100000,37.0,16,2236.16,2,3354.24,66,,0.089,0.345,11,0.756,1,0,3.3,No,Bronze,Email,South,,0
CUST101580,46.0,17,2404.25,4,1803.19,24,0.0,0.015,0.346,10,0.454,0,0,4.8,Yes,Bronze,Partner,North,COD,0
CUST104422,20.0,20,3334.8,5,2000.88,14,2.0,0.062,0.602,13,0.78,0,0,3.4,Yes,Bronze,Paid Search,North,Card,0
CUST104116,45.0,32,4418.65,1,6000.0,25,2.0,0.044,0.287,11,0.932,0,1,3.4,Yes,Bronze,Paid Search,West,Wallet,0
CUST101356,30.0,48,831.52,2,1247.28,123,0.0,0.031,0.735,10,0.573,0,0,5.0,Yes,Silver,Paid Search,South,NetBanking,0
CUST104201,18.0,14,2067.66,4,1550.74,14,0.0,0.274,0.541,7,0.888,1,0,3.4,Yes,Bronze,Social,East,Card,0
CUST104574,44.0,18,973.55,3,,8,0.0,0.061,0.393,5,0.532,0,1,4.3,Yes,Gold,Organic,North,UPI,0
CUST103733,30.0,19,671.55,7,287.81,35,,0.18,0.437,10,0.71,0,2,4.4,Yes,Silver,Paid Search,East,UPI,0
CUST102025,19.0,33,1706.01,4,1279.51,58,1.0,0.166,0.098,13,0.742,0,0,4.3,Yes,Silver,Organic,Central,Card,0
CUST102218,28.0,23,2168.41,6,1084.2,94,1.0,0.067,0.105,7,0.751,0,0,,Yes,Bronze,Organic,East,Card,0
CUST100396,42.0,11,1316.09,4,987.07,74,0.0,0.171,0.213,8,0.791,1,0,4.3,Yes,Bronze,Partner,West,NetBanking,1
CUST104941,29.0,36,2334.92,4,1751.19,27,0.0,0.028,0.346,6,0.573,0,1,4.6,No,Bronze,Paid Search,South,Card,0
CUST101064,28.0,79,1970.89,4,1478.17,64,2.0,0.061,0.057,10,0.404,0,0,3.4,Yes,Bronze,Email,North,Card,1
CUST103080,29.0,1,3805.05,2,5707.58,27,1.0,0.081,0.174,7,0.656,0,0,4.1,Yes,Silver,Partner,East,UPI,0
CUST102153,23.0,14,1271.28,3,1271.28,10,2.0,0.13,0.266,6,0.918,1,1,4.2,Yes,Silver,Organic,North,UPI,0
CUST100818,37.0,13,413.74,1,1241.22,40,0.0,0.083,0.339,17,0.68,1,0,3.8,Yes,Gold,Referral,North,UPI,0
CUST101812,37.0,13,3440.74,3,3440.74,54,0.0,0.295,0.037,9,0.869,1,1,3.2,Yes,Gold,Organic,West,Card,0
CUST102552,30.0,26,4011.67,4,3008.75,51,2.0,0.074,0.713,7,0.783,0,1,3.8,Yes,Bronze,Email,East,UPI,0
CUST101552,28.0,11,2842.66,4,2132.0,88,3.0,0.35,0.265,13,0.618,0,2,2.7,No,Gold,Paid Search,West,UPI,1
CUST104047,28.0,37,1333.42,5,800.05,69,2.0,0.162,0.088,10,0.729,0,1,2.5,No,Silver,Partner,East,UPI,1
CUST100816,30.0,32,984.55,4,738.41,96,0.0,0.069,0.507,7,0.51,0,3,4.8,Yes,Silver,Referral,South,UPI,0
CUST101572,37.0,8,1071.74,4,803.8,8,1.0,0.086,0.14,13,0.488,0,0,4.2,Yes,Bronze,Partner,West,Wallet,1
CUST104552,27.0,17,2475.84,3,2475.84,41,2.0,0.082,0.023,15,0.625,1,0,4.6,Yes,Silver,Partner,North,COD,0
CUST101800,34.0,20,4618.36,6,2309.18,43,2.0,0.121,0.168,14,0.529,0,0,3.2,No,Gold,Referral,Central,Card,0
CUST104287,27.0,28,2231.8,7,956.49,30,3.0,0.083,0.258,11,0.762,0,0,2.3,No,Bronze,Organic,North,UPI,0
CUST100381,47.0,24,2196.2,1,6000.0,37,1.0,0.047,0.503,4,0.788,0,0,5.0,Yes,Bronze,Social,South,UPI,0
CUST102874,35.0,7,3301.84,5,1981.1,180,2.0,0.05,0.213,8,0.729,0,1,4.6,No,Bronze,Organic,Central,COD,1
CUST104347,18.0,19,1846.0,1,5538.0,13,1.0,0.044,0.12,8,0.897,0,0,4.4,Yes,Bronze,Social,South,UPI,0
CUST104626,29.0,17,2147.58,2,3221.37,21,0.0,0.068,0.357,12,,1,1,2.9,No,Silver,Paid Search,South,Card,0
CUST103503,22.0,32,572.92,5,343.75,16,2.0,0.007,0.094,13,0.608,1,2,4.2,Yes,Gold,Organic,South,UPI,0
CUST102311,37.0,28,1377.92,2,2066.88,38,1.0,0.056,0.558,11,0.533,1,0,5.0,No,Gold,Partner,South,Card,1
CUST101780,42.0,4,3527.0,4,2645.25,50,4.0,0.046,0.236,8,0.805,1,2,4.1,No,Gold,Partner,South,Card,1
CUST102726,25.0,46,1620.53,7,694.51,67,,0.17,0.248,8,0.652,0,1,3.0,Yes,Silver,Organic,West,UPI,0
CUST102437,37.0,19,3090.73,4,2318.05,30,1.0,0.045,0.089,10,0.491,1,0,2.7,No,Silver,Partner,West,UPI,0
CUST102333,34.0,36,1769.78,3,1769.78,25,,0.037,0.559,10,0.747,0,1,4.0,Yes,Bronze,Partner,North,NetBanking,0
CUST100864,27.0,29,,4,4433.21,18,2.0,0.237,0.04,10,0.768,0,0,4.0,Yes,Bronze,Referral,Central,Card,0
CUST103638,36.0,68,2484.54,3,2484.54,40,2.0,0.097,0.581,12,0.534,0,1,4.1,No,Gold,Social,Central,UPI,0
CUST103164,28.0,39,1882.78,4,1412.08,51,2.0,0.019,0.109,7,0.565,1,1,,Yes,Silver,Organic,Central,Card,0
CUST100554,33.0,44,1355.35,4,1016.51,136,0.0,0.142,0.352,4,0.771,1,0,4.2,Yes,Gold,Paid Search,Central,UPI,0
CUST101159,20.0,46,1254.51,6,627.26,66,1.0,0.146,0.503,11,0.79,1,0,3.7,Yes,Gold,Social,West,UPI,0
CUST101213,27.0,3,3676.83,1,6000.0,23,1.0,0.135,0.222,8,0.675,1,1,4.3,No,Silver,Paid Search,West,UPI,1
CUST103760,30.0,34,3364.88,3,3364.88,25,0.0,0.056,0.53,11,0.56,0,2,4.7,Yes,Bronze,Organic,Central,Card,0
CUST104213,33.0,6,869.64,7,372.7,68,0.0,0.013,0.338,16,0.275,1,0,4.1,Yes,Bronze,Organic,North,UPI,0
CUST100048,41.0,39,4625.62,2,6000.0,72,2.0,0.054,0.301,10,0.705,1,0,5.0,Yes,Bronze,Referral,North,NetBanking,0
CUST102367,30.0,7,2988.67,1,6000.0,43,1.0,0.134,0.302,12,0.891,1,1,4.1,Yes,Bronze,Referral,South,UPI,1
CUST100700,45.0,6,,6,1058.52,50,0.0,0.038,0.638,10,0.482,0,1,2.9,Yes,Silver,Referral,East,Card,0
CUST100652,51.0,37,1701.41,2,2552.12,39,1.0,0.181,0.253,11,0.633,0,0,4.0,Yes,Bronze,Referral,North,COD,0
CUST103933,45.0,21,,9,1366.53,42,2.0,0.098,0.142,10,0.806,0,0,4.2,Yes,Bronze,Organic,North,UPI,0
CUST104409,18.0,13,5276.98,6,2638.49,19,1.0,0.11,0.535,4,0.606,0,2,2.6,No,Bronze,Paid Search,West,NetBanking,0
CUST103311,40.0,61,1166.37,2,1749.55,36,0.0,0.093,0.302,9,0.583,0,1,4.3,Yes,Bronze,Paid Search,South,Card,0
CUST100748,30.0,27,1816.19,4,1362.14,59,1.0,0.056,0.379,10,0.812,1,2,2.4,No,Bronze,Referral,North,UPI,0
CUST101455,33.0,55,772.96,2,1159.44,48,0.0,0.122,0.71,10,0.802,0,1,4.9,Yes,Bronze,Partner,Central,Card,1
CUST104195,26.0,18,1135.38,5,681.23,9,0.0,0.024,0.216,10,0.576,0,0,4.0,Yes,Bronze,Organic,West,COD,1
CUST102389,34.0,5,791.78,6,395.89,85,6.0,0.026,0.408,11,0.517,0,0,4.0,Yes,Bronze,Organic,West,Card,0
CUST103494,48.0,25,1998.07,2,2997.1,56,0.0,0.122,0.239,6,0.594,0,1,4.1,Yes,Gold,Social,Central,NetBanking,0
CUST100866,21.0,13,1073.25,5,643.95,44,0.0,0.051,0.242,10,0.476,1,3,2.7,Yes,Bronze,Paid Search,North,Card,1
CUST100752,,13,2654.47,2,3981.7,64,0.0,0.151,0.341,6,0.748,1,3,2.4,Yes,Gold,Partner,East,Card,0
CUST101644,19.0,6,333.1,1,999.3,42,1.0,0.093,0.238,11,0.471,1,0,3.1,Yes,Gold,Paid Search,West,COD,1
CUST100092,30.0,25,820.81,6,410.4,44,3.0,0.025,0.371,18,0.622,0,0,4.3,Yes,Bronze,Referral,South,UPI,0
CUST104824,42.0,39,1438.98,3,1438.98,46,0.0,0.098,0.527,6,0.75,0,0,3.7,Yes,Gold,Email,West,Card,0
CUST103101,29.0,10,3266.52,5,1959.91,20,0.0,0.056,0.728,14,0.826,0,2,3.7,Yes,Bronze,Paid Search,South,COD,0
CUST102432,24.0,19,2327.1,7,997.33,24,2.0,0.119,0.538,10,0.714,0,0,3.2,Yes,Gold,Email,South,UPI,0
CUST102629,34.0,16,2329.14,6,1164.57,22,1.0,0.024,0.777,5,0.527,0,2,3.3,Yes,Platinum,Social,East,UPI,0
CUST101490,28.0,26,4010.65,2,6000.0,78,0.0,0.041,0.166,5,0.957,0,0,4.1,Yes,Silver,,North,UPI,0
CUST102895,22.0,15,1571.01,6,785.5,46,2.0,0.06,0.128,10,0.765,0,0,4.5,Yes,Silver,Organic,North,NetBanking,1
CUST102177,39.0,28,3338.55,6,1669.28,50,0.0,0.069,0.274,4,0.835,0,0,3.7,Yes,Bronze,Referral,South,UPI,0
CUST100729,23.0,43,4002.29,3,4002.29,31,2.0,0.073,0.729,12,0.502,0,1,3.8,Yes,Gold,Organic,North,UPI,0
CUST104759,29.0,69,872.73,4,654.55,76,1.0,0.027,0.348,9,0.395,0,0,3.7,No,Bronze,,West,Card,0
CUST102471,30.0,18,1496.88,4,1122.66,26,0.0,0.202,0.286,12,0.768,0,1,4.6,Yes,Gold,Organic,North,Card,0
CUST102242,20.0,9,5158.89,4,3869.17,35,1.0,0.032,0.413,8,0.712,1,2,5.0,Yes,Bronze,Social,West,UPI,0
CUST101936,34.0,13,1706.24,4,1279.68,24,1.0,0.055,0.272,6,0.92,1,0,5.0,Yes,Gold,Organic,South,Card,0
CUST101745,26.0,16,1548.62,4,1161.46,46,3.0,0.062,0.361,16,0.639,1,0,4.4,Yes,Silver,Paid Search,North,UPI,1
CUST104746,42.0,29,5866.74,1,6000.0,53,2.0,0.006,0.433,14,0.841,1,0,3.0,Yes,Silver,Email,West,COD,0
CUST104373,52.0,3,1898.6,2,2847.9,6,2.0,0.115,0.091,15,0.314,0,1,2.6,Yes,Bronze,Email,South,UPI,1
CUST103491,24.0,12,2299.71,10,689.91,16,0.0,0.122,0.81,5,0.765,1,0,3.3,No,Silver,Partner,West,,0
CUST101110,49.0,28,3019.07,0,603.66,102,2.0,0.013,0.048,5,0.373,0,2,4.3,Yes,Silver,Organic,Central,UPI,1
CUST103337,39.0,58,2606.32,6,1303.16,101,2.0,0.042,0.297,6,0.866,0,4,4.8,No,Gold,Partner,East,COD,0
CUST104032,40.0,45,658.23,1,1974.69,27,2.0,0.052,0.373,11,0.807,0,2,3.4,Yes,Bronze,Partner,North,UPI,1
CUST104471,26.0,51,1124.92,2,1687.38,24,3.0,0.108,0.302,11,0.742,1,1,4.3,Yes,Bronze,Paid Search,Central,COD,1
CUST104157,47.0,8,3686.31,3,3686.31,26,0.0,0.153,0.321,12,,0,0,4.8,Yes,Silver,Organic,West,,0
CUST100346,28.0,29,2763.16,8,1036.18,56,0.0,0.112,0.252,13,0.719,0,0,2.8,Yes,Silver,Email,West,NetBanking,0
CUST101185,20.0,4,4751.76,6,2375.88,21,0.0,0.013,0.531,8,0.659,1,1,2.9,No,Bronze,Referral,South,UPI,0
CUST104006,31.0,5,3123.87,8,1171.45,49,2.0,0.105,0.32,13,0.686,1,0,3.7,No,Bronze,Paid Search,Central,Card,1
CUST101515,36.0,9,1181.45,6,590.72,34,2.0,0.029,0.415,15,0.635,2,1,3.8,No,Gold,Social,North,UPI,0
CUST104669,26.0,66,3732.49,6,1866.24,15,1.0,0.045,0.38,7,,0,0,3.9,Yes,Bronze,Referral,East,Wallet,0
CUST100578,,5,891.74,2,1337.61,39,0.0,0.121,0.375,11,0.691,0,1,2.5,No,Platinum,Organic,North,Wallet,0
CUST101964,27.0,15,2136.94,3,2136.94,33,0.0,0.02,0.081,7,0.637,1,1,,No,Bronze,Social,West,Card,0
CUST100075,41.0,52,1273.81,3,1273.81,34,0.0,0.101,0.627,12,0.74,0,0,4.0,Yes,Platinum,Partner,West,UPI,0
CUST101429,41.0,31,1071.39,8,401.77,92,0.0,0.078,0.72,10,0.549,0,2,,Yes,Bronze,Referral,Central,UPI,0
CUST103712,33.0,22,1427.99,2,2141.98,51,1.0,0.123,0.565,13,0.542,1,2,2.0,No,Silver,Email,North,Card,1
CUST104430,33.0,16,3912.74,7,1676.89,38,3.0,0.082,0.168,14,0.896,0,0,3.1,No,Gold,Referral,North,NetBanking,0
CUST102751,30.0,10,1280.88,6,640.44,28,2.0,0.111,0.419,14,0.631,0,1,3.7,Yes,Bronze,Paid Search,South,UPI,0
CUST104952,33.0,17,965.29,1,2895.87,23,0.0,0.024,0.396,7,0.48,0,0,4.4,Yes,Gold,Paid Search,South,Card,0
CUST101846,34.0,14,1485.0,4,1113.75,19,1.0,0.197,0.706,10,0.533,1,1,4.1,Yes,Platinum,Organic,South,UPI,0
CUST100131,20.0,28,3622.72,7,1552.59,68,2.0,0.013,0.319,6,0.732,0,0,3.4,Yes,Silver,Paid Search,West,UPI,0
CUST100178,33.0,34,1998.57,5,1199.14,27,1.0,0.044,0.138,12,0.591,1,0,3.8,Yes,Silver,Referral,West,NetBanking,0
CUST102899,42.0,13,2444.92,5,1466.95,63,2.0,0.15,0.28,9,0.675,1,1,3.5,Yes,Bronze,Email,Central,Card,1
CUST104466,34.0,17,911.18,6,455.59,87,1.0,0.06,0.263,9,0.567,0,0,3.2,Yes,Gold,Partner,East,NetBanking,0
CUST104194,47.0,36,2260.5,2,3390.75,34,0.0,0.03,0.385,8,0.639,1,1,2.8,Yes,Platinum,Referral,Central,UPI,0
CUST102522,32.0,5,1791.38,2,2687.07,17,0.0,0.019,0.136,8,0.811,0,1,3.3,Yes,Platinum,Partner,North,UPI,0
CUST101842,43.0,6,3222.96,2,4834.44,78,2.0,0.054,0.042,8,0.159,0,3,3.4,Yes,Gold,Organic,East,Wallet,0
CUST102098,,43,2787.0,3,2787.0,7,1.0,0.004,0.579,15,0.628,1,0,3.9,Yes,Gold,Partner,Central,UPI,0
CUST103949,34.0,9,1347.36,7,577.44,25,1.0,0.104,0.19,2,0.409,1,0,3.2,Yes,Gold,Organic,South,Card,0
CUST102373,50.0,30,1642.87,7,704.09,54,1.0,0.161,0.352,7,0.597,0,2,3.9,Yes,Bronze,Social,South,UPI,0
CUST100604,28.0,37,5626.66,4,4220.0,25,4.0,0.025,0.366,9,0.731,0,0,4.4,No,Silver,Referral,North,UPI,0
CUST102627,49.0,44,2073.46,3,2073.46,113,3.0,0.105,0.295,11,0.648,0,0,4.8,Yes,Silver,Organic,East,Card,0
CUST100025,30.0,26,1568.69,6,784.34,26,0.0,0.078,0.434,12,0.736,1,0,4.3,Yes,Platinum,Social,West,UPI,0
CUST100658,46.0,10,3980.14,5,2388.08,48,1.0,0.043,0.221,12,0.89,1,1,4.4,No,Bronze,Email,East,UPI,1
CUST104977,40.0,12,2987.47,5,1792.48,28,1.0,0.097,0.214,12,0.643,1,0,2.9,No,Bronze,Organic,West,NetBanking,1
CUST103317,,23,2747.44,5,1648.46,37,4.0,0.043,0.246,7,0.353,0,1,3.2,No,Bronze,Paid Search,South,NetBanking,0
CUST103868,37.0,31,4868.76,5,2921.26,88,1.0,0.089,0.356,9,0.613,0,0,4.5,No,Bronze,Referral,North,UPI,0
CUST100173,22.0,19,810.32,3,810.32,19,1.0,0.026,0.75,9,0.606,0,0,5.0,Yes,Silver,Social,West,UPI,0
CUST101611,31.0,8,1777.13,5,1066.28,29,0.0,0.035,0.369,10,0.695,0,0,4.7,Yes,Silver,Organic,North,UPI,0
CUST100437,23.0,27,1375.11,5,825.07,37,2.0,0.11,0.532,11,0.633,1,0,3.4,Yes,Gold,Organic,West,Card,0
CUST100331,40.0,20,3328.41,5,1997.05,42,1.0,0.046,0.642,13,0.769,0,1,3.6,No,Bronze,Email,North,UPI,0
CUST103100,24.0,27,2154.01,4,,70,1.0,0.052,0.364,11,0.618,0,0,3.7,No,Bronze,Paid Search,South,Card,0
CUST101454,49.0,11,2073.93,7,888.83,82,2.0,0.09,0.365,9,0.634,0,0,3.7,No,Silver,Social,Central,Wallet,0
CUST100342,35.0,13,3015.18,8,1130.69,27,0.0,0.079,0.112,6,0.734,1,0,4.3,No,Bronze,Email,East,Card,1
CUST103209,29.0,9,1076.79,2,1615.18,33,1.0,0.068,0.418,10,0.594,0,0,3.5,No,Bronze,Paid Search,South,UPI,0
CUST104576,25.0,9,2948.76,4,2211.57,50,1.0,0.123,0.143,18,0.88,0,0,3.8,No,Silver,Social,East,UPI,0
CUST101088,,23,1517.96,3,1517.96,44,0.0,0.101,0.159,12,0.763,0,1,3.1,No,Bronze,Email,South,NetBanking,0
CUST100479,60.0,10,1210.24,7,518.67,107,0.0,0.081,0.266,13,0.871,1,0,2.2,Yes,Silver,,North,UPI,0
CUST100727,42.0,21,1231.29,2,1846.94,9,1.0,0.111,0.058,12,0.673,1,1,2.7,Yes,Silver,Social,North,UPI,0
CUST103783,48.0,34,1729.29,9,576.43,60,0.0,0.101,0.114,12,0.688,0,0,5.0,Yes,Platinum,Referral,North,Wallet,0
CUST100976,45.0,15,975.98,2,1463.97,66,0.0,0.059,0.71,7,,0,2,2.9,Yes,Silver,Email,West,NetBanking,1
CUST103784,52.0,8,3200.68,5,1920.41,29,2.0,0.056,0.472,10,0.443,0,1,2.6,Yes,Silver,Paid Search,South,UPI,1
CUST102977,33.0,9,2107.72,1,6000.0,31,0.0,0.056,0.159,5,0.551,1,1,4.0,No,Silver,Email,South,UPI,0
CUST101928,43.0,28,2708.75,4,2031.56,78,0.0,0.24,0.361,11,0.672,1,2,4.5,Yes,Platinum,Organic,Central,Card,0
CUST101468,20.0,5,2120.27,5,1272.16,66,0.0,0.029,0.043,9,0.609,1,0,2.9,Yes,Silver,Paid Search,North,Card,1
CUST101224,25.0,13,2255.42,3,2255.42,55,0.0,0.098,0.327,7,0.783,0,0,4.6,No,Silver,Organic,South,UPI,0
CUST102856,33.0,17,1940.05,5,1164.03,45,0.0,0.001,0.281,12,0.491,1,1,3.5,No,Bronze,Social,West,UPI,0
CUST101952,18.0,24,4028.41,0,1841.38,22,2.0,0.016,0.368,14,0.731,0,1,4.9,No,Bronze,Social,West,UPI,0
CUST104830,21.0,59,3545.55,3,3545.55,36,3.0,0.004,0.601,14,0.741,0,0,3.8,No,Bronze,Organic,Central,UPI,0
CUST104500,19.0,22,2141.38,1,6000.0,42,,0.131,0.514,10,0.663,0,1,4.0,No,Bronze,Partner,South,Card,0
CUST101892,23.0,33,2007.72,3,2007.72,76,2.0,0.113,0.118,10,0.65,0,1,2.8,Yes,Silver,Referral,East,Card,0
CUST101299,24.0,19,2022.5,5,1213.5,72,2.0,0.133,0.411,10,0.631,0,1,3.4,Yes,Silver,Paid Search,Central,Card,1
CUST102990,40.0,24,1873.95,7,803.12,25,2.0,0.236,0.452,11,0.691,1,0,,Yes,Gold,Social,North,Card,0
CUST104599,53.0,10,1789.86,8,671.2,48,0.0,0.149,0.121,5,0.836,1,2,3.4,Yes,Silver,Organic,South,Card,0
CUST100660,18.0,21,3802.58,1,6000.0,60,2.0,0.051,0.214,10,0.771,1,0,3.8,No,Silver,Partner,North,UPI,0
CUST104577,18.0,25,3022.98,3,3022.98,92,2.0,0.131,0.47,11,0.571,0,1,,Yes,Platinum,Paid Search,North,UPI,0
CUST104073,48.0,18,1512.38,4,1134.29,26,4.0,0.161,0.545,9,0.689,0,0,3.5,Yes,Silver,Email,East,Card,0
CUST102784,,39,4433.28,6,2216.64,20,2.0,0.083,0.013,10,0.543,0,2,3.8,Yes,Platinum,Social,West,Card,1
CUST104937,18.0,39,2406.75,4,1805.06,22,0.0,0.253,0.687,11,0.871,0,1,4.5,Yes,Silver,Organic,West,UPI,0
CUST103827,36.0,17,963.03,6,481.52,48,1.0,0.165,0.714,8,0.596,1,2,3.1,Yes,Bronze,Organic,North,UPI,1
CUST102714,33.0,38,1355.69,2,2033.54,15,0.0,0.11,0.168,9,0.714,0,0,2.9,Yes,Gold,Email,West,NetBanking,0
CUST104657,35.0,24,3696.86,3,3696.86,127,0.0,0.032,0.443,11,0.933,1,0,5.0,Yes,Bronze,Referral,North,COD,0
CUST100267,38.0,11,1177.04,3,1177.04,27,1.0,0.086,0.313,12,0.571,0,0,3.9,Yes,Silver,Paid Search,South,Card,0
CUST104442,34.0,10,1226.89,8,460.08,38,1.0,0.077,0.081,7,0.594,0,2,,Yes,Platinum,Social,South,COD,0
CUST104959,25.0,13,3125.47,5,1875.28,24,2.0,0.101,0.249,6,0.643,0,3,3.2,Yes,Gold,Organic,Central,,0
CUST103372,19.0,30,749.85,9,249.95,43,0.0,0.043,0.474,11,0.742,1,1,5.0,Yes,Silver,Organic,North,UPI,0
CUST103595,59.0,14,666.35,2,999.53,110,0.0,0.102,0.648,8,0.294,0,0,3.1,No,Gold,Partner,West,UPI,0
CUST104316,40.0,58,915.18,5,549.11,31,1.0,0.029,0.488,9,0.735,0,0,3.8,Yes,Gold,Referral,North,UPI,0
CUST103722,43.0,7,2320.32,5,1392.19,72,4.0,0.026,0.235,11,0.558,1,0,3.9,Yes,Silver,Partner,South,COD,1
CUST103406,41.0,18,2465.39,1,6000.0,37,3.0,0.044,0.565,4,0.831,0,0,4.0,Yes,Bronze,Paid Search,West,UPI,0
CUST101278,38.0,24,4042.78,4,3032.08,43,1.0,0.028,0.192,6,0.721,0,1,3.4,No,Gold,Paid Search,West,UPI,0
CUST104640,49.0,52,674.02,6,337.01,41,0.0,0.04,0.279,14,,1,0,3.9,No,Gold,Partner,East,UPI,1
CUST103917,27.0,12,2099.58,5,1259.75,19,3.0,0.18,0.239,5,0.879,1,1,4.0,Yes,Silver,Organic,West,Card,0
CUST102678,18.0,22,6006.97,8,2252.61,41,1.0,0.01,0.228,10,0.518,1,0,4.3,Yes,Bronze,Organic,West,COD,0
CUST101621,34.0,22,2327.94,8,872.98,76,2.0,0.129,0.412,10,0.603,0,0,4.5,No,Platinum,Organic,North,UPI,0
CUST104103,53.0,23,992.2,2,1488.3,36,0.0,0.139,0.154,14,0.351,0,1,3.8,No,Bronze,Organic,West,Card,0
CUST102857,35.0,30,,7,1683.46,29,0.0,0.028,0.416,10,0.617,1,0,3.4,Yes,Silver,Paid Search,North,NetBanking,0
CUST101896,18.0,27,5903.54,4,4427.66,47,1.0,0.087,0.383,11,0.848,0,0,3.7,Yes,Platinum,Email,North,NetBanking,0
CUST103924,,50,845.98,4,634.48,36,1.0,0.004,0.65,19,0.46,0,1,4.2,Yes,Gold,Paid Search,West,UPI,0
CUST103014,44.0,32,1609.21,2,,48,3.0,0.09,0.127,6,0.895,0,0,3.3,Yes,Bronze,Email,East,UPI,0
CUST104438,20.0,19,1513.31,3,1513.31,51,1.0,0.057,0.771,10,0.36,1,0,4.0,Yes,Bronze,Organic,East,UPI,0
CUST100067,29.0,13,1920.89,0,625.36,114,0.0,0.056,0.303,7,0.678,2,0,3.8,Yes,Gold,Organic,West,NetBanking,0
CUST102042,53.0,10,2366.81,3,2366.81,30,1.0,0.104,0.666,10,0.685,1,0,4.5,No,Bronze,Organic,South,COD,0
CUST102580,24.0,86,3271.19,6,1635.6,23,2.0,0.001,0.399,15,0.75,1,1,4.0,No,Gold,Email,West,Card,0
CUST103782,25.0,45,2319.83,7,994.21,53,1.0,0.041,0.736,9,0.743,0,1,3.2,Yes,Bronze,Social,North,UPI,0
CUST103790,29.0,33,880.37,5,528.22,38,0.0,0.04,0.134,7,0.57,0,1,3.1,Yes,Bronze,Referral,East,Card,0
CUST100820,29.0,11,2867.13,8,1075.17,57,0.0,0.04,0.371,12,0.642,0,0,3.4,Yes,Silver,Organic,North,UPI,0
CUST101226,41.0,18,6770.25,6,3385.12,61,0.0,0.036,0.073,7,0.647,0,1,4.3,Yes,Gold,Paid Search,West,UPI,1
CUST102991,50.0,37,4148.99,6,,24,1.0,0.013,0.642,14,0.689,0,1,4.8,Yes,Silver,Organic,North,UPI,0
CUST103132,35.0,5,1903.0,5,1141.8,18,1.0,0.072,0.122,10,0.773,1,0,4.5,No,Silver,Paid Search,South,UPI,0
CUST102743,18.0,25,1389.07,4,1041.8,36,0.0,0.329,0.41,13,0.359,1,0,3.9,Yes,Silver,Organic,North,Card,1
CUST104457,31.0,8,6186.91,4,4640.18,9,,0.067,0.375,5,0.761,0,1,4.5,Yes,Bronze,Organic,South,UPI,0
CUST104269,32.0,24,1734.58,3,1734.58,33,0.0,0.027,0.895,6,0.823,0,1,3.9,Yes,Gold,Organic,West,Card,0
CUST103349,25.0,60,859.7,4,644.78,71,0.0,0.106,0.364,13,0.665,0,1,2.9,No,Silver,Organic,North,Wallet,0
CUST101143,29.0,25,2255.42,4,1691.56,26,0.0,0.062,0.836,8,0.711,1,0,4.3,No,Bronze,Referral,West,Wallet,0
CUST100397,36.0,40,2285.77,2,3428.66,48,3.0,0.044,0.687,9,0.783,0,0,4.0,No,Gold,Organic,East,Card,0
CUST102906,45.0,48,1304.64,5,782.78,76,3.0,0.024,0.184,9,0.793,0,2,4.5,Yes,Silver,Paid Search,West,UPI,1
CUST104301,45.0,11,5320.92,2,6000.0,18,3.0,0.076,0.363,12,0.699,0,1,3.2,Yes,Silver,Partner,North,NetBanking,0
CUST102759,43.0,7,1795.34,3,1795.34,78,1.0,0.021,0.251,7,0.742,0,1,2.9,Yes,Gold,Organic,North,UPI,0
CUST101398,40.0,10,1513.69,3,1513.69,45,0.0,0.01,0.097,8,0.391,0,0,2.4,No,Gold,Email,Central,COD,0
CUST101659,35.0,19,4790.31,4,3592.73,41,,0.0,0.462,10,0.582,1,0,3.9,Yes,Bronze,Organic,South,Card,0
CUST100979,38.0,17,2348.51,4,1761.38,14,1.0,0.051,0.093,9,0.774,1,1,4.1,No,Bronze,Paid Search,Central,NetBanking,0
CUST101298,22.0,8,3525.3,3,3525.3,65,0.0,0.139,0.186,8,0.564,0,0,3.5,Yes,Silver,Social,South,Card,0
CUST103555,31.0,11,1310.61,4,982.96,46,2.0,0.091,0.128,13,0.681,0,0,2.9,Yes,Silver,Referral,East,UPI,1
CUST100082,30.0,10,3980.4,2,5970.6,26,1.0,0.172,0.129,11,,0,0,2.8,Yes,Silver,Organic,North,UPI,0
CUST104507,24.0,11,1926.59,4,1444.94,42,2.0,0.078,0.467,9,0.616,0,0,2.2,Yes,Silver,Referral,West,UPI,1
CUST102458,,41,1374.68,5,824.81,30,2.0,0.052,0.255,11,0.796,1,1,4.2,Yes,Silver,Partner,North,Wallet,0
CUST103739,29.0,20,2167.47,2,3251.2,39,1.0,0.136,0.917,8,0.674,1,1,2.8,No,Bronze,Organic,South,NetBanking,0
CUST103781,18.0,66,1882.13,2,2823.2,104,0.0,0.081,0.402,6,0.5,0,0,4.1,No,Silver,Paid Search,East,Card,0
CUST102288,44.0,32,1337.52,4,1003.14,78,0.0,0.033,0.631,6,0.872,1,1,4.1,Yes,Silver,Referral,East,UPI,1
CUST100423,19.0,20,1874.62,5,1124.77,36,1.0,0.022,0.277,9,0.577,2,1,2.7,No,Silver,Email,South,Card,1
CUST104339,32.0,38,994.5,4,745.88,13,0.0,0.079,0.269,8,0.626,2,1,4.0,No,Gold,Referral,Central,Card,0
CUST101904,40.0,8,2389.61,5,1433.77,65,0.0,0.201,0.344,10,0.602,0,0,2.8,Yes,Bronze,Email,North,Card,1
CUST104538,23.0,23,4641.87,5,2785.12,17,1.0,0.161,0.161,12,0.622,0,0,3.9,Yes,Bronze,Email,East,UPI,0
CUST103352,42.0,9,1158.63,5,695.18,38,2.0,0.216,0.398,9,0.616,0,2,3.5,Yes,Bronze,Partner,South,Card,0
CUST103102,42.0,3,1313.85,2,1970.78,70,3.0,0.048,0.506,13,0.844,2,0,3.2,No,Silver,Referral,South,COD,0
CUST101565,28.0,30,3148.86,5,1889.32,44,1.0,0.041,0.327,10,0.745,0,1,3.7,No,Gold,Organic,West,Card,0
CUST103355,18.0,17,2740.63,4,2055.47,37,0.0,0.164,0.263,11,0.609,0,1,3.2,Yes,Bronze,Organic,East,Card,0
CUST100839,31.0,16,1537.77,1,4613.31,72,,0.117,0.384,10,0.644,0,1,3.3,Yes,Silver,Paid Search,West,UPI,1
CUST100500,48.0,23,1806.68,7,774.29,6,,0.029,0.316,9,0.579,0,0,4.1,No,Gold,Organic,North,Card,0
CUST100141,24.0,6,820.83,4,615.62,23,2.0,0.044,0.091,15,0.615,0,1,3.4,Yes,Platinum,Social,South,UPI,0
CUST101377,36.0,19,1751.04,5,1050.62,19,1.0,0.014,0.59,9,0.682,0,1,3.5,Yes,Silver,Paid Search,Central,UPI,0
CUST103697,32.0,22,1305.75,1,3917.25,33,1.0,0.019,0.192,15,0.537,0,0,3.7,Yes,Gold,Organic,Central,Card,0
CUST102144,27.0,17,1444.2,3,1444.2,81,0.0,0.35,0.34,11,0.652,3,0,3.0,Yes,Silver,Partner,North,NetBanking,0
CUST101138,33.0,20,2740.39,5,1644.23,41,,0.173,0.187,5,0.475,1,0,4.2,Yes,Silver,Social,West,Card,0
CUST102927,37.0,10,7309.81,4,5482.36,17,0.0,0.063,0.542,8,0.623,0,1,4.4,No,Silver,Partner,South,UPI,0
CUST101787,18.0,11,1722.63,5,1033.58,38,4.0,0.149,0.53,9,0.546,0,2,3.8,Yes,Silver,Referral,West,Card,1
CUST103484,43.0,14,4936.45,6,2468.22,56,1.0,0.034,0.369,13,0.616,0,0,5.0,Yes,Silver,Email,Central,Card,0
CUST100550,38.0,16,3044.83,5,1826.9,46,1.0,0.079,0.499,13,0.654,0,2,3.0,Yes,Silver,Organic,North,Card,1
CUST104906,42.0,20,1412.6,2,2118.9,56,1.0,0.141,0.183,7,0.593,0,0,,No,Silver,Email,South,Card,0
CUST102019,39.0,18,2196.67,3,2196.67,60,1.0,0.062,0.057,5,0.751,0,2,4.3,Yes,Bronze,Paid Search,North,COD,1
CUST100948,38.0,9,3249.58,5,1949.75,35,1.0,0.061,0.054,12,0.814,1,1,3.0,Yes,Silver,Paid Search,North,UPI,0
CUST102600,29.0,21,1364.91,5,818.95,30,1.0,0.136,0.238,9,0.437,1,0,4.5,Yes,Bronze,Paid Search,South,Card,0
CUST100532,30.0,52,950.51,5,570.31,25,0.0,0.029,0.203,10,0.761,0,3,4.6,No,Gold,Partner,South,UPI,0
CUST101829,32.0,17,4295.27,8,1610.73,22,0.0,0.11,0.357,8,0.753,2,0,4.4,No,Silver,Organic,South,UPI,0
CUST102917,52.0,41,1833.52,4,1375.14,53,1.0,0.089,0.216,14,0.744,0,2,2.4,Yes,Gold,Social,North,Card,0
CUST104418,38.0,33,2990.47,0,280.12,35,0.0,0.072,0.276,10,0.717,1,2,3.3,Yes,Silver,Social,West,Wallet,0
CUST103871,24.0,13,8000.0,9,2666.67,21,1.0,0.077,0.406,6,,0,1,4.8,No,Bronze,Referral,East,UPI,0
CUST101602,47.0,10,671.13,4,503.35,25,0.0,0.083,0.182,7,0.763,0,1,4.8,No,Gold,Referral,Central,UPI,0
CUST100639,39.0,36,2451.26,5,1470.76,40,1.0,0.052,0.383,9,0.518,1,0,2.5,Yes,Bronze,Organic,South,UPI,0
CUST104832,23.0,20,4691.1,6,2345.55,32,1.0,0.093,0.078,13,0.549,2,0,,Yes,Platinum,Paid Search,South,UPI,0
CUST100967,27.0,17,4445.79,1,6000.0,21,1.0,0.331,0.533,11,0.772,1,0,3.5,Yes,Bronze,Email,North,NetBanking,0
CUST104237,36.0,23,1974.81,4,1481.11,6,3.0,0.202,0.229,17,0.504,1,0,2.5,Yes,Silver,Partner,West,Card,0
CUST102697,35.0,11,2575.45,6,1287.72,53,1.0,0.114,0.026,7,0.293,0,1,3.7,Yes,Gold,Organic,North,Wallet,0
CUST101683,46.0,11,1219.47,1,3658.41,41,1.0,0.01,0.311,7,0.676,0,0,3.5,Yes,Bronze,Paid Search,North,Card,1
CUST104470,37.0,13,3137.79,2,4706.68,53,1.0,0.15,0.372,12,0.551,0,3,,Yes,Bronze,Organic,East,Wallet,0
CUST102342,18.0,34,929.93,3,929.93,25,1.0,0.102,0.285,8,0.647,0,1,2.8,Yes,Bronze,Social,West,UPI,0
CUST100155,52.0,45,577.76,7,247.61,34,2.0,0.108,0.31,17,0.801,0,1,3.2,Yes,Silver,Paid Search,West,UPI,1
CUST102487,42.0,33,2075.93,3,2075.93,37,2.0,0.061,0.624,7,0.713,0,0,3.6,Yes,Silver,Social,West,,0
CUST104641,28.0,44,2298.6,2,3447.9,18,0.0,0.177,0.071,4,0.623,2,0,3.4,Yes,Gold,Organic,West,UPI,0
CUST101089,31.0,29,1794.55,6,897.28,21,1.0,0.091,0.726,9,0.856,1,4,3.2,No,Silver,Email,South,COD,0
CUST102655,28.0,34,1897.47,10,569.24,92,1.0,0.03,0.459,8,0.721,0,1,3.5,No,Silver,Social,East,Card,0
CUST104240,34.0,7,976.39,3,976.39,61,0.0,0.093,0.519,9,0.71,1,0,4.9,No,Bronze,Referral,East,COD,0
CUST100288,31.0,5,2075.09,1,6000.0,42,1.0,0.206,0.156,9,0.757,0,0,3.1,Yes,Platinum,Email,South,Card,0
CUST100930,34.0,13,1590.96,6,795.48,44,1.0,0.109,0.375,5,0.686,2,1,4.6,Yes,Bronze,Organic,West,UPI,0
CUST102535,,9,4101.87,4,3076.4,27,0.0,0.219,0.264,9,0.389,1,0,3.3,Yes,Silver,Referral,South,NetBanking,1
CUST104028,32.0,71,3828.0,3,3828.0,19,0.0,0.074,0.45,13,0.302,1,2,4.0,Yes,Bronze,Email,North,Card,0
CUST103371,19.0,6,1020.75,4,765.56,11,1.0,0.101,0.485,9,0.893,2,1,3.1,Yes,Silver,Social,South,NetBanking,1
CUST104621,34.0,24,2260.47,4,1695.35,21,0.0,0.061,0.638,11,0.569,0,0,4.0,Yes,Bronze,Referral,Central,COD,0
CUST103291,37.0,12,1642.54,4,1231.9,24,1.0,0.079,0.185,10,0.675,1,1,3.7,No,Bronze,Referral,North,Card,0
CUST100942,39.0,37,1470.22,3,1470.22,66,0.0,0.08,0.229,14,0.702,0,0,3.9,Yes,Gold,Referral,West,UPI,0
CUST103859,38.0,5,2621.82,6,1310.91,45,2.0,0.132,0.291,6,0.461,0,0,2.3,Yes,Silver,Paid Search,North,UPI,1
CUST104662,40.0,37,2306.86,6,1153.43,11,0.0,0.056,0.232,7,0.902,0,1,2.3,No,Silver,Organic,Central,UPI,0
CUST101698,18.0,11,1207.3,5,724.38,67,0.0,0.078,0.527,12,0.624,0,1,3.9,Yes,Gold,Organic,South,UPI,0
CUST104708,26.0,12,2427.81,3,2427.81,65,0.0,0.015,0.392,6,0.707,1,2,3.3,Yes,Gold,Paid Search,West,Card,0
CUST103200,28.0,24,2433.53,6,1216.77,37,1.0,0.109,0.886,5,0.864,0,0,5.0,Yes,Bronze,Organic,West,NetBanking,0
CUST104601,34.0,28,1661.31,1,4983.93,22,1.0,0.094,0.169,4,0.769,0,0,3.6,Yes,Silver,Partner,West,UPI,1
CUST104608,23.0,4,1204.87,3,1204.87,32,5.0,0.017,0.27,9,0.81,2,1,4.5,No,Bronze,Email,West,Card,1
CUST100985,40.0,28,,8,762.18,47,0.0,0.079,0.121,10,0.664,0,1,4.8,No,Silver,Organic,Central,Card,0
CUST103318,45.0,23,2184.19,6,1092.1,11,1.0,0.107,0.218,10,0.501,0,1,4.0,Yes,Silver,Referral,East,COD,0
CUST102867,49.0,7,2238.77,6,1119.38,23,1.0,0.091,0.261,22,0.307,0,0,4.5,Yes,Bronze,Partner,West,Card,0
CUST104056,43.0,6,1398.29,3,1398.29,24,0.0,0.218,0.353,10,0.868,1,1,2.4,No,Bronze,Partner,West,UPI,0
CUST104777,21.0,61,3002.45,5,1801.47,5,2.0,0.075,0.522,8,0.841,0,0,4.0,No,Silver,Social,South,Card,0
CUST100981,19.0,47,841.16,6,420.58,24,1.0,0.032,0.352,12,0.765,1,0,3.5,No,Bronze,,North,Card,1
CUST102492,,11,1884.96,3,1884.96,27,0.0,0.011,0.197,15,0.817,1,2,3.9,No,Platinum,Organic,West,Card,0
CUST103792,30.0,7,1475.04,8,,12,0.0,0.086,0.241,6,0.606,0,0,3.5,Yes,Bronze,Paid Search,South,UPI,0
CUST103548,26.0,23,3711.11,5,2226.67,82,1.0,0.013,0.085,12,0.432,1,0,3.3,Yes,Bronze,Referral,West,Card,0
CUST102942,34.0,29,1823.1,3,,41,0.0,0.054,0.18,10,0.62,0,0,3.4,Yes,Bronze,Social,North,Card,0
CUST103527,21.0,52,6676.43,3,6000.0,22,2.0,0.034,0.633,10,0.442,0,0,3.7,Yes,Silver,Paid Search,North,Card,0
CUST103845,18.0,7,6455.14,1,6000.0,50,1.0,0.051,0.279,12,0.655,2,0,4.2,Yes,Silver,Paid Search,West,Wallet,0
CUST101457,35.0,11,1875.38,4,1406.54,27,0.0,0.046,0.428,10,0.816,0,1,3.3,Yes,Bronze,Paid Search,West,COD,0
CUST101395,53.0,34,1810.6,5,1086.36,29,,0.073,0.488,10,0.41,2,0,,Yes,Silver,,West,UPI,0
CUST100264,39.0,18,2241.95,4,1681.46,37,1.0,0.142,0.366,8,0.632,1,2,4.8,Yes,Bronze,Partner,South,UPI,0
CUST104095,18.0,34,1568.2,3,1568.2,69,0.0,0.263,0.194,11,0.129,0,0,4.4,No,Platinum,Partner,Central,NetBanking,0
CUST100929,35.0,16,2794.72,4,2096.04,31,2.0,0.075,0.271,12,0.748,0,1,4.7,Yes,Bronze,Paid Search,North,UPI,0
CUST104871,36.0,9,1158.18,2,1737.27,27,0.0,0.072,0.42,11,0.746,0,1,4.5,Yes,Bronze,Partner,North,Card,0
CUST102692,33.0,5,1287.05,6,643.52,20,0.0,0.077,0.174,7,0.793,0,0,4.7,Yes,Bronze,Paid Search,Central,NetBanking,0
CUST100246,23.0,9,,4,2833.22,28,0.0,0.02,0.323,8,0.635,0,0,3.6,No,Silver,Social,North,Card,0
CUST103589,29.0,4,1317.65,4,988.24,20,0.0,0.109,0.347,10,0.826,0,1,,Yes,Bronze,Social,Central,UPI,0
CUST101758,24.0,24,2239.71,6,1119.86,55,2.0,0.096,0.467,9,0.748,0,0,4.8,No,Silver,Organic,Central,Card,0
CUST104865,35.0,6,3565.19,3,3565.19,141,0.0,0.116,0.13,12,0.635,0,1,4.1,Yes,Silver,Paid Search,South,UPI,0
CUST102810,28.0,3,2285.97,2,3428.96,45,2.0,0.093,0.113,13,0.661,0,0,2.5,Yes,Silver,Paid Search,East,UPI,1
CUST100923,28.0,19,1617.76,3,1617.76,36,2.0,0.12,0.168,14,0.638,1,0,4.1,Yes,Gold,Paid Search,South,Card,0
CUST102880,37.0,21,5219.59,2,6000.0,20,2.0,0.042,0.344,12,0.787,1,2,3.3,No,Bronze,Paid Search,Central,COD,0
CUST100268,35.0,19,1692.56,5,1015.54,13,0.0,0.191,0.614,12,0.633,0,0,5.0,Yes,Platinum,Paid Search,North,COD,0
CUST100669,18.0,17,2203.32,1,6000.0,18,1.0,0.147,0.653,6,0.841,0,2,3.8,Yes,Bronze,Paid Search,East,COD,0
CUST104475,39.0,4,1289.94,6,644.97,80,0.0,0.056,0.238,7,0.705,1,0,3.5,Yes,Gold,Email,East,NetBanking,0
CUST101910,26.0,15,8000.0,3,6000.0,19,2.0,0.073,0.264,13,0.809,0,0,5.0,Yes,Bronze,Partner,West,Card,0
CUST102985,30.0,30,1713.5,1,,82,2.0,0.034,0.482,14,0.672,1,1,3.1,Yes,Bronze,Organic,East,UPI,0
CUST101152,37.0,52,1870.59,4,1402.94,27,,0.043,0.317,8,0.608,0,1,4.0,Yes,Silver,Email,South,Card,0
CUST104817,33.0,25,791.23,6,395.62,22,1.0,0.226,0.239,9,0.601,0,1,5.0,Yes,Bronze,Partner,South,UPI,0
CUST103455,26.0,14,1418.83,6,709.42,29,0.0,0.144,0.748,10,0.735,0,3,2.8,Yes,Bronze,Social,East,Card,1
CUST104241,26.0,13,854.45,4,640.84,52,0.0,0.058,0.715,11,0.653,0,1,3.0,Yes,Gold,Partner,West,NetBanking,0
CUST104549,26.0,15,3246.3,2,4869.45,21,1.0,0.028,0.327,9,0.851,0,0,4.3,No,Bronze,Paid Search,West,Card,0
CUST102172,31.0,17,1596.33,3,1596.33,15,0.0,0.077,0.423,7,0.475,1,1,5.0,Yes,Bronze,Email,South,Wallet,1
CUST104515,44.0,32,5763.1,4,4322.33,55,0.0,0.127,0.355,12,0.457,1,0,3.2,Yes,Bronze,Paid Search,West,UPI,0
CUST101915,,2,1356.47,7,581.34,97,1.0,0.141,0.541,11,0.737,2,1,4.7,Yes,Bronze,Organic,East,UPI,0
CUST100612,20.0,20,1370.63,3,1370.63,32,,0.022,0.347,8,0.756,0,1,3.1,Yes,Bronze,Paid Search,East,NetBanking,0
CUST102406,37.0,32,2248.37,3,2248.37,20,4.0,0.016,0.224,12,0.728,0,0,4.9,Yes,Gold,Organic,West,NetBanking,0
CUST104205,31.0,24,945.64,5,567.38,28,0.0,0.032,0.543,11,,1,0,,No,Bronze,Social,North,Card,0
CUST101898,30.0,28,2022.25,5,1213.35,43,1.0,0.306,0.69,7,0.787,1,0,4.0,Yes,Bronze,Organic,North,COD,1
CUST101649,27.0,13,5283.6,2,6000.0,38,0.0,0.029,0.261,12,0.573,3,1,4.5,No,Bronze,Partner,South,NetBanking,0
CUST102607,32.0,2,1401.47,5,840.88,16,1.0,0.056,0.399,8,0.466,1,0,4.2,Yes,Silver,Social,South,COD,0
CUST100258,33.0,6,1024.61,4,768.46,19,2.0,0.126,0.214,12,0.634,0,1,3.2,Yes,Silver,Referral,North,UPI,0
CUST100847,43.0,11,1414.46,5,848.68,69,1.0,0.072,0.155,13,0.619,0,2,3.9,Yes,Silver,Paid Search,South,Card,0
CUST104251,30.0,25,1373.9,4,1030.43,58,4.0,0.35,0.177,12,0.628,1,0,3.1,No,Bronze,Partner,Central,UPI,0
CUST101233,35.0,42,1287.78,6,643.89,20,1.0,0.048,0.245,12,0.671,1,0,5.0,Yes,Platinum,Partner,South,Card,0
CUST101127,33.0,41,942.07,5,565.24,98,0.0,0.016,0.287,17,0.478,0,1,2.7,Yes,Gold,Email,West,UPI,0
CUST101967,33.0,34,2520.81,8,945.3,47,4.0,0.061,0.566,11,0.695,0,0,3.4,Yes,Bronze,Paid Search,West,UPI,1
CUST100558,22.0,7,3679.4,1,6000.0,16,0.0,0.002,0.269,13,0.501,1,1,3.0,No,Gold,Organic,South,UPI,0
CUST103905,58.0,12,2645.63,6,1322.82,68,1.0,0.043,0.098,10,0.568,0,0,4.6,Yes,Silver,Paid Search,South,UPI,0
CUST100484,33.0,11,3849.5,5,2309.7,53,,0.044,0.142,6,0.5,1,3,3.3,Yes,Silver,Partner,South,UPI,0
CUST101320,26.0,6,1365.24,3,1365.24,48,0.0,0.075,0.073,9,0.547,0,1,4.7,No,Gold,Paid Search,Central,UPI,0
CUST103404,19.0,3,2210.39,2,3315.58,10,0.0,0.209,0.742,9,0.658,0,1,3.6,Yes,Bronze,Referral,West,,0
CUST100007,31.0,20,2941.69,3,2941.69,70,,0.143,0.526,9,0.577,1,0,4.1,Yes,Gold,Organic,West,Wallet,0
CUST103279,30.0,20,1494.05,9,498.02,45,0.0,0.163,0.6,10,0.824,0,1,2.8,Yes,Bronze,Email,East,UPI,0
CUST103189,20.0,22,1777.2,2,2665.8,24,2.0,0.105,0.332,6,0.565,0,1,5.0,No,Bronze,Organic,East,UPI,0
CUST101450,31.0,71,2106.89,6,1053.44,53,1.0,0.036,0.469,15,0.76,0,1,4.1,Yes,Bronze,Organic,Central,Wallet,0
CUST103980,37.0,15,4413.11,4,3309.83,56,1.0,0.012,0.623,17,0.365,1,0,2.7,Yes,Gold,Email,South,Card,1
CUST101814,36.0,18,6147.71,5,3688.63,40,1.0,0.102,0.4,11,0.596,0,0,3.3,Yes,Bronze,Organic,South,Card,0
CUST100773,48.0,20,2344.82,6,1172.41,24,2.0,0.062,0.395,8,0.784,1,3,4.2,Yes,Bronze,Social,West,UPI,1
CUST101011,48.0,22,806.37,4,604.78,17,1.0,0.06,0.498,11,0.774,0,4,4.0,Yes,Silver,Paid Search,East,Card,0
CUST102818,42.0,11,1819.19,2,2728.78,87,1.0,0.033,0.703,6,0.644,0,1,4.8,Yes,Gold,,West,Card,0
CUST103275,23.0,27,2166.36,2,3249.54,39,0.0,0.066,0.724,11,0.793,1,1,3.7,Yes,Bronze,Social,West,UPI,0
CUST101991,39.0,21,2927.41,5,1756.45,5,3.0,0.217,0.177,9,0.746,0,2,4.3,Yes,Gold,Organic,North,UPI,0
CUST101277,50.0,6,1124.27,4,843.2,25,0.0,0.167,0.277,9,0.837,1,0,3.2,Yes,Silver,Referral,South,Card,1
CUST101783,24.0,9,1892.52,5,1135.51,21,3.0,0.025,0.676,10,0.352,0,0,3.1,Yes,Gold,Organic,South,NetBanking,0
CUST103105,34.0,4,,5,1241.69,26,3.0,0.073,0.111,9,0.545,1,0,4.2,No,Bronze,Paid Search,South,Card,1
CUST100446,45.0,25,1016.88,2,1525.32,50,1.0,0.124,0.133,18,0.739,0,2,3.4,No,Platinum,Organic,South,NetBanking,1
CUST100880,36.0,59,3923.59,5,2354.15,42,3.0,0.062,0.291,9,0.667,0,1,2.9,Yes,Bronze,Referral,South,UPI,0
CUST104459,36.0,6,3847.13,6,1923.56,30,1.0,0.072,0.048,9,0.656,0,3,3.3,Yes,Bronze,Email,West,UPI,0
CUST100781,33.0,41,1678.93,2,2518.4,27,1.0,0.108,0.348,13,0.677,1,2,,No,Silver,Partner,Central,Card,0
CUST101749,,35,2088.63,6,1044.32,45,2.0,0.079,0.108,13,0.69,0,1,4.0,No,Bronze,Paid Search,East,UPI,0
CUST103388,19.0,26,985.8,3,985.8,11,0.0,0.074,0.167,8,0.952,0,1,2.6,Yes,Gold,Paid Search,South,Card,1
CUST104881,37.0,27,2653.77,5,1592.26,72,1.0,0.035,0.157,6,0.843,0,2,4.7,No,Bronze,Paid Search,South,Card,0
CUST100883,22.0,20,1997.5,2,2996.25,38,1.0,0.015,0.351,14,0.822,0,1,4.2,No,Silver,Email,South,NetBanking,1
CUST102944,33.0,42,2237.94,5,1342.76,66,0.0,0.133,0.434,10,0.681,1,0,3.6,Yes,Bronze,Paid Search,East,UPI,1
CUST101091,34.0,13,740.6,6,370.3,81,0.0,0.267,0.116,5,0.774,1,0,3.8,No,Silver,Paid Search,North,UPI,0
CUST104783,37.0,37,1964.1,4,1473.07,43,2.0,0.016,0.118,8,0.436,0,0,3.0,Yes,Platinum,Paid Search,Central,UPI,1
CUST100531,25.0,21,1135.25,6,567.62,28,0.0,0.0,0.188,9,0.43,0,0,2.7,Yes,Silver,Organic,Central,UPI,0
CUST104022,20.0,8,1569.11,4,1176.83,83,0.0,0.039,0.297,9,0.461,0,0,3.4,Yes,Platinum,Social,North,NetBanking,0
CUST104421,42.0,12,943.16,7,404.21,42,1.0,0.037,0.497,13,0.787,1,3,3.1,No,Silver,Partner,East,UPI,0
CUST104098,38.0,18,3975.66,4,2981.74,87,1.0,0.053,0.545,9,0.644,0,0,2.5,Yes,Gold,Organic,West,Card,0
CUST101727,29.0,26,2872.63,2,4308.94,14,2.0,0.009,0.75,10,0.675,0,1,4.5,Yes,Silver,Organic,East,UPI,0
CUST100610,24.0,48,2017.06,1,6000.0,52,0.0,0.041,0.176,7,0.538,0,0,2.9,Yes,Silver,Paid Search,North,UPI,0
CUST100570,20.0,53,1661.37,5,,33,2.0,0.024,0.289,12,0.823,0,1,4.1,No,Bronze,Paid Search,West,UPI,0
CUST102671,48.0,68,1142.4,6,571.2,48,3.0,0.136,0.459,12,0.431,0,1,3.7,No,Silver,Paid Search,South,UPI,0
CUST103718,39.0,10,881.08,3,881.08,77,2.0,0.036,0.39,5,0.59,0,3,3.6,Yes,Gold,Referral,West,Card,0
CUST100343,38.0,15,1824.41,2,2736.62,16,0.0,0.022,0.161,12,0.854,0,0,3.4,Yes,Platinum,Organic,West,NetBanking,0
CUST103000,46.0,48,1625.97,5,975.58,78,4.0,0.025,0.637,15,0.566,0,2,4.5,Yes,Bronze,Email,Central,Card,1
CUST103139,54.0,2,989.15,3,989.15,38,1.0,0.232,0.42,5,0.749,0,0,4.0,Yes,Gold,Organic,West,UPI,0
CUST100434,,14,2541.77,0,1481.84,61,3.0,0.02,0.312,7,0.817,2,1,4.3,Yes,Silver,Paid Search,South,NetBanking,0
CUST101903,33.0,18,2007.16,4,1505.37,76,3.0,0.122,0.051,13,0.766,1,2,3.1,No,Bronze,Email,East,UPI,0
CUST103804,44.0,59,2216.03,8,831.01,45,0.0,0.073,0.362,8,0.573,0,0,3.7,Yes,Silver,Social,North,UPI,0
CUST104776,25.0,17,2558.75,4,1919.06,16,1.0,0.116,0.055,10,0.691,0,0,3.8,No,Gold,Referral,South,Card,0
CUST102069,32.0,53,3252.55,3,,55,2.0,0.075,0.238,8,0.778,0,1,3.3,No,Bronze,Paid Search,West,COD,0
CUST101537,18.0,21,2101.22,6,1050.61,18,1.0,0.11,0.745,5,0.626,1,1,4.1,Yes,Silver,Paid Search,North,UPI,1
CUST102252,41.0,3,1189.38,9,396.46,99,3.0,0.097,0.503,7,0.675,1,2,5.0,Yes,Bronze,Paid Search,West,UPI,1
CUST102346,32.0,33,722.05,1,2166.15,23,0.0,0.024,0.458,10,0.762,2,2,3.8,Yes,Silver,Partner,West,UPI,0
CUST101517,47.0,35,5606.43,3,5606.43,40,0.0,0.094,0.036,6,0.854,0,0,3.2,Yes,Gold,Referral,West,UPI,0
CUST100965,20.0,47,595.02,4,446.26,31,2.0,0.125,0.253,7,0.809,0,2,4.9,No,Gold,Paid Search,North,UPI,1
CUST104406,29.0,3,1238.76,5,743.26,33,2.0,0.226,0.283,12,0.559,0,2,3.4,No,Gold,Partner,West,NetBanking,0
CUST100528,37.0,17,2320.77,2,3481.16,76,4.0,0.051,0.56,15,,1,1,2.1,No,Silver,Paid Search,North,UPI,1
CUST100176,50.0,13,1448.82,2,2173.23,6,0.0,0.038,0.567,13,0.727,0,0,4.1,Yes,Bronze,Paid Search,South,Card,0
CUST103482,44.0,18,1164.86,3,1164.86,49,0.0,0.044,0.264,12,0.462,0,1,2.2,Yes,Silver,Referral,South,Card,0
CUST102543,42.0,14,1595.02,6,797.51,21,1.0,0.142,0.178,7,0.863,1,3,,No,Silver,Organic,Central,Card,0
CUST104935,27.0,9,2443.55,4,1832.66,30,4.0,0.214,0.224,5,0.717,0,0,4.1,Yes,Gold,Referral,North,NetBanking,0
CUST100572,37.0,36,1465.94,7,628.26,54,1.0,0.029,0.056,13,0.58,1,1,4.5,Yes,Bronze,Organic,West,UPI,0
CUST102299,31.0,22,1036.73,1,3110.19,50,2.0,0.086,0.189,12,0.909,0,0,2.8,Yes,Silver,Email,North,Card,0
CUST103508,39.0,29,998.41,4,748.81,46,2.0,0.065,0.04,5,0.908,0,1,2.6,Yes,Bronze,Referral,South,UPI,0
CUST102459,18.0,17,1036.18,6,518.09,38,0.0,0.088,0.386,14,0.876,1,1,3.4,Yes,Gold,Organic,East,UPI,0
CUST103609,34.0,10,1783.4,4,1337.55,78,1.0,0.065,0.216,9,0.757,0,1,5.0,Yes,Bronze,Email,East,UPI,0
CUST104554,52.0,20,3228.95,5,1937.37,26,1.0,0.056,0.056,11,0.694,0,3,4.0,No,Platinum,Paid Search,West,COD,0
CUST102208,40.0,6,1470.71,2,2206.06,32,0.0,0.013,0.423,13,0.792,0,0,3.5,Yes,Silver,Paid Search,Central,UPI,0
CUST104720,18.0,16,1652.66,6,826.33,45,0.0,0.131,0.681,9,0.655,0,0,,No,Silver,Social,West,Wallet,0
CUST102755,22.0,17,5265.74,4,3949.3,74,1.0,0.186,0.531,7,0.414,0,1,2.7,No,Silver,Organic,South,UPI,0
CUST100383,21.0,13,1273.95,4,955.46,25,2.0,0.178,0.682,7,0.811,0,1,4.1,Yes,Silver,Paid Search,West,Card,0
CUST100852,43.0,41,2235.14,2,3352.71,65,1.0,0.06,0.07,6,0.664,0,2,3.2,No,Silver,Partner,West,Wallet,0
CUST101880,41.0,5,2908.61,3,2908.61,4,1.0,0.211,0.578,10,0.713,1,2,3.9,Yes,Gold,Paid Search,Central,UPI,0
CUST100370,34.0,27,669.26,1,2007.78,65,,0.121,0.319,10,0.716,0,2,2.8,Yes,Silver,Referral,South,Card,0
CUST102378,34.0,22,955.92,1,2867.76,20,0.0,0.052,0.72,9,0.522,1,1,2.8,No,Bronze,Organic,East,NetBanking,1
CUST104323,35.0,14,4670.43,3,4670.43,14,1.0,0.096,0.154,9,0.786,1,1,3.8,Yes,Silver,Organic,East,NetBanking,0
CUST101105,41.0,15,1282.66,3,1282.66,39,3.0,0.045,0.014,18,0.457,0,1,3.7,Yes,Bronze,Organic,West,UPI,0
CUST103413,30.0,24,1970.2,3,1970.2,85,0.0,0.069,0.481,9,0.585,0,0,4.0,No,Bronze,Organic,West,UPI,1
CUST103946,47.0,15,1298.43,2,1947.64,72,0.0,0.221,0.41,12,0.689,1,1,2.8,No,Bronze,Paid Search,East,COD,0
CUST101336,39.0,4,1971.58,1,5914.74,35,0.0,0.013,0.409,9,0.495,0,0,5.0,No,Platinum,Social,North,UPI,0
CUST102189,39.0,4,2529.45,3,2529.45,7,1.0,0.057,0.42,9,0.976,2,3,5.0,No,Bronze,Organic,North,UPI,0
CUST104594,42.0,34,3170.58,9,1056.86,19,1.0,0.075,0.178,9,0.845,0,0,,Yes,Bronze,Referral,South,Card,0
CUST102319,31.0,24,4375.01,3,4375.01,33,0.0,0.138,0.66,11,0.775,2,0,4.1,Yes,Bronze,Organic,North,,0
CUST104705,40.0,59,1030.92,4,773.19,58,0.0,0.107,0.254,12,0.673,0,1,4.2,Yes,Silver,Organic,Central,NetBanking,0
CUST103710,39.0,31,1956.87,5,1174.12,25,0.0,0.032,0.217,8,0.422,3,0,4.2,No,Gold,Social,South,Card,0
CUST104848,27.0,46,2471.51,7,1059.22,19,1.0,0.051,0.28,8,0.738,1,2,3.3,No,Silver,Organic,Central,,1
CUST101171,18.0,29,2761.48,4,2071.11,36,0.0,0.023,0.301,5,0.513,0,0,3.4,Yes,Bronze,Organic,Central,UPI,0
CUST104325,30.0,41,2172.4,2,3258.6,9,1.0,0.183,0.383,7,0.872,1,1,4.2,Yes,Silver,Social,West,NetBanking,0
CUST102694,48.0,29,1594.07,3,,58,1.0,0.242,0.12,13,0.664,0,3,2.4,Yes,Bronze,Referral,Central,Wallet,1
CUST101422,38.0,9,1821.38,4,1366.04,62,1.0,0.04,0.3,12,0.57,0,0,4.1,Yes,Gold,Partner,West,UPI,0
CUST102341,32.0,17,2453.29,3,2453.29,40,0.0,0.045,0.3,15,,2,0,3.5,Yes,Silver,Paid Search,South,COD,0
CUST102651,18.0,16,1874.39,4,1405.79,3,0.0,0.183,0.537,6,0.797,0,2,4.0,Yes,Silver,Email,South,UPI,1
CUST104155,28.0,36,,6,538.27,28,0.0,0.154,0.185,12,0.672,0,2,5.0,Yes,Bronze,Organic,North,UPI,0
CUST101464,44.0,20,820.79,5,492.47,44,0.0,0.079,0.418,15,0.716,0,0,4.0,Yes,Bronze,Paid Search,South,COD,0
CUST100874,18.0,19,2846.57,6,1423.28,32,0.0,0.174,0.098,11,0.826,3,1,3.9,No,Silver,Email,West,UPI,0
CUST103339,18.0,20,2961.13,3,2961.13,50,2.0,0.048,0.511,8,,2,0,,Yes,Platinum,Paid Search,East,NetBanking,0
CUST104340,18.0,7,6034.4,1,6000.0,48,2.0,0.024,0.122,9,0.837,0,1,,Yes,Gold,Paid Search,South,UPI,0
CUST101251,49.0,22,1853.69,2,2780.54,33,2.0,0.031,0.435,11,0.463,0,1,4.3,Yes,Bronze,Referral,North,UPI,0
CUST102348,49.0,42,5443.79,3,5443.79,6,3.0,0.089,0.575,14,0.608,0,3,3.2,No,Silver,Email,East,Wallet,1
CUST100840,53.0,33,3649.51,4,2737.13,51,0.0,0.016,0.145,12,0.356,0,1,1.6,Yes,Silver,Social,North,UPI,0
CUST104568,40.0,15,1722.01,5,1033.21,41,1.0,0.132,0.143,7,0.678,0,2,2.2,Yes,Bronze,Email,Central,UPI,0
CUST100581,22.0,21,1124.32,3,1124.32,26,0.0,0.234,0.15,6,,0,0,4.4,Yes,Silver,Organic,West,UPI,0
CUST100204,18.0,23,1646.28,2,2469.42,29,2.0,0.076,0.087,6,0.842,1,1,3.0,Yes,Gold,Email,West,UPI,0
CUST101641,39.0,13,1047.14,4,785.36,54,0.0,0.046,0.792,9,0.879,0,0,3.3,Yes,Silver,Social,North,UPI,0
CUST102014,50.0,26,1196.28,4,897.21,59,1.0,0.043,0.64,5,0.677,1,0,,Yes,Silver,Referral,South,UPI,0
CUST100905,55.0,13,1816.69,1,5450.07,71,3.0,0.025,0.154,11,0.562,0,0,3.6,No,Bronze,Organic,East,UPI,0
CUST100631,59.0,16,3281.98,2,4922.97,27,1.0,0.078,0.17,14,0.763,0,1,2.9,Yes,Silver,Social,Central,Card,0
CUST103364,39.0,22,1531.84,5,919.1,60,2.0,0.019,0.112,15,0.33,0,0,3.1,No,Bronze,Organic,North,UPI,0
CUST101974,,15,3469.83,6,1734.92,55,0.0,0.35,0.285,17,0.577,1,0,3.7,Yes,Silver,Partner,West,UPI,0
CUST100162,55.0,12,1954.04,6,977.02,21,2.0,0.06,0.554,11,0.812,0,1,4.1,Yes,Gold,Paid Search,West,Card,0
CUST103172,44.0,8,1537.11,7,658.76,35,2.0,0.025,0.341,9,0.7,0,1,2.6,Yes,Gold,Organic,East,Card,1
CUST103612,28.0,11,1491.76,4,1118.82,19,1.0,0.182,0.645,12,0.514,1,0,5.0,No,Silver,Email,West,UPI,0
CUST104675,47.0,10,4279.34,6,2139.67,16,2.0,0.134,0.254,11,0.767,1,0,3.1,No,Silver,Paid Search,South,COD,0
CUST100617,36.0,18,2822.89,8,1058.58,29,1.0,0.061,0.321,5,0.372,0,0,3.6,Yes,Bronze,Paid Search,North,Card,0
CUST104068,33.0,21,644.81,5,386.89,29,4.0,0.128,0.588,9,0.763,0,0,3.7,Yes,Silver,Social,South,Card,0
CUST101431,25.0,32,4681.37,6,2340.68,39,3.0,0.078,0.145,8,0.834,1,0,4.0,Yes,Bronze,Paid Search,East,Card,1
CUST100547,24.0,27,818.37,4,613.78,48,1.0,0.037,0.137,11,0.716,0,3,1.6,Yes,Bronze,Partner,Central,UPI,0
CUST103334,35.0,24,2283.02,6,1141.51,38,0.0,0.069,0.293,10,0.564,1,0,5.0,No,Bronze,Referral,East,NetBanking,0
CUST104546,18.0,26,1405.51,2,2108.26,33,0.0,0.146,0.547,11,0.793,0,2,4.2,No,Silver,Organic,South,UPI,0
CUST104223,22.0,43,2157.72,2,3236.58,120,0.0,0.055,0.69,9,0.678,2,0,3.6,Yes,Silver,Social,North,UPI,1
CUST102387,41.0,6,2389.81,5,1433.89,59,0.0,0.046,0.518,16,0.575,0,0,3.3,Yes,Silver,Organic,West,UPI,0
CUST104243,26.0,7,1733.81,4,1300.36,9,0.0,0.011,0.322,13,0.761,3,1,4.8,No,Gold,Organic,Central,UPI,0
CUST103995,27.0,20,1232.33,5,739.4,6,1.0,0.102,0.27,10,0.619,0,1,5.0,Yes,Platinum,Partner,East,Card,0
CUST104065,38.0,11,1484.53,5,890.72,16,1.0,0.049,0.1,4,0.492,0,1,2.9,Yes,Bronze,Organic,North,UPI,0
CUST101861,23.0,48,3356.91,8,1258.84,26,2.0,0.172,0.776,10,0.659,1,0,3.7,No,Silver,Organic,North,UPI,0
CUST100640,19.0,28,2936.51,1,6000.0,53,0.0,0.209,0.365,7,0.59,0,0,2.2,Yes,Bronze,Social,South,UPI,1
CUST103902,19.0,52,2331.62,6,1165.81,71,1.0,0.267,0.311,15,0.574,1,0,2.7,Yes,Bronze,Partner,West,UPI,0
CUST100637,23.0,18,2736.79,5,1642.07,56,0.0,0.047,0.711,8,0.694,0,0,4.5,No,Silver,Organic,North,COD,1
CUST104262,29.0,14,1679.31,4,1259.48,44,1.0,0.109,0.476,4,0.772,1,2,4.4,No,Platinum,Partner,North,COD,0
CUST103910,48.0,37,,2,2129.96,44,0.0,0.186,0.433,8,0.848,1,0,4.2,Yes,Silver,Social,East,Wallet,1
CUST102986,36.0,12,991.23,6,495.62,23,0.0,0.09,0.406,9,0.936,0,1,3.8,Yes,Bronze,Social,North,UPI,0
CUST102096,43.0,41,7292.37,2,6000.0,30,1.0,0.119,0.277,8,0.819,0,0,5.0,No,Bronze,Social,West,UPI,1
CUST104611,54.0,6,3590.77,2,5386.16,6,0.0,0.143,0.002,10,,0,2,3.4,Yes,Silver,Email,South,UPI,0
CUST103075,25.0,16,1965.75,5,1179.45,24,1.0,0.014,0.566,9,0.588,1,3,3.4,Yes,Bronze,Organic,West,UPI,0
CUST103674,20.0,12,1304.56,5,782.74,34,1.0,0.075,0.389,14,0.758,0,2,,No,Platinum,Social,Central,UPI,0
CUST102841,45.0,22,2107.92,7,903.39,18,0.0,0.119,0.28,9,0.948,2,1,3.5,Yes,Platinum,Organic,East,NetBanking,0
CUST100921,25.0,42,1905.37,4,1429.03,17,1.0,0.113,0.17,10,0.514,1,0,2.2,No,Gold,Organic,South,UPI,1
CUST100546,36.0,15,5599.1,1,6000.0,59,4.0,0.043,0.215,11,0.769,0,0,4.5,Yes,Silver,Referral,West,Card,0
CUST103666,34.0,25,1620.09,5,972.05,46,0.0,0.181,0.543,13,0.205,0,0,3.3,No,Gold,Paid Search,Central,UPI,0
CUST101900,28.0,7,2725.31,5,1635.19,66,1.0,0.076,0.264,12,0.755,0,1,3.1,No,Gold,Organic,Central,Card,0
CUST102028,36.0,9,439.04,4,329.28,62,0.0,0.075,0.238,11,0.774,1,2,,Yes,Silver,Partner,West,Card,1
CUST102301,25.0,53,1418.67,2,2128.0,2,2.0,0.013,0.687,16,0.785,1,0,4.0,Yes,Silver,Referral,North,Wallet,0
CUST101885,37.0,26,1454.43,3,1454.43,35,1.0,0.05,0.387,9,0.866,1,0,4.6,Yes,Bronze,Referral,West,UPI,0
CUST101642,18.0,39,1639.9,5,983.94,50,1.0,0.192,0.29,11,0.617,1,2,3.4,No,Gold,Organic,West,NetBanking,0
CUST103509,24.0,25,2321.56,3,2321.56,53,0.0,0.142,0.618,17,0.639,0,1,3.8,Yes,Platinum,Email,Central,UPI,0
CUST104809,33.0,11,3024.13,8,1134.05,45,0.0,0.063,0.224,5,0.694,0,1,4.6,Yes,Platinum,Referral,Central,COD,0
CUST102097,26.0,65,1834.34,3,1834.34,18,0.0,0.139,0.409,13,0.623,0,1,4.1,Yes,Bronze,Organic,West,Card,0
CUST104357,30.0,42,1993.36,5,1196.02,3,0.0,0.076,0.279,5,0.601,1,2,4.3,Yes,Gold,Organic,Central,NetBanking,0
CUST103788,52.0,95,2030.75,5,1218.45,54,2.0,0.05,0.658,11,0.55,0,0,4.5,Yes,Gold,Paid Search,East,NetBanking,0
CUST104494,37.0,18,2257.05,3,2257.05,28,1.0,0.05,0.36,11,0.708,1,0,5.0,Yes,Silver,Email,Central,Card,0
CUST104967,23.0,7,1278.36,4,958.77,33,3.0,0.029,0.194,12,0.813,0,0,4.2,Yes,Silver,Email,West,UPI,0
CUST100836,31.0,28,4975.28,3,4975.28,5,2.0,0.012,0.391,9,0.538,1,0,3.0,No,Gold,Paid Search,Central,UPI,0
CUST100601,28.0,22,4484.36,8,1681.63,68,,0.042,0.577,12,0.774,2,0,5.0,Yes,Bronze,Organic,East,Card,0
CUST102184,18.0,22,2858.6,5,1715.16,41,1.0,0.048,0.212,15,0.88,0,0,4.7,Yes,Bronze,Email,North,NetBanking,1
CUST103865,23.0,17,2788.12,3,2788.12,27,1.0,0.014,0.596,11,0.805,0,1,5.0,Yes,Gold,Organic,Central,UPI,0
CUST102481,25.0,12,3434.9,3,3434.9,18,0.0,0.123,0.383,8,0.368,0,1,3.3,No,Bronze,Organic,East,UPI,0
CUST104307,55.0,17,2277.9,5,1366.74,27,0.0,0.049,0.538,8,0.703,0,0,4.5,Yes,Bronze,Organic,Central,COD,0
CUST101582,40.0,26,546.32,5,327.79,20,1.0,0.016,0.52,12,0.727,1,0,4.0,Yes,Bronze,Paid Search,South,NetBanking,0
CUST104266,26.0,13,2173.21,6,1086.6,35,2.0,0.198,0.284,14,0.677,0,2,5.0,Yes,Gold,Referral,North,COD,1
CUST102533,35.0,15,2547.68,3,2547.68,58,2.0,0.019,0.246,7,0.783,1,0,3.3,No,Silver,Referral,South,Card,1
CUST102725,30.0,21,2854.62,2,4281.93,178,0.0,0.021,0.334,14,0.711,0,2,3.9,Yes,Silver,Paid Search,South,UPI,1
CUST101070,32.0,29,2958.4,0,757.45,41,1.0,0.115,0.375,10,0.729,0,0,5.0,Yes,Bronze,Social,West,NetBanking,0
CUST101775,37.0,21,991.07,6,495.54,53,1.0,0.141,0.321,15,0.783,0,2,3.3,Yes,Bronze,Paid Search,Central,UPI,0
CUST104808,28.0,23,1785.42,0,1662.41,80,0.0,0.08,0.105,11,0.717,0,0,3.4,Yes,Gold,Organic,North,Card,1
CUST101283,42.0,19,1120.62,2,1680.93,97,3.0,0.215,0.648,7,0.449,1,2,3.1,Yes,Gold,Paid Search,South,Card,1
CUST103050,44.0,6,2941.31,8,1102.99,23,0.0,0.191,0.423,14,0.799,0,0,4.5,Yes,Bronze,Paid Search,Central,UPI,0
CUST104753,20.0,28,6727.07,5,4036.24,36,0.0,0.187,0.394,5,0.534,0,1,3.6,No,Platinum,Referral,Central,Card,1
CUST101836,36.0,15,1267.0,6,633.5,75,1.0,0.032,0.21,9,0.47,0,0,3.6,No,Bronze,Organic,West,Card,1
CUST104242,24.0,13,1910.07,4,1432.55,31,,0.077,0.442,13,0.478,1,0,3.8,Yes,Platinum,Email,East,UPI,0
CUST101019,40.0,63,3167.77,4,2375.83,28,1.0,0.053,0.301,13,0.74,2,0,4.0,Yes,Bronze,Referral,West,UPI,0
CUST104133,33.0,25,7300.0,6,3650.0,8,1.0,0.136,0.179,11,0.586,1,1,3.9,Yes,Bronze,Social,South,UPI,0
CUST101326,37.0,10,1038.17,3,1038.17,106,1.0,0.076,0.486,5,,1,3,3.7,Yes,Bronze,Organic,East,Card,0
CUST100475,31.0,34,3226.27,2,4839.4,38,0.0,0.087,0.255,11,0.511,0,1,3.9,Yes,Bronze,Social,East,UPI,0
CUST104271,23.0,22,1937.6,5,1162.56,16,2.0,0.002,0.151,6,0.36,1,3,4.3,Yes,Silver,Referral,Central,NetBanking,0
CUST101651,47.0,31,2401.29,4,1800.97,6,3.0,0.069,0.206,8,0.689,2,3,2.8,Yes,Silver,Social,West,UPI,0
CUST103998,28.0,11,1252.78,6,626.39,36,0.0,0.231,0.7,8,0.761,0,0,5.0,Yes,Gold,Organic,North,UPI,0
CUST104467,31.0,28,2274.13,3,2274.13,7,1.0,0.157,0.122,11,0.536,0,1,4.8,Yes,Gold,Organic,West,NetBanking,0
CUST102610,18.0,15,4010.69,8,1504.01,61,0.0,0.044,0.371,12,0.539,1,0,2.9,Yes,Platinum,Email,West,COD,0
CUST102476,18.0,36,2032.62,6,1016.31,30,4.0,0.123,0.156,13,0.616,0,0,,Yes,Platinum,Paid Search,East,Card,0
CUST102583,37.0,13,3402.82,8,1276.06,18,1.0,0.296,0.304,12,0.605,0,1,3.2,No,Gold,Referral,Central,UPI,0
CUST101373,18.0,9,1238.65,4,928.99,8,,0.193,0.31,12,0.599,0,1,3.6,Yes,Bronze,Social,North,NetBanking,0
CUST100739,18.0,17,803.18,4,602.38,20,,0.03,0.491,10,0.461,0,1,3.9,Yes,Bronze,Referral,Central,Card,0
CUST103618,37.0,20,2602.26,5,1561.36,31,1.0,0.032,0.272,6,0.667,0,2,4.5,No,Bronze,Social,South,UPI,1
CUST102440,35.0,23,2047.68,5,1228.61,46,1.0,0.09,0.408,11,0.736,1,0,2.8,Yes,Silver,Paid Search,North,Wallet,0
CUST100867,30.0,7,1802.92,4,1352.19,74,3.0,0.338,0.151,10,,0,0,4.4,No,Bronze,Referral,North,Card,0
CUST101140,51.0,50,2264.52,12,566.13,36,0.0,0.223,0.712,12,0.646,0,0,5.0,No,Platinum,Social,West,UPI,0
CUST100997,35.0,6,7287.6,0,610.88,17,2.0,0.043,0.288,2,0.528,0,0,3.1,Yes,Gold,Partner,West,UPI,0
CUST101337,41.0,6,2275.62,4,1706.72,71,2.0,0.153,0.294,10,0.667,0,0,2.7,No,Gold,Social,East,UPI,0
CUST100541,26.0,25,2789.63,2,4184.44,25,2.0,0.107,0.35,9,0.668,0,1,3.2,No,Bronze,Organic,West,UPI,0
CUST101099,46.0,11,3559.46,4,2669.6,57,,0.225,0.256,9,0.874,0,1,2.4,Yes,Gold,Organic,East,Card,1
CUST101132,27.0,30,2267.19,6,1133.6,61,1.0,0.012,0.504,12,0.666,0,0,3.7,No,Silver,Referral,South,Card,1
CUST104064,36.0,17,1359.71,4,1019.78,25,2.0,0.196,0.184,12,0.494,3,1,4.0,Yes,Gold,Referral,East,Card,0
CUST102715,35.0,83,6608.58,2,6000.0,84,0.0,0.154,0.457,4,0.769,1,1,4.0,No,Bronze,Email,South,Card,0
CUST102258,45.0,37,2498.92,4,1874.19,165,2.0,0.048,0.423,8,0.705,1,2,3.7,Yes,Gold,Organic,West,UPI,0
CUST104750,43.0,31,1696.47,5,1017.88,27,2.0,0.032,0.421,7,0.918,1,1,2.8,Yes,Silver,Referral,Central,UPI,0
CUST100059,44.0,12,1312.47,4,984.35,17,1.0,0.114,0.361,11,0.798,0,1,3.3,Yes,Bronze,Social,Central,UPI,0
CUST102883,45.0,7,,3,1403.82,34,1.0,0.099,0.132,12,0.355,1,0,2.9,No,Bronze,Email,West,Wallet,0
CUST101938,27.0,31,919.88,7,,7,0.0,0.029,0.195,11,0.724,0,2,3.0,No,Bronze,Organic,East,COD,0
CUST102576,26.0,25,808.7,1,2426.1,37,2.0,0.033,0.059,8,0.657,0,1,3.4,No,Bronze,Email,West,Card,0
CUST104936,37.0,36,2439.12,6,1219.56,28,1.0,0.004,0.128,8,0.773,1,2,3.3,Yes,Silver,Referral,West,UPI,0
CUST101078,28.0,25,1874.23,3,1874.23,54,0.0,0.039,0.129,18,0.736,2,3,4.2,Yes,Gold,Organic,West,NetBanking,0
CUST103249,36.0,20,1966.13,1,5898.39,16,0.0,0.12,0.204,10,0.719,0,1,4.9,No,Platinum,Referral,East,Card,0
CUST103127,38.0,45,3034.21,4,2275.66,85,1.0,0.116,0.5,15,0.589,1,2,4.2,No,Silver,Organic,West,Wallet,1
CUST102488,48.0,48,2562.56,5,1537.54,26,1.0,0.129,0.15,8,0.334,0,0,4.7,Yes,Bronze,Referral,South,UPI,0
CUST100940,36.0,22,2397.75,5,1438.65,6,1.0,0.057,0.51,11,0.551,1,0,3.0,No,Bronze,Paid Search,South,UPI,0
CUST101080,36.0,22,3780.34,3,3780.34,10,0.0,0.108,0.12,5,0.612,0,0,4.3,Yes,Bronze,Referral,East,UPI,0
CUST100187,22.0,12,1751.08,5,1050.65,21,0.0,0.065,0.364,12,0.729,0,0,3.4,Yes,Bronze,Email,South,Card,1
CUST102634,45.0,11,4720.27,3,4720.27,77,1.0,0.066,0.531,11,0.918,0,0,4.4,Yes,Silver,Organic,North,UPI,0
CUST102085,42.0,4,1760.02,2,2640.03,69,2.0,0.02,0.181,7,0.509,0,0,2.5,Yes,Silver,Organic,West,UPI,0
CUST102249,46.0,14,3688.59,3,3688.59,18,,0.044,0.308,9,0.568,0,0,4.2,Yes,Silver,Social,North,NetBanking,0
CUST104890,40.0,23,4399.71,5,2639.83,84,0.0,0.232,0.16,10,0.73,0,1,5.0,No,Bronze,Organic,South,UPI,0
CUST102023,33.0,35,1973.12,6,986.56,29,2.0,0.056,0.287,4,0.348,1,2,3.4,No,Gold,Organic,South,COD,0
CUST103539,26.0,22,2347.6,3,,10,0.0,0.041,0.701,11,0.562,1,0,4.2,No,Silver,Referral,North,,0
CUST104048,32.0,10,2574.22,2,3861.33,20,0.0,0.129,0.181,7,0.687,0,1,5.0,Yes,Silver,Paid Search,East,UPI,0
CUST103606,18.0,22,782.5,6,391.25,75,2.0,0.139,0.253,10,0.89,0,1,3.3,No,Silver,Social,East,NetBanking,0
CUST100226,59.0,44,2245.0,8,841.88,9,0.0,0.017,0.296,9,0.564,0,0,3.7,Yes,Silver,Organic,South,,0
CUST104847,40.0,15,4164.91,5,2498.95,42,0.0,0.147,0.572,9,0.439,1,2,2.0,Yes,Silver,Organic,South,COD,0
CUST101929,41.0,9,2804.47,3,2804.47,26,3.0,0.131,0.156,6,0.846,0,0,5.0,Yes,Silver,Paid Search,East,UPI,0
CUST103055,23.0,18,4547.16,8,1705.18,39,1.0,0.069,0.297,7,0.836,0,0,4.1,Yes,Silver,Organic,South,Card,0
CUST104489,31.0,32,968.28,7,414.98,24,3.0,0.008,0.7,11,0.706,1,0,4.4,Yes,Gold,Organic,Central,Card,0
CUST101404,28.0,20,2506.17,4,1879.63,1,0.0,0.031,0.462,14,0.579,2,2,4.2,Yes,Silver,Paid Search,West,UPI,0
CUST102179,30.0,31,3490.21,4,2617.66,22,,0.012,0.097,7,0.822,1,0,2.2,Yes,Silver,Organic,South,NetBanking,0
CUST100697,24.0,7,805.62,4,604.22,39,1.0,0.017,0.509,18,0.398,2,2,3.8,No,Bronze,Partner,South,UPI,0
CUST101124,32.0,16,3892.57,3,3892.57,50,0.0,0.125,0.602,9,0.704,0,1,5.0,No,Bronze,Organic,South,Card,0
CUST103361,18.0,24,2426.22,7,1039.81,40,,0.179,0.273,6,0.57,0,0,4.6,No,Bronze,Organic,South,Card,0
CUST104135,28.0,15,1401.55,8,525.58,34,1.0,0.194,0.323,10,0.663,0,0,3.6,No,Gold,Referral,North,UPI,0
CUST101778,23.0,4,1768.32,3,1768.32,98,1.0,0.075,0.213,11,0.771,0,0,4.1,Yes,Platinum,Paid Search,North,COD,1
CUST102858,31.0,20,3896.01,1,6000.0,54,2.0,0.184,0.312,10,0.511,0,0,2.9,Yes,Platinum,Email,Central,Card,0
CUST101037,28.0,38,2651.68,2,3977.52,71,0.0,0.076,0.332,10,0.718,0,1,4.9,No,Silver,Paid Search,West,UPI,0
CUST104456,28.0,32,3300.91,4,2475.68,30,1.0,0.038,0.599,5,0.451,0,0,3.2,Yes,Bronze,Organic,North,UPI,0
CUST102256,37.0,12,1807.51,3,1807.51,77,1.0,0.097,0.408,8,0.682,0,1,4.0,Yes,Bronze,Organic,North,UPI,1
CUST100313,38.0,30,911.16,6,455.58,43,0.0,0.075,0.12,11,0.595,0,1,4.6,Yes,Bronze,Referral,South,COD,0
CUST102281,34.0,12,2979.47,1,6000.0,50,1.0,0.002,0.214,11,0.739,0,3,,No,Bronze,Organic,South,COD,1
CUST101416,56.0,29,1550.79,1,4652.37,9,1.0,0.088,0.544,10,0.921,0,0,3.6,Yes,Bronze,Paid Search,Central,,0
CUST101036,44.0,25,2087.38,6,1043.69,39,3.0,0.221,0.076,18,0.89,1,0,2.2,Yes,Silver,Social,Central,Card,1
CUST102159,27.0,18,3255.08,3,3255.08,14,0.0,0.018,0.14,10,0.551,0,1,2.9,No,Silver,Referral,West,UPI,0
CUST104163,21.0,11,1361.0,1,4083.0,46,3.0,0.069,0.278,11,0.946,0,1,4.6,Yes,Bronze,Referral,West,UPI,1
CUST101754,45.0,50,1515.47,1,4546.41,11,0.0,0.03,0.138,11,0.832,0,0,3.9,No,Bronze,Partner,South,UPI,0
CUST103112,50.0,40,2419.26,7,1036.83,28,2.0,0.169,0.341,13,0.585,1,0,2.7,Yes,Silver,Paid Search,North,Card,0
CUST102813,29.0,28,769.33,5,461.6,16,2.0,0.005,0.848,7,0.841,0,1,3.5,Yes,Silver,Paid Search,East,Card,0
CUST102698,38.0,29,2066.19,4,1549.64,38,0.0,0.09,0.303,9,0.567,2,0,3.4,No,Platinum,Organic,Central,Card,0
CUST103207,37.0,33,1036.02,3,1036.02,26,0.0,0.304,0.597,9,0.746,0,0,2.4,No,Bronze,Partner,South,COD,0
CUST104350,32.0,21,4098.02,2,6000.0,52,1.0,0.077,0.216,10,0.681,1,0,1.9,No,Silver,Partner,West,UPI,0
CUST103431,48.0,21,2474.91,4,1856.18,17,1.0,0.081,0.618,14,0.802,2,0,4.4,Yes,Gold,Referral,East,UPI,0
CUST101506,18.0,22,980.77,8,367.79,38,0.0,0.164,0.425,10,0.655,1,0,3.1,Yes,Bronze,Referral,North,UPI,0
CUST101923,45.0,8,2583.76,3,2583.76,66,0.0,0.302,0.488,14,0.816,1,2,,No,Bronze,Referral,West,UPI,1
CUST100448,45.0,33,2082.39,5,1249.43,58,3.0,0.104,0.091,8,0.785,0,3,5.0,Yes,Silver,Paid Search,South,Wallet,0
CUST104128,32.0,38,916.19,4,687.14,23,1.0,0.026,0.287,9,0.695,0,1,4.6,Yes,Bronze,Partner,North,UPI,0
CUST102528,45.0,19,5846.72,5,3508.03,112,1.0,0.082,0.202,8,0.769,0,3,4.3,No,Platinum,Paid Search,Central,Card,0
CUST104969,37.0,15,,6,1338.0,99,3.0,0.114,0.592,12,0.705,0,1,4.8,No,Silver,Social,North,UPI,0
CUST102789,30.0,16,1381.4,4,1036.05,7,0.0,0.229,0.617,15,0.739,1,1,4.5,Yes,Silver,Social,South,UPI,0
CUST100361,38.0,38,3471.88,3,3471.88,29,0.0,0.086,0.293,14,0.527,0,0,4.8,Yes,Silver,Social,North,Wallet,0
CUST102183,24.0,36,1790.11,3,1790.11,25,0.0,0.14,0.54,6,0.781,0,0,3.4,No,Bronze,Referral,West,Card,0
CUST101134,32.0,13,1078.55,0,1552.42,31,1.0,0.26,0.277,7,0.674,0,1,4.0,Yes,Gold,Partner,West,UPI,0
CUST103880,29.0,5,1448.34,1,4345.02,47,1.0,0.059,0.483,8,0.485,0,1,2.8,No,Bronze,Paid Search,Central,Card,1
CUST102155,40.0,10,865.37,3,865.37,24,1.0,0.063,0.425,11,0.897,0,0,,No,Bronze,Partner,West,UPI,0
CUST101830,41.0,30,2176.8,5,1306.08,21,4.0,0.028,0.554,12,0.905,0,0,4.2,Yes,Silver,,West,Card,0
CUST101053,58.0,22,4118.07,6,2059.04,44,2.0,0.084,0.5,11,0.826,0,0,4.2,Yes,Bronze,Social,East,NetBanking,0
CUST100022,46.0,45,1248.77,4,936.58,20,0.0,0.131,0.569,12,0.419,0,1,,No,Bronze,Paid Search,East,Card,0
CUST102066,44.0,17,2048.39,4,1536.29,22,0.0,0.073,0.106,9,0.654,0,2,4.1,Yes,Bronze,Social,North,Card,0
CUST101653,30.0,13,3227.6,3,3227.6,85,1.0,0.07,0.655,10,0.45,0,2,4.6,Yes,Silver,Partner,West,UPI,1
CUST102587,48.0,11,1640.77,1,4922.31,44,1.0,0.121,0.11,5,0.486,0,0,4.0,Yes,Bronze,Social,South,UPI,0
CUST103210,34.0,7,3031.61,6,1515.8,75,,0.186,0.227,7,0.613,0,2,3.8,Yes,Bronze,Organic,West,UPI,1
CUST104302,27.0,20,3756.62,8,1408.73,58,2.0,0.016,0.336,14,0.572,0,1,2.9,Yes,Silver,Referral,North,UPI,1
CUST104036,56.0,38,1237.56,5,742.54,53,1.0,0.166,0.246,14,0.842,2,0,3.5,Yes,Platinum,Organic,North,UPI,0
CUST102325,39.0,31,1173.82,3,1173.82,81,2.0,0.043,0.337,9,0.716,1,0,4.0,No,Gold,Partner,South,Card,0
CUST100460,37.0,20,1481.01,3,1481.01,32,2.0,0.098,0.503,9,0.723,0,2,4.6,Yes,Bronze,Paid Search,East,Wallet,0
CUST101067,39.0,34,1613.62,5,968.17,4,2.0,0.037,0.331,11,0.502,0,0,2.8,Yes,Gold,Paid Search,Central,UPI,0
CUST100087,34.0,64,2464.33,6,1232.16,71,1.0,0.059,0.23,11,0.71,0,0,4.4,Yes,Silver,Organic,North,UPI,1
CUST101430,31.0,28,1351.63,5,810.98,21,0.0,0.164,0.067,10,0.47,1,0,4.0,Yes,Bronze,Partner,Central,Card,0
CUST102647,29.0,39,6940.38,6,3470.19,43,1.0,0.196,0.093,5,0.59,0,0,4.0,Yes,Bronze,Paid Search,East,Card,0
CUST100282,43.0,52,2456.1,4,1842.07,50,0.0,0.017,0.185,8,0.816,0,1,3.6,Yes,Bronze,Organic,North,Card,0
CUST100462,18.0,17,1643.84,2,,109,0.0,0.089,0.298,7,0.828,1,1,4.6,Yes,Silver,Organic,East,COD,0
CUST100212,34.0,36,2270.7,4,1703.02,175,0.0,0.036,0.462,12,0.567,2,1,,No,Silver,Paid Search,South,UPI,0
CUST102499,46.0,12,1951.9,3,1951.9,40,4.0,0.116,0.497,5,0.805,0,1,,Yes,Platinum,Organic,North,UPI,0
CUST101368,46.0,22,2941.53,7,1260.66,18,4.0,0.134,0.728,11,0.467,1,0,4.0,No,Bronze,Paid Search,East,UPI,0
CUST100234,27.0,9,2024.99,7,867.85,45,0.0,0.009,0.531,10,0.715,0,0,3.5,No,Bronze,Referral,East,COD,0
CUST102770,44.0,15,2730.79,5,1638.47,87,1.0,0.125,0.081,10,0.262,0,1,5.0,Yes,Silver,Organic,Central,COD,1
CUST100597,42.0,14,2265.83,5,1359.5,16,0.0,0.107,0.43,5,0.687,0,1,3.5,Yes,Bronze,Paid Search,West,UPI,0
CUST104420,46.0,14,5109.7,6,2554.85,97,5.0,0.047,0.406,8,0.364,2,0,2.9,Yes,Silver,Organic,North,UPI,1
CUST102250,24.0,7,,4,880.72,48,1.0,0.043,0.135,10,0.599,0,2,3.2,Yes,Silver,Email,North,COD,0
CUST104031,29.0,6,789.49,6,394.75,28,0.0,0.033,0.487,9,0.367,1,2,3.1,Yes,Bronze,Email,South,Card,0
CUST102283,37.0,19,2344.92,6,1172.46,23,0.0,0.028,0.416,8,0.907,0,1,,No,Silver,Paid Search,North,UPI,0
CUST100662,25.0,18,2311.12,6,1155.56,38,1.0,0.113,0.125,9,0.548,0,0,3.7,Yes,Bronze,Organic,West,UPI,0
CUST104963,29.0,8,2674.68,5,1604.81,77,0.0,0.085,0.389,9,,0,0,2.7,Yes,Bronze,Partner,North,UPI,1
CUST102285,38.0,5,830.14,4,622.6,10,0.0,0.017,0.384,9,0.712,0,2,3.7,No,Gold,Partner,South,UPI,0
CUST104716,43.0,61,1382.23,6,691.12,47,0.0,0.208,0.446,13,0.692,0,1,4.1,Yes,Gold,Organic,East,UPI,0
CUST103193,22.0,5,1553.04,1,,32,0.0,0.136,0.038,18,0.713,0,1,4.3,No,Silver,Social,East,NetBanking,0
CUST102503,39.0,9,3292.89,4,2469.67,26,1.0,0.019,0.413,13,0.725,0,1,4.3,Yes,Bronze,Organic,West,Card,0
CUST104043,20.0,22,1280.77,3,1280.77,14,,0.002,0.399,9,0.534,0,1,4.1,Yes,Bronze,Paid Search,West,UPI,0
CUST100779,21.0,27,1221.58,2,1832.37,37,1.0,0.199,0.069,10,0.543,0,2,3.9,No,Bronze,Organic,Central,Wallet,0
CUST104019,34.0,17,2007.93,2,3011.9,126,1.0,0.021,0.213,11,0.437,0,1,3.7,Yes,Bronze,Paid Search,West,NetBanking,1
CUST103426,38.0,34,2282.78,3,2282.78,52,2.0,0.041,0.26,4,0.658,2,1,3.3,Yes,Silver,Referral,Central,Card,0
CUST104306,37.0,12,3463.39,2,5195.08,46,,0.225,0.468,15,,5,2,,No,Bronze,Referral,West,Card,0
CUST103196,21.0,4,3136.22,3,3136.22,31,0.0,0.112,0.373,11,0.807,1,0,3.3,Yes,Bronze,Paid Search,West,UPI,0
CUST104835,27.0,19,1551.11,3,1551.11,83,1.0,0.088,0.168,11,,0,0,3.5,Yes,Silver,Paid Search,West,UPI,1
CUST100685,29.0,21,2054.31,5,1232.59,52,2.0,0.055,0.331,8,0.716,1,1,3.8,Yes,Silver,Social,West,UPI,1
CUST103169,22.0,21,1280.0,11,349.09,38,0.0,0.108,0.342,12,0.799,0,0,4.8,Yes,Bronze,Paid Search,East,UPI,0
CUST103926,42.0,10,2490.08,6,1245.04,148,0.0,0.146,0.603,9,0.259,1,0,3.9,Yes,Bronze,Paid Search,Central,NetBanking,1
CUST103434,21.0,10,2360.39,5,1416.23,42,0.0,0.025,0.545,13,0.474,0,0,3.7,No,Silver,Partner,North,UPI,0
CUST102171,23.0,43,1538.1,3,,79,1.0,0.085,0.537,14,0.573,0,1,4.6,Yes,Bronze,Social,South,UPI,1
CUST103689,48.0,29,3021.7,8,1133.14,25,1.0,0.128,0.637,13,0.492,0,2,4.4,Yes,Bronze,Paid Search,West,Card,0
CUST101850,28.0,13,2719.17,5,1631.5,33,3.0,0.103,0.572,7,0.564,0,1,5.0,Yes,Bronze,Organic,West,COD,0
CUST100487,38.0,17,1855.09,3,1855.09,54,3.0,0.11,0.296,11,0.592,0,0,4.8,No,Platinum,Partner,East,Card,1
CUST101688,33.0,8,2899.31,6,1449.66,52,0.0,0.186,0.117,12,0.896,1,1,4.6,Yes,Silver,Paid Search,West,COD,0
CUST102230,39.0,28,3505.13,3,3505.13,9,1.0,0.073,0.107,10,0.631,0,4,4.4,Yes,Bronze,Social,South,Card,0
CUST103264,29.0,48,942.82,3,942.82,18,0.0,0.13,0.45,9,0.57,1,3,3.6,Yes,Silver,Paid Search,West,UPI,0
CUST102320,38.0,36,1782.3,6,891.15,18,1.0,0.135,0.103,10,0.891,0,0,4.5,Yes,Gold,Partner,South,UPI,0
CUST100782,52.0,15,2516.77,2,3775.16,24,1.0,0.094,0.347,10,0.782,0,1,2.7,Yes,Bronze,Social,North,Card,0
CUST100521,25.0,32,1414.78,3,1414.78,32,1.0,0.135,0.158,9,0.528,0,0,3.7,Yes,Gold,Email,Central,Card,0
CUST100522,47.0,34,1969.13,4,1476.85,42,2.0,0.012,0.292,13,0.469,0,1,4.0,No,Bronze,Partner,North,Wallet,0
CUST102837,36.0,9,3400.78,5,2040.47,19,1.0,0.097,0.226,8,0.606,0,0,2.4,Yes,Gold,Paid Search,North,UPI,0
CUST104539,41.0,5,2773.13,9,924.38,28,0.0,0.048,0.483,13,0.277,0,1,4.2,Yes,Bronze,Email,Central,Card,0
CUST102398,28.0,15,3315.35,1,6000.0,35,0.0,0.019,0.311,9,0.717,0,0,4.2,Yes,Silver,Paid Search,Central,Card,0
CUST102207,38.0,23,1722.65,5,1033.59,21,1.0,0.057,0.206,14,0.802,1,0,3.5,Yes,Bronze,Social,Central,UPI,0
CUST103477,32.0,35,1438.74,4,1079.06,27,1.0,0.15,0.396,9,0.753,0,1,4.1,No,Gold,Email,North,Card,1
CUST103552,44.0,21,2541.49,4,1906.12,74,0.0,0.147,0.297,11,0.469,0,1,2.8,Yes,Silver,Organic,North,Wallet,1
CUST104087,18.0,5,866.39,3,866.39,52,1.0,0.089,0.491,10,0.495,0,0,3.7,Yes,Bronze,Organic,West,Card,1
CUST102822,41.0,16,3987.07,0,2219.08,50,2.0,0.193,0.465,6,0.787,0,2,5.0,Yes,Gold,Email,North,UPI,1
CUST101511,,52,1170.32,4,877.74,56,2.0,0.139,0.51,12,0.653,0,1,4.2,No,Platinum,Referral,North,Card,0
CUST101882,29.0,22,3177.51,3,3177.51,31,1.0,0.141,0.191,6,0.675,1,2,3.5,Yes,Gold,Referral,West,UPI,0
CUST100651,32.0,17,2460.46,3,2460.46,15,3.0,0.013,0.547,12,0.428,1,1,,Yes,Silver,Referral,North,UPI,0
CUST104930,41.0,10,6355.17,4,4766.38,52,0.0,0.09,0.308,13,0.785,0,1,3.4,Yes,Gold,Paid Search,West,Card,1
CUST103089,44.0,6,3195.84,0,673.45,10,0.0,0.063,0.018,6,0.601,0,1,4.6,No,Bronze,Email,North,NetBanking,0
CUST100369,42.0,15,1632.0,7,699.43,80,0.0,0.073,0.349,12,0.275,0,2,4.6,Yes,Bronze,Paid Search,East,UPI,0
CUST104997,42.0,17,3724.34,4,2793.26,7,2.0,0.046,0.189,9,0.731,1,1,3.1,Yes,Silver,Social,North,UPI,0
CUST100118,50.0,17,1408.94,2,2113.41,73,1.0,0.075,0.136,11,0.629,0,0,4.1,Yes,Bronze,Paid Search,South,COD,1
CUST103320,18.0,7,2464.09,3,2464.09,9,0.0,0.193,0.196,7,0.739,1,1,4.0,No,Gold,Organic,West,COD,0
CUST103034,45.0,49,1731.56,2,2597.34,32,4.0,0.136,0.175,11,0.638,0,3,4.8,No,Gold,Partner,East,Card,0
CUST102216,34.0,29,1122.22,5,673.33,37,2.0,0.061,0.356,12,0.782,0,1,4.4,Yes,Gold,Paid Search,South,COD,1
CUST103542,32.0,65,1916.8,2,2875.2,43,1.0,0.119,0.426,8,0.521,0,2,3.4,Yes,Bronze,Social,North,Card,1
CUST101613,35.0,22,2124.92,3,2124.92,52,1.0,0.005,0.262,13,0.618,1,3,4.2,Yes,Gold,Organic,Central,Card,0
CUST103151,25.0,14,1491.68,6,745.84,47,1.0,0.07,0.32,10,0.684,0,1,3.6,No,Bronze,Partner,South,Wallet,0
CUST100962,24.0,11,3852.77,9,1284.26,58,2.0,0.062,0.108,8,0.769,4,0,4.2,Yes,Bronze,Social,West,UPI,0
CUST102510,28.0,18,1752.63,2,2628.94,50,2.0,0.176,0.149,10,0.759,1,1,3.7,Yes,Bronze,Partner,East,Card,1
CUST103831,55.0,26,1918.45,7,822.19,54,4.0,0.043,0.146,12,0.77,1,1,4.5,No,Gold,Email,North,Card,0
CUST102823,24.0,21,1966.58,4,1474.94,150,0.0,0.159,0.253,6,0.657,0,1,4.4,Yes,Silver,Organic,West,Wallet,1
CUST104343,29.0,26,5151.8,4,3863.85,78,2.0,0.274,0.318,8,0.724,1,0,3.8,Yes,Silver,Organic,West,COD,0
CUST103032,22.0,23,2782.54,3,2782.54,8,1.0,0.119,0.147,13,0.582,1,0,3.6,No,Gold,Paid Search,West,UPI,0
CUST102415,48.0,28,1079.67,5,647.8,16,2.0,0.034,0.446,10,0.439,0,0,4.8,No,Bronze,Organic,East,Wallet,0
CUST104654,35.0,14,2014.34,3,2014.34,82,0.0,0.265,0.278,8,0.705,2,1,4.0,No,Gold,Social,West,UPI,0
CUST104236,36.0,15,2736.27,4,2052.2,41,0.0,0.166,0.274,7,0.59,2,2,4.2,Yes,Gold,Referral,Central,NetBanking,0
CUST102185,34.0,9,2157.74,6,1078.87,66,1.0,0.117,0.25,9,0.661,2,0,3.5,No,Bronze,Email,East,Card,0
CUST103669,,30,2498.03,5,1498.82,51,0.0,0.083,0.416,7,0.616,2,1,4.0,Yes,Platinum,Organic,West,Card,0
CUST102037,44.0,13,2277.17,5,1366.3,13,,0.024,0.12,8,0.844,1,0,3.5,Yes,Bronze,Organic,South,Card,0
CUST104362,30.0,41,1023.13,8,383.67,49,1.0,0.222,0.337,10,0.736,1,0,2.9,Yes,Bronze,Organic,West,UPI,0
CUST100772,37.0,19,719.66,6,359.83,21,2.0,0.124,0.452,5,0.601,1,0,2.2,No,Bronze,Email,South,NetBanking,1
CUST101284,35.0,19,2312.29,6,1156.14,11,2.0,0.056,0.237,10,0.747,0,0,3.0,No,Silver,Paid Search,South,UPI,0
CUST104603,40.0,12,1013.07,3,1013.07,67,0.0,0.181,0.566,8,0.758,0,2,5.0,No,Bronze,Organic,Central,UPI,0
CUST104794,45.0,31,1667.73,6,833.87,51,0.0,0.237,0.153,11,0.628,0,1,4.7,Yes,Silver,Paid Search,Central,UPI,0
CUST101414,48.0,37,1351.16,2,2026.74,24,1.0,0.093,0.526,6,0.521,0,1,3.2,Yes,Bronze,Partner,East,UPI,0
CUST101234,37.0,9,3757.41,5,2254.45,64,0.0,0.123,0.527,9,0.703,0,1,4.7,Yes,Bronze,Partner,East,COD,1
CUST102699,25.0,38,2327.03,2,3490.54,42,0.0,0.075,0.146,13,,0,1,3.8,Yes,Gold,,South,,0
CUST100435,28.0,13,691.49,0,1955.38,104,0.0,0.171,0.224,9,0.653,1,0,4.0,No,Bronze,Referral,South,Card,0
CUST101674,32.0,19,3737.76,2,5606.64,31,2.0,0.026,0.199,6,0.764,0,0,4.1,Yes,Bronze,Email,East,NetBanking,0
CUST100365,49.0,5,5863.02,4,4397.27,26,0.0,0.008,0.254,8,0.54,0,1,2.8,Yes,Bronze,Referral,East,COD,0
CUST102649,58.0,11,2112.38,4,1584.28,23,0.0,0.15,0.756,16,0.694,1,1,5.0,No,Bronze,Paid Search,North,Card,1
CUST100231,28.0,30,1583.77,4,1187.83,15,3.0,0.062,0.454,14,0.546,0,1,3.5,Yes,Gold,Paid Search,North,UPI,0
CUST104267,37.0,25,1368.64,4,1026.48,8,2.0,0.002,0.139,10,0.815,0,0,2.8,Yes,Bronze,Paid Search,East,Card,0
CUST104041,32.0,17,2498.14,2,3747.21,56,1.0,0.046,0.156,10,0.594,0,0,3.8,Yes,Silver,Partner,East,UPI,0
CUST104399,21.0,9,2140.06,3,2140.06,59,0.0,0.076,0.477,13,0.182,0,1,4.8,Yes,Platinum,Referral,South,Card,0
CUST100407,42.0,59,1816.67,7,778.57,11,1.0,0.046,0.579,12,0.607,1,3,4.2,Yes,Silver,Organic,South,UPI,0
CUST102090,36.0,9,1356.36,2,2034.54,44,2.0,0.084,0.247,18,0.604,0,0,3.8,No,Bronze,Partner,East,UPI,0
CUST100086,29.0,14,2193.42,5,1316.05,53,0.0,0.188,0.088,14,0.606,1,0,3.3,Yes,Silver,Organic,West,Wallet,0
CUST100844,35.0,14,3505.02,8,1314.38,57,5.0,0.189,0.482,12,0.532,0,0,3.0,Yes,Platinum,Social,East,UPI,1
CUST101031,36.0,26,828.44,5,497.06,13,1.0,0.124,0.066,14,,2,1,3.2,No,Bronze,Partner,South,COD,0
CUST102855,50.0,8,677.19,6,338.6,42,0.0,0.057,0.2,4,0.721,0,1,2.8,Yes,Silver,Referral,North,Card,0
CUST104109,34.0,11,1729.79,3,1729.79,35,2.0,0.007,0.241,9,0.565,0,0,3.4,Yes,Gold,Email,South,UPI,0
CUST104396,35.0,12,1882.98,1,5648.94,64,0.0,0.025,0.14,10,0.469,0,1,3.0,No,Gold,Referral,Central,Card,0
CUST103893,23.0,16,2644.17,6,1322.08,26,2.0,0.057,0.1,13,0.319,0,2,3.9,Yes,Bronze,Social,South,UPI,0
CUST102658,32.0,9,4081.32,2,6000.0,26,3.0,0.057,0.52,7,0.402,1,2,3.9,No,Platinum,Paid Search,East,Card,0
CUST100855,34.0,14,1994.34,3,1994.34,88,0.0,0.173,0.118,6,0.662,0,0,4.0,No,Silver,Organic,East,Card,1
CUST100078,40.0,12,3203.23,3,3203.23,27,1.0,0.181,0.192,5,0.857,0,0,4.7,No,Bronze,Referral,Central,NetBanking,0
CUST102247,27.0,30,1469.45,9,489.82,15,2.0,0.139,0.341,12,0.717,1,1,2.5,Yes,Silver,Organic,South,Card,0
CUST104570,33.0,9,2685.93,3,2685.93,43,1.0,0.237,0.236,12,0.337,0,1,3.3,Yes,Bronze,Organic,North,UPI,0
CUST103656,32.0,17,1168.52,1,3505.56,75,0.0,0.039,0.103,8,0.471,0,0,4.3,Yes,Platinum,Organic,North,UPI,0
CUST104151,49.0,18,1544.22,3,1544.22,19,2.0,0.1,0.234,10,0.869,1,1,3.6,No,Bronze,Referral,West,UPI,0
CUST103378,24.0,43,2240.79,0,892.21,52,3.0,0.039,0.216,6,0.708,1,1,4.5,Yes,Bronze,Partner,South,UPI,0
CUST102279,18.0,19,1878.08,3,1878.08,25,1.0,0.093,0.351,12,0.855,0,1,3.1,Yes,Gold,Social,South,Card,0
CUST102598,18.0,7,697.62,8,261.61,31,1.0,0.13,0.241,9,0.684,0,0,4.1,Yes,Bronze,Organic,East,NetBanking,0
CUST104159,39.0,14,2773.13,8,1039.92,45,0.0,0.066,0.208,8,0.862,0,1,3.9,Yes,Bronze,Paid Search,South,UPI,0
CUST103870,34.0,15,1033.34,2,1550.01,86,3.0,0.088,0.142,8,0.706,0,0,3.4,Yes,Silver,Paid Search,East,NetBanking,1
CUST103428,53.0,17,847.05,6,423.52,8,1.0,0.079,0.275,14,0.624,0,0,,Yes,Gold,Social,East,UPI,0
CUST102176,39.0,23,5080.43,3,5080.43,57,2.0,0.031,0.472,13,0.642,1,2,4.8,No,Gold,Organic,East,Card,0
CUST100424,25.0,47,1956.09,4,1467.07,39,0.0,0.165,0.221,10,0.408,0,2,4.3,Yes,Bronze,Social,East,UPI,0
CUST100392,29.0,16,1157.25,4,867.94,49,2.0,0.138,0.157,9,0.757,0,1,2.6,No,Bronze,Email,West,UPI,0
CUST104726,31.0,50,3485.45,6,1742.72,43,1.0,0.044,0.652,8,0.479,1,0,4.2,No,Bronze,Organic,Central,Card,0
CUST103693,21.0,12,2908.95,3,2908.95,27,0.0,0.004,0.741,6,0.747,0,1,4.8,Yes,Bronze,Referral,South,UPI,0
CUST100104,25.0,9,1080.31,2,1620.46,25,1.0,0.22,0.319,7,0.515,0,0,4.1,Yes,Silver,Partner,West,Wallet,0
CUST103994,40.0,7,3102.7,6,1551.35,15,,0.016,0.514,10,0.682,2,0,4.3,No,Gold,Email,West,NetBanking,0
CUST104412,41.0,26,1472.9,6,736.45,38,1.0,0.101,0.123,9,0.449,0,0,4.0,No,Silver,Paid Search,South,UPI,0
CUST101948,25.0,18,1965.23,4,,58,2.0,0.106,0.353,9,0.529,0,1,3.7,Yes,Gold,Organic,East,UPI,0
CUST101459,38.0,25,3681.59,2,5522.38,23,3.0,0.018,0.606,16,0.768,0,0,3.0,Yes,Gold,Paid Search,North,UPI,1
CUST103257,50.0,21,1291.12,6,645.56,88,3.0,0.09,0.49,15,0.755,0,1,3.6,No,Bronze,Partner,North,UPI,1
CUST102803,24.0,9,1278.55,0,1003.32,35,2.0,0.117,0.371,4,0.705,0,3,3.8,Yes,Gold,Organic,West,UPI,0
CUST102706,38.0,17,1917.02,3,1917.02,61,0.0,0.072,0.22,9,0.568,0,1,3.9,Yes,Bronze,Paid Search,South,UPI,0
CUST104789,40.0,29,5776.91,1,6000.0,20,0.0,0.031,0.26,8,0.6,2,1,2.7,No,Silver,Organic,East,UPI,0
CUST101587,43.0,28,2311.19,3,2311.19,66,0.0,0.111,0.494,9,0.656,0,0,3.6,Yes,Bronze,Referral,East,Card,1
CUST103659,34.0,6,3860.93,3,3860.93,35,,0.117,0.231,6,0.67,2,1,5.0,Yes,Bronze,,East,UPI,0
CUST101731,34.0,7,1551.96,3,1551.96,35,1.0,0.094,0.243,12,0.468,1,0,5.0,Yes,Silver,Referral,Central,Card,0
CUST104764,46.0,19,1214.58,5,728.75,73,1.0,0.158,0.398,16,0.596,0,1,2.6,Yes,Silver,Partner,West,Wallet,0
CUST104224,27.0,15,3218.68,4,2414.01,71,1.0,0.153,0.377,12,0.83,0,0,2.9,Yes,Bronze,Paid Search,Central,UPI,0
CUST103681,40.0,26,1811.98,5,1087.19,43,0.0,0.061,0.084,14,0.898,0,1,2.4,Yes,Gold,Paid Search,Central,Card,0
CUST101791,34.0,22,3946.96,3,3946.96,42,3.0,0.119,0.399,10,0.799,0,0,2.4,Yes,Bronze,Paid Search,West,UPI,0
CUST102355,18.0,40,3546.48,6,1773.24,39,1.0,0.09,0.228,12,0.647,1,1,3.3,Yes,Bronze,Email,West,Card,0
CUST101940,21.0,44,920.93,4,690.7,50,2.0,0.02,0.448,10,0.816,0,0,2.3,Yes,Bronze,Paid Search,Central,UPI,0
CUST100702,24.0,16,2216.02,4,1662.02,69,0.0,0.076,0.178,10,0.495,0,1,5.0,Yes,Silver,Organic,East,COD,0
CUST102442,24.0,5,2838.61,6,1419.3,25,0.0,0.017,0.036,14,0.757,1,1,2.9,Yes,Silver,Organic,North,Wallet,0
CUST104375,18.0,23,1258.45,5,755.07,15,3.0,0.034,0.241,13,0.433,0,1,,Yes,Silver,Organic,East,UPI,0
CUST100496,18.0,23,3490.61,4,2617.96,46,2.0,0.045,0.067,10,0.801,0,0,3.1,No,Silver,Partner,West,NetBanking,1
CUST100464,23.0,7,1084.43,4,813.32,45,0.0,0.104,0.046,13,0.72,0,0,4.0,No,Bronze,Paid Search,South,UPI,0
CUST104071,32.0,21,6465.11,5,3879.07,29,2.0,0.086,0.558,11,0.6,0,1,3.1,No,Bronze,Paid Search,Central,NetBanking,0
CUST104333,44.0,19,2024.2,3,2024.2,38,0.0,0.093,0.469,6,0.571,0,0,4.3,Yes,Bronze,Paid Search,West,UPI,0
CUST100172,29.0,21,4246.32,6,2123.16,129,2.0,0.1,0.092,9,0.426,0,0,,Yes,Bronze,Partner,Central,UPI,1
CUST104943,26.0,14,936.97,3,936.97,22,2.0,0.05,0.086,14,0.816,0,0,3.8,Yes,Silver,Organic,Central,NetBanking,0
CUST104796,38.0,67,1669.02,3,1669.02,54,2.0,0.042,0.224,6,0.383,1,0,2.3,Yes,Platinum,Organic,West,NetBanking,0
CUST102540,39.0,8,1474.7,6,737.35,75,0.0,0.248,0.165,17,0.745,0,2,3.2,Yes,Silver,Email,South,UPI,0
CUST103262,37.0,28,784.0,1,2352.0,42,1.0,0.022,0.11,11,0.534,0,0,4.5,No,Bronze,Paid Search,North,UPI,0
CUST104680,50.0,22,1804.26,3,1804.26,71,2.0,0.07,0.482,6,0.798,0,2,3.3,No,Gold,Email,West,UPI,0
CUST102260,18.0,14,,4,734.55,45,0.0,0.083,0.381,11,0.825,1,1,,No,Silver,Organic,Central,NetBanking,0
CUST102112,43.0,18,3621.28,3,3621.28,43,1.0,0.057,0.826,9,0.548,0,0,5.0,No,Gold,Organic,North,UPI,0
CUST100900,38.0,39,908.5,4,681.38,50,2.0,0.037,0.13,16,0.419,0,0,3.4,Yes,Gold,Referral,Central,NetBanking,0
CUST101446,57.0,16,5241.4,3,5241.4,34,2.0,0.025,0.214,14,0.587,0,2,3.6,No,Silver,Email,North,UPI,0
CUST103573,33.0,5,2012.59,2,3018.88,103,1.0,0.042,0.51,5,0.635,0,2,3.7,Yes,Bronze,,South,UPI,0
CUST100741,46.0,30,932.47,2,1398.7,102,0.0,0.109,0.176,12,0.553,0,2,3.5,Yes,Bronze,Paid Search,North,UPI,0
CUST102293,30.0,61,1583.13,3,1583.13,29,0.0,0.002,0.124,7,0.753,1,2,3.5,No,Bronze,Email,Central,Card,0
CUST102452,39.0,19,1123.53,5,674.12,101,1.0,0.098,0.417,14,0.559,1,1,3.2,Yes,Bronze,Organic,West,UPI,0
CUST102622,49.0,45,1544.7,0,798.61,84,2.0,0.113,0.352,12,0.688,0,2,4.4,No,Bronze,Organic,North,UPI,1
CUST104078,30.0,16,2917.51,3,2917.51,22,0.0,0.133,0.216,10,0.603,2,0,4.6,No,Bronze,Partner,East,Card,0
CUST101206,27.0,18,2085.5,5,1251.3,101,0.0,0.183,0.547,10,0.912,0,1,3.5,Yes,Silver,Paid Search,South,Card,0
CUST100509,39.0,18,977.84,4,,54,2.0,0.135,0.479,9,0.824,0,1,2.7,No,Bronze,Email,West,Wallet,1
CUST102620,27.0,14,919.05,4,689.29,10,1.0,0.046,0.296,4,0.942,1,2,3.0,Yes,Silver,Referral,South,Card,0
CUST102802,43.0,20,846.78,6,423.39,15,2.0,0.149,0.047,14,,0,1,3.7,No,Gold,Organic,West,UPI,0
CUST103313,35.0,7,772.58,6,386.29,52,1.0,0.073,0.058,9,0.772,0,2,,Yes,Silver,Paid Search,North,Wallet,0
CUST101549,38.0,8,1321.04,5,792.62,35,1.0,0.178,0.066,6,0.771,0,0,4.3,Yes,Bronze,Paid Search,West,COD,0
CUST104563,32.0,61,630.99,1,,27,1.0,0.052,0.565,8,0.725,1,2,2.4,No,Silver,Social,East,Card,0
CUST102202,35.0,7,937.67,2,1406.5,45,2.0,0.165,0.505,9,0.697,0,2,2.8,Yes,Silver,Organic,South,Card,0
CUST102566,36.0,5,3462.53,1,6000.0,16,1.0,0.021,0.269,11,0.824,0,0,3.9,No,Gold,Referral,West,Card,0
CUST103892,18.0,34,1772.26,4,1329.2,41,0.0,0.063,0.158,8,0.565,1,1,4.4,Yes,Bronze,Paid Search,South,Card,0
CUST102044,20.0,22,1631.61,1,4894.83,27,1.0,0.145,0.084,9,0.285,0,1,3.0,Yes,Silver,Paid Search,South,UPI,0
CUST100767,28.0,8,1203.48,4,902.61,22,0.0,0.089,0.117,9,0.819,0,0,4.0,Yes,Bronze,Organic,Central,NetBanking,0
CUST104872,20.0,20,3244.37,3,3244.37,62,0.0,0.071,0.575,7,0.646,0,0,2.2,No,Gold,Referral,North,Card,0
CUST103738,27.0,19,1148.54,2,,39,3.0,0.014,0.319,14,0.535,0,1,4.3,No,Gold,Organic,East,UPI,0
CUST100421,26.0,19,2290.64,6,1145.32,76,2.0,0.209,0.406,6,0.753,1,0,2.3,No,Silver,Organic,Central,Card,0
CUST100123,48.0,22,2803.15,6,1401.58,29,1.0,0.139,0.211,6,0.385,3,0,4.7,Yes,Bronze,Social,South,Card,0
CUST104162,39.0,41,2476.59,4,1857.44,153,1.0,0.091,0.412,10,0.79,0,1,3.0,Yes,Bronze,Social,East,Card,1
CUST102628,26.0,43,3393.57,4,2545.18,49,2.0,0.077,0.331,9,0.343,0,0,4.9,No,Silver,Paid Search,Central,UPI,0
CUST100819,23.0,13,3311.31,2,4966.96,53,0.0,0.154,0.05,10,0.622,0,1,3.6,No,Bronze,Email,Central,Card,1
CUST101403,29.0,51,1920.06,3,1920.06,25,1.0,0.031,0.288,14,0.908,0,1,3.3,Yes,Bronze,Partner,South,,0
CUST101382,31.0,25,3029.89,6,1514.94,64,2.0,0.008,0.14,9,0.533,0,0,3.7,Yes,Bronze,Referral,East,Card,0
CUST102148,30.0,13,2680.42,6,1340.21,124,1.0,0.021,0.242,9,0.672,1,2,2.8,Yes,Bronze,Social,West,NetBanking,1
CUST101575,21.0,7,1358.31,5,814.99,17,2.0,0.124,0.064,12,0.671,3,1,3.2,No,Bronze,Referral,East,UPI,0
CUST101638,34.0,15,2315.37,1,6000.0,61,0.0,0.156,0.468,16,0.709,0,3,3.2,Yes,Platinum,,North,COD,0
CUST101795,31.0,15,1869.56,3,1869.56,20,0.0,0.064,0.22,7,0.528,1,1,3.3,No,Bronze,Paid Search,West,Card,0
CUST104815,18.0,9,3177.58,6,1588.79,20,0.0,0.015,0.472,17,0.838,1,1,3.9,Yes,Bronze,Organic,West,Card,0
CUST100399,27.0,9,972.42,2,1458.63,55,1.0,0.028,0.33,6,0.406,2,1,4.6,Yes,Bronze,Organic,East,Card,1
CUST102310,42.0,36,2784.55,2,4176.83,58,1.0,0.09,0.509,7,0.923,0,0,3.6,No,Silver,Paid Search,West,COD,1
CUST100882,23.0,28,2922.33,2,,11,2.0,0.127,0.289,12,0.865,0,1,4.4,No,Silver,Organic,West,UPI,0
CUST104973,18.0,11,1935.43,4,1451.57,35,0.0,0.124,0.138,11,0.598,1,0,4.3,No,Bronze,Social,North,UPI,0
CUST102897,35.0,31,1281.84,5,769.1,11,2.0,0.171,0.175,14,0.517,0,0,3.4,No,Bronze,Social,Central,COD,0
CUST101352,21.0,8,1918.29,5,1150.97,78,0.0,0.116,0.129,9,0.571,2,2,4.9,Yes,Gold,Paid Search,South,Card,0
CUST102742,26.0,22,1149.97,6,574.98,12,1.0,0.139,0.232,7,0.9,0,0,4.1,Yes,Silver,Organic,South,UPI,0
CUST104550,44.0,28,1708.36,5,1025.02,29,1.0,0.052,0.583,7,0.641,1,1,2.5,Yes,Silver,Organic,West,COD,0
CUST102130,35.0,22,3801.99,7,,43,0.0,0.051,0.645,11,0.572,1,1,4.2,Yes,Gold,Organic,Central,UPI,0
CUST100982,36.0,75,1579.63,2,2369.45,48,1.0,0.068,0.636,8,0.6,0,0,5.0,Yes,Silver,Paid Search,South,Card,1
CUST100456,45.0,31,2998.77,6,1499.38,18,,0.344,0.283,19,0.581,0,0,2.8,Yes,Gold,Organic,Central,UPI,0
CUST104119,27.0,13,2771.99,2,4157.98,40,1.0,0.068,0.726,8,0.398,0,0,3.8,No,Silver,Organic,South,Wallet,0
CUST101079,48.0,32,6909.55,1,6000.0,24,,0.057,0.038,11,0.834,0,0,3.3,No,Silver,Social,West,NetBanking,0
CUST101950,35.0,8,1199.02,1,3597.06,53,0.0,0.115,0.549,13,0.77,1,2,3.5,Yes,Gold,Referral,West,NetBanking,1
CUST104314,34.0,18,2040.86,3,2040.86,37,2.0,0.069,0.281,8,0.61,1,0,3.7,Yes,Silver,Referral,North,UPI,0
CUST100689,30.0,10,2373.69,1,6000.0,35,0.0,0.025,0.069,13,,0,0,3.2,Yes,Bronze,Paid Search,East,UPI,0
CUST102429,52.0,24,1634.32,1,4902.96,53,0.0,0.103,0.487,11,0.734,1,3,4.4,Yes,Silver,Paid Search,East,Card,1
CUST100641,41.0,30,1958.72,2,2938.08,31,0.0,0.039,0.163,11,0.704,0,1,3.4,No,Platinum,Social,Central,UPI,0
CUST102392,18.0,26,2154.21,3,2154.21,60,1.0,0.054,0.179,7,0.547,0,0,3.0,Yes,Silver,Referral,West,,0
CUST101953,27.0,31,1786.59,5,1071.95,47,0.0,0.005,0.466,11,0.54,0,1,5.0,Yes,Bronze,Partner,Central,UPI,0
CUST102748,32.0,55,2290.61,2,3435.92,5,2.0,0.122,0.577,12,0.754,0,1,3.9,No,Bronze,Referral,West,Card,0
CUST104313,36.0,9,1705.66,4,1279.25,39,0.0,0.038,0.414,11,0.877,0,1,4.1,No,Silver,Partner,West,NetBanking,0
CUST103435,39.0,14,3291.5,5,1974.9,64,0.0,0.19,0.298,15,0.948,0,2,4.7,Yes,Bronze,Partner,West,Card,0
CUST103336,32.0,30,5552.47,5,3331.48,82,1.0,0.233,0.506,10,,0,0,2.2,Yes,Gold,Paid Search,East,Card,0
CUST104766,24.0,10,1327.08,4,995.31,16,4.0,0.058,0.752,10,0.839,0,0,3.9,Yes,Bronze,Partner,Central,Card,0
CUST103370,31.0,9,1174.47,3,,40,0.0,0.015,0.103,12,0.645,1,2,5.0,Yes,Gold,Referral,West,UPI,0
CUST101884,18.0,2,2013.11,4,1509.83,65,0.0,0.099,0.657,3,0.682,2,1,4.2,Yes,Bronze,Referral,East,Card,0
CUST100389,20.0,80,1677.6,9,559.2,38,3.0,0.168,0.32,10,0.752,1,1,3.3,Yes,Platinum,Paid Search,North,NetBanking,1
CUST102494,45.0,8,2641.57,4,1981.18,74,2.0,0.053,0.261,5,0.691,0,1,3.2,Yes,Silver,Paid Search,East,Card,0
CUST103878,21.0,35,1878.98,4,1409.24,55,5.0,0.114,0.19,7,0.734,1,2,4.5,Yes,Bronze,Organic,West,Card,0
CUST103856,23.0,39,5388.47,4,4041.35,133,0.0,0.149,0.251,13,0.754,0,0,3.9,Yes,Silver,Paid Search,North,Card,0
CUST100845,38.0,16,1780.03,3,1780.03,55,3.0,0.094,0.364,11,0.488,0,1,3.5,Yes,Silver,Email,South,NetBanking,1
CUST100542,36.0,9,1821.83,2,2732.74,69,1.0,0.217,0.552,7,0.445,0,1,4.8,Yes,Bronze,Referral,East,COD,0
CUST100091,33.0,19,1847.03,8,692.64,102,2.0,0.071,0.613,12,0.826,0,4,2.9,Yes,Silver,Organic,West,UPI,1
CUST103889,27.0,12,984.43,3,984.43,85,0.0,0.097,0.667,16,0.688,0,2,4.1,No,Platinum,Paid Search,East,UPI,1
CUST101979,39.0,20,4852.74,3,4852.74,19,0.0,0.024,0.243,7,0.965,0,1,4.2,No,Bronze,Partner,North,UPI,0
CUST102812,30.0,33,481.58,4,361.18,10,1.0,0.053,0.163,13,0.659,0,2,4.1,No,Gold,Email,North,COD,0
CUST104082,35.0,21,1065.16,4,798.87,101,1.0,0.35,0.334,10,0.369,0,0,3.4,Yes,Bronze,Organic,West,UPI,1
CUST102902,44.0,17,2613.21,8,979.95,53,2.0,0.195,0.721,10,0.641,2,0,4.4,No,Bronze,Organic,East,NetBanking,0
CUST102529,29.0,10,5523.59,0,884.83,46,2.0,0.031,0.441,9,0.478,0,0,3.9,Yes,Bronze,Partner,West,COD,0
CUST101676,44.0,9,1711.15,3,1711.15,19,1.0,0.114,0.541,8,0.805,0,2,3.1,No,Bronze,Referral,West,UPI,0
CUST101048,24.0,38,739.43,7,316.9,52,3.0,0.013,0.152,5,0.396,0,1,4.4,Yes,Silver,Email,East,Card,1
CUST101960,36.0,8,904.84,3,904.84,30,2.0,0.028,0.473,15,0.727,0,0,3.2,Yes,Silver,Organic,East,UPI,0
CUST102530,45.0,18,638.66,2,957.99,24,1.0,0.053,0.265,11,,1,1,3.7,Yes,Bronze,Referral,North,Card,0
CUST103992,31.0,23,1854.32,5,1112.59,45,1.0,0.061,0.334,7,0.758,0,1,1.8,Yes,Bronze,Paid Search,North,Card,0
CUST100237,32.0,16,1988.38,3,1988.38,99,0.0,0.048,0.255,7,0.607,0,0,4.3,Yes,Bronze,Social,East,Card,0
CUST103097,27.0,7,1704.15,2,2556.23,54,1.0,0.059,0.178,9,0.878,0,1,3.4,Yes,Gold,,East,UPI,0
CUST103488,35.0,7,1794.59,3,1794.59,12,3.0,0.033,0.384,9,0.407,2,3,3.5,No,Silver,Paid Search,South,Card,0
CUST101133,48.0,27,1936.76,4,,77,1.0,0.042,0.214,15,0.492,1,0,3.6,No,Silver,Organic,West,Card,0
CUST101805,18.0,17,1674.49,6,837.24,75,2.0,0.084,0.295,8,0.792,0,0,4.2,Yes,Gold,Paid Search,East,COD,1
CUST104317,29.0,37,2873.74,5,1724.24,95,2.0,0.183,0.337,16,0.773,0,1,3.9,Yes,Bronze,Referral,East,UPI,0
CUST100163,26.0,20,2014.54,4,1510.9,32,3.0,0.037,0.708,7,0.432,0,0,2.8,Yes,Bronze,Organic,Central,NetBanking,0
CUST103492,31.0,20,974.49,1,2923.47,43,0.0,0.006,0.508,8,0.642,0,1,3.9,No,Gold,Organic,South,Wallet,1
CUST104709,40.0,57,1787.88,5,1072.73,47,1.0,0.093,0.268,8,0.449,0,1,3.0,Yes,Silver,Paid Search,South,Card,0
CUST104630,18.0,11,1787.65,4,1340.74,75,1.0,0.07,0.457,7,0.562,0,2,4.1,No,Silver,Paid Search,South,UPI,1
CUST103453,41.0,13,2767.54,4,2075.65,30,1.0,0.06,0.492,8,0.602,0,2,4.5,Yes,Bronze,Referral,Central,Card,1
CUST103199,30.0,49,2211.21,4,1658.41,35,2.0,0.023,0.316,14,0.705,0,0,4.6,Yes,Silver,Organic,South,NetBanking,1
CUST103634,32.0,19,1075.48,2,1613.22,61,4.0,0.017,0.256,9,0.811,1,3,4.2,Yes,Gold,Paid Search,Central,Card,0
CUST103939,49.0,32,2289.18,2,3433.77,36,0.0,0.103,0.615,10,0.687,0,0,3.8,Yes,Bronze,Paid Search,South,Card,0
CUST101811,18.0,34,825.67,0,1369.43,26,1.0,0.058,0.378,9,0.631,1,0,4.3,Yes,Gold,Paid Search,West,UPI,1
CUST103649,35.0,30,1358.5,5,815.1,116,2.0,0.028,0.709,6,0.637,0,0,4.1,Yes,Platinum,Partner,Central,COD,1
CUST104049,35.0,28,1991.16,3,1991.16,27,2.0,0.091,0.573,11,0.572,1,0,3.9,Yes,Silver,Referral,West,UPI,0
CUST101428,41.0,13,2152.32,7,922.42,43,0.0,0.053,0.599,5,0.797,0,0,,No,Bronze,Social,West,Card,1
CUST103613,29.0,10,1506.23,2,2259.35,50,2.0,0.159,0.442,5,0.744,1,0,2.8,No,Gold,Organic,East,COD,0
CUST103131,27.0,28,1282.43,1,3847.29,8,0.0,0.008,0.277,4,0.878,0,0,3.5,Yes,Silver,Organic,North,Card,0
CUST103396,25.0,19,3104.11,3,3104.11,36,0.0,0.023,0.238,8,0.717,0,2,,Yes,Gold,Referral,West,Card,0
CUST104460,38.0,14,2375.04,3,2375.04,29,2.0,0.113,0.598,13,0.493,0,1,4.3,No,Bronze,Organic,Central,Card,0
CUST104649,32.0,31,5343.95,3,5343.95,64,2.0,0.169,0.324,4,0.696,1,1,4.5,Yes,Bronze,Paid Search,East,Card,1
CUST102820,19.0,12,2830.66,4,2123.0,50,1.0,0.087,0.38,3,,0,3,2.7,Yes,Gold,Organic,Central,UPI,0
CUST101452,33.0,5,2202.94,2,3304.41,37,0.0,0.048,0.138,7,0.877,0,1,3.7,Yes,Silver,Organic,West,Wallet,0
CUST100593,18.0,54,2864.52,8,1074.2,26,1.0,0.126,0.275,11,0.599,0,1,2.7,No,Silver,Partner,West,UPI,0
CUST100041,39.0,21,1824.72,7,782.02,128,1.0,0.092,0.56,7,0.608,0,1,2.9,No,Bronze,Partner,East,Card,1
CUST100560,33.0,62,1965.88,3,1965.88,28,0.0,0.111,0.112,12,0.552,0,1,4.6,Yes,Gold,Organic,Central,UPI,0
CUST103273,30.0,21,844.98,6,422.49,57,0.0,0.058,0.136,14,0.853,1,1,3.2,Yes,Silver,Paid Search,North,NetBanking,0
CUST103244,39.0,24,1893.21,5,1135.93,47,0.0,0.14,0.275,7,0.485,0,0,3.9,No,Gold,Paid Search,North,COD,0
CUST100243,19.0,20,5630.53,5,3378.32,70,0.0,0.154,0.432,8,0.595,0,1,3.6,Yes,Bronze,Social,South,UPI,1
CUST101339,32.0,11,2416.87,1,6000.0,53,2.0,0.038,0.703,18,0.457,0,1,5.0,Yes,Bronze,Partner,West,NetBanking,0
CUST102780,49.0,43,3668.98,4,2751.74,131,3.0,0.146,0.31,9,0.908,0,2,2.7,Yes,Silver,Referral,South,UPI,1
CUST103187,27.0,22,1668.24,5,1000.94,25,1.0,0.072,0.454,19,0.568,0,1,2.5,Yes,Silver,Email,East,UPI,0
CUST103799,34.0,11,2248.21,2,3372.32,75,1.0,0.056,0.098,12,0.791,0,1,4.2,No,Silver,Paid Search,South,Card,1
CUST101442,20.0,34,935.56,1,2806.68,95,4.0,0.056,0.489,7,0.756,0,0,4.8,No,Silver,Organic,South,Card,0
CUST100261,31.0,33,1797.93,7,770.54,2,4.0,0.083,0.739,11,0.733,0,1,3.6,Yes,Bronze,Organic,West,Card,0
CUST102764,29.0,13,809.12,2,1213.68,29,3.0,0.034,0.529,9,0.669,1,1,4.1,No,Bronze,Organic,South,COD,1
CUST101689,43.0,15,4463.34,3,4463.34,118,1.0,0.024,0.208,8,0.808,1,0,3.7,Yes,Bronze,Organic,South,UPI,0
CUST101725,35.0,11,3603.33,7,1544.28,18,2.0,0.087,0.442,12,0.782,0,2,4.5,No,Bronze,Social,West,Card,0
CUST104792,41.0,17,2527.73,3,2527.73,2,2.0,0.11,0.445,12,0.802,0,1,4.9,No,Silver,Organic,East,Wallet,0
CUST100834,26.0,62,2581.2,2,3871.8,74,1.0,0.151,0.436,12,0.776,0,0,5.0,Yes,Bronze,Referral,North,UPI,0
CUST101866,32.0,25,3420.02,7,1465.72,49,4.0,0.078,0.489,12,0.621,0,0,4.9,Yes,Silver,Partner,Central,UPI,0
CUST102496,33.0,20,2715.74,8,1018.4,15,0.0,0.102,0.327,12,0.789,2,1,4.4,Yes,Bronze,Social,North,Card,0
CUST102010,21.0,28,688.89,1,2066.67,20,2.0,0.166,0.221,13,0.641,0,2,3.8,No,Bronze,Referral,East,Card,0
CUST100340,18.0,5,1749.61,9,583.2,74,5.0,0.032,0.288,16,0.669,0,1,3.3,Yes,Bronze,Social,West,Wallet,1
CUST102988,36.0,10,3556.49,4,2667.37,57,1.0,0.056,0.418,14,0.744,0,1,3.5,Yes,Bronze,Social,South,COD,0
CUST101601,45.0,7,2306.14,5,1383.68,33,0.0,0.08,0.586,6,0.293,1,0,3.6,Yes,Silver,Paid Search,West,Card,0
CUST103875,38.0,14,1936.67,7,830.0,50,0.0,0.068,0.575,6,0.854,0,0,4.4,Yes,Bronze,Partner,Central,Card,0
CUST104694,33.0,3,3218.1,3,3218.1,16,0.0,0.049,0.185,6,0.396,0,1,3.8,Yes,Bronze,Paid Search,West,,0
CUST100480,36.0,6,1730.86,3,1730.86,9,1.0,0.029,0.053,10,,1,0,4.0,No,Bronze,Paid Search,East,UPI,0
CUST102825,33.0,15,2007.22,5,1204.33,65,1.0,0.118,0.282,12,0.893,0,0,3.2,No,Gold,Paid Search,North,NetBanking,0
CUST104329,18.0,36,1151.78,3,1151.78,61,1.0,0.131,0.284,8,0.697,0,0,3.5,No,Platinum,Partner,East,COD,1
CUST103540,36.0,28,3799.69,4,2849.77,31,0.0,0.044,0.1,8,0.673,1,1,5.0,Yes,Platinum,Paid Search,West,NetBanking,0
CUST104638,29.0,7,,1,4675.02,22,1.0,0.06,0.487,2,0.921,0,1,4.3,No,Silver,Organic,South,Card,1
CUST103046,39.0,11,3390.46,4,2542.85,70,2.0,0.087,0.671,6,0.731,0,0,3.6,Yes,Bronze,Paid Search,West,Card,1
CUST103990,37.0,31,2612.07,8,979.53,19,0.0,0.043,0.268,7,0.706,2,1,4.4,No,Bronze,Organic,East,Wallet,0
CUST101766,22.0,21,1739.21,7,745.38,88,2.0,0.175,0.137,9,0.483,0,1,4.4,Yes,Gold,Social,Central,COD,0
CUST104473,,4,3069.56,5,1841.74,33,1.0,0.084,0.453,13,0.624,0,1,2.8,Yes,Gold,Social,South,UPI,0
CUST102453,26.0,17,2902.28,3,2902.28,18,1.0,0.011,0.43,6,0.773,0,1,3.8,Yes,Silver,Paid Search,North,UPI,0
CUST102877,29.0,5,750.43,5,450.26,24,0.0,0.05,0.129,13,0.74,0,0,5.0,Yes,Bronze,Organic,Central,Wallet,0
CUST103815,27.0,29,3743.42,7,1604.32,74,,0.105,0.229,9,0.888,1,0,3.4,No,Silver,Partner,South,Card,0
CUST104016,49.0,23,3012.28,3,3012.28,27,0.0,0.083,0.381,7,0.84,1,0,1.8,Yes,Bronze,Partner,West,UPI,0
CUST104677,42.0,13,5089.88,2,6000.0,79,0.0,0.087,0.379,11,0.697,0,0,2.2,Yes,Bronze,Social,West,Card,0
CUST103679,35.0,13,2087.36,6,1043.68,58,1.0,0.037,0.726,10,0.744,0,2,4.5,No,Bronze,Partner,East,UPI,1
CUST101271,48.0,30,1957.62,7,838.98,49,0.0,0.028,0.301,7,0.496,0,1,4.6,Yes,Gold,Paid Search,East,UPI,0
CUST103077,18.0,16,4266.6,5,2559.96,87,0.0,0.046,0.279,12,0.815,1,1,3.5,Yes,Bronze,Organic,South,Wallet,0
CUST104501,45.0,15,2270.24,4,1702.68,85,1.0,0.05,0.287,8,0.527,0,2,3.5,Yes,Gold,Referral,West,Card,0
CUST103094,52.0,55,2709.39,5,1625.63,66,0.0,0.121,0.602,8,0.302,0,1,4.0,No,Bronze,Paid Search,South,NetBanking,0
CUST104653,30.0,48,2114.85,3,2114.85,41,3.0,0.036,0.691,15,0.583,0,1,2.5,No,Platinum,Paid Search,North,Card,0
CUST100347,40.0,57,1611.42,2,2417.13,40,0.0,0.224,0.338,14,0.804,0,2,4.1,Yes,Silver,Organic,South,UPI,0
CUST103881,48.0,48,8000.0,0,757.0,45,0.0,0.115,0.143,9,0.426,2,0,2.2,No,Bronze,Social,West,Wallet,1
CUST104623,42.0,30,1881.55,5,1128.93,20,1.0,0.011,0.032,11,0.86,1,0,4.7,Yes,Silver,Partner,West,Card,1
CUST102562,47.0,38,2639.47,3,2639.47,38,1.0,0.046,0.39,8,0.945,0,0,3.3,No,Bronze,Paid Search,West,UPI,0
CUST104590,42.0,17,2770.84,3,2770.84,72,0.0,0.05,0.495,11,0.668,0,2,2.4,Yes,Platinum,,East,Card,1
CUST101423,48.0,15,766.42,7,328.47,60,2.0,0.04,0.238,8,0.448,2,0,2.8,No,Gold,Referral,West,UPI,0
CUST100656,25.0,56,1156.9,4,867.68,62,2.0,0.048,0.762,7,0.448,0,1,4.5,Yes,Platinum,Paid Search,Central,UPI,0
CUST102102,27.0,11,2021.07,4,1515.8,85,,0.042,0.063,7,0.697,0,1,4.0,No,Bronze,Social,Central,COD,0
CUST100632,30.0,20,1348.2,5,808.92,18,1.0,0.157,0.486,10,0.787,1,0,3.5,Yes,Gold,Partner,South,Wallet,0
CUST102892,33.0,67,,4,2460.29,18,3.0,0.061,0.393,5,0.548,2,1,4.3,Yes,Gold,Email,East,UPI,1
CUST102493,26.0,22,2494.73,3,2494.73,62,1.0,0.033,0.659,11,0.895,0,0,4.7,Yes,Silver,Paid Search,West,Wallet,0
CUST102665,35.0,10,991.03,2,1486.54,74,0.0,0.063,0.342,8,0.667,0,0,2.9,Yes,Silver,Partner,South,UPI,0
CUST104015,33.0,13,1161.73,6,,97,0.0,0.092,0.272,9,0.697,0,3,3.3,No,Gold,Paid Search,North,Card,1
CUST103662,30.0,6,1824.47,0,1796.54,22,2.0,0.095,0.217,8,0.804,1,3,3.1,Yes,Bronze,Email,Central,UPI,0
CUST103307,41.0,22,3639.44,7,1559.76,43,0.0,0.074,0.145,8,0.616,1,1,3.4,No,Silver,Referral,North,UPI,0
CUST103096,47.0,16,4819.74,3,4819.74,12,2.0,0.089,0.159,15,0.694,1,2,3.9,No,Silver,Partner,East,UPI,0
CUST103919,38.0,3,2536.74,2,3805.11,18,1.0,0.052,0.315,10,0.665,2,1,4.1,No,Gold,Paid Search,Central,UPI,0
CUST102500,40.0,24,1977.9,1,5933.7,33,1.0,0.198,0.607,8,0.874,0,0,2.9,Yes,Bronze,Paid Search,North,Card,0
CUST101465,34.0,43,1420.79,3,1420.79,42,1.0,0.098,0.272,11,0.742,0,2,3.6,Yes,Platinum,Social,North,UPI,0
CUST102833,24.0,19,2639.39,5,1583.63,32,2.0,0.069,0.315,8,0.599,0,1,3.5,No,Bronze,Social,West,UPI,0
CUST100115,29.0,16,1529.88,4,1147.41,43,2.0,0.147,0.272,7,0.743,0,1,3.2,Yes,Bronze,Paid Search,North,UPI,1
CUST101821,42.0,15,875.89,4,656.92,126,2.0,0.133,0.036,9,0.328,0,1,4.4,Yes,Silver,Organic,West,NetBanking,0
CUST101494,,4,1726.63,3,1726.63,9,1.0,0.017,0.262,9,0.305,1,0,3.1,No,Gold,Email,West,NetBanking,0
CUST102401,44.0,6,1696.48,5,1017.89,61,5.0,0.04,0.447,10,0.518,0,1,2.3,Yes,Bronze,Referral,North,UPI,0
CUST101232,22.0,12,1093.61,5,656.17,22,2.0,0.139,0.433,9,0.804,1,1,3.8,Yes,Silver,Email,Central,UPI,0
CUST102661,27.0,5,3018.76,5,1811.26,52,2.0,0.051,0.496,10,0.413,0,2,3.6,Yes,Bronze,Partner,West,UPI,1
CUST104100,40.0,44,2666.3,3,2666.3,39,1.0,0.059,0.4,12,0.708,0,0,4.1,Yes,Bronze,Social,South,UPI,0
CUST104573,38.0,20,1627.89,3,1627.89,108,1.0,0.014,0.331,5,0.828,0,0,5.0,Yes,Silver,Social,Central,Card,1
CUST101153,28.0,22,1718.04,7,736.3,93,0.0,0.076,0.079,5,0.766,0,0,4.4,Yes,Platinum,Referral,North,Card,1
CUST103848,43.0,10,1583.95,4,1187.96,67,1.0,0.29,0.266,7,0.741,1,0,2.9,Yes,Gold,Referral,North,UPI,0
CUST100057,49.0,52,2790.37,6,1395.19,90,1.0,0.131,0.121,11,0.512,0,1,3.3,Yes,Silver,Organic,West,Card,1
CUST104104,30.0,34,3708.04,3,3708.04,30,0.0,0.057,0.378,15,0.572,0,1,4.3,Yes,Bronze,Email,West,UPI,0
CUST104288,33.0,18,2805.98,8,1052.24,25,3.0,0.057,0.101,11,0.78,0,1,2.9,No,Platinum,Organic,West,Card,0
CUST104945,53.0,54,2532.25,8,949.59,42,2.0,0.054,0.114,9,0.836,0,1,3.8,No,Bronze,,North,Card,0
CUST101735,43.0,18,1974.19,4,1480.64,71,1.0,0.136,0.394,10,,0,0,4.0,Yes,Silver,Organic,South,UPI,1
CUST102196,32.0,38,1781.24,3,1781.24,59,0.0,0.061,0.121,8,0.582,0,1,,Yes,Bronze,Partner,South,UPI,0
CUST103553,18.0,14,1582.72,3,,95,3.0,0.106,0.433,7,0.9,0,0,4.1,Yes,Bronze,Referral,East,COD,1
CUST102475,34.0,9,692.72,6,346.36,37,1.0,0.022,0.567,11,,1,1,5.0,Yes,Bronze,Paid Search,Central,Card,0
CUST102564,45.0,35,609.87,6,304.94,12,0.0,0.055,0.103,7,0.849,0,0,4.8,Yes,Bronze,Referral,South,UPI,0
CUST103158,19.0,19,2919.62,7,1251.27,103,1.0,0.034,0.414,12,0.956,1,0,3.9,Yes,Bronze,Paid Search,East,COD,1
CUST104034,27.0,5,1883.45,0,2021.33,67,0.0,0.067,0.307,12,0.628,2,0,4.6,Yes,Gold,Partner,Central,UPI,0
CUST103655,37.0,7,3169.9,7,1358.53,20,0.0,0.173,0.386,8,0.553,1,0,,Yes,Silver,Social,West,Card,0
CUST100707,40.0,45,1574.06,3,1574.06,50,2.0,0.16,0.242,10,,0,0,3.5,No,Silver,Social,Central,UPI,0
CUST104280,48.0,11,2112.76,4,1584.57,55,1.0,0.116,0.599,16,0.778,0,0,5.0,Yes,Silver,Paid Search,North,,0
CUST101093,36.0,9,2576.5,2,3864.75,28,0.0,0.095,0.71,6,0.756,2,0,5.0,Yes,Bronze,Referral,West,UPI,0
CUST104839,38.0,13,4477.86,3,4477.86,62,1.0,0.085,0.275,10,0.364,2,0,5.0,Yes,Bronze,Partner,South,Wallet,0
CUST101376,40.0,6,5031.42,3,5031.42,11,0.0,0.091,0.352,9,0.825,0,2,3.7,Yes,Bronze,Organic,West,COD,0
CUST104913,,23,2003.92,5,1202.35,55,1.0,0.025,0.494,9,0.702,0,2,3.4,No,Silver,Paid Search,North,NetBanking,0
CUST100072,25.0,5,5889.36,3,5889.36,50,3.0,0.104,0.648,14,0.756,0,1,4.8,No,Bronze,Email,West,UPI,0
CUST101922,18.0,27,4665.12,1,6000.0,69,0.0,0.028,0.42,14,0.42,2,0,3.4,No,Silver,Paid Search,West,Card,0
CUST103173,34.0,10,4194.14,4,3145.61,15,0.0,0.35,0.28,10,0.735,0,0,4.7,Yes,Bronze,Organic,West,Card,1
CUST101764,23.0,48,1225.58,3,1225.58,11,0.0,0.046,0.157,6,0.884,0,0,3.6,Yes,Gold,Paid Search,South,Card,0
CUST100743,18.0,11,1653.74,2,2480.61,36,1.0,0.167,0.26,9,0.68,3,1,4.2,No,Silver,Organic,West,Card,0
CUST104318,25.0,15,1265.58,1,3796.74,51,0.0,0.009,0.66,11,0.819,0,1,3.2,Yes,Gold,Partner,South,Card,0
CUST101005,37.0,48,1714.27,1,5142.81,84,0.0,0.299,0.288,9,0.739,0,0,3.7,Yes,Bronze,Email,South,UPI,0
CUST102668,34.0,51,1352.18,2,2028.27,60,0.0,0.096,0.424,9,0.601,0,1,2.6,No,Silver,Organic,South,COD,0
CUST101190,49.0,23,1929.54,2,2894.31,106,0.0,0.118,0.317,15,0.564,2,0,4.5,Yes,Bronze,Organic,East,Card,1
CUST104631,18.0,5,1892.05,3,1892.05,8,1.0,0.049,0.268,10,0.708,0,0,2.7,No,Bronze,Organic,Central,COD,0
CUST102601,48.0,37,1019.72,2,1529.58,62,0.0,0.065,0.536,10,0.573,1,0,2.9,No,Silver,Email,Central,Card,1
CUST101125,31.0,11,4923.42,7,2110.04,42,1.0,0.029,0.57,10,0.581,0,0,3.4,Yes,Bronze,Referral,East,UPI,0
CUST101241,24.0,8,6062.21,3,6000.0,62,1.0,0.022,0.256,9,0.612,1,1,4.3,Yes,Gold,Paid Search,West,UPI,0
CUST104606,23.0,27,2008.49,5,1205.09,39,0.0,0.034,0.166,11,0.803,1,1,3.4,Yes,Gold,Referral,North,UPI,1
CUST104130,44.0,8,6534.65,3,6000.0,39,1.0,0.027,0.308,7,0.832,0,0,3.5,Yes,Bronze,Organic,West,,0
CUST103442,35.0,5,4044.82,8,1516.81,37,2.0,0.099,0.358,5,0.789,0,1,3.8,Yes,Bronze,Email,East,UPI,0
CUST100998,35.0,11,3105.19,5,1863.11,127,1.0,0.188,0.27,12,0.691,0,0,4.4,No,Bronze,Email,Central,UPI,1
CUST103386,34.0,32,832.04,3,832.04,13,0.0,0.055,0.378,7,0.749,1,1,4.1,Yes,Gold,Paid Search,South,COD,0
CUST102684,19.0,5,1444.58,5,866.75,52,1.0,0.019,0.516,8,0.712,0,0,4.5,Yes,Silver,Partner,Central,UPI,1
CUST101577,44.0,16,3277.84,1,6000.0,35,1.0,0.007,0.529,11,0.458,1,0,4.6,Yes,Bronze,Organic,South,Card,0
CUST104790,18.0,6,957.05,4,717.79,25,0.0,0.188,0.526,9,0.649,0,2,3.7,No,Bronze,Paid Search,West,UPI,0
CUST101826,43.0,20,2580.94,1,6000.0,51,0.0,0.102,0.451,13,0.805,0,1,3.0,No,Silver,Paid Search,Central,Wallet,1
CUST103292,29.0,6,1791.74,1,5375.22,42,1.0,0.231,0.144,13,0.575,1,0,,No,Bronze,Organic,East,Wallet,0
CUST104989,42.0,27,3095.49,3,3095.49,22,5.0,0.02,0.34,5,0.839,0,1,3.6,No,Gold,Email,South,COD,0
CUST103536,43.0,21,1894.82,5,1136.89,30,0.0,0.052,0.043,10,0.65,1,1,4.6,No,Platinum,Social,West,UPI,0
CUST100440,32.0,7,1745.03,5,1047.02,24,0.0,0.086,0.158,4,0.801,1,0,3.8,Yes,Silver,,West,Card,0
CUST104951,26.0,11,7928.23,7,3397.81,26,2.0,0.044,0.719,14,0.883,1,2,2.6,No,Silver,Paid Search,South,NetBanking,0
CUST101100,45.0,32,947.48,6,473.74,22,3.0,0.071,0.304,9,0.64,0,1,5.0,Yes,Silver,Social,South,UPI,1
CUST104010,38.0,10,1297.35,2,1946.02,53,1.0,0.07,0.162,12,0.871,1,1,4.6,No,Bronze,Paid Search,North,UPI,1
CUST103058,27.0,21,5528.82,4,4146.62,48,1.0,0.117,0.179,7,0.568,2,2,4.4,Yes,Silver,Organic,West,COD,1
CUST100649,30.0,37,1505.54,2,2258.31,56,0.0,0.35,0.464,11,0.669,0,0,4.4,Yes,Bronze,Paid Search,South,UPI,0
CUST101546,18.0,32,2991.13,2,4486.7,30,0.0,0.079,0.287,8,0.533,1,2,3.8,No,Gold,Paid Search,South,COD,0
CUST104756,36.0,22,1071.34,0,1442.23,49,3.0,0.04,0.24,15,0.588,0,1,4.3,No,Silver,Referral,Central,NetBanking,1
CUST103560,41.0,38,1823.72,4,1367.79,61,1.0,0.005,0.486,16,0.57,0,1,4.5,Yes,Bronze,Social,East,Wallet,0
CUST103886,24.0,14,1536.86,3,1536.86,49,1.0,0.019,0.247,10,0.737,2,1,3.2,Yes,Bronze,Referral,North,UPI,0
CUST103741,26.0,19,2651.52,5,,67,1.0,0.008,0.375,10,0.731,1,1,3.8,Yes,Bronze,Social,South,UPI,1
CUST100630,50.0,13,1771.8,6,885.9,40,4.0,0.204,0.406,11,0.718,1,1,4.5,No,Bronze,Email,North,Card,0
CUST100672,27.0,25,936.89,5,562.13,64,0.0,0.078,0.288,14,0.351,0,1,3.6,No,Silver,Paid Search,North,NetBanking,0
CUST101249,18.0,11,809.89,4,607.42,66,,0.109,0.242,12,0.889,1,1,2.7,Yes,Silver,Paid Search,South,Card,1
CUST100482,35.0,51,2647.27,1,6000.0,24,0.0,0.121,0.159,9,0.662,1,1,4.1,Yes,Silver,Paid Search,North,Wallet,0
CUST101584,33.0,55,570.42,5,342.25,95,2.0,0.043,0.62,9,0.269,0,1,3.2,Yes,Silver,Paid Search,East,UPI,1
CUST103074,47.0,47,1206.51,4,904.88,24,1.0,0.008,0.394,12,0.762,1,1,4.2,No,Bronze,Organic,West,Card,0
CUST104627,42.0,19,1152.73,3,1152.73,18,1.0,0.101,0.705,8,0.8,0,0,3.6,Yes,Bronze,Paid Search,West,Card,1
CUST103038,26.0,18,3037.61,3,3037.61,45,0.0,0.134,0.151,5,0.852,0,1,,Yes,Silver,Social,Central,Wallet,1
CUST101462,25.0,23,2168.1,5,1300.86,71,1.0,0.051,0.469,15,0.758,2,2,5.0,Yes,Silver,Email,West,UPI,0
CUST103929,26.0,9,1679.47,12,419.87,89,1.0,0.078,0.415,9,0.663,0,1,3.0,Yes,Gold,Referral,South,Card,0
CUST103621,28.0,10,1849.02,7,792.44,29,3.0,0.171,0.166,10,0.342,2,0,5.0,No,Bronze,Paid Search,West,Card,0
CUST102578,47.0,8,740.69,6,370.34,97,3.0,0.01,0.435,11,0.707,0,1,3.3,Yes,Silver,Paid Search,West,UPI,0
CUST103801,27.0,21,1777.21,4,,61,0.0,0.055,0.139,10,0.486,1,0,4.9,Yes,Gold,Social,West,NetBanking,0
CUST100049,35.0,9,857.35,8,321.51,44,1.0,0.074,0.316,5,0.772,1,0,4.4,Yes,Silver,Social,West,Wallet,0
CUST104289,38.0,36,2450.76,3,2450.76,27,1.0,0.011,0.53,7,0.761,0,0,2.9,Yes,Bronze,Paid Search,Central,Card,0
CUST103344,19.0,12,1985.19,5,1191.11,40,0.0,0.236,0.193,7,0.87,0,2,4.6,Yes,Bronze,Partner,East,UPI,0
CUST100858,18.0,13,,2,1924.35,56,1.0,0.042,0.56,1,0.763,1,0,5.0,No,Silver,Referral,West,UPI,0
CUST101072,32.0,29,3584.84,3,3584.84,32,4.0,0.14,0.4,9,0.674,0,0,4.7,Yes,Gold,Referral,West,Card,0
CUST100719,24.0,29,2693.8,5,1616.28,51,1.0,0.01,0.181,11,0.971,1,0,3.4,Yes,Bronze,Paid Search,North,Card,0
CUST103717,38.0,30,2111.49,8,791.81,43,0.0,0.086,0.334,12,0.844,0,0,3.2,Yes,Gold,Organic,North,NetBanking,1
CUST102631,24.0,37,3726.61,6,1863.3,33,2.0,0.136,0.887,11,0.801,0,1,3.6,No,Silver,Paid Search,South,UPI,0
CUST104873,22.0,39,2399.54,4,1799.66,45,0.0,0.042,0.315,12,0.631,0,0,3.3,Yes,Silver,Organic,Central,UPI,1
CUST101660,58.0,18,2251.66,5,1351.0,115,2.0,0.068,0.253,6,0.62,0,0,4.0,Yes,Bronze,Organic,East,UPI,0
CUST101656,38.0,34,2954.8,7,1266.34,32,1.0,0.141,0.094,13,0.616,1,0,2.9,No,Silver,Organic,South,UPI,0
CUST102425,45.0,17,1357.85,7,581.94,36,0.0,0.039,0.684,5,0.775,0,0,3.5,Yes,Silver,Paid Search,Central,Card,0
CUST103524,25.0,3,1778.64,3,1778.64,27,4.0,0.015,0.28,10,0.642,0,0,3.6,No,Bronze,Social,North,UPI,1
CUST104229,43.0,10,2420.82,5,1452.49,67,1.0,0.045,0.311,9,0.775,1,2,3.4,No,Bronze,Organic,North,UPI,0
CUST104974,30.0,6,1436.62,3,1436.62,24,0.0,0.222,0.269,8,0.874,0,1,4.1,Yes,Gold,Paid Search,West,NetBanking,0
CUST103309,30.0,4,764.32,7,327.57,97,0.0,0.102,0.304,13,0.93,1,0,5.0,Yes,Silver,Partner,Central,Wallet,0
CUST104476,37.0,43,2270.2,3,2270.2,80,3.0,0.107,0.116,8,0.875,0,1,3.7,Yes,Bronze,Organic,East,UPI,0
CUST103305,39.0,4,1227.36,0,990.74,83,1.0,0.014,0.199,3,0.706,0,0,5.0,Yes,Bronze,Organic,South,Wallet,1
CUST104751,37.0,14,2951.96,8,1106.99,82,2.0,0.216,0.3,9,0.531,0,0,4.1,Yes,Bronze,Organic,West,Card,0
CUST104126,44.0,41,2037.04,4,1527.78,88,0.0,0.129,0.372,5,0.584,2,1,3.7,Yes,Platinum,Social,West,Wallet,1
CUST102606,24.0,19,2833.45,5,1700.07,80,1.0,0.044,0.445,8,0.384,0,1,3.9,Yes,Silver,Email,Central,NetBanking,0
CUST101385,35.0,67,1996.38,3,1996.38,47,1.0,0.075,0.352,13,0.709,0,0,3.3,Yes,Bronze,Organic,West,Card,0
CUST103835,37.0,20,6767.99,3,6000.0,27,6.0,0.074,0.132,11,0.78,1,2,5.0,Yes,Bronze,Paid Search,West,UPI,0
CUST101399,20.0,31,2050.07,3,2050.07,17,1.0,0.056,0.551,11,0.548,0,2,2.7,Yes,Bronze,Social,North,Card,1
CUST101195,54.0,35,1485.49,7,636.64,9,2.0,0.109,0.247,8,0.652,2,2,,Yes,Bronze,Organic,East,Card,0
CUST101408,34.0,28,1608.79,7,689.48,33,0.0,0.086,0.474,13,0.662,2,0,4.3,Yes,Silver,Organic,Central,Wallet,0
CUST103824,31.0,11,4775.79,3,4775.79,118,1.0,0.117,0.23,13,0.91,2,0,2.0,No,Bronze,Organic,South,UPI,0
CUST101798,28.0,21,1042.47,4,781.85,53,3.0,0.043,0.233,17,0.937,1,0,2.8,Yes,Gold,Organic,South,COD,0
CUST101475,32.0,51,4722.14,4,3541.61,38,2.0,0.024,0.269,19,0.808,1,0,2.5,No,Gold,Referral,North,NetBanking,0
CUST104965,,19,1175.4,5,705.24,23,3.0,0.097,0.301,5,0.601,0,2,3.1,Yes,Silver,Email,North,Card,0
CUST100035,45.0,14,3074.3,5,1844.58,46,2.0,0.017,0.291,13,0.622,0,1,2.3,Yes,Silver,Referral,Central,UPI,0
CUST103541,38.0,20,2490.21,4,1867.66,20,2.0,0.068,0.707,10,,0,0,5.0,Yes,Bronze,Paid Search,North,Wallet,0
CUST102345,24.0,11,3059.57,2,4589.36,15,2.0,0.038,0.1,16,0.695,1,0,4.8,Yes,Gold,Paid Search,West,NetBanking,0
CUST104678,25.0,28,959.63,3,959.63,76,2.0,0.067,0.167,12,0.355,1,1,2.5,Yes,Bronze,Social,South,COD,1
CUST102359,50.0,26,1184.78,3,1184.78,39,0.0,0.221,0.649,13,0.739,0,2,4.5,Yes,Bronze,Organic,South,NetBanking,1
CUST102206,29.0,15,1276.59,4,957.44,68,3.0,0.156,0.28,17,0.587,0,2,4.3,Yes,Bronze,Social,North,NetBanking,0
CUST103767,38.0,21,1198.69,1,3596.07,136,1.0,0.048,0.071,10,0.584,1,0,2.8,No,Platinum,Paid Search,West,UPI,1
CUST101286,21.0,4,2506.92,3,2506.92,70,0.0,0.045,0.424,15,0.662,0,0,4.5,Yes,Bronze,Paid Search,West,NetBanking,1
CUST100349,49.0,30,3511.13,6,1755.56,21,,0.034,0.549,16,0.74,2,1,4.4,Yes,Silver,Partner,South,UPI,0
CUST102137,42.0,29,3792.41,1,6000.0,34,3.0,0.35,0.624,10,0.199,0,2,2.3,Yes,Bronze,Social,East,NetBanking,1
CUST102691,24.0,18,1094.79,4,821.09,28,0.0,0.143,0.355,10,0.456,0,0,5.0,Yes,Silver,Paid Search,South,UPI,0
CUST104560,40.0,4,1266.17,6,633.08,20,1.0,0.032,0.294,13,0.449,1,1,3.0,Yes,Silver,Paid Search,West,NetBanking,0
CUST103967,24.0,18,3468.83,4,2601.62,50,2.0,0.15,0.274,8,0.501,0,0,3.5,Yes,Silver,Paid Search,West,NetBanking,1
CUST101681,24.0,60,2314.06,2,3471.09,27,2.0,0.166,0.424,13,0.943,1,2,4.2,No,Gold,Paid Search,West,COD,0
CUST104834,18.0,28,7861.57,4,5896.18,14,1.0,0.01,0.364,13,0.585,2,1,3.2,No,Silver,Referral,South,UPI,0
CUST101443,48.0,13,1748.15,1,5244.45,55,2.0,0.058,0.366,8,0.499,0,0,3.8,No,Platinum,Email,West,Wallet,1
CUST103243,37.0,13,957.93,2,,71,3.0,0.061,0.221,11,0.893,0,0,3.4,No,Silver,Paid Search,West,UPI,0
CUST101671,18.0,21,1581.44,6,790.72,36,0.0,0.1,0.457,7,0.592,2,0,2.9,No,Silver,Organic,North,Card,0
CUST103836,40.0,9,4256.09,1,6000.0,24,2.0,0.03,0.443,22,0.539,0,1,1.9,Yes,Silver,Social,South,UPI,0
CUST101179,38.0,21,3187.81,3,3187.81,38,3.0,0.026,0.264,5,0.648,0,0,3.1,No,Gold,Organic,West,NetBanking,0
CUST102798,40.0,8,1687.61,5,1012.57,35,0.0,0.04,0.318,11,0.644,1,0,3.6,Yes,Gold,Social,East,UPI,0
CUST101692,20.0,40,2531.43,2,3797.14,8,1.0,0.027,0.464,11,0.643,2,2,4.1,No,Silver,Email,East,Wallet,0
CUST103956,26.0,29,1405.49,3,1405.49,74,0.0,0.049,0.463,10,0.626,1,1,2.3,No,Silver,Email,South,Card,1
CUST100372,43.0,32,1136.46,9,378.82,41,0.0,0.116,0.231,10,0.463,1,0,4.0,Yes,Platinum,Partner,West,Card,0
CUST103610,40.0,42,1201.33,8,450.5,17,2.0,0.064,0.54,10,0.804,1,1,3.0,Yes,Silver,Organic,East,Card,0
CUST101916,28.0,48,2567.62,0,2120.62,21,0.0,0.095,0.122,4,0.765,1,0,3.6,No,Silver,Partner,North,Wallet,1
CUST101357,29.0,8,2456.82,1,6000.0,55,3.0,0.115,0.215,14,0.493,0,0,3.3,No,Silver,Organic,North,UPI,0
CUST101825,41.0,28,2548.16,0,2289.17,67,0.0,0.028,0.324,13,0.708,1,0,3.6,Yes,Bronze,Paid Search,East,NetBanking,0
CUST100786,34.0,29,1220.74,4,915.56,36,0.0,0.08,0.331,15,0.397,0,2,,No,Silver,Paid Search,West,Card,0
CUST100469,24.0,5,1672.07,4,1254.05,24,2.0,0.081,0.271,7,0.423,0,0,2.9,No,Silver,Email,South,UPI,1
CUST100140,38.0,14,5940.14,5,3564.08,22,0.0,0.042,0.253,14,0.498,1,0,4.1,No,Silver,Referral,Central,Card,0
CUST100788,23.0,4,2105.9,7,902.53,71,2.0,0.144,0.408,10,0.64,1,0,4.3,No,Silver,Social,East,Card,1
CUST100323,42.0,31,1700.83,3,1700.83,9,1.0,0.082,0.682,9,,1,0,3.6,No,Silver,Social,West,UPI,0
CUST100050,37.0,10,1448.16,6,724.08,117,1.0,0.055,0.419,8,0.754,0,0,5.0,Yes,Platinum,Paid Search,Central,UPI,0
CUST100714,32.0,10,2499.66,5,1499.8,30,2.0,0.013,0.258,9,0.709,0,1,1.7,No,Bronze,Social,North,UPI,0
CUST104889,46.0,32,1155.65,0,1135.12,50,0.0,0.053,0.509,8,0.571,0,1,3.1,Yes,Bronze,Paid Search,South,UPI,1
CUST102840,32.0,28,1112.42,2,1668.63,36,2.0,0.112,0.63,16,0.676,1,1,4.6,Yes,Silver,Organic,West,UPI,1
CUST102446,30.0,34,624.51,5,374.71,22,1.0,0.162,0.456,9,0.746,1,0,3.8,No,Platinum,Social,East,Card,0
CUST104813,34.0,46,2848.23,4,2136.17,37,,0.047,0.123,14,0.682,1,0,4.3,No,Bronze,Referral,Central,UPI,0
CUST104419,,24,1732.53,8,649.7,50,0.0,0.025,0.516,15,0.657,1,0,5.0,Yes,Bronze,Organic,East,UPI,0
CUST104596,30.0,77,2801.52,5,1680.91,41,0.0,0.109,0.301,4,0.622,1,1,4.3,No,Silver,Partner,North,NetBanking,0
CUST103015,28.0,26,1499.14,3,1499.14,64,0.0,0.031,0.165,4,0.797,0,2,3.3,No,Bronze,Paid Search,Central,Card,1
CUST102666,30.0,7,2499.37,3,2499.37,62,3.0,0.017,0.352,8,0.674,1,1,3.7,No,Gold,Paid Search,South,UPI,0
CUST100406,33.0,13,2966.08,3,2966.08,30,1.0,0.013,0.164,17,0.428,0,0,3.1,Yes,Silver,Social,North,UPI,0
CUST103724,33.0,42,902.36,3,902.36,22,0.0,0.286,0.146,7,0.894,0,1,3.3,Yes,Platinum,Organic,South,Card,0
CUST101004,34.0,22,6072.12,1,6000.0,3,1.0,0.047,0.091,13,0.287,0,0,4.0,No,Platinum,Paid Search,North,Card,0
CUST103787,34.0,11,5417.22,4,4062.92,19,1.0,0.087,0.295,11,0.456,1,1,4.7,No,Platinum,Partner,West,NetBanking,0
CUST100890,26.0,4,1873.66,1,5620.98,61,0.0,0.17,0.334,8,0.612,1,3,5.0,No,Platinum,Organic,North,COD,0
CUST102411,50.0,15,1689.86,2,2534.79,10,1.0,0.273,0.359,14,0.71,0,1,3.2,Yes,Bronze,Social,West,Card,0
CUST102545,29.0,15,2429.91,4,1822.43,38,0.0,0.222,0.071,15,0.601,1,3,2.7,Yes,Bronze,Referral,North,Card,0
CUST104833,26.0,33,1269.41,6,634.71,22,,0.083,0.273,9,0.873,0,2,2.6,No,Platinum,Partner,Central,UPI,0
CUST102390,18.0,6,2108.56,1,6000.0,126,1.0,0.143,0.376,8,0.551,0,1,3.4,Yes,Bronze,Organic,West,Card,1
CUST103940,35.0,50,1663.71,3,1663.71,23,0.0,0.223,0.5,16,0.322,0,1,4.2,Yes,Bronze,Email,South,UPI,0
CUST100042,27.0,31,948.59,3,948.59,36,0.0,0.018,0.288,12,0.529,0,1,5.0,Yes,Bronze,Social,North,UPI,0
CUST102830,25.0,8,1713.92,3,1713.92,29,1.0,0.018,0.618,9,0.728,0,2,3.4,Yes,Silver,Social,West,NetBanking,0
CUST103965,26.0,11,698.73,6,349.36,59,1.0,0.103,0.601,15,0.878,0,0,4.9,Yes,Bronze,Social,South,COD,0
CUST100303,31.0,30,2710.53,9,903.51,50,1.0,0.129,0.711,6,0.638,0,0,4.1,Yes,Gold,Partner,South,UPI,0
CUST104513,27.0,21,2983.52,4,2237.64,36,1.0,0.173,0.537,7,0.608,0,1,4.6,Yes,Bronze,Organic,North,COD,1
CUST103747,43.0,17,1127.86,2,1691.79,13,1.0,0.058,0.27,14,0.76,3,2,4.5,Yes,Silver,Referral,West,UPI,0
CUST100664,33.0,47,5976.28,2,6000.0,49,1.0,0.102,0.736,10,0.6,1,2,3.6,Yes,Bronze,Social,South,NetBanking,0
CUST101177,35.0,15,2001.83,6,1000.92,12,1.0,0.095,0.415,9,0.814,0,2,3.6,No,Bronze,Partner,Central,UPI,0
CUST102676,50.0,14,2316.21,2,,33,1.0,0.045,0.332,6,0.951,0,2,4.3,Yes,Silver,Social,North,Card,0
CUST101947,25.0,28,2278.77,3,2278.77,24,1.0,0.073,0.08,9,0.587,1,1,3.1,No,Silver,Paid Search,North,UPI,0
CUST102501,36.0,28,1499.25,4,1124.44,55,0.0,0.114,0.553,8,0.66,0,0,3.6,Yes,Platinum,Paid Search,South,Card,1
CUST101473,18.0,10,3632.55,1,6000.0,63,0.0,0.053,0.363,10,0.789,0,0,3.8,No,Gold,Organic,West,Card,0
CUST103483,47.0,33,1624.27,6,812.13,32,0.0,0.028,0.414,6,0.87,2,0,4.2,Yes,Bronze,Partner,South,UPI,0
CUST103520,27.0,19,1438.74,7,616.6,20,0.0,0.047,0.375,9,0.762,0,1,3.3,Yes,Bronze,Organic,North,Card,0
CUST102132,30.0,20,3866.64,3,3866.64,18,1.0,0.071,0.273,9,0.554,0,1,2.7,No,Bronze,Email,South,UPI,0
CUST101026,18.0,13,2322.73,3,2322.73,43,0.0,0.041,0.496,9,0.295,0,1,2.8,Yes,Bronze,Social,North,NetBanking,1
CUST100961,35.0,7,591.69,1,1775.07,49,1.0,0.064,0.413,9,0.807,3,2,4.0,Yes,Platinum,Paid Search,North,Card,1
CUST102889,31.0,15,4077.27,4,3057.95,22,0.0,0.078,0.551,10,0.578,0,0,2.7,No,Silver,Paid Search,North,COD,0
CUST103134,29.0,12,2383.67,3,2383.67,62,1.0,0.07,0.281,4,0.495,1,0,3.1,Yes,Silver,Organic,East,COD,0
CUST102009,40.0,9,1792.96,4,1344.72,14,0.0,0.154,0.503,14,0.714,0,1,3.3,No,Platinum,Organic,North,NetBanking,0
CUST102149,35.0,53,1963.56,6,981.78,63,2.0,0.161,0.115,10,0.542,1,0,3.3,Yes,Silver,Referral,South,Card,1
CUST103323,42.0,15,1252.46,9,417.49,69,2.0,0.207,0.444,7,0.831,0,0,2.7,Yes,Bronze,Paid Search,East,UPI,0
CUST102338,44.0,17,1240.51,2,1860.76,21,4.0,0.147,0.174,9,0.5,0,0,2.6,Yes,Bronze,Paid Search,South,Card,0
CUST103888,31.0,48,2550.28,3,2550.28,40,0.0,0.095,0.262,9,0.642,2,2,3.4,Yes,Silver,Paid Search,West,UPI,1
CUST100304,33.0,18,931.37,4,698.53,123,1.0,0.118,0.166,11,0.773,0,0,3.2,Yes,Silver,Social,North,NetBanking,1
CUST101440,,33,3174.56,6,1587.28,106,0.0,0.017,0.17,9,0.469,0,0,3.2,No,Gold,Partner,West,NetBanking,1
CUST101496,37.0,5,2497.59,4,1873.19,26,0.0,0.049,0.28,12,,0,0,3.9,Yes,Silver,Email,West,Card,0
CUST102652,47.0,22,2443.81,5,1466.29,25,0.0,0.137,0.293,10,0.706,0,0,4.1,No,Gold,Organic,South,UPI,0
CUST102875,18.0,17,2070.5,6,1035.25,64,1.0,0.005,0.304,9,0.513,1,2,4.0,Yes,Platinum,Social,North,UPI,1
CUST100916,48.0,46,1992.17,2,2988.26,57,3.0,0.026,0.22,7,0.816,1,2,4.6,Yes,Platinum,Email,West,COD,0
CUST104182,20.0,13,1214.36,6,607.18,10,,0.074,0.25,9,0.818,1,1,4.1,Yes,Silver,Social,West,NetBanking,0
CUST103721,41.0,18,1469.0,4,1101.75,65,2.0,0.043,0.414,6,0.857,0,0,3.4,No,Bronze,Organic,West,Card,0
CUST102772,32.0,43,2230.04,2,3345.06,38,1.0,0.188,0.02,14,0.726,1,0,3.6,Yes,Bronze,Referral,East,NetBanking,0
CUST101624,36.0,20,2293.5,4,1720.12,33,1.0,0.099,0.555,15,0.719,0,0,2.9,Yes,Silver,Partner,South,Card,0
CUST103837,33.0,13,2428.26,5,1456.96,55,1.0,0.317,0.234,11,,0,2,4.0,Yes,Bronze,Partner,East,UPI,0
CUST100821,48.0,9,2108.6,3,2108.6,54,1.0,0.033,0.158,8,0.646,0,1,4.2,Yes,Bronze,Email,West,UPI,1
CUST103964,32.0,11,4144.02,1,6000.0,69,0.0,0.172,0.371,7,0.657,0,2,4.0,Yes,Platinum,Organic,West,Card,1
CUST101354,53.0,22,2441.27,3,2441.27,18,1.0,0.243,0.422,10,0.873,1,0,4.1,No,Silver,Social,Central,Wallet,0
CUST104497,18.0,18,763.86,4,572.9,89,1.0,0.074,0.403,10,0.568,0,1,3.8,Yes,Bronze,Referral,Central,UPI,1
CUST100850,30.0,14,615.55,4,461.66,98,2.0,0.224,0.187,10,0.778,0,1,3.4,Yes,Gold,Paid Search,Central,Card,1
CUST101000,33.0,5,1486.28,6,743.14,33,0.0,0.082,0.334,9,0.514,1,0,2.9,Yes,Bronze,Organic,East,UPI,0
CUST103377,31.0,18,4521.25,4,3390.94,59,2.0,0.051,0.16,7,0.727,0,0,4.0,No,Gold,Paid Search,East,Card,0
CUST100018,43.0,11,2222.45,5,1333.47,45,2.0,0.081,0.432,10,0.458,0,1,3.2,Yes,Bronze,Organic,North,UPI,0
CUST101637,44.0,17,1653.99,5,992.39,17,1.0,0.139,0.343,7,0.803,0,1,4.3,Yes,Silver,Partner,West,UPI,0
CUST101667,34.0,15,903.96,7,387.41,22,1.0,0.024,0.257,9,0.653,0,1,3.0,Yes,Silver,Paid Search,East,UPI,0
CUST100493,39.0,2,1420.47,4,1065.35,37,2.0,0.18,0.043,9,0.88,1,0,5.0,Yes,Bronze,Organic,Central,NetBanking,0
CUST101347,27.0,15,2988.84,2,4483.26,39,2.0,0.246,0.474,12,0.773,1,1,3.4,Yes,Bronze,Paid Search,South,Card,0
CUST103727,40.0,18,2812.82,5,1687.69,38,2.0,0.067,0.348,11,0.682,0,0,3.6,Yes,Bronze,Organic,North,UPI,0
CUST104825,27.0,27,1401.33,3,1401.33,36,1.0,0.061,0.506,10,0.63,0,1,3.9,Yes,Bronze,Social,North,Card,1
CUST103614,18.0,25,3682.9,3,3682.9,34,0.0,0.172,0.434,11,0.7,0,0,3.5,No,Bronze,Social,South,Card,0
CUST103481,43.0,8,3291.9,3,3291.9,105,2.0,0.112,0.481,10,0.696,0,1,4.5,Yes,Gold,Paid Search,North,Card,1
CUST100687,49.0,31,3132.5,2,4698.75,51,0.0,0.077,0.504,9,0.528,0,2,3.9,No,Bronze,Paid Search,South,Wallet,0
CUST103731,41.0,17,3334.0,5,2000.4,55,1.0,0.35,0.328,12,0.831,0,1,4.3,Yes,Bronze,Organic,South,Card,0
CUST101608,32.0,18,1355.05,2,2032.57,34,1.0,0.022,0.509,11,0.813,1,2,3.8,No,Bronze,Social,North,Card,0
CUST104084,44.0,7,2947.32,1,6000.0,22,1.0,0.247,0.543,9,0.359,0,2,3.2,No,Silver,Organic,Central,COD,1
CUST103402,27.0,14,1277.96,1,3833.88,37,0.0,0.038,0.675,15,0.87,1,0,3.5,Yes,Platinum,,West,UPI,0
CUST101009,38.0,6,1468.0,8,550.5,33,1.0,0.105,0.248,7,0.687,0,1,4.2,Yes,Bronze,Paid Search,South,UPI,0
CUST102408,18.0,19,1559.41,5,935.65,40,0.0,0.044,0.453,14,0.699,0,1,4.0,Yes,Gold,Social,North,UPI,0
CUST101092,42.0,9,3966.25,2,5949.38,82,0.0,0.019,0.132,7,0.901,1,0,,Yes,Silver,Referral,Central,COD,0
CUST101327,18.0,39,1632.59,1,4897.77,11,0.0,0.079,0.292,5,0.681,1,3,5.0,Yes,Bronze,Paid Search,West,UPI,0
CUST101677,38.0,14,1730.12,3,1730.12,39,0.0,0.017,0.329,10,0.506,2,0,3.0,Yes,Bronze,Referral,Central,UPI,0
CUST101999,56.0,12,3676.6,2,5514.9,30,1.0,0.125,0.047,8,0.884,0,0,3.7,No,Bronze,Email,Central,UPI,0
CUST101310,22.0,4,1321.0,2,1981.5,58,2.0,0.075,0.684,12,0.684,0,1,3.2,Yes,Silver,Partner,East,Card,0
CUST103258,25.0,10,1501.72,4,1126.29,63,1.0,0.062,0.514,20,0.722,1,0,4.4,No,Silver,Paid Search,East,UPI,0
CUST101987,26.0,14,,5,304.39,39,1.0,0.118,0.41,12,0.583,1,2,4.0,No,Gold,Paid Search,North,UPI,0
CUST103648,48.0,47,1342.5,5,805.5,22,1.0,0.016,0.452,15,0.639,1,1,3.5,Yes,Bronze,Organic,East,UPI,0
CUST100344,50.0,9,1541.65,2,2312.48,60,0.0,0.148,0.214,11,0.59,0,1,5.0,Yes,Silver,Social,Central,UPI,0
CUST104482,38.0,9,2322.13,5,1393.28,86,0.0,0.046,0.657,16,0.73,1,2,4.3,No,Silver,Partner,West,NetBanking,0
CUST100986,20.0,62,3274.67,5,1964.8,10,1.0,0.171,0.373,11,0.576,0,0,2.8,Yes,Bronze,Organic,South,Card,0
CUST104544,40.0,26,1460.44,4,1095.33,47,2.0,0.112,0.352,6,0.628,0,0,4.3,Yes,Bronze,Social,West,Wallet,0
CUST103807,36.0,17,2464.52,4,1848.39,38,2.0,0.067,0.303,15,0.722,0,0,3.9,Yes,Gold,Paid Search,North,Card,0
CUST104523,35.0,15,1634.82,5,980.89,69,2.0,0.18,0.33,18,0.464,2,0,5.0,No,Silver,Organic,East,COD,1
CUST104002,37.0,15,3194.17,7,1368.93,45,1.0,0.309,0.319,7,0.705,1,1,3.1,Yes,Silver,Paid Search,West,Card,1
CUST103091,27.0,24,1826.08,7,782.61,19,3.0,0.08,0.628,12,0.925,0,0,4.6,Yes,Gold,Email,South,UPI,0
CUST103961,47.0,40,1780.27,3,1780.27,24,0.0,0.109,0.219,13,0.847,2,1,3.5,Yes,Bronze,Organic,East,Wallet,0
CUST101142,18.0,10,3262.53,3,3262.53,25,0.0,0.029,0.341,11,0.894,0,2,4.0,Yes,Gold,Email,West,Card,0
CUST102358,46.0,11,,3,508.13,39,0.0,0.056,0.16,13,0.583,3,1,3.4,Yes,Gold,Organic,West,Card,0
CUST101198,49.0,10,4508.67,4,3381.5,30,1.0,0.099,0.211,14,0.404,0,2,4.7,No,Bronze,Email,East,Card,0
CUST100085,39.0,31,2974.83,4,2231.12,18,0.0,0.167,0.192,6,0.874,1,1,4.2,Yes,Silver,Organic,South,Wallet,0
CUST101518,31.0,28,1226.36,2,1839.54,39,0.0,0.014,0.388,11,0.778,1,0,3.6,Yes,Platinum,Social,Central,COD,0
CUST100516,41.0,16,1208.33,6,604.16,19,0.0,0.12,0.199,11,0.622,2,1,4.2,Yes,Gold,Organic,West,UPI,0
CUST101381,18.0,8,6778.86,4,5084.14,72,1.0,0.04,0.126,7,0.703,0,0,3.6,No,Silver,Email,West,NetBanking,0
CUST102716,35.0,31,1098.61,4,823.96,58,5.0,0.015,0.179,11,0.884,0,0,5.0,No,Bronze,Partner,North,Card,1
CUST103084,29.0,15,2991.38,6,1495.69,76,0.0,0.238,0.237,11,0.966,0,1,4.1,Yes,Bronze,Email,North,UPI,0
CUST101014,24.0,15,2986.28,3,2986.28,21,1.0,0.03,0.04,10,0.805,0,1,3.2,Yes,Gold,Paid Search,East,NetBanking,0
CUST100128,28.0,33,1573.35,8,590.01,65,1.0,0.013,0.711,6,0.711,1,1,2.8,Yes,Silver,Partner,Central,UPI,0
CUST101364,30.0,26,1668.76,5,1001.26,75,4.0,0.029,0.031,13,0.658,1,2,3.6,Yes,Bronze,Referral,South,UPI,1
CUST103623,45.0,45,1346.46,5,807.88,68,0.0,0.081,0.381,10,0.89,1,0,2.7,No,Bronze,Partner,West,UPI,1
CUST104970,32.0,5,3813.26,1,6000.0,28,1.0,0.06,0.236,12,0.725,0,0,3.6,No,Silver,Organic,Central,UPI,1
CUST100891,,6,2880.31,3,2880.31,30,2.0,0.024,0.269,13,0.737,0,0,3.7,Yes,Silver,Email,Central,Wallet,0
CUST102793,29.0,50,1241.48,4,931.11,13,0.0,0.056,0.076,14,0.63,0,2,2.8,No,Silver,Social,South,NetBanking,0
CUST104238,33.0,18,1461.77,3,1461.77,7,3.0,0.16,0.264,9,0.814,1,0,5.0,Yes,Gold,Organic,East,Wallet,0
CUST101359,31.0,9,547.93,7,234.83,24,0.0,0.105,0.236,11,0.53,0,2,2.7,Yes,Bronze,Organic,East,UPI,1
CUST100307,47.0,35,667.18,4,500.38,26,3.0,0.06,0.32,13,,3,1,4.3,Yes,Gold,Referral,West,Card,0
CUST101661,23.0,49,918.6,1,2755.8,36,2.0,0.045,0.741,13,0.786,0,1,3.2,Yes,Gold,Email,North,COD,0
CUST102431,44.0,61,1199.18,5,719.51,17,0.0,0.058,0.155,13,0.701,1,1,3.4,Yes,Bronze,Paid Search,South,UPI,0
CUST103934,38.0,13,6279.42,5,3767.65,55,2.0,0.183,0.145,11,0.508,0,0,3.2,Yes,Silver,Partner,East,NetBanking,0
CUST101317,38.0,42,930.86,4,698.14,17,0.0,0.32,0.423,12,0.794,0,0,3.1,No,Silver,Organic,East,NetBanking,0
CUST104303,28.0,14,1762.89,2,2644.34,26,0.0,0.002,0.389,4,0.669,0,1,3.8,No,Platinum,Organic,West,NetBanking,0
CUST102474,25.0,7,2636.62,8,988.73,42,1.0,0.203,0.657,11,0.642,0,2,3.8,No,Bronze,Social,West,UPI,0
CUST102542,31.0,12,1291.91,4,968.93,10,3.0,0.104,0.363,9,0.487,0,1,3.8,Yes,Bronze,Paid Search,East,NetBanking,1
CUST101246,30.0,13,492.46,5,295.48,52,0.0,0.163,0.365,11,0.663,0,1,4.0,Yes,Silver,Organic,East,NetBanking,0
CUST101208,57.0,6,2495.37,4,1871.53,141,3.0,0.126,0.393,9,,1,0,3.9,No,Silver,Partner,North,Card,1
CUST100216,39.0,37,645.07,5,387.04,28,1.0,0.081,0.58,7,0.767,0,0,3.6,Yes,Bronze,Paid Search,West,NetBanking,1
CUST104292,25.0,5,2248.92,4,1686.69,111,1.0,0.043,0.433,8,0.583,0,1,3.7,Yes,Bronze,Email,East,UPI,0
CUST103062,59.0,21,2005.16,7,859.35,58,1.0,0.015,0.239,7,0.634,1,0,2.9,Yes,Silver,Paid Search,North,Card,0
CUST101239,50.0,17,782.62,2,1173.93,23,1.0,0.129,0.272,6,0.576,1,2,4.4,No,Silver,Email,West,Card,1
CUST102289,18.0,37,1607.09,6,803.54,24,0.0,0.091,0.498,10,0.817,1,0,4.0,No,Gold,Email,South,Card,0
CUST102740,25.0,21,2073.9,5,1244.34,37,0.0,0.156,0.36,9,,1,2,2.3,No,Bronze,Paid Search,North,NetBanking,0
CUST100275,38.0,54,1989.67,5,1193.8,54,0.0,0.019,0.407,11,0.985,0,0,3.4,No,Silver,Social,North,Card,0
CUST100489,41.0,15,1000.22,2,1500.33,47,1.0,0.041,0.218,10,0.379,1,0,3.1,No,Silver,Referral,East,UPI,0
CUST101035,34.0,15,1364.17,2,2046.26,26,1.0,0.131,0.164,15,0.886,1,0,2.4,No,Platinum,Paid Search,South,Card,0
CUST101229,40.0,15,2672.64,7,1145.42,58,1.0,0.041,0.86,8,0.653,1,2,3.6,No,Silver,Organic,South,Card,0
CUST104585,,27,1533.86,6,766.93,42,0.0,0.08,0.705,7,0.83,0,0,,No,Bronze,Social,East,UPI,0
CUST101008,42.0,13,3257.31,1,,20,0.0,0.133,0.401,16,0.789,1,1,4.5,Yes,Gold,Organic,Central,UPI,0
CUST104689,28.0,40,1741.96,5,1045.18,36,1.0,0.056,0.423,8,0.575,0,0,3.5,No,Silver,Paid Search,South,UPI,0
CUST104026,28.0,9,2247.93,3,,9,3.0,0.018,0.133,6,0.591,1,0,5.0,No,Silver,Organic,West,UPI,0
CUST103182,27.0,14,2318.31,5,1390.99,33,2.0,0.163,0.335,3,0.608,3,1,4.5,No,Bronze,Email,Central,UPI,0
CUST102532,36.0,21,2945.74,2,4418.61,36,1.0,0.155,0.405,15,0.561,1,0,2.9,Yes,Bronze,Organic,South,UPI,0
CUST104169,39.0,69,2069.23,8,775.96,29,0.0,0.217,0.266,6,0.709,2,0,4.2,Yes,Bronze,Referral,North,UPI,0
CUST101058,35.0,25,3112.9,2,4669.35,55,1.0,0.108,0.035,12,0.599,0,1,3.5,Yes,Bronze,Paid Search,West,Card,1
CUST102166,62.0,14,5522.88,7,2366.95,23,0.0,0.096,0.067,15,0.668,0,0,3.5,Yes,Bronze,Paid Search,North,UPI,0
CUST104578,29.0,51,2311.24,3,2311.24,46,3.0,0.065,0.477,10,0.477,0,0,,Yes,Bronze,Referral,South,Card,0
CUST100281,18.0,13,4376.5,3,4376.5,38,1.0,0.122,0.405,8,0.908,1,0,4.4,Yes,Bronze,Email,Central,Card,0
CUST103565,51.0,43,4285.56,6,2142.78,49,0.0,0.113,0.665,10,0.832,1,1,4.0,No,Gold,Partner,South,UPI,0
CUST101316,32.0,11,890.93,6,445.46,43,1.0,0.057,0.027,14,0.565,0,1,3.3,Yes,Bronze,Paid Search,North,UPI,0
CUST104978,45.0,58,1862.44,5,1117.46,31,1.0,0.051,0.329,12,0.387,1,1,3.6,Yes,Bronze,Paid Search,West,UPI,0
CUST100968,43.0,10,2957.99,4,,37,0.0,0.094,0.5,9,0.616,1,2,4.0,No,Platinum,Organic,East,Card,0
CUST103126,34.0,33,1435.68,5,861.41,48,2.0,0.236,0.283,12,0.742,1,0,3.1,No,Silver,Referral,East,Card,1
CUST103920,37.0,62,1123.09,6,561.54,18,0.0,0.123,0.209,10,0.581,0,1,4.1,Yes,Platinum,Email,Central,UPI,0
CUST103166,25.0,14,2631.87,1,6000.0,26,4.0,0.063,0.015,14,0.513,0,0,3.7,Yes,Silver,Social,South,UPI,0
CUST103519,41.0,8,2187.96,6,1093.98,41,2.0,0.155,0.13,8,0.864,1,1,3.3,Yes,Bronze,Partner,North,UPI,0
CUST100619,49.0,9,1749.07,1,5247.21,99,0.0,0.217,0.33,11,0.606,0,1,4.2,No,Silver,Referral,Central,Card,0
CUST103346,37.0,6,1152.13,3,1152.13,15,0.0,0.06,0.154,10,0.432,1,0,2.7,Yes,Gold,Partner,East,NetBanking,0
CUST101742,39.0,20,843.33,3,843.33,31,1.0,0.07,0.368,5,0.678,0,0,5.0,No,Silver,Referral,West,UPI,0
CUST101390,27.0,8,1562.24,4,1171.68,80,1.0,0.043,0.206,7,0.412,0,1,2.8,Yes,Silver,Referral,North,Card,0
CUST104050,43.0,33,1147.65,7,491.85,90,0.0,0.323,0.379,12,0.624,0,0,2.9,Yes,Gold,Partner,East,UPI,0
CUST101847,23.0,7,2475.74,3,2475.74,24,0.0,0.03,0.355,10,0.825,0,0,4.2,Yes,Gold,Referral,West,UPI,0
CUST101579,,12,3325.63,2,4988.44,82,2.0,0.053,0.057,11,0.676,1,2,5.0,No,Bronze,Organic,North,UPI,0
CUST101655,18.0,23,2333.07,1,6000.0,10,0.0,0.16,0.189,5,0.629,0,2,4.6,Yes,Bronze,Social,West,UPI,0
CUST102352,34.0,6,2537.85,3,2537.85,36,2.0,0.021,0.103,16,0.579,0,1,3.2,Yes,Silver,Paid Search,Central,UPI,0
CUST102212,47.0,10,1761.55,2,2642.32,65,2.0,0.064,0.141,9,0.919,1,0,2.8,Yes,Platinum,Organic,West,UPI,0
CUST102020,34.0,35,,2,4018.0,22,1.0,0.106,0.123,8,0.514,0,0,3.0,No,Bronze,Partner,East,Card,0
CUST104972,44.0,15,3262.22,4,2446.66,38,3.0,0.032,0.154,12,0.715,0,0,2.9,No,Silver,Referral,North,UPI,0
CUST101956,43.0,6,2237.41,3,2237.41,17,2.0,0.04,0.22,3,0.924,0,0,2.9,No,Gold,Partner,North,Wallet,1
CUST101307,46.0,20,1711.84,10,513.55,32,0.0,0.06,0.179,13,0.608,0,0,3.7,No,Silver,Paid Search,Central,UPI,0
CUST102003,37.0,28,1465.05,2,2197.57,52,1.0,0.087,0.114,10,0.577,0,2,3.8,Yes,Gold,Referral,West,Wallet,0
CUST104455,59.0,25,1296.07,4,972.05,16,0.0,0.033,0.381,11,0.474,0,0,3.9,Yes,Silver,Referral,South,UPI,0
CUST100575,19.0,12,1257.95,0,1964.8,55,0.0,0.084,0.234,8,0.562,1,0,3.4,Yes,Bronze,Referral,North,UPI,0
CUST104089,42.0,5,1084.03,2,1626.04,77,1.0,0.131,0.127,16,0.903,0,1,3.9,No,Silver,Paid Search,South,UPI,1
CUST104319,64.0,52,2792.81,2,4189.22,105,0.0,0.149,0.575,8,0.898,0,1,3.5,Yes,Bronze,Partner,North,,1
CUST104436,30.0,31,1262.18,6,631.09,43,3.0,0.081,0.14,13,0.774,0,1,4.7,Yes,Silver,Referral,South,NetBanking,0
CUST101706,29.0,55,2813.77,3,2813.77,33,2.0,0.138,0.279,9,0.431,0,2,3.9,No,Silver,Social,South,UPI,0
CUST103742,18.0,14,1167.11,9,389.04,41,1.0,0.21,0.322,13,0.811,1,1,3.8,Yes,Silver,Email,East,Wallet,0
CUST103470,19.0,30,1220.21,2,1830.32,59,0.0,0.103,0.438,8,0.567,0,0,4.4,Yes,Bronze,Paid Search,West,Wallet,0
CUST101280,46.0,30,3491.74,8,1309.4,26,2.0,0.072,0.265,12,0.632,0,1,2.8,No,Silver,Organic,West,Card,0
CUST100861,20.0,58,2546.75,8,955.03,103,4.0,0.05,0.409,8,0.523,1,1,4.0,No,Silver,Partner,Central,UPI,0
CUST104145,18.0,8,1340.65,6,670.32,28,2.0,0.09,0.603,13,0.887,0,0,4.4,Yes,Gold,Email,North,Wallet,0
CUST101801,38.0,38,2290.26,6,1145.13,31,2.0,0.189,0.426,13,0.612,0,2,4.6,Yes,Silver,Organic,North,NetBanking,1
CUST101628,38.0,88,1661.94,2,2492.91,33,,0.05,0.234,14,0.801,0,0,3.6,No,Bronze,Social,South,UPI,0
CUST101993,44.0,27,4347.87,5,2608.72,19,2.0,0.026,0.325,11,0.864,0,1,3.6,Yes,Silver,Partner,South,UPI,0
CUST102639,28.0,6,1307.8,6,653.9,21,0.0,0.222,0.21,12,0.53,1,0,3.2,Yes,Silver,Social,North,UPI,1
CUST100269,34.0,25,591.06,4,443.29,57,2.0,0.119,0.365,3,0.678,1,0,3.4,Yes,Silver,Organic,North,Card,0
CUST100629,18.0,8,2358.78,4,1769.08,55,1.0,0.238,0.425,11,0.739,0,0,3.5,Yes,Silver,Partner,West,UPI,0
CUST103081,23.0,8,4953.48,5,2972.09,19,1.0,0.038,0.327,8,0.439,0,1,4.6,Yes,Bronze,Partner,North,UPI,0
CUST102334,29.0,54,2805.86,6,1402.93,37,1.0,0.054,0.358,6,0.366,3,3,4.2,No,Bronze,Partner,East,UPI,0
CUST102966,48.0,17,1908.17,3,1908.17,91,1.0,0.086,0.554,8,0.769,0,1,4.5,Yes,Gold,Partner,North,COD,1
CUST100300,51.0,17,2017.12,6,1008.56,102,1.0,0.112,0.226,15,0.407,0,1,3.4,Yes,Silver,Referral,Central,Card,1
CUST100459,34.0,28,4514.9,9,1504.97,40,1.0,0.1,0.094,12,0.626,0,2,3.6,Yes,Silver,Social,North,Card,0
CUST101447,49.0,5,,4,2698.06,14,0.0,0.012,0.145,9,0.827,0,0,3.6,Yes,Bronze,Organic,West,NetBanking,0
CUST101472,34.0,8,4335.45,4,3251.59,48,0.0,0.073,0.378,16,0.729,2,1,3.4,No,Silver,,Central,UPI,1
CUST102046,41.0,27,1579.67,2,2369.5,34,3.0,0.149,0.11,6,0.391,0,0,4.0,No,Platinum,Social,West,Card,1
CUST104228,27.0,44,1076.8,7,461.49,21,2.0,0.12,0.629,12,0.565,1,1,4.1,Yes,Bronze,Email,West,Wallet,0
CUST103764,33.0,12,2929.35,5,1757.61,49,1.0,0.134,0.182,8,0.533,1,0,4.2,Yes,Bronze,Organic,North,Card,0
CUST102113,36.0,96,964.33,5,578.6,25,0.0,0.025,0.06,10,0.526,0,0,3.9,No,Gold,Email,North,Card,0
CUST100027,38.0,20,3516.8,5,2110.08,54,3.0,0.126,0.587,7,0.694,1,1,3.6,No,Gold,Paid Search,West,UPI,0
CUST103839,32.0,4,1765.67,4,1324.25,20,2.0,0.113,0.035,3,0.437,0,1,2.3,No,Bronze,Email,Central,Card,0
CUST104522,33.0,25,1316.52,5,789.91,50,2.0,0.033,0.277,9,0.761,1,0,,Yes,Bronze,Organic,North,UPI,0
CUST100837,48.0,29,813.77,6,406.88,52,2.0,0.053,0.362,7,0.752,0,2,2.2,No,Silver,Organic,North,COD,0
CUST103826,43.0,14,1190.67,4,893.0,39,1.0,0.012,0.703,12,0.669,0,1,5.0,Yes,Silver,Organic,South,Card,0
CUST102008,46.0,6,976.23,5,585.74,71,2.0,0.062,0.051,13,,1,1,4.2,No,Bronze,Email,South,UPI,1
CUST104907,24.0,72,2383.09,7,1021.32,64,0.0,0.082,0.476,16,0.441,1,0,3.4,No,Silver,Social,West,COD,0
CUST100503,19.0,17,4143.17,4,3107.38,78,1.0,0.104,0.723,7,0.264,0,1,4.0,No,Bronze,Partner,South,COD,1
CUST103206,39.0,27,1520.91,4,1140.68,83,2.0,0.056,0.351,6,0.719,1,2,3.3,No,Bronze,Social,East,NetBanking,0
CUST104304,34.0,30,2572.54,5,1543.52,103,1.0,0.056,0.1,13,0.836,1,1,4.2,Yes,Silver,Referral,East,Wallet,0
CUST100380,35.0,10,1457.11,7,624.48,29,0.0,0.13,0.402,10,0.654,0,0,3.4,No,Gold,Paid Search,Central,Card,0
CUST101851,36.0,46,2563.12,0,1792.08,29,2.0,0.09,0.055,11,0.807,0,1,4.2,Yes,Bronze,Paid Search,North,UPI,0
CUST101525,45.0,8,2660.11,2,3990.16,60,0.0,0.203,0.293,19,0.744,0,0,3.7,Yes,Silver,Partner,East,UPI,0
CUST102365,49.0,1,1905.64,5,1143.38,79,0.0,0.343,0.213,18,0.762,1,3,,Yes,Bronze,Social,West,Wallet,0
CUST104147,54.0,22,1496.81,3,1496.81,81,1.0,0.072,0.665,3,0.489,1,1,4.2,Yes,Gold,Organic,South,UPI,0
CUST103052,25.0,53,2647.85,2,3971.77,61,1.0,0.347,0.421,9,0.816,1,2,3.5,Yes,Bronze,Social,West,Card,0
CUST102884,34.0,10,1751.07,4,1313.3,73,0.0,0.165,0.162,11,0.61,0,0,3.6,Yes,Bronze,Organic,Central,UPI,0
CUST102340,49.0,34,991.13,3,991.13,32,3.0,0.247,0.603,15,0.405,0,0,4.7,Yes,Silver,Email,South,UPI,0
CUST100374,40.0,28,914.13,1,2742.39,51,2.0,0.068,0.457,10,0.63,0,0,3.1,Yes,Silver,Paid Search,Central,Card,0
CUST103260,35.0,44,1649.93,2,2474.9,38,0.0,0.008,0.31,8,0.72,0,1,3.9,Yes,Bronze,Organic,South,UPI,1
CUST102381,42.0,4,1812.54,5,1087.52,82,1.0,0.105,0.278,12,0.756,1,0,4.7,No,Bronze,Email,South,UPI,0
CUST104309,18.0,17,2131.69,4,1598.77,71,0.0,0.083,0.424,11,0.749,0,0,3.9,Yes,Bronze,Social,South,COD,0
CUST100939,43.0,15,1114.74,1,3344.22,26,0.0,0.013,0.052,9,0.523,0,0,4.7,Yes,Gold,Paid Search,South,UPI,0
CUST104198,18.0,20,4491.67,3,4491.67,58,1.0,0.032,0.515,3,0.804,0,0,3.6,Yes,Bronze,Referral,West,COD,1
CUST104165,37.0,8,3051.88,4,2288.91,20,0.0,0.128,0.125,9,0.531,2,1,2.5,No,Bronze,Email,East,UPI,0
CUST102799,28.0,22,,4,3308.06,72,1.0,0.13,0.443,7,0.837,0,2,3.6,Yes,Silver,Social,West,UPI,0
CUST102147,43.0,4,2130.4,2,3195.6,10,3.0,0.107,0.218,12,0.673,0,2,2.7,Yes,Platinum,Social,North,UPI,0
CUST103817,36.0,9,3116.34,2,4674.51,21,1.0,0.037,0.57,10,,0,0,3.9,Yes,Platinum,Paid Search,West,Card,0
CUST104540,45.0,26,846.1,2,1269.15,26,1.0,0.116,0.176,4,,1,1,5.0,Yes,Gold,Referral,West,Card,0
CUST104216,46.0,48,2595.81,5,1557.49,91,1.0,0.036,0.198,8,0.824,0,0,4.8,Yes,Bronze,Organic,North,Card,0
CUST102068,39.0,23,3712.34,5,2227.4,17,3.0,0.034,0.382,15,0.826,1,1,3.6,No,Platinum,Organic,West,Wallet,1
CUST100529,50.0,13,2008.67,4,1506.5,10,3.0,0.07,0.297,9,0.719,0,0,3.6,Yes,Gold,Social,West,UPI,0
CUST104604,33.0,49,2267.62,3,2267.62,56,2.0,0.242,0.52,10,0.451,0,0,3.0,No,Silver,Paid Search,West,Wallet,0
CUST100636,32.0,28,3077.62,4,2308.22,33,1.0,0.233,0.646,11,0.73,0,1,4.6,No,Silver,Paid Search,South,Card,1
CUST101269,40.0,27,1592.01,2,2388.02,69,1.0,0.035,0.323,12,0.846,1,2,2.2,Yes,Gold,Organic,North,UPI,1
CUST100185,49.0,56,,5,870.55,28,0.0,0.052,0.081,8,0.652,0,0,4.3,Yes,Bronze,Partner,Central,NetBanking,0
CUST104349,39.0,39,3078.15,2,,58,2.0,0.041,0.202,15,0.927,1,2,3.2,No,Silver,Email,West,UPI,1
CUST103179,38.0,27,1534.72,5,920.83,11,0.0,0.045,0.609,9,0.631,0,0,4.3,Yes,Gold,Paid Search,East,NetBanking,0
CUST103454,49.0,9,3943.58,2,5915.37,53,3.0,0.189,0.666,12,0.638,1,0,3.6,Yes,Bronze,Social,West,NetBanking,0
CUST101797,33.0,14,1904.68,7,816.29,22,0.0,0.094,0.202,10,0.691,1,0,4.4,Yes,Silver,Organic,East,Card,0
CUST102979,57.0,20,1076.15,3,1076.15,97,2.0,0.34,0.497,12,0.763,1,1,4.2,No,Bronze,Paid Search,North,Card,1
CUST101441,38.0,64,3510.58,6,1755.29,34,0.0,0.075,0.278,16,0.892,1,1,3.3,No,Gold,Partner,South,COD,0
CUST103427,39.0,16,1741.96,0,723.02,59,3.0,0.163,0.194,6,0.987,0,0,4.0,Yes,Silver,Paid Search,East,UPI,0
CUST104874,24.0,36,1930.64,4,1447.98,53,,0.108,0.452,5,0.447,0,1,3.1,No,Bronze,Partner,North,COD,1
CUST101535,24.0,15,1762.61,3,,20,0.0,0.06,0.816,17,0.7,0,1,3.2,Yes,Gold,Referral,East,UPI,0
CUST103443,30.0,3,3720.85,3,3720.85,23,2.0,0.12,0.183,6,0.758,0,1,3.0,Yes,Platinum,Partner,North,UPI,0
CUST101273,38.0,49,871.66,1,2614.98,51,1.0,0.076,0.246,7,0.709,3,2,,Yes,Gold,Paid Search,North,Card,1
CUST102467,47.0,28,2629.99,3,2629.99,27,0.0,0.087,0.607,13,0.62,1,0,4.3,Yes,Gold,Paid Search,West,Card,0
CUST100607,38.0,32,933.63,2,1400.44,101,0.0,0.016,0.413,13,0.389,0,2,3.4,Yes,Silver,Referral,South,NetBanking,0
CUST103513,,21,4199.49,8,1574.81,52,2.0,0.079,0.197,14,0.675,0,0,3.6,Yes,Bronze,Paid Search,North,UPI,0
CUST101712,40.0,9,4266.22,3,4266.22,62,4.0,0.025,0.613,6,0.664,0,2,3.6,Yes,Silver,Social,North,UPI,1
CUST102199,26.0,32,4958.69,5,2975.21,118,1.0,0.199,0.304,11,0.574,1,0,2.3,Yes,Silver,Paid Search,South,UPI,1
CUST100955,48.0,5,2586.26,5,1551.76,14,1.0,0.039,0.127,11,0.791,0,0,5.0,No,Bronze,Social,East,NetBanking,0
CUST102579,48.0,20,2868.52,4,2151.39,34,2.0,0.153,0.37,15,,1,2,2.7,Yes,Bronze,Organic,South,UPI,0
CUST103897,52.0,13,2094.56,2,3141.84,41,0.0,0.122,0.437,9,0.763,0,2,3.1,No,Bronze,Organic,South,Card,0
CUST104425,41.0,46,537.57,4,403.18,65,3.0,0.028,0.094,15,0.764,0,0,5.0,Yes,Bronze,Organic,South,Card,0
CUST103380,36.0,23,1745.63,5,1047.38,72,1.0,0.062,0.454,4,0.701,2,0,4.1,Yes,Silver,Organic,Central,UPI,0
CUST103685,37.0,10,2062.13,3,2062.13,40,0.0,0.239,0.194,12,0.86,0,0,4.2,Yes,Silver,Partner,North,Card,0
CUST100403,30.0,31,4793.27,5,2875.96,13,0.0,0.024,0.751,6,0.675,1,1,3.7,Yes,Bronze,Referral,East,UPI,0
CUST102071,20.0,16,2211.63,2,3317.44,93,1.0,0.257,0.457,10,0.898,1,0,3.1,No,Gold,Organic,East,Card,0
CUST104755,28.0,33,1668.88,5,1001.33,17,,0.091,0.515,5,0.33,0,0,3.8,Yes,Silver,Organic,South,NetBanking,0
CUST101977,36.0,19,2455.33,4,1841.5,56,2.0,0.013,0.273,9,0.45,1,2,3.8,No,Gold,Partner,Central,UPI,0
CUST100158,29.0,19,4878.92,4,3659.19,33,2.0,0.113,0.373,7,0.66,1,2,3.3,No,Gold,Referral,Central,UPI,0
CUST101748,29.0,16,4141.07,3,4141.07,33,1.0,0.137,0.654,8,0.737,0,0,4.3,Yes,Gold,Paid Search,West,Card,0
CUST102909,39.0,23,859.76,2,1289.64,54,1.0,0.113,0.277,11,0.758,0,2,3.6,Yes,Bronze,Organic,North,UPI,0
CUST103534,39.0,14,1857.94,4,1393.46,112,2.0,0.02,0.304,13,,1,2,3.7,Yes,Platinum,Social,South,Wallet,0
CUST100902,33.0,25,1957.93,7,839.11,15,0.0,0.06,0.271,6,0.798,0,2,4.4,Yes,Bronze,Paid Search,North,UPI,0
CUST100352,28.0,16,2128.64,5,1277.18,64,0.0,0.017,0.249,6,0.544,0,0,3.8,Yes,Bronze,Social,North,Card,0
CUST101230,29.0,22,2822.65,3,2822.65,14,1.0,0.042,0.418,8,0.749,0,1,3.5,No,Gold,Referral,North,Card,0
CUST104670,18.0,11,2146.24,1,6000.0,29,2.0,0.016,0.192,14,0.324,0,0,3.9,Yes,Bronze,Email,South,,0
CUST102140,33.0,20,1720.32,2,2580.48,22,1.0,0.06,0.214,8,0.27,1,2,3.4,Yes,Bronze,Social,Central,Card,0
CUST100444,31.0,19,1141.78,2,1712.67,35,0.0,0.008,0.628,11,0.644,0,4,4.3,Yes,Bronze,Paid Search,West,Card,1
CUST104948,34.0,27,4395.21,5,2637.13,34,0.0,0.127,0.633,6,0.42,0,2,4.8,Yes,Gold,Organic,South,Wallet,1
CUST100754,52.0,12,3677.61,5,2206.57,29,2.0,0.062,0.327,13,0.537,0,0,2.4,No,Gold,Email,North,COD,0
CUST101737,32.0,24,1197.33,8,449.0,77,0.0,0.067,0.524,8,0.392,0,0,5.0,No,Platinum,Referral,North,UPI,0
CUST102971,33.0,2,2835.42,5,1701.25,75,0.0,0.117,0.159,10,0.916,0,1,3.9,Yes,Silver,Paid Search,North,UPI,0
CUST104979,27.0,18,1067.94,6,,46,2.0,0.029,0.514,15,0.637,1,0,5.0,Yes,Silver,Referral,East,Wallet,0
CUST102920,27.0,4,1388.97,3,1388.97,50,1.0,0.35,0.668,5,0.776,0,0,3.2,Yes,Bronze,Paid Search,South,UPI,0
CUST100311,38.0,20,8000.0,5,4800.0,9,1.0,0.006,0.373,14,0.703,0,0,5.0,Yes,Gold,Organic,West,NetBanking,0
CUST100548,41.0,37,4049.97,5,,17,0.0,0.013,0.723,8,0.718,0,2,4.0,Yes,Platinum,Partner,West,Card,0
CUST104052,38.0,9,996.92,8,373.84,66,2.0,0.142,0.573,14,0.618,0,1,,Yes,Gold,Email,North,UPI,1
CUST104761,63.0,16,1155.56,3,1155.56,9,0.0,0.112,0.371,14,0.724,0,0,3.7,Yes,Bronze,Organic,West,UPI,0
CUST101989,20.0,5,2543.69,2,3815.54,19,0.0,0.139,0.368,10,0.792,1,1,4.2,Yes,Bronze,Social,South,UPI,0
CUST100306,31.0,23,1293.03,9,431.01,38,1.0,0.098,0.554,14,0.819,0,2,3.5,Yes,Silver,Social,West,Card,0
CUST102335,35.0,46,2340.14,2,3510.21,52,0.0,0.031,0.339,6,0.758,0,0,2.7,No,Bronze,Paid Search,West,Wallet,0
CUST100694,26.0,6,1667.25,2,2500.88,27,0.0,0.121,0.039,10,0.707,0,1,4.2,Yes,Silver,Paid Search,East,NetBanking,0
CUST102356,36.0,23,1259.18,4,944.38,73,1.0,0.029,0.618,10,0.76,1,0,4.3,Yes,Bronze,Organic,South,Card,0
CUST101927,24.0,48,3007.45,2,4511.17,56,0.0,0.082,0.234,5,0.58,0,3,4.2,Yes,Bronze,Partner,South,Wallet,0
CUST100684,30.0,66,7025.46,9,2341.82,67,0.0,0.127,0.826,8,0.536,1,1,3.9,Yes,Bronze,Referral,West,NetBanking,1
CUST100749,25.0,43,1409.82,1,4229.46,36,3.0,0.037,0.286,12,0.795,0,2,3.0,No,Silver,Social,North,Card,0
CUST104008,26.0,57,997.69,6,498.84,19,1.0,0.125,0.221,15,0.716,0,0,3.5,Yes,Silver,Partner,East,UPI,0
CUST101266,26.0,13,1378.61,5,827.17,52,3.0,0.091,0.474,12,0.751,0,0,2.6,No,Bronze,Paid Search,North,UPI,1
CUST103285,44.0,38,3050.97,6,1525.48,89,0.0,0.025,0.392,10,0.887,0,0,4.7,No,Bronze,Partner,South,Card,1
CUST103529,33.0,7,1365.35,3,1365.35,108,3.0,0.074,0.462,10,0.56,0,0,3.8,Yes,Silver,Paid Search,South,Wallet,0
CUST104423,27.0,45,1924.59,3,1924.59,44,2.0,0.035,0.421,14,0.536,0,1,4.4,Yes,Bronze,Organic,Central,Card,0
CUST103984,26.0,30,2689.97,6,1344.98,10,1.0,0.207,0.114,12,0.721,0,1,2.6,Yes,Bronze,Referral,East,NetBanking,0
CUST103083,29.0,19,2146.01,6,1073.01,33,0.0,0.036,0.54,7,0.584,0,1,,Yes,Silver,Paid Search,West,NetBanking,0
CUST103061,36.0,26,1749.52,5,1049.71,70,0.0,0.2,0.089,5,0.844,0,2,4.6,No,Platinum,Organic,West,,0
CUST103025,34.0,32,4309.51,5,2585.71,38,0.0,0.176,0.099,10,0.294,3,0,3.3,Yes,Silver,Referral,Central,Card,0
CUST100970,31.0,22,686.33,0,1459.59,22,2.0,0.279,0.604,12,0.796,2,1,3.8,No,Bronze,Partner,South,UPI,0
CUST100013,45.0,17,841.03,2,1261.54,74,0.0,0.165,0.237,9,0.668,0,0,3.1,Yes,Silver,Organic,Central,NetBanking,0
CUST100873,35.0,11,1358.06,4,1018.54,37,1.0,0.212,0.328,8,0.449,1,1,2.9,No,Silver,Email,Central,NetBanking,1
CUST100808,31.0,47,4507.2,5,2704.32,16,0.0,0.14,0.285,7,0.636,0,1,4.6,Yes,Silver,Referral,North,UPI,1
CUST103198,44.0,28,2142.26,3,2142.26,74,1.0,0.055,0.42,7,0.869,0,1,4.3,Yes,Silver,Email,West,UPI,0
CUST100514,42.0,25,2572.0,4,1929.0,21,2.0,0.124,0.036,12,0.762,0,0,4.1,Yes,Silver,Referral,South,NetBanking,0
CUST104472,52.0,15,1367.3,3,1367.3,17,0.0,0.149,0.426,10,0.777,0,1,3.5,No,Bronze,Paid Search,East,Card,0
CUST100409,21.0,32,1785.45,4,1339.09,33,1.0,0.048,0.559,11,0.717,0,0,2.8,Yes,Platinum,Email,Central,UPI,0
CUST103408,39.0,16,4355.5,4,3266.62,59,1.0,0.055,0.209,4,0.363,3,1,5.0,No,Silver,Referral,Central,COD,1
CUST104342,33.0,11,1895.83,2,2843.74,15,2.0,0.088,0.183,8,0.468,1,0,4.6,Yes,Bronze,Paid Search,Central,UPI,0
CUST100207,22.0,32,5176.01,5,3105.61,34,1.0,0.131,0.459,16,0.509,1,1,4.6,Yes,Silver,Paid Search,North,NetBanking,0
CUST103691,33.0,23,2043.68,3,2043.68,33,0.0,0.034,0.431,5,0.718,0,2,3.6,Yes,Bronze,Partner,West,NetBanking,1
CUST100458,37.0,29,662.5,6,331.25,15,0.0,0.123,0.403,10,0.545,1,1,3.5,No,Bronze,Paid Search,East,Card,0
CUST103471,31.0,20,3103.6,3,3103.6,38,3.0,0.107,0.159,15,0.412,1,0,3.4,Yes,Silver,Social,Central,Card,0
CUST102430,19.0,21,3962.34,5,2377.4,43,1.0,0.036,0.244,17,0.57,1,1,4.1,Yes,Bronze,Paid Search,North,UPI,0
CUST103657,53.0,44,3462.37,5,2077.42,27,1.0,0.146,0.191,13,0.667,0,3,4.5,No,Gold,Paid Search,Central,UPI,0
CUST100110,38.0,29,1162.89,2,1744.34,57,2.0,0.134,0.153,6,0.657,0,2,4.1,Yes,Platinum,Partner,East,COD,1
CUST104589,29.0,7,718.51,3,718.51,5,0.0,0.014,0.146,12,0.306,0,1,3.6,Yes,Bronze,Organic,South,UPI,0
CUST104044,24.0,10,1658.99,4,1244.24,64,1.0,0.141,0.185,7,0.911,1,0,2.3,Yes,Gold,Email,East,UPI,1
CUST101883,35.0,26,2048.15,2,3072.23,40,0.0,0.041,0.627,5,0.972,0,0,3.4,No,Bronze,Paid Search,West,Wallet,1
CUST101713,33.0,48,4475.71,4,3356.78,23,0.0,0.158,0.681,13,0.836,1,0,4.8,Yes,Silver,Paid Search,North,UPI,0
CUST103958,28.0,20,1444.24,4,1083.18,84,2.0,0.029,0.436,15,0.687,1,1,3.2,No,Gold,Referral,East,Card,1
CUST103399,29.0,17,2659.45,5,1595.67,51,1.0,0.033,0.506,12,0.317,1,0,3.8,No,Gold,Social,North,UPI,0
CUST100552,37.0,24,4379.97,3,4379.97,50,1.0,0.02,0.305,7,0.885,0,0,4.1,Yes,Silver,Organic,Central,UPI,0
CUST101439,45.0,11,4201.23,4,3150.92,21,0.0,0.017,0.191,6,0.819,2,3,4.3,Yes,Bronze,Paid Search,East,UPI,0
CUST102270,38.0,16,497.77,1,1493.31,43,3.0,0.201,0.536,13,0.725,0,0,3.5,Yes,Silver,Organic,West,Card,0
CUST103144,30.0,22,1374.8,3,1374.8,48,2.0,0.012,0.328,12,0.816,0,0,3.1,No,Bronze,Organic,Central,Wallet,1
CUST102821,37.0,7,4631.76,3,4631.76,15,2.0,0.129,0.363,9,0.719,1,2,3.8,Yes,Bronze,Paid Search,West,Card,0
CUST104781,46.0,25,1139.2,5,683.52,61,4.0,0.16,0.421,6,0.715,1,1,3.4,Yes,Bronze,Referral,Central,Card,0
CUST101925,22.0,35,3649.92,1,6000.0,26,1.0,0.08,0.373,8,0.902,0,0,3.9,Yes,Bronze,Organic,West,NetBanking,0
CUST100634,31.0,19,4926.91,6,2463.46,41,1.0,0.154,0.046,17,0.709,0,1,4.4,Yes,Platinum,Organic,East,NetBanking,0
CUST104805,21.0,56,2531.87,5,1519.12,74,1.0,0.009,0.547,13,0.567,1,0,3.3,No,Silver,Organic,North,Card,1
CUST100316,35.0,36,3214.69,1,6000.0,44,1.0,0.096,0.406,12,0.633,0,0,3.5,Yes,Bronze,Organic,East,Card,1
CUST104217,39.0,51,3834.3,3,3834.3,46,1.0,0.069,0.436,13,0.879,0,0,4.2,Yes,Bronze,Partner,East,COD,0
CUST104699,34.0,19,3228.71,2,4843.07,87,2.0,0.009,0.35,6,,0,1,3.4,Yes,Platinum,Organic,Central,UPI,1
CUST101328,33.0,12,2406.54,1,6000.0,10,2.0,0.311,0.424,11,0.745,2,0,2.9,Yes,Gold,,North,Card,0
CUST100427,51.0,37,2524.95,4,1893.71,19,1.0,0.039,0.233,4,0.557,0,0,3.7,No,Bronze,Organic,Central,NetBanking,0
CUST104374,43.0,12,1740.06,5,1044.04,50,0.0,0.033,0.411,11,0.529,0,2,3.3,No,Gold,Paid Search,North,Wallet,0
CUST100105,32.0,7,4282.37,7,1835.3,25,1.0,0.104,0.074,6,0.672,0,1,3.2,Yes,Platinum,Referral,West,Card,0
CUST103041,33.0,10,1788.71,2,2683.06,12,,0.118,0.503,8,0.793,1,3,3.1,Yes,Bronze,Referral,East,COD,0
CUST100142,18.0,9,1184.72,4,888.54,72,0.0,0.06,0.262,10,0.518,0,1,3.5,No,Bronze,Paid Search,North,UPI,0
CUST102169,28.0,5,1739.6,5,1043.76,30,0.0,0.029,0.063,9,0.746,0,1,3.0,Yes,Gold,Paid Search,South,Card,0
CUST103458,32.0,59,1046.65,4,784.99,21,1.0,0.076,0.29,12,0.968,0,2,5.0,No,Silver,Referral,Central,,0
CUST100089,38.0,5,2531.71,3,2531.71,56,0.0,0.075,0.514,13,0.665,3,0,3.7,Yes,Gold,Social,East,UPI,0
CUST102918,24.0,8,1250.04,3,1250.04,28,0.0,0.153,0.407,10,0.858,1,1,4.2,No,Gold,Partner,East,UPI,0
CUST103237,41.0,19,2561.26,4,1920.95,30,1.0,0.035,0.393,9,0.573,0,1,3.3,No,Bronze,Partner,South,UPI,0
CUST102241,26.0,39,1371.04,4,1028.28,52,3.0,0.13,0.097,9,0.834,0,3,4.3,Yes,Silver,Paid Search,West,NetBanking,0
CUST103174,42.0,39,872.65,2,1308.97,24,2.0,0.078,0.211,9,0.702,1,1,5.0,Yes,Silver,Organic,East,NetBanking,0
CUST103412,35.0,8,1293.96,1,3881.88,106,1.0,0.028,0.449,8,0.691,0,0,3.8,No,Bronze,Paid Search,East,Card,1
CUST102163,40.0,22,1523.75,5,914.25,27,2.0,0.023,0.676,13,0.462,1,1,3.2,Yes,Bronze,Organic,West,Card,0
CUST102636,31.0,7,2852.88,3,2852.88,13,0.0,0.072,0.324,9,0.256,1,0,2.6,No,Bronze,Email,North,UPI,0
CUST101949,54.0,28,3836.73,4,2877.55,15,0.0,0.102,0.298,14,0.708,0,2,3.3,Yes,Gold,Partner,South,UPI,0
CUST101768,25.0,16,2512.82,5,1507.69,83,0.0,0.205,0.07,15,0.651,1,0,3.9,No,Silver,Email,Central,UPI,1
CUST104290,30.0,50,1654.78,7,709.19,58,0.0,0.046,0.201,10,0.544,0,0,3.2,No,Bronze,Referral,South,UPI,0
CUST102272,40.0,14,3725.15,4,2793.86,61,2.0,0.067,0.484,8,0.684,1,0,5.0,Yes,Bronze,Referral,North,Card,1
CUST100001,24.0,12,680.16,3,680.16,21,0.0,0.084,0.152,10,0.527,1,0,4.7,No,Silver,Organic,West,UPI,0
CUST103282,28.0,30,3755.31,2,5632.96,60,2.0,0.07,0.346,11,0.667,2,1,1.2,No,Bronze,Social,West,UPI,0
CUST104957,18.0,8,3040.83,4,2280.62,120,0.0,0.132,0.419,9,0.448,0,2,4.1,Yes,Silver,Organic,South,COD,1
CUST101951,36.0,29,6072.32,2,6000.0,28,3.0,0.203,0.65,6,0.44,2,0,3.5,Yes,Bronze,Paid Search,East,Card,1
CUST100935,40.0,32,1090.85,9,363.62,28,1.0,0.043,0.115,6,0.86,1,2,4.1,Yes,Bronze,Organic,West,Card,0
CUST104296,31.0,13,3654.22,2,5481.33,57,2.0,0.006,0.203,11,0.596,1,1,3.7,No,Bronze,Paid Search,West,UPI,0
CUST102720,36.0,14,1556.44,0,1076.4,35,1.0,0.021,0.227,9,0.765,0,0,3.6,No,Platinum,Paid Search,West,Card,0
CUST104447,34.0,19,1597.78,5,958.67,23,1.0,0.129,0.45,16,0.871,1,2,4.8,Yes,Gold,Social,South,UPI,1
CUST101109,42.0,21,2650.5,3,2650.5,51,2.0,0.012,0.537,7,0.362,1,1,4.8,No,Bronze,Referral,West,Card,0
CUST103960,47.0,12,1894.2,3,1894.2,34,3.0,0.033,0.235,8,0.67,3,1,5.0,Yes,Bronze,Organic,North,UPI,0
CUST100591,36.0,37,3518.71,1,6000.0,62,1.0,0.032,0.304,7,0.728,0,0,3.5,No,Silver,Social,South,Card,1
CUST101695,38.0,21,958.49,7,410.78,6,1.0,0.092,0.216,13,0.399,0,1,4.2,Yes,Platinum,Organic,South,Card,0
CUST103450,18.0,18,2040.56,5,1224.34,89,0.0,0.088,0.443,12,0.722,0,0,3.8,Yes,Bronze,Social,East,Card,0
CUST102936,18.0,35,2440.58,3,2440.58,28,0.0,0.031,0.149,11,0.43,1,1,4.5,Yes,Platinum,Referral,West,Card,0
CUST104204,48.0,26,2904.92,3,2904.92,49,1.0,0.143,0.16,5,0.79,0,1,4.4,No,Bronze,Paid Search,North,COD,1
CUST103411,18.0,36,1351.81,1,4055.43,12,2.0,0.087,0.357,9,0.453,0,4,3.6,Yes,Bronze,Organic,South,Card,0
CUST101576,34.0,12,1741.41,6,870.7,4,0.0,0.137,0.11,5,0.719,0,0,,No,Silver,Organic,East,NetBanking,0
CUST103954,34.0,19,1283.1,3,1283.1,9,1.0,0.027,0.171,15,0.521,0,0,,Yes,Gold,Partner,South,UPI,0
CUST100213,29.0,17,1744.95,4,1308.71,17,0.0,0.103,0.454,11,0.838,0,0,,Yes,Bronze,Partner,East,Card,0
CUST100778,35.0,20,756.74,2,1135.11,52,2.0,0.249,0.143,13,0.847,1,2,2.9,Yes,Silver,Organic,South,Card,1
CUST101415,25.0,26,1308.92,3,1308.92,69,3.0,0.033,0.179,11,0.706,0,2,2.1,Yes,Bronze,Organic,West,UPI,0
CUST103759,18.0,19,2428.17,5,1456.9,39,2.0,0.082,0.5,8,0.791,2,1,3.3,Yes,Platinum,Email,Central,Wallet,0
CUST102043,26.0,28,2224.82,5,1334.89,27,0.0,0.035,0.456,9,0.859,0,0,4.0,Yes,Silver,Email,Central,UPI,0
CUST102848,42.0,11,2602.3,5,1561.38,19,0.0,0.005,0.147,11,0.656,0,0,3.9,No,Bronze,Email,South,Card,0
CUST104537,37.0,26,5119.52,6,2559.76,16,0.0,0.056,0.566,12,0.632,0,1,4.9,No,Platinum,Referral,North,Wallet,0
CUST103505,50.0,51,1537.61,5,922.57,26,0.0,0.019,0.187,8,0.585,1,0,3.7,Yes,Silver,Organic,West,UPI,0
CUST103813,32.0,21,3157.39,3,3157.39,103,1.0,0.002,0.494,8,0.693,1,0,5.0,Yes,Bronze,Partner,Central,UPI,1
CUST101567,36.0,39,2320.2,4,1740.15,108,2.0,0.261,0.105,13,0.811,0,2,4.1,Yes,Silver,Email,North,Wallet,1
CUST100165,25.0,28,2264.9,5,1358.94,20,1.0,0.08,0.44,12,0.676,0,1,5.0,Yes,Gold,Paid Search,East,COD,0
CUST104714,28.0,20,1722.71,2,2584.06,30,1.0,0.087,0.362,6,0.689,1,3,4.4,Yes,Silver,Social,Central,COD,0
CUST104272,38.0,4,2559.12,6,1279.56,41,2.0,0.032,0.442,6,0.737,1,1,3.1,Yes,Gold,Partner,East,UPI,0
CUST104926,46.0,19,2623.07,0,2282.16,24,0.0,0.043,0.13,12,0.542,0,1,3.1,No,Silver,Paid Search,North,UPI,0
CUST101343,29.0,41,2187.5,3,2187.5,11,0.0,0.114,0.3,9,,1,1,4.9,No,Gold,Social,West,UPI,0
CUST102013,34.0,34,1642.16,1,4926.48,13,1.0,0.022,0.166,7,0.666,0,2,3.6,Yes,Bronze,Paid Search,West,UPI,0
CUST100273,55.0,29,2597.01,1,6000.0,51,0.0,0.042,0.54,5,0.819,0,3,4.1,No,Silver,Social,South,NetBanking,0
CUST100071,23.0,14,2710.74,4,2033.05,2,0.0,0.135,0.512,12,0.875,0,3,3.8,Yes,Bronze,Paid Search,East,Card,1
CUST103887,30.0,6,3967.29,4,2975.47,27,0.0,0.027,0.274,10,0.682,0,0,3.5,No,Silver,Organic,North,UPI,0
CUST101087,19.0,25,1829.06,4,1371.8,19,0.0,0.166,0.482,4,0.43,0,1,2.3,No,Gold,Social,North,UPI,0
CUST100394,41.0,19,2464.16,6,1232.08,44,0.0,0.139,0.548,3,0.362,0,0,2.8,No,Gold,Email,South,UPI,0
CUST100583,23.0,30,1574.36,2,2361.54,31,0.0,0.034,0.214,11,0.797,0,0,3.5,Yes,Bronze,Paid Search,East,Card,1
CUST101367,47.0,8,3643.58,5,2186.15,84,2.0,0.046,0.255,14,,1,1,3.8,Yes,Bronze,Paid Search,North,Card,1
CUST104987,37.0,58,1114.8,3,1114.8,15,1.0,0.085,0.425,7,0.682,1,1,3.6,Yes,Bronze,Social,North,Card,0
CUST104088,30.0,29,2100.98,5,1260.59,25,1.0,0.106,0.473,16,0.577,2,0,3.2,Yes,Gold,Paid Search,North,UPI,0
CUST102548,18.0,31,3786.3,5,2271.78,24,1.0,0.037,0.568,6,0.54,1,0,,No,Gold,Organic,West,UPI,0
CUST101013,18.0,53,1402.44,3,1402.44,34,2.0,0.08,0.558,10,0.621,0,1,3.9,No,Gold,Partner,West,Card,0
CUST104897,47.0,48,3059.97,3,3059.97,42,1.0,0.137,0.169,9,,0,0,2.7,Yes,Bronze,Organic,Central,UPI,0
CUST103003,19.0,47,1101.01,5,660.61,52,2.0,0.145,0.357,10,0.623,0,0,2.9,No,Bronze,Social,South,,0
CUST104788,54.0,8,488.62,5,293.17,34,0.0,0.042,0.54,11,0.57,0,4,4.4,Yes,Gold,Organic,West,UPI,0
CUST104407,36.0,9,458.16,3,458.16,92,0.0,0.021,0.528,8,0.456,0,0,3.7,Yes,Gold,Social,North,Card,0
CUST103532,47.0,5,950.32,2,1425.48,110,,0.1,0.197,8,0.511,2,2,3.6,Yes,Silver,Partner,East,NetBanking,1
CUST101763,23.0,16,2313.4,4,1735.05,32,0.0,0.278,0.316,6,0.475,1,1,3.4,No,Bronze,Paid Search,Central,UPI,0
CUST101875,18.0,24,928.24,5,556.94,15,1.0,0.123,0.64,12,0.711,0,0,3.0,Yes,Bronze,Referral,North,,1
CUST101259,29.0,54,1923.6,2,2885.4,70,3.0,0.056,0.506,10,0.305,2,0,3.5,Yes,Gold,Paid Search,Central,UPI,0
CUST104530,43.0,15,1616.6,4,1212.45,36,3.0,0.137,0.266,10,0.585,0,1,3.8,Yes,Silver,Email,South,UPI,0
CUST102253,18.0,51,920.6,1,2761.8,14,2.0,0.081,0.578,15,0.695,0,0,4.3,Yes,Silver,Social,Central,UPI,0
CUST102781,27.0,12,3104.07,5,1862.44,6,3.0,0.13,0.604,12,0.534,0,0,4.4,Yes,Silver,Paid Search,North,UPI,0
CUST103592,52.0,10,4273.44,5,2564.06,40,1.0,0.012,0.599,17,0.593,2,0,4.0,Yes,Silver,Email,Central,NetBanking,0
CUST100526,49.0,30,,4,1746.98,5,0.0,0.071,0.759,9,0.344,1,2,3.9,Yes,Bronze,Organic,East,NetBanking,0
CUST104263,43.0,35,559.79,7,239.91,38,2.0,0.053,0.294,5,0.707,0,0,,No,Silver,Organic,West,Card,0
CUST102946,50.0,24,2179.87,1,6000.0,62,2.0,0.006,0.184,10,0.666,0,2,4.6,Yes,Gold,Paid Search,North,UPI,0
CUST100377,18.0,25,1069.79,1,3209.37,55,1.0,0.033,0.46,13,0.582,0,0,4.2,Yes,Bronze,Organic,East,Card,0
CUST101559,33.0,31,2496.31,2,3744.46,34,2.0,0.203,0.319,10,0.492,1,2,3.7,Yes,Gold,Organic,West,COD,0
CUST103820,44.0,50,2739.47,10,821.84,15,1.0,0.012,0.413,10,0.918,1,0,4.1,Yes,Gold,Email,East,Card,0
CUST101963,32.0,55,3378.42,6,1689.21,71,1.0,0.241,0.423,12,0.938,0,1,4.0,No,Bronze,Paid Search,West,COD,0
CUST104732,56.0,7,4242.4,2,6000.0,50,,0.155,0.67,12,0.559,0,1,4.5,Yes,Gold,Partner,East,Wallet,0
CUST100348,18.0,16,1395.21,3,1395.21,34,2.0,0.039,0.247,7,0.385,0,1,3.0,Yes,Bronze,Social,Central,UPI,0
CUST102434,32.0,23,2074.26,4,1555.7,58,1.0,0.018,0.042,16,0.805,0,0,2.9,Yes,Platinum,Partner,Central,UPI,0
CUST102246,18.0,15,1302.35,4,976.76,15,2.0,0.163,0.242,10,0.751,1,2,3.0,Yes,Silver,Email,South,COD,0
CUST104166,23.0,6,1606.23,7,688.38,26,0.0,0.122,0.367,8,0.63,1,0,3.1,No,Bronze,Organic,North,NetBanking,0
CUST101709,32.0,24,5216.63,4,3912.47,32,1.0,0.08,0.32,8,0.647,0,2,3.1,Yes,Bronze,Partner,East,Card,0
CUST101050,22.0,25,1821.78,1,5465.34,9,1.0,0.044,0.368,5,0.741,1,0,4.6,Yes,Bronze,Referral,North,COD,1
CUST100590,22.0,4,2594.1,4,1945.57,28,,0.032,0.105,9,0.482,1,1,4.4,Yes,Silver,Paid Search,West,UPI,0
CUST100519,50.0,67,822.14,5,493.28,57,1.0,0.08,0.461,12,0.312,0,0,2.2,Yes,Gold,Social,South,UPI,0
CUST104752,39.0,28,2552.0,4,1914.0,148,2.0,0.174,0.36,14,0.721,0,0,4.5,No,Silver,Email,West,Card,1
CUST104308,37.0,15,,2,6000.0,15,1.0,0.014,0.434,8,0.418,1,0,3.2,Yes,Bronze,Referral,South,Wallet,0
CUST102477,,33,1505.56,7,645.24,69,0.0,0.089,0.468,10,0.842,2,2,4.7,Yes,Gold,Social,North,Card,0
CUST101083,35.0,14,2985.88,3,2985.88,37,2.0,0.147,0.138,14,0.541,0,1,4.0,Yes,Bronze,Paid Search,East,UPI,0
CUST103588,26.0,20,4359.69,4,3269.77,31,0.0,0.136,0.23,13,0.546,1,0,4.5,Yes,Silver,Organic,South,Card,0
CUST104778,33.0,21,2582.79,3,2582.79,59,3.0,0.025,0.504,3,0.403,1,0,3.9,Yes,Silver,Email,South,UPI,0
CUST104509,40.0,12,362.67,5,217.6,64,0.0,0.083,0.142,7,0.553,0,1,4.6,Yes,Silver,Organic,Central,Card,1
CUST101294,37.0,35,2355.82,2,3533.73,26,1.0,0.107,0.339,18,0.592,1,1,4.3,No,Bronze,Paid Search,West,Card,0
CUST101809,44.0,23,5686.99,4,4265.24,41,3.0,0.153,0.056,7,0.411,0,1,2.6,Yes,Gold,Organic,East,NetBanking,0
CUST100791,21.0,34,2018.24,4,1513.68,29,1.0,0.127,0.119,15,0.819,1,0,3.6,No,Gold,Organic,South,UPI,0
CUST100792,39.0,12,1029.71,2,1544.56,57,2.0,0.044,0.246,12,0.584,0,0,4.0,No,Gold,Email,South,UPI,0
CUST104114,26.0,12,4332.18,3,4332.18,38,0.0,0.114,0.134,6,0.168,0,1,4.3,Yes,Silver,Referral,South,NetBanking,0
CUST101855,27.0,44,2290.48,6,1145.24,8,4.0,0.072,0.265,15,0.593,0,0,3.0,No,Gold,Paid Search,East,NetBanking,0
CUST104757,43.0,15,,3,3824.72,91,3.0,0.027,0.65,11,0.825,1,1,4.4,Yes,Silver,Referral,West,NetBanking,1
CUST101980,36.0,3,2448.56,5,1469.14,36,1.0,0.057,0.547,9,0.756,1,0,4.0,Yes,Bronze,Partner,East,UPI,1
CUST103233,43.0,37,2898.51,8,1086.94,25,4.0,0.018,0.234,12,0.712,0,1,2.8,Yes,Bronze,Social,North,Card,0
CUST103908,24.0,8,1688.17,6,844.08,50,0.0,0.026,0.631,14,0.924,0,0,3.4,Yes,Bronze,Paid Search,East,Card,0
CUST104984,20.0,12,8000.0,3,6000.0,24,1.0,0.022,0.228,12,0.852,0,0,3.5,Yes,Silver,Organic,North,NetBanking,0
CUST103328,27.0,19,2414.26,3,2414.26,28,1.0,0.01,0.193,11,0.619,1,1,2.2,Yes,Silver,Organic,East,Wallet,1
CUST101530,40.0,46,2121.66,5,1273.0,51,,0.044,0.224,7,0.78,0,1,4.8,No,Bronze,Paid Search,South,,0
CUST101410,30.0,43,1723.87,7,738.8,16,1.0,0.041,0.28,6,0.731,0,0,2.6,No,Platinum,Email,West,UPI,0
CUST104294,35.0,7,2754.06,7,1180.31,80,0.0,0.018,0.3,12,0.503,0,1,3.7,Yes,Platinum,Partner,East,UPI,1
CUST104648,36.0,12,3323.04,6,1661.52,28,1.0,0.034,0.233,10,0.554,0,0,,No,Gold,Referral,East,Card,0
CUST100083,30.0,4,2403.07,4,1802.3,16,0.0,0.052,0.146,5,0.877,1,0,5.0,No,Platinum,Referral,North,Card,0
CUST100868,28.0,11,1309.36,3,1309.36,67,0.0,0.184,0.26,8,0.564,0,0,4.6,No,Bronze,Social,South,UPI,0
CUST102350,41.0,21,2594.87,2,3892.3,6,1.0,0.012,0.148,5,0.482,0,0,4.5,Yes,Platinum,Partner,East,Card,0
CUST100020,32.0,11,1858.89,5,,113,1.0,0.018,0.391,14,0.728,0,0,3.8,Yes,Bronze,Referral,Central,Wallet,0
CUST103424,62.0,27,584.44,2,876.66,12,0.0,0.116,0.068,7,0.833,0,1,3.5,No,Silver,Email,South,UPI,0
CUST102795,41.0,39,2237.69,1,6000.0,81,2.0,0.072,0.71,13,0.862,1,0,,Yes,Silver,Social,West,UPI,0
CUST104572,37.0,28,2090.68,4,1568.01,20,1.0,0.099,0.311,9,0.472,0,2,3.6,No,Gold,Paid Search,South,UPI,0
CUST101562,26.0,37,1967.72,1,5903.16,70,0.0,0.161,0.067,13,0.863,1,0,2.2,No,Bronze,Organic,West,COD,0
CUST103093,26.0,9,5239.29,5,3143.57,44,0.0,0.133,0.057,11,0.39,1,1,4.1,No,Bronze,Referral,Central,UPI,0
CUST103155,26.0,5,1360.92,5,816.55,20,0.0,0.1,0.275,13,0.421,0,1,5.0,Yes,Bronze,Organic,Central,Card,0
CUST100973,40.0,54,1649.9,4,1237.43,59,1.0,0.049,0.412,15,0.683,1,2,4.4,No,Gold,Email,Central,UPI,0
CUST101710,28.0,32,3944.18,4,2958.14,28,0.0,0.048,0.053,10,0.69,0,1,3.8,Yes,Bronze,Email,West,Card,0
CUST103201,46.0,10,781.24,8,292.97,10,1.0,0.069,0.383,4,0.567,0,0,4.8,Yes,Bronze,Organic,North,Card,0
CUST104371,28.0,37,1646.84,4,1235.13,109,0.0,0.096,0.178,8,0.898,0,1,4.5,Yes,Gold,Social,East,Card,0
CUST104819,20.0,9,1988.17,5,1192.9,42,0.0,0.041,0.112,9,0.756,0,0,3.3,Yes,Gold,Paid Search,South,UPI,0
CUST101098,44.0,21,3962.98,7,1698.42,32,1.0,0.068,0.099,12,0.612,0,0,3.4,Yes,Silver,Organic,South,UPI,0
CUST104161,21.0,7,5980.61,5,3588.37,27,1.0,0.019,0.333,14,0.56,0,0,3.3,Yes,Bronze,Referral,East,Card,1
CUST102844,27.0,28,4065.94,2,6000.0,35,0.0,0.068,0.232,9,0.699,0,0,3.7,Yes,Bronze,Organic,West,UPI,0
CUST100886,46.0,7,606.8,3,606.8,49,0.0,0.086,0.192,4,0.85,1,1,3.2,Yes,Platinum,Organic,South,NetBanking,0
CUST104931,25.0,81,2323.68,3,2323.68,34,1.0,0.075,0.175,7,0.858,0,1,,No,Bronze,Email,North,UPI,0
CUST103678,27.0,12,2591.22,3,2591.22,25,2.0,0.027,0.12,7,0.885,0,1,4.5,No,Gold,Paid Search,South,COD,0
CUST104580,30.0,17,4031.97,3,4031.97,8,3.0,0.049,0.02,8,0.699,0,0,3.4,Yes,Silver,Referral,Central,UPI,0
CUST103566,41.0,11,4097.9,3,4097.9,54,1.0,0.056,0.094,12,0.634,0,0,,Yes,Platinum,Partner,North,UPI,0
CUST104401,29.0,57,5379.11,5,3227.47,53,1.0,0.005,0.091,11,0.468,1,1,4.5,Yes,Platinum,Referral,Central,UPI,0
CUST100515,37.0,47,1874.82,4,1406.12,22,0.0,0.239,0.494,7,0.818,1,0,3.3,Yes,Gold,Paid Search,Central,UPI,1
CUST104620,23.0,28,4614.62,3,4614.62,99,0.0,0.067,0.254,12,0.643,0,1,3.8,No,Silver,Referral,South,Card,0
CUST100737,42.0,19,1837.43,2,2756.14,124,0.0,0.013,0.508,6,0.843,0,0,3.5,Yes,Bronze,Paid Search,Central,NetBanking,1
CUST101453,30.0,5,1208.0,0,1654.79,106,1.0,0.093,0.396,14,0.721,1,0,4.3,No,Silver,Social,West,Card,1
CUST103971,36.0,34,4918.87,3,4918.87,34,1.0,0.092,0.263,8,0.618,0,0,3.7,No,Bronze,Referral,South,Card,0
CUST104700,42.0,21,1837.65,5,1102.59,45,1.0,0.124,0.163,9,0.487,1,1,3.4,Yes,Gold,Partner,North,UPI,1
CUST102506,49.0,27,969.58,2,1454.37,13,1.0,0.314,0.65,8,0.905,0,0,4.7,Yes,Silver,Paid Search,West,UPI,0
CUST102994,29.0,17,2961.32,4,2220.99,56,1.0,0.119,0.196,11,0.876,0,0,4.2,Yes,Bronze,Social,Central,NetBanking,0
CUST102126,56.0,9,1384.57,0,939.31,26,0.0,0.091,0.738,13,0.73,0,0,4.1,Yes,Bronze,Partner,East,Card,0
CUST102926,42.0,50,5698.86,6,2849.43,16,2.0,0.07,0.441,8,0.501,0,1,3.8,No,Silver,Social,South,Card,0
CUST104745,37.0,27,3351.61,5,2010.97,25,1.0,0.071,0.193,9,0.76,0,0,3.7,Yes,Bronze,Organic,East,UPI,0
CUST100906,32.0,22,1814.59,6,907.3,50,2.0,0.135,0.095,9,0.612,1,1,2.9,Yes,Bronze,Paid Search,East,Wallet,0
CUST103647,30.0,41,2264.15,5,1358.49,20,1.0,0.24,0.081,8,0.895,0,0,3.5,Yes,Silver,Partner,East,NetBanking,0
CUST101030,46.0,26,1350.01,2,2025.02,31,0.0,0.06,0.313,10,0.671,0,0,2.2,Yes,Bronze,Partner,West,Card,0
CUST102507,38.0,15,1054.0,8,395.25,76,1.0,0.145,0.641,8,0.596,1,1,3.1,Yes,Bronze,Partner,West,Card,0
CUST102428,34.0,11,1651.91,3,1651.91,8,0.0,0.092,0.313,9,0.743,0,0,3.9,No,Silver,Partner,South,Wallet,0
CUST100947,18.0,9,1523.05,1,4569.15,31,1.0,0.138,0.423,9,0.668,1,0,3.1,No,Silver,Referral,East,Card,0
CUST103806,26.0,14,970.24,5,582.14,58,1.0,0.033,0.299,8,0.531,1,2,3.5,No,Silver,Social,North,NetBanking,0
CUST104754,52.0,27,2538.38,3,2538.38,51,2.0,0.036,0.564,13,0.722,1,1,4.4,Yes,Silver,Paid Search,North,UPI,0
CUST100715,22.0,17,4678.37,5,2807.02,22,3.0,0.045,0.383,6,0.629,2,1,4.4,Yes,Bronze,Social,South,UPI,0
CUST104055,38.0,39,1594.29,8,597.86,57,2.0,0.153,0.249,10,0.66,1,1,4.0,Yes,Bronze,Email,East,UPI,0
CUST100686,42.0,22,2570.47,2,3855.7,15,0.0,0.286,0.131,14,0.686,1,0,3.9,Yes,Platinum,Organic,North,UPI,0
CUST100703,33.0,12,1734.89,4,1301.17,52,0.0,0.028,0.327,13,0.634,0,2,3.9,Yes,Bronze,Social,West,COD,0
CUST103341,42.0,52,1640.25,0,611.38,49,1.0,0.135,0.403,9,0.886,0,0,5.0,No,Silver,Paid Search,East,Card,0
CUST102353,36.0,14,4806.95,1,6000.0,35,0.0,0.176,0.69,10,0.613,1,0,3.9,No,Bronze,Email,South,UPI,0
CUST102257,36.0,12,2464.47,5,1478.68,39,2.0,0.063,0.52,9,0.707,0,2,3.0,Yes,Silver,Paid Search,West,COD,0
CUST103551,22.0,22,1009.26,4,756.94,43,1.0,0.09,0.191,15,0.948,1,3,3.4,Yes,Bronze,Referral,West,UPI,0
CUST100473,36.0,30,2528.0,3,2528.0,51,1.0,0.108,0.159,9,0.56,1,1,4.5,No,Gold,Partner,North,Card,0
CUST100021,27.0,4,1920.11,4,1440.08,27,1.0,0.027,0.464,9,0.67,0,1,3.3,Yes,Gold,Paid Search,South,Card,0
CUST102752,18.0,15,1557.24,5,934.34,20,1.0,0.146,0.488,8,0.613,1,2,3.9,Yes,Silver,Organic,North,Card,0
CUST100885,37.0,11,1747.14,4,1310.36,67,0.0,0.143,0.353,14,0.315,0,2,5.0,Yes,Gold,Paid Search,East,Wallet,0
CUST102448,42.0,20,4945.02,8,1854.38,40,0.0,0.039,0.12,12,0.726,0,1,3.1,Yes,Silver,Email,West,UPI,0
CUST100917,39.0,56,510.97,6,,45,2.0,0.139,0.524,17,0.582,0,0,4.1,Yes,Bronze,Organic,South,COD,0
CUST103757,21.0,26,2063.89,1,6000.0,41,0.0,0.053,0.159,8,0.548,0,0,4.5,Yes,Silver,Referral,South,UPI,0
CUST103751,28.0,16,607.74,3,607.74,32,0.0,0.067,0.409,11,0.586,0,1,3.0,Yes,Silver,Paid Search,Central,Card,0
CUST102239,,36,1123.9,5,674.34,47,4.0,0.018,0.084,9,0.732,0,0,,Yes,Silver,Email,Central,COD,0
CUST103844,35.0,82,897.91,1,2693.73,30,2.0,0.016,0.684,14,0.556,1,0,4.2,Yes,Gold,Organic,West,UPI,0
CUST103395,40.0,91,1021.35,2,1532.02,25,3.0,0.146,0.255,5,0.729,0,1,3.3,Yes,Silver,Referral,West,Card,0
CUST101265,33.0,15,475.2,3,475.2,87,1.0,0.154,0.1,15,0.653,2,1,4.2,No,Silver,Referral,South,Card,0
CUST100483,40.0,60,1359.48,1,4078.44,17,1.0,0.04,0.099,6,0.683,2,2,5.0,No,Bronze,Social,West,UPI,0
CUST104337,29.0,14,974.11,8,365.29,33,1.0,0.005,0.088,10,0.627,0,0,4.3,No,Platinum,Referral,West,UPI,1
CUST102963,27.0,51,3023.71,4,2267.78,54,0.0,0.043,0.3,14,0.781,0,1,3.7,Yes,Bronze,Organic,South,Card,0
CUST101219,47.0,42,1042.96,1,3128.88,39,0.0,0.031,0.196,11,0.668,1,2,,Yes,Bronze,Paid Search,East,NetBanking,0
CUST100277,23.0,31,1177.67,3,1177.67,29,0.0,0.149,0.197,14,0.9,0,1,4.8,Yes,Silver,Organic,South,Card,1
CUST100988,31.0,14,2061.01,12,515.25,88,1.0,0.264,0.656,11,,0,0,3.7,Yes,Silver,,South,UPI,1
CUST102084,44.0,34,1676.71,2,2515.06,97,0.0,0.01,0.095,10,0.855,2,2,5.0,Yes,Silver,Paid Search,South,UPI,0
CUST101245,35.0,13,3504.45,5,2102.67,31,2.0,0.045,0.259,11,0.843,0,1,3.9,No,Bronze,Referral,South,UPI,0
CUST102382,19.0,17,4445.52,1,6000.0,47,0.0,0.183,0.204,11,0.719,1,0,3.5,Yes,Bronze,Partner,South,UPI,0
CUST100571,33.0,61,3087.53,1,6000.0,49,0.0,0.071,0.207,6,0.614,0,2,4.2,Yes,Silver,Email,West,UPI,0
CUST101435,33.0,6,1321.6,3,1321.6,81,0.0,0.073,0.314,7,0.645,1,1,3.6,No,Bronze,Paid Search,West,UPI,1
CUST100993,47.0,16,880.98,1,2642.94,103,0.0,0.062,0.63,9,0.638,0,0,3.5,Yes,Silver,Referral,North,UPI,0
CUST103930,23.0,27,2794.12,2,4191.18,61,0.0,0.109,0.446,11,0.519,1,2,3.2,Yes,Gold,Organic,East,NetBanking,0
CUST103447,,20,3279.46,5,1967.68,14,1.0,0.045,0.296,11,0.583,2,1,4.2,Yes,Silver,Paid Search,South,UPI,0
CUST100585,54.0,44,,7,588.57,44,1.0,0.027,0.422,12,0.808,0,2,3.0,Yes,Bronze,Paid Search,Central,UPI,0
CUST103658,25.0,6,2632.13,4,1974.1,48,0.0,0.043,0.479,14,0.801,1,0,1.1,Yes,Bronze,Social,West,COD,1
CUST102514,35.0,11,961.7,2,1442.55,25,0.0,0.044,0.337,6,0.59,0,0,,Yes,Gold,Referral,West,COD,0
CUST101349,33.0,10,1272.63,3,1272.63,51,0.0,0.046,0.364,10,0.804,0,0,4.2,Yes,Bronze,Email,West,UPI,1
CUST101007,30.0,21,1215.89,6,607.95,55,1.0,0.008,0.574,14,0.73,0,0,3.0,Yes,Gold,Paid Search,West,Card,0
CUST100674,42.0,25,2789.62,5,1673.77,53,1.0,0.251,0.272,12,0.624,0,2,3.9,Yes,Silver,Organic,South,Card,1
CUST102412,18.0,27,1386.76,1,4160.28,21,3.0,0.05,0.431,12,0.629,0,1,2.9,No,Bronze,Email,North,Card,0
CUST102903,29.0,30,1115.58,5,669.35,90,1.0,0.115,0.677,12,0.899,1,0,4.8,No,Platinum,Partner,West,Card,0
CUST100447,31.0,35,793.41,3,793.41,21,0.0,0.156,0.17,8,0.623,2,4,4.3,Yes,Bronze,Organic,West,NetBanking,1
CUST103834,48.0,35,1037.34,6,518.67,18,1.0,0.043,0.403,5,0.414,0,1,3.6,Yes,Bronze,Paid Search,South,NetBanking,0
CUST103758,38.0,22,3478.85,1,6000.0,18,1.0,0.081,0.382,5,0.675,1,4,4.0,No,Silver,Paid Search,East,NetBanking,0
CUST103703,26.0,17,2069.01,2,3103.52,180,5.0,0.026,0.294,13,0.55,0,0,3.3,Yes,Bronze,Paid Search,South,Card,1
CUST100359,33.0,6,2007.56,7,860.38,44,0.0,0.238,0.447,12,0.647,0,2,3.5,Yes,Silver,Organic,North,UPI,0
CUST102064,31.0,10,1881.87,4,1411.4,37,3.0,0.138,0.26,10,0.753,1,0,3.8,Yes,Silver,Email,East,Card,1
CUST104449,34.0,18,503.19,4,377.39,54,1.0,0.038,0.221,7,0.716,0,0,3.5,Yes,Bronze,Social,South,UPI,0
CUST103810,37.0,17,5582.23,8,2093.34,71,2.0,0.153,0.277,12,0.721,0,0,3.7,No,Bronze,Social,West,UPI,0
CUST101690,29.0,27,2978.95,4,2234.21,28,1.0,0.018,0.333,13,0.569,0,1,3.9,No,Silver,Organic,West,UPI,0
CUST104326,44.0,5,4481.15,7,1920.49,15,2.0,0.06,0.257,15,0.822,0,2,4.0,Yes,Silver,Paid Search,North,Card,0
CUST101548,40.0,14,1135.66,0,907.43,32,1.0,0.03,0.201,9,0.599,0,0,3.7,Yes,Silver,Partner,West,Card,0
CUST101247,18.0,11,2201.64,4,1651.23,18,3.0,0.011,0.492,13,0.796,0,0,3.8,Yes,Bronze,Paid Search,North,NetBanking,0
CUST101985,31.0,9,2967.11,2,4450.66,46,2.0,0.101,0.14,9,0.847,2,2,2.6,Yes,Bronze,Organic,East,UPI,1
CUST100294,,13,3944.63,4,2958.47,29,0.0,0.152,0.418,8,0.421,0,1,5.0,Yes,Gold,Organic,North,UPI,1
CUST101547,26.0,10,2516.42,5,1509.85,127,0.0,0.015,0.077,8,0.635,1,2,4.5,Yes,Bronze,Organic,West,UPI,1
CUST102012,41.0,21,1995.58,7,855.25,30,1.0,0.082,0.314,11,0.562,0,0,3.6,No,Silver,Organic,South,UPI,0
CUST100588,36.0,11,1368.9,5,821.34,88,2.0,0.053,0.303,6,0.808,0,0,3.5,Yes,Bronze,Organic,East,NetBanking,1
CUST103329,31.0,22,1279.23,3,1279.23,54,1.0,0.147,0.202,14,0.868,0,0,4.0,Yes,Silver,Paid Search,North,UPI,1
CUST102403,27.0,28,1397.3,5,838.38,117,0.0,0.009,0.514,11,0.76,0,0,4.3,Yes,Bronze,Organic,North,Card,0
CUST102129,45.0,4,1527.12,2,2290.68,64,3.0,0.013,0.495,11,0.428,0,0,3.6,No,Bronze,Social,South,NetBanking,0
CUST104388,18.0,12,1243.12,3,1243.12,35,0.0,0.187,0.216,11,0.737,0,0,2.5,Yes,Bronze,Social,Central,Card,1
CUST102410,25.0,28,,6,784.76,9,0.0,0.216,0.318,14,,0,0,3.9,No,Bronze,Organic,South,UPI,0
CUST102719,23.0,40,1671.66,3,1671.66,28,0.0,0.083,0.11,19,0.419,1,1,3.3,No,Silver,Organic,North,UPI,0
CUST100425,30.0,36,4063.97,6,2031.98,71,2.0,0.033,0.575,8,0.801,0,0,4.6,No,Bronze,Organic,South,COD,0
CUST102582,33.0,28,2614.95,4,1961.21,67,0.0,0.029,0.407,7,0.507,0,0,3.0,Yes,Silver,Partner,East,Card,0
CUST101054,20.0,18,1369.82,6,684.91,37,,0.184,0.149,6,0.526,2,2,3.5,Yes,Bronze,Organic,East,Card,0
CUST103966,24.0,40,850.27,4,637.7,18,1.0,0.125,0.052,18,0.498,1,2,3.5,Yes,Gold,Social,Central,Card,0
CUST104562,37.0,4,3167.07,3,3167.07,132,1.0,0.139,0.244,11,0.808,1,0,5.0,No,Bronze,Organic,East,UPI,0
CUST100556,26.0,22,1460.29,6,730.14,60,3.0,0.014,0.372,18,0.75,1,1,4.1,Yes,Silver,Social,East,COD,1
CUST104358,30.0,10,5059.78,1,6000.0,93,0.0,0.02,0.345,12,0.638,1,2,4.1,Yes,Silver,Social,Central,UPI,1
CUST103938,35.0,16,2397.33,4,1798.0,60,1.0,0.105,0.675,10,0.85,0,0,3.7,No,Bronze,Organic,South,UPI,1
CUST104712,45.0,23,1906.75,3,1906.75,61,0.0,0.051,0.347,13,0.758,0,1,4.9,Yes,Bronze,Organic,West,UPI,1
CUST102469,34.0,43,1876.1,3,1876.1,21,2.0,0.028,0.251,12,0.666,0,3,3.9,No,Bronze,Social,South,UPI,0
CUST104710,38.0,9,1832.02,3,1832.02,64,3.0,0.02,0.235,19,0.716,0,1,3.9,Yes,Gold,Referral,South,UPI,0
CUST100355,36.0,37,3873.94,4,2905.46,85,1.0,0.107,0.273,11,0.614,1,0,2.0,Yes,Silver,Organic,West,UPI,0
CUST101193,42.0,25,2529.51,1,6000.0,26,0.0,0.177,0.268,15,0.523,1,0,3.6,Yes,Bronze,Organic,West,Card,0
CUST101716,28.0,7,7826.33,4,5869.75,36,1.0,0.128,0.229,8,,0,2,3.5,Yes,Platinum,Referral,South,Wallet,0
CUST103416,35.0,12,1836.61,4,1377.46,70,0.0,0.027,0.262,13,0.78,0,2,3.1,No,Silver,Organic,North,UPI,0
CUST102604,46.0,32,2270.65,3,2270.65,134,0.0,0.022,0.1,8,0.75,0,1,5.0,Yes,Silver,Email,West,Card,0
CUST104129,24.0,13,2452.53,4,1839.4,38,1.0,0.097,0.657,10,0.971,1,0,2.9,Yes,Gold,Partner,South,Card,0
CUST102828,18.0,13,736.21,5,441.73,76,1.0,0.089,0.192,11,0.693,0,0,4.4,Yes,Bronze,Social,West,Card,1
CUST101704,36.0,19,2483.59,5,1490.15,6,1.0,0.029,0.728,8,0.896,1,0,3.5,Yes,Bronze,Paid Search,East,Card,0
CUST102863,65.0,13,1032.74,2,1549.11,23,1.0,0.113,0.184,14,0.864,0,1,3.0,Yes,Silver,Paid Search,East,NetBanking,0
CUST102618,26.0,26,2539.35,3,2539.35,26,2.0,0.019,0.55,4,0.831,3,2,3.8,No,Bronze,Organic,South,UPI,0
CUST102400,30.0,17,1795.53,2,,100,,0.091,0.599,14,0.704,0,1,3.0,Yes,Gold,Organic,North,Card,0
CUST102139,47.0,19,2783.97,4,2087.98,30,1.0,0.071,0.099,7,0.602,0,0,3.3,No,Bronze,Partner,East,Wallet,0
CUST103239,22.0,21,1336.22,4,1002.16,29,2.0,0.062,0.249,8,0.655,1,0,3.3,Yes,Silver,Paid Search,South,UPI,0
CUST102383,29.0,20,916.27,1,2748.81,39,1.0,0.05,0.316,9,0.336,0,2,4.0,Yes,Bronze,Email,West,Card,1
CUST103218,56.0,7,2809.72,2,4214.58,12,0.0,0.028,0.464,17,0.793,0,1,4.0,Yes,Bronze,Partner,East,Card,0
CUST103935,36.0,13,1576.08,3,1576.08,63,2.0,0.008,0.474,13,0.73,0,0,4.4,Yes,Bronze,Partner,West,Card,1
CUST101285,37.0,36,5407.75,5,3244.65,109,3.0,0.098,0.212,10,0.725,0,0,3.3,Yes,Silver,Referral,West,Card,1
CUST103796,18.0,19,2193.85,2,3290.77,23,1.0,0.074,0.751,10,0.909,2,0,5.0,Yes,Bronze,Organic,North,Card,0
CUST104894,25.0,43,4802.1,2,6000.0,94,1.0,0.001,0.378,5,0.797,3,3,4.7,Yes,Platinum,Organic,South,UPI,0
CUST104468,58.0,30,2091.59,3,2091.59,22,1.0,0.093,0.166,9,0.42,0,1,4.2,Yes,Platinum,Organic,East,UPI,1
CUST102087,29.0,16,2377.14,3,2377.14,16,0.0,0.231,0.181,9,0.809,1,0,2.3,No,Gold,Social,East,UPI,0
CUST101889,39.0,46,1808.21,2,2712.32,26,3.0,0.014,0.291,10,0.58,1,2,4.4,No,Bronze,Email,East,UPI,1
CUST104622,35.0,11,4195.74,2,6000.0,62,0.0,0.166,0.582,7,0.532,0,0,3.5,Yes,Silver,Social,West,UPI,1
CUST101591,20.0,25,1742.06,3,1742.06,46,1.0,0.126,0.577,12,0.549,0,0,,Yes,Gold,Paid Search,West,UPI,0
CUST101346,37.0,16,1647.92,6,823.96,114,0.0,0.247,0.264,9,0.864,1,0,3.8,Yes,Silver,Organic,North,Card,0
CUST104431,18.0,30,1179.43,7,505.47,17,2.0,0.111,0.194,12,0.78,0,1,4.1,Yes,Bronze,Referral,West,Wallet,0
CUST102162,47.0,26,641.2,2,961.8,18,3.0,0.13,0.351,15,0.638,0,1,3.5,No,Silver,Paid Search,East,Card,1
CUST102396,30.0,21,2764.89,8,1036.83,30,1.0,0.027,0.342,11,0.693,0,0,3.3,No,Gold,Organic,East,UPI,0
CUST104768,19.0,26,1147.78,3,1147.78,64,2.0,0.152,0.089,10,0.828,1,2,4.2,No,Bronze,Paid Search,South,NetBanking,0
CUST102271,23.0,4,8000.0,5,4800.0,74,0.0,0.112,0.227,5,0.22,0,1,4.1,No,Bronze,Paid Search,East,NetBanking,0
CUST104490,52.0,14,1576.64,3,1576.64,28,1.0,0.052,0.314,9,0.785,0,0,4.6,Yes,Bronze,Referral,South,Card,1
CUST103111,46.0,11,3072.75,2,4609.12,58,1.0,0.054,0.443,12,0.4,1,0,3.7,Yes,Silver,Paid Search,Central,UPI,0
CUST101137,34.0,14,1032.59,4,774.44,34,2.0,0.062,0.213,3,0.543,0,1,5.0,No,Bronze,Paid Search,North,UPI,1
CUST103895,18.0,26,2654.89,1,6000.0,25,0.0,0.096,0.274,7,0.493,0,1,4.1,Yes,Bronze,Social,South,UPI,0
CUST100972,36.0,46,4289.95,5,2573.97,51,0.0,0.081,0.164,10,0.824,0,2,4.0,Yes,Silver,Paid Search,Central,UPI,0
CUST100795,33.0,13,2577.79,1,6000.0,16,0.0,0.101,0.68,12,0.931,3,1,2.9,No,Bronze,Social,North,Card,0
CUST103020,22.0,38,1265.81,4,949.36,41,1.0,0.152,0.756,11,0.608,1,2,3.4,Yes,Gold,Paid Search,East,Card,0
CUST101711,18.0,36,5230.45,4,,49,3.0,0.073,0.027,9,0.419,0,1,4.5,Yes,Silver,Organic,East,UPI,0
CUST103387,29.0,19,3273.92,7,1403.11,71,1.0,0.226,0.392,8,0.769,1,1,2.2,Yes,Silver,Social,South,UPI,0
CUST100036,33.0,60,3767.41,9,1255.8,6,0.0,0.167,0.457,8,0.894,2,3,4.6,Yes,Platinum,Referral,West,NetBanking,0
CUST100453,55.0,18,5864.86,3,5864.86,33,1.0,0.029,0.38,8,0.711,0,2,3.5,Yes,Silver,Paid Search,Central,Card,1
CUST100913,28.0,35,3855.8,3,3855.8,53,2.0,0.282,0.726,8,0.643,0,0,,Yes,Gold,Paid Search,South,Card,0
CUST104081,43.0,20,1761.89,4,1321.42,47,1.0,0.16,0.216,11,0.76,0,3,4.2,Yes,Silver,Partner,East,UPI,1
CUST101199,23.0,16,1694.3,3,1694.3,43,6.0,0.088,0.216,11,0.698,0,3,3.0,Yes,Bronze,Email,East,COD,0
CUST101274,28.0,26,1689.55,3,1689.55,34,0.0,0.027,0.093,18,0.846,1,2,5.0,No,Bronze,Organic,North,NetBanking,0
CUST102375,18.0,17,2238.82,7,959.49,51,0.0,0.085,0.314,14,0.785,0,1,2.4,No,Bronze,Paid Search,West,UPI,1
CUST100037,26.0,42,3563.32,7,1527.14,100,0.0,0.041,0.256,14,0.879,0,2,3.9,No,Platinum,Partner,Central,UPI,0
CUST100974,24.0,36,1920.8,7,823.2,50,1.0,0.034,0.263,6,0.602,0,4,4.1,No,Silver,Social,Central,UPI,0
CUST103195,45.0,8,2277.3,7,975.99,42,0.0,0.098,0.769,11,0.54,0,1,3.1,No,Silver,Social,East,COD,0
CUST100983,41.0,23,2842.47,4,2131.85,81,1.0,0.067,0.149,6,0.84,0,3,4.0,Yes,Bronze,Social,South,Card,0
CUST103904,18.0,11,3805.44,1,6000.0,6,1.0,0.016,0.349,12,0.855,0,1,5.0,No,Silver,Referral,East,COD,0
CUST104069,18.0,12,3311.15,5,1986.69,57,0.0,0.029,0.064,9,0.804,0,1,4.3,No,Platinum,Email,West,UPI,0
CUST101418,44.0,5,2876.25,5,1725.75,34,0.0,0.113,0.302,11,0.614,1,1,4.6,Yes,Silver,Paid Search,West,Wallet,1
CUST103332,18.0,21,953.87,6,476.94,24,1.0,0.137,0.239,7,0.654,2,0,3.8,No,Bronze,Paid Search,West,UPI,0
CUST101560,30.0,49,2075.92,4,1556.94,28,0.0,0.033,0.315,10,0.673,0,1,3.9,Yes,Silver,Organic,East,Card,0
CUST100039,41.0,34,1581.16,3,1581.16,26,1.0,0.033,0.052,8,0.772,0,0,4.4,Yes,Silver,Paid Search,North,UPI,0
CUST101486,43.0,12,1055.88,3,1055.88,70,1.0,0.062,0.79,2,0.662,0,0,4.2,Yes,Silver,Organic,North,Card,1
CUST103883,46.0,14,2328.47,3,2328.47,27,0.0,0.215,0.665,9,,0,1,4.5,Yes,Bronze,Organic,East,Card,0
CUST100169,34.0,33,2820.14,4,2115.1,38,0.0,0.116,0.151,10,0.687,0,1,4.6,Yes,Gold,Organic,East,Card,0
CUST101355,39.0,52,2873.44,6,1436.72,38,0.0,0.125,0.457,9,,1,1,4.5,Yes,Silver,Paid Search,West,NetBanking,0
CUST102785,35.0,23,1115.33,2,1673.0,35,1.0,0.113,0.228,10,0.608,1,2,3.7,Yes,Silver,Partner,North,UPI,1
CUST103632,27.0,58,1737.12,5,1042.27,42,2.0,0.144,0.542,8,0.488,0,0,5.0,No,Silver,Referral,West,UPI,0
CUST104748,23.0,73,1154.7,2,1732.05,34,0.0,0.045,0.501,10,0.793,0,1,4.3,Yes,Bronze,Paid Search,South,Wallet,0
CUST104004,48.0,30,2501.47,5,1500.88,21,0.0,0.197,0.538,12,0.567,0,1,4.2,No,Bronze,Partner,West,UPI,1
CUST102682,44.0,27,3349.34,3,3349.34,75,0.0,0.042,0.359,15,0.784,0,0,2.3,Yes,Silver,Paid Search,South,Card,0
CUST104704,41.0,11,1161.5,5,696.9,30,1.0,0.021,0.088,12,0.695,0,2,4.2,Yes,Gold,Organic,West,UPI,0
CUST104025,24.0,13,2820.46,6,1410.23,27,2.0,0.134,0.182,11,0.58,0,0,4.4,Yes,Silver,Organic,East,UPI,0
CUST101640,19.0,19,2472.44,2,3708.66,34,0.0,0.101,0.542,6,0.873,0,0,4.3,Yes,Silver,Paid Search,South,UPI,0
CUST101290,36.0,40,6091.52,4,4568.64,31,0.0,0.059,0.766,8,0.631,1,1,5.0,Yes,Gold,Organic,North,NetBanking,0
CUST101380,46.0,8,1368.79,4,1026.59,48,3.0,0.095,0.499,10,0.545,0,0,2.1,Yes,Silver,Social,North,UPI,1
CUST101933,47.0,50,3994.9,5,2396.94,30,0.0,0.085,0.351,13,0.862,0,2,4.8,Yes,Gold,Paid Search,South,Card,0
CUST100579,38.0,9,1543.53,4,1157.65,23,1.0,0.191,0.142,11,0.716,0,1,4.3,No,Bronze,Partner,North,NetBanking,0
CUST104220,50.0,17,1921.82,4,1441.36,43,0.0,0.024,0.044,4,0.831,0,0,,No,Bronze,Paid Search,South,COD,0
CUST103160,33.0,24,472.51,3,472.51,47,1.0,0.111,0.203,8,0.933,1,0,3.6,Yes,Silver,Social,West,UPI,0
CUST102030,47.0,11,7401.15,4,5550.86,5,2.0,0.077,0.35,13,0.53,0,1,4.0,Yes,Gold,Organic,North,UPI,0
CUST100892,30.0,32,936.71,9,312.24,38,0.0,0.086,0.448,12,0.856,1,0,3.8,No,Bronze,Paid Search,East,Card,0
CUST103951,58.0,2,1962.21,2,2943.32,54,1.0,0.079,0.307,15,0.759,0,1,3.5,No,Bronze,,Central,UPI,0
CUST100780,33.0,43,1180.79,4,885.59,13,0.0,0.043,0.32,11,0.632,0,0,2.7,Yes,Bronze,Organic,South,Wallet,1
CUST100159,22.0,32,4227.88,2,6000.0,73,1.0,0.034,0.215,11,0.792,0,1,3.6,Yes,Silver,Referral,South,UPI,0
CUST100002,42.0,23,1301.09,5,780.65,4,1.0,0.079,0.63,14,0.515,0,0,4.6,Yes,Gold,Referral,East,UPI,0
CUST102263,32.0,29,5425.61,4,4069.21,76,1.0,0.018,0.145,9,0.878,0,0,4.4,No,Gold,Partner,East,UPI,0
CUST103216,21.0,12,1314.48,6,,45,1.0,0.203,0.055,12,0.698,0,2,4.0,Yes,Gold,Paid Search,South,UPI,0
CUST102109,36.0,29,6558.2,1,6000.0,38,1.0,0.042,0.506,14,0.841,0,2,3.8,Yes,Gold,Organic,West,UPI,0
CUST100849,44.0,9,5233.57,3,5233.57,65,3.0,0.009,0.231,11,0.91,0,3,4.0,Yes,Bronze,Social,West,Card,0
CUST102737,32.0,13,764.47,4,573.35,24,3.0,0.012,0.643,10,0.627,1,1,5.0,Yes,Gold,Social,East,COD,0
CUST102466,30.0,18,1808.04,6,904.02,34,2.0,0.199,0.024,13,0.494,0,0,,No,Silver,Organic,East,UPI,0
CUST103650,48.0,11,2678.92,4,2009.19,35,1.0,0.079,0.39,9,0.662,1,0,4.1,No,Silver,Referral,East,UPI,0
CUST101596,37.0,20,1476.38,4,1107.29,58,2.0,0.164,0.452,8,0.757,1,0,2.7,Yes,Gold,Organic,East,UPI,0
CUST101776,21.0,9,3772.67,5,2263.6,33,2.0,0.027,0.355,12,0.763,0,0,4.6,Yes,Bronze,Email,East,NetBanking,0
CUST101913,18.0,33,1340.33,4,1005.25,7,2.0,0.044,0.643,10,0.652,0,1,3.3,No,Silver,Partner,West,Card,0
CUST101043,35.0,13,3934.78,3,3934.78,41,0.0,0.134,0.35,6,0.731,0,1,2.8,No,Bronze,Social,North,Card,1
CUST104713,25.0,31,1642.12,4,1231.59,42,0.0,0.048,0.255,17,0.605,0,1,4.4,No,Bronze,Organic,East,UPI,0
CUST101544,48.0,37,1383.03,6,691.52,43,0.0,0.041,0.527,18,0.785,0,1,2.5,Yes,Bronze,Referral,West,UPI,0
CUST102736,25.0,43,1670.61,4,1252.96,100,1.0,0.082,0.215,7,0.66,1,1,4.6,Yes,Gold,Paid Search,East,Card,0
CUST103706,32.0,12,6076.79,4,4557.59,116,1.0,0.204,0.234,13,0.916,0,0,3.2,Yes,Bronze,Referral,Central,Card,0
CUST104617,24.0,6,1250.47,5,750.28,180,4.0,0.056,0.274,9,0.666,0,0,4.3,Yes,Silver,Organic,Central,UPI,1
CUST100053,31.0,35,3230.03,4,2422.52,60,0.0,0.064,0.081,12,0.921,1,1,4.0,No,Bronze,Social,East,COD,1
CUST101796,31.0,68,2644.81,2,3967.22,26,2.0,0.032,0.15,11,0.856,2,0,3.2,No,Bronze,Paid Search,West,UPI,0
CUST101911,39.0,28,2053.74,2,3080.61,22,2.0,0.122,0.33,9,0.597,0,0,4.5,Yes,Gold,Social,South,NetBanking,0
CUST102306,53.0,15,1617.69,3,1617.69,39,2.0,0.048,0.123,12,0.44,1,1,3.4,Yes,Bronze,Paid Search,East,UPI,0
CUST102553,18.0,19,2827.01,5,1696.21,54,0.0,0.058,0.32,10,0.681,0,0,3.2,No,Silver,Organic,West,UPI,0
CUST102800,31.0,27,3436.15,5,2061.69,40,2.0,0.132,0.323,7,0.754,1,0,3.5,Yes,Bronze,Organic,North,NetBanking,0
CUST104086,26.0,12,1638.88,4,1229.16,9,1.0,0.224,0.598,8,0.688,0,1,3.5,No,Bronze,Social,South,UPI,0
CUST104127,31.0,13,1874.93,2,2812.4,27,1.0,0.068,0.218,8,0.613,0,1,5.0,Yes,Silver,Organic,Central,Wallet,0
CUST100824,18.0,26,2211.86,5,1327.12,75,2.0,0.056,0.21,5,0.494,1,0,3.8,Yes,Bronze,Organic,South,UPI,0
CUST104733,18.0,5,1247.96,4,935.97,56,1.0,0.044,0.244,11,0.685,0,3,5.0,No,Silver,Social,West,UPI,1
CUST103178,40.0,27,1486.5,4,1114.88,62,1.0,0.069,0.089,12,0.853,0,1,4.0,No,Silver,Paid Search,West,COD,0
CUST103401,42.0,8,2384.28,6,1192.14,22,1.0,0.107,0.377,11,0.449,0,2,3.2,Yes,Platinum,Email,West,UPI,0
CUST101389,25.0,15,1378.72,4,1034.04,21,1.0,0.195,0.552,13,0.602,0,1,3.4,No,Silver,Organic,East,UPI,0
CUST103564,48.0,14,2177.57,7,933.24,61,1.0,0.037,0.318,7,0.423,0,2,4.3,Yes,Bronze,Social,East,Card,0
CUST104876,43.0,10,1509.27,2,2263.9,49,2.0,0.061,0.499,14,0.921,0,0,3.9,No,Gold,Social,West,NetBanking,0
CUST100884,23.0,8,1929.04,4,1446.78,51,0.0,0.048,0.618,14,0.869,0,0,2.3,No,Gold,Paid Search,North,UPI,0
CUST103805,18.0,66,1972.45,6,986.22,105,0.0,0.12,0.34,10,0.518,0,2,4.3,No,Silver,Paid Search,South,Card,1
CUST101607,36.0,23,1721.95,6,860.98,64,1.0,0.107,0.187,6,0.63,0,2,4.2,Yes,Bronze,Social,West,Card,1
CUST101594,38.0,8,2648.92,3,2648.92,12,1.0,0.056,0.088,14,0.823,1,1,4.1,Yes,Bronze,Referral,East,UPI,0
CUST100771,48.0,14,1433.78,4,1075.34,79,1.0,0.075,0.215,8,0.582,1,0,4.2,Yes,Silver,Organic,North,Card,0
CUST102611,42.0,37,2332.13,2,3498.2,40,1.0,0.034,0.257,11,0.58,0,1,5.0,Yes,Silver,Social,Central,UPI,0
CUST104661,30.0,40,1540.95,4,1155.71,26,2.0,0.005,0.232,9,0.559,1,3,4.4,Yes,Silver,Email,Central,NetBanking,0
CUST102273,43.0,30,1792.16,3,1792.16,11,1.0,0.047,0.085,11,0.726,0,1,4.6,No,Silver,Paid Search,West,UPI,0
CUST101868,30.0,20,1898.4,1,,60,1.0,0.148,0.139,11,0.483,0,3,4.6,Yes,Bronze,Organic,East,COD,1
CUST101085,30.0,18,601.52,5,360.91,89,1.0,0.048,0.204,10,0.708,0,1,5.0,Yes,Bronze,,East,UPI,0
CUST100010,43.0,35,2150.45,3,2150.45,51,0.0,0.089,0.15,10,0.715,1,0,4.0,No,Silver,Paid Search,East,Card,0
CUST103611,26.0,36,642.92,0,1568.63,44,0.0,0.248,0.382,10,0.439,0,1,4.1,Yes,Silver,Partner,West,UPI,0
CUST101325,44.0,35,1387.87,4,1040.9,42,1.0,0.001,0.426,12,0.633,0,0,3.1,No,Bronze,Partner,West,Card,0
CUST103390,23.0,16,3027.99,5,1816.79,26,1.0,0.085,0.514,12,0.724,0,0,4.6,No,Bronze,Email,North,Card,1
CUST101463,39.0,6,2280.21,2,3420.32,51,1.0,0.112,0.566,10,0.748,0,2,4.1,Yes,Bronze,Social,West,UPI,0
CUST100806,33.0,39,3175.18,7,1360.79,29,1.0,0.053,0.264,9,0.505,2,1,2.8,Yes,Bronze,Email,East,UPI,0
CUST104260,37.0,25,4375.95,7,1875.41,36,1.0,0.073,0.495,17,,1,1,3.9,Yes,Gold,Referral,Central,UPI,0
CUST103985,28.0,13,1154.66,4,866.0,25,4.0,0.071,0.29,10,0.73,0,1,5.0,Yes,Bronze,Referral,South,UPI,0
CUST103771,21.0,16,1375.65,2,2063.48,38,2.0,0.177,0.151,9,0.807,0,0,3.4,No,Bronze,Organic,Central,NetBanking,0
CUST102108,26.0,22,4549.81,3,4549.81,19,2.0,0.042,0.22,10,0.678,1,0,4.1,Yes,Bronze,Social,Central,UPI,0
CUST104235,40.0,32,3118.31,6,1559.16,18,3.0,0.034,0.583,10,0.559,0,0,4.0,Yes,Silver,Paid Search,North,Wallet,0
CUST104956,35.0,27,1166.39,2,1749.58,10,1.0,0.162,0.162,10,0.847,0,2,3.5,Yes,Gold,Email,North,Card,0
CUST102234,25.0,21,1589.47,4,1192.1,16,0.0,0.13,0.42,8,0.523,0,0,4.4,Yes,Silver,Paid Search,North,UPI,0
CUST103211,33.0,31,2600.8,3,,46,0.0,0.05,0.283,10,0.739,1,3,3.9,Yes,Gold,Paid Search,North,Card,0
CUST100963,,6,1272.22,8,477.08,42,0.0,0.06,0.146,8,0.896,0,0,,Yes,Gold,Social,Central,Card,0
CUST103415,35.0,10,4170.97,2,6000.0,31,1.0,0.101,0.601,17,0.687,2,0,4.1,Yes,Bronze,Email,Central,UPI,1
CUST103753,42.0,23,1528.54,4,1146.4,50,2.0,0.016,0.492,12,0.816,1,1,4.2,Yes,Gold,Partner,East,Card,0
CUST100398,39.0,14,4685.28,7,2007.98,67,1.0,0.248,0.467,11,0.758,0,1,3.5,Yes,Bronze,Paid Search,East,NetBanking,1
CUST102632,33.0,22,4551.33,2,6000.0,30,2.0,0.009,0.288,8,0.516,1,0,4.6,Yes,Bronze,Email,West,UPI,0
CUST104851,32.0,53,921.9,4,691.42,40,3.0,0.046,0.183,10,0.753,0,1,5.0,Yes,Silver,Organic,West,,0
CUST102996,22.0,20,1915.69,2,2873.54,113,2.0,0.125,0.333,8,0.693,0,1,5.0,No,Bronze,Referral,East,UPI,0
CUST100704,44.0,35,1207.95,5,724.77,64,2.0,0.168,0.728,9,0.732,1,1,4.5,Yes,Gold,Social,East,Card,0
CUST100431,39.0,40,1417.97,4,1063.48,24,0.0,0.232,0.488,8,0.576,0,1,4.0,Yes,Bronze,Referral,East,COD,1
CUST100292,49.0,25,2719.68,3,2719.68,52,1.0,0.112,0.873,10,0.725,0,2,3.0,No,Gold,,West,UPI,0
CUST104867,31.0,10,3446.89,4,2585.17,42,1.0,0.17,0.226,4,0.73,0,2,4.3,Yes,Silver,Paid Search,Central,NetBanking,1
CUST100145,30.0,35,3161.91,5,1897.15,96,0.0,0.094,0.053,7,0.613,1,0,4.1,Yes,Bronze,Social,West,UPI,0
CUST104393,25.0,8,2845.86,5,1707.52,10,0.0,0.137,0.189,12,0.892,0,1,3.7,No,Silver,Partner,Central,,0
CUST102033,30.0,13,1650.37,3,1650.37,60,1.0,0.165,0.262,9,0.76,0,0,4.6,No,Gold,Email,North,Card,0
CUST104283,29.0,16,2369.99,4,,75,0.0,0.016,0.097,7,0.588,1,0,2.7,No,Silver,Email,North,UPI,1
CUST101165,25.0,9,1496.2,5,897.72,41,0.0,0.011,0.239,8,0.734,0,0,4.0,No,Gold,Organic,North,Card,0
CUST103500,32.0,34,2207.33,3,2207.33,43,0.0,0.136,0.57,7,0.739,0,1,3.7,Yes,Bronze,Referral,North,UPI,0
CUST102050,42.0,11,1296.53,1,3889.59,71,2.0,0.099,0.223,4,0.812,2,0,3.2,Yes,Platinum,Paid Search,East,Card,0
CUST102624,28.0,17,2094.44,3,2094.44,5,1.0,0.247,0.199,14,0.687,0,0,3.4,Yes,Silver,Organic,North,UPI,0
CUST104378,29.0,11,4360.1,3,4360.1,35,1.0,0.088,0.799,7,0.411,1,1,3.0,Yes,Bronze,Paid Search,North,Card,0
CUST100339,40.0,16,1611.43,3,1611.43,20,0.0,0.213,0.738,7,0.97,0,0,3.2,Yes,Silver,Social,South,UPI,0
CUST103879,37.0,78,1347.86,7,577.65,58,1.0,0.118,0.299,6,,0,0,4.2,No,Bronze,Email,North,NetBanking,0
CUST104632,25.0,24,2277.71,7,976.16,23,1.0,0.003,0.389,11,0.612,2,1,2.6,No,Silver,Paid Search,South,UPI,0
CUST102973,28.0,38,1383.21,4,1037.41,47,1.0,0.131,0.219,10,0.446,0,0,3.2,Yes,Bronze,,Central,UPI,1
CUST100265,44.0,27,1497.83,6,748.92,44,2.0,0.025,0.147,9,0.791,1,0,5.0,Yes,Gold,Organic,Central,UPI,0
CUST102424,35.0,23,848.82,5,509.29,45,0.0,0.066,0.353,12,0.616,0,3,5.0,Yes,Bronze,Paid Search,West,UPI,0
CUST101262,42.0,27,2997.21,4,2247.91,76,1.0,0.072,0.243,10,0.906,0,1,3.2,Yes,Silver,Paid Search,Central,Card,0
CUST101771,35.0,18,3254.91,10,976.47,25,2.0,0.029,0.566,7,0.578,0,1,4.5,Yes,Silver,Organic,South,Card,0
CUST103511,20.0,27,2194.45,5,1316.67,18,1.0,0.089,0.005,13,0.57,0,0,,No,Bronze,Social,Central,,0
CUST100271,37.0,28,1813.75,4,1360.31,6,0.0,0.041,0.311,9,0.481,0,0,,No,Gold,Organic,Central,COD,0
CUST100696,18.0,16,1039.1,7,445.33,17,1.0,0.187,0.325,9,0.894,0,0,4.3,No,Gold,Paid Search,South,Card,0
CUST100747,39.0,19,1251.42,4,938.56,25,4.0,0.021,0.263,10,0.464,0,1,3.5,Yes,Platinum,Paid Search,East,UPI,0
CUST100244,55.0,33,1055.22,8,395.71,48,2.0,0.102,0.32,8,0.597,0,0,,Yes,Bronze,Email,West,UPI,0
CUST100317,27.0,30,1225.07,7,525.03,16,0.0,0.068,0.085,5,0.789,0,0,4.2,No,Silver,Organic,North,UPI,0
CUST100476,45.0,38,8000.0,0,1264.46,24,1.0,0.17,0.163,8,0.799,0,0,3.2,Yes,Bronze,Social,West,UPI,1
CUST102032,41.0,15,4927.11,3,4927.11,41,3.0,0.026,0.524,10,0.794,0,0,3.1,No,Gold,Paid Search,West,UPI,0
CUST100957,56.0,15,1110.07,6,555.04,26,,0.039,0.28,10,0.809,1,0,,No,Silver,Partner,South,NetBanking,0
CUST103816,33.0,17,4740.58,7,2031.68,21,2.0,0.123,0.717,14,0.703,0,1,4.6,Yes,Bronze,Organic,North,UPI,0
CUST100813,29.0,14,3052.37,2,4578.56,22,4.0,0.165,0.059,10,0.595,0,0,3.9,Yes,Gold,Organic,East,UPI,0
CUST104532,52.0,3,1759.03,2,,18,1.0,0.042,0.373,8,0.567,0,0,2.8,Yes,Bronze,Organic,Central,UPI,0
CUST101914,46.0,39,4317.51,7,1850.36,87,1.0,0.275,0.199,9,0.593,0,1,,Yes,Gold,Email,East,UPI,0
CUST104602,33.0,16,844.32,5,506.59,78,2.0,0.102,0.503,9,0.284,0,0,3.3,Yes,Silver,Social,East,UPI,0
CUST103487,37.0,16,1108.41,1,3325.23,27,0.0,0.17,0.193,11,0.889,0,2,3.8,No,Platinum,Referral,South,UPI,0
CUST101297,27.0,32,1256.09,6,628.04,8,1.0,0.012,0.594,15,0.63,0,2,5.0,Yes,Bronze,Organic,South,UPI,0
CUST104030,22.0,23,1389.09,5,833.45,127,2.0,0.043,0.516,13,0.757,0,0,3.9,No,Gold,Social,East,Card,0
CUST101804,35.0,13,2774.61,5,1664.77,36,2.0,0.039,0.251,9,0.86,1,1,3.5,Yes,Gold,Social,North,NetBanking,0
CUST100758,40.0,26,1572.19,7,673.8,88,1.0,0.021,0.641,3,0.896,0,1,4.4,No,Bronze,Social,South,UPI,0
CUST100250,30.0,13,1724.97,2,,37,1.0,0.021,0.599,6,0.844,1,1,2.1,Yes,Silver,Organic,South,UPI,1
CUST102461,21.0,2,4731.61,4,3548.71,101,1.0,0.021,0.089,6,0.804,1,0,2.7,Yes,Silver,Organic,Central,UPI,1
CUST100545,32.0,23,1598.58,1,4795.74,12,1.0,0.063,0.106,12,0.742,0,0,4.3,Yes,Bronze,Organic,Central,UPI,0
CUST103241,25.0,25,1013.82,3,1013.82,24,2.0,0.06,0.273,6,0.547,0,2,3.6,Yes,Platinum,Referral,West,UPI,1
CUST100738,18.0,13,1741.09,7,746.18,15,0.0,0.04,0.228,11,0.626,0,0,3.2,Yes,Silver,Organic,South,Wallet,0
CUST100310,46.0,18,1100.13,5,660.08,43,2.0,0.087,0.269,6,0.643,0,1,2.8,No,Gold,Paid Search,West,Wallet,0
CUST103780,38.0,46,3218.6,3,3218.6,34,2.0,0.068,0.332,8,0.858,0,3,4.0,Yes,Silver,Partner,Central,UPI,0
CUST102941,47.0,25,3679.47,1,6000.0,23,1.0,0.096,0.43,7,0.721,1,0,2.7,Yes,Gold,Organic,Central,Card,0
CUST101131,31.0,27,2088.31,4,1566.23,38,1.0,0.038,0.365,12,0.708,0,1,4.2,Yes,Bronze,Organic,Central,UPI,1
CUST101449,28.0,21,8000.0,5,4800.0,75,0.0,0.125,0.269,10,0.797,1,0,4.0,Yes,Silver,Paid Search,West,COD,0
CUST104919,44.0,33,1952.25,5,,18,1.0,0.073,0.347,12,0.79,0,1,3.3,No,Bronze,Social,East,UPI,0
CUST100015,25.0,33,2488.0,1,6000.0,13,1.0,0.172,0.158,12,0.523,1,1,2.5,Yes,Bronze,Referral,South,UPI,0
CUST103232,23.0,8,2025.32,4,1518.99,54,1.0,0.217,0.252,9,0.776,0,2,4.4,Yes,Silver,Partner,West,Wallet,0
CUST102769,42.0,38,1372.23,6,686.12,62,0.0,0.098,0.225,14,0.749,0,2,3.0,No,Bronze,Partner,Central,UPI,0
CUST103468,48.0,44,1192.95,4,894.71,10,1.0,0.107,0.13,15,0.277,0,0,2.2,Yes,Bronze,Organic,South,UPI,0
CUST100920,31.0,16,3272.34,3,3272.34,54,1.0,0.023,0.236,7,0.793,1,1,2.6,No,Silver,Paid Search,Central,Card,0
CUST103029,37.0,14,806.82,4,605.12,48,0.0,0.061,0.343,19,0.839,0,2,2.4,Yes,Silver,Organic,South,UPI,0
CUST101372,38.0,4,874.39,5,524.63,41,4.0,0.009,0.569,6,0.72,1,0,2.8,Yes,Gold,Social,West,UPI,0
CUST103587,36.0,6,4139.63,1,6000.0,30,1.0,0.097,0.165,17,0.869,2,1,4.8,Yes,Gold,Referral,Central,Card,1
CUST102544,34.0,26,1751.51,5,1050.91,11,0.0,0.195,0.292,5,0.841,0,1,4.0,Yes,Bronze,Email,East,UPI,0
CUST103598,18.0,38,3978.42,11,1085.02,95,0.0,0.082,0.187,12,0.724,1,1,5.0,Yes,Bronze,Organic,West,UPI,0
CUST100038,26.0,26,1721.88,3,1721.88,24,2.0,0.044,0.314,11,0.625,0,2,3.4,Yes,Silver,,West,UPI,0
CUST100363,23.0,20,3307.01,5,1984.21,49,2.0,0.022,0.103,10,0.849,1,1,2.1,No,Bronze,Referral,Central,UPI,0
CUST104101,36.0,4,311.87,3,311.87,59,1.0,0.118,0.295,15,0.9,0,1,3.9,Yes,Silver,Paid Search,East,Card,1
CUST100182,30.0,16,1774.32,5,1064.59,51,2.0,0.076,0.478,9,0.666,0,4,4.1,Yes,Gold,Organic,West,Card,0
CUST103033,38.0,40,777.95,6,388.98,86,0.0,0.176,0.274,6,0.82,0,1,3.7,No,Bronze,Referral,North,Wallet,1
CUST102983,37.0,28,5112.31,5,3067.39,61,0.0,0.046,0.573,7,0.544,0,0,3.2,Yes,Gold,Referral,North,Wallet,1
CUST101194,53.0,20,977.94,5,586.76,23,1.0,0.056,0.574,9,0.77,0,0,4.8,No,Bronze,,Central,UPI,0
CUST102852,48.0,73,1082.32,7,463.85,15,1.0,0.35,0.435,6,0.704,0,2,,Yes,Bronze,Organic,Central,Card,0
CUST104542,18.0,29,2467.68,2,3701.52,40,1.0,0.298,0.191,7,0.58,0,0,4.6,No,Gold,Partner,South,UPI,0
CUST101121,34.0,14,1118.75,4,839.06,73,1.0,0.038,0.565,10,0.573,0,1,4.1,Yes,Bronze,Paid Search,North,Card,1
CUST102235,24.0,31,1789.21,5,1073.53,23,1.0,0.088,0.156,12,0.8,0,0,3.5,No,Silver,Social,West,NetBanking,0
CUST102667,31.0,20,3558.15,4,2668.61,29,1.0,0.058,0.48,9,0.572,0,1,5.0,No,Silver,Social,Central,UPI,0
CUST103699,22.0,12,2222.37,2,3333.56,69,1.0,0.053,0.385,5,0.55,0,2,4.5,No,Gold,Referral,North,COD,1
CUST103223,18.0,8,3536.29,3,3536.29,43,0.0,0.085,0.136,15,0.254,1,1,3.2,Yes,Silver,Social,South,NetBanking,1
CUST101182,26.0,29,898.56,7,385.1,71,0.0,0.07,0.295,9,0.712,1,0,4.5,No,Bronze,Social,South,UPI,0
CUST104184,34.0,18,4318.86,1,6000.0,24,1.0,0.044,0.205,9,0.873,0,1,5.0,Yes,Bronze,Organic,East,COD,0
CUST104293,47.0,8,4265.93,5,2559.56,7,0.0,0.063,0.246,20,0.576,0,2,4.0,No,Silver,Paid Search,South,UPI,0
CUST100614,26.0,12,3232.52,5,1939.51,31,3.0,0.12,0.393,9,0.476,0,0,3.7,Yes,Silver,Partner,West,UPI,0
CUST104908,29.0,21,1342.7,5,805.62,1,1.0,0.035,0.226,10,0.86,0,2,,Yes,Bronze,Partner,East,COD,0
CUST101466,21.0,52,3559.6,4,2669.7,36,0.0,0.055,0.464,12,0.701,0,2,4.8,Yes,Silver,Partner,North,,0
CUST100401,36.0,11,1456.62,2,2184.93,32,3.0,0.35,0.285,10,0.848,1,1,3.8,No,Gold,Social,West,UPI,1
CUST103042,25.0,23,2166.19,2,3249.28,5,0.0,0.197,0.221,11,0.412,0,0,4.0,No,Gold,Email,South,NetBanking,1
CUST100934,37.0,18,2109.83,4,1582.37,46,1.0,0.05,0.293,16,0.547,0,0,3.9,No,Platinum,Email,North,NetBanking,0
CUST102419,18.0,23,2024.75,8,759.28,31,,0.038,0.561,10,0.641,0,1,3.9,No,Silver,Organic,North,UPI,0
CUST104860,18.0,12,1361.32,2,2041.98,84,1.0,0.021,0.121,14,0.599,0,5,5.0,Yes,Silver,Referral,East,Wallet,1
CUST104910,26.0,20,7113.57,5,4268.14,9,3.0,0.099,0.271,14,0.625,0,1,3.1,Yes,Bronze,Paid Search,South,UPI,0
CUST102641,33.0,16,2082.58,4,1561.94,33,3.0,0.09,0.531,11,0.683,0,2,2.7,Yes,Gold,Organic,West,UPI,0
CUST104017,44.0,17,944.48,6,472.24,59,1.0,0.013,0.657,10,0.504,1,2,3.5,No,Bronze,Referral,North,NetBanking,1
CUST100726,37.0,19,2543.68,4,1907.76,38,1.0,0.021,0.188,8,0.667,0,0,4.5,Yes,Gold,Partner,East,NetBanking,0
CUST100826,34.0,38,2321.9,2,3482.85,29,1.0,0.035,0.203,7,0.772,0,2,2.7,Yes,Gold,Paid Search,Central,UPI,0
CUST101521,18.0,46,2016.82,4,1512.62,43,2.0,0.022,0.316,10,0.769,2,1,5.0,Yes,Bronze,Partner,South,UPI,0
CUST104856,19.0,8,2682.06,4,2011.54,44,1.0,0.106,0.559,10,0.789,4,0,5.0,No,Gold,Organic,Central,UPI,0
CUST102930,27.0,46,2349.98,4,1762.48,18,4.0,0.294,0.247,10,0.758,0,0,3.9,No,Bronze,Organic,West,NetBanking,0
CUST100136,37.0,34,1487.4,2,2231.1,50,2.0,0.033,0.356,8,0.491,0,0,3.7,No,Bronze,Paid Search,North,Card,0
CUST103590,34.0,43,909.07,6,454.54,34,2.0,0.221,0.609,14,0.691,0,5,5.0,Yes,Silver,Referral,West,Card,0
CUST100628,24.0,8,1050.18,2,1575.27,25,0.0,0.254,0.526,8,0.42,1,1,4.2,Yes,Platinum,Partner,North,UPI,0
CUST100334,34.0,37,3802.44,1,6000.0,42,0.0,0.036,0.467,16,0.618,0,0,2.6,No,Silver,Social,Central,Card,0
CUST100390,18.0,21,3814.95,5,2288.97,34,0.0,0.007,0.099,8,0.672,0,1,4.3,No,Gold,Paid Search,East,Wallet,0
CUST104387,40.0,31,2602.26,10,780.68,59,1.0,0.25,0.142,7,0.564,1,0,,Yes,Bronze,Paid Search,South,Card,0
CUST104904,55.0,15,1747.4,3,1747.4,22,2.0,0.162,0.271,8,0.415,0,0,4.1,No,Gold,Paid Search,North,UPI,0
CUST103832,32.0,44,2625.36,3,2625.36,69,1.0,0.139,0.626,7,0.56,0,0,3.8,Yes,Bronze,Organic,East,UPI,1
CUST101817,43.0,20,3250.1,8,1218.79,35,0.0,0.194,0.474,11,0.598,0,0,3.1,No,Platinum,Organic,South,NetBanking,0
CUST100400,32.0,71,4555.47,4,3416.6,49,2.0,0.2,0.602,10,0.514,0,0,5.0,Yes,Gold,Paid Search,North,COD,0
CUST100710,34.0,2,1492.38,1,4477.14,33,1.0,0.081,0.583,13,0.83,1,1,3.4,Yes,Bronze,Paid Search,West,UPI,0
CUST101039,41.0,18,2551.7,5,1531.02,19,2.0,0.154,0.494,9,0.553,1,0,3.7,No,Bronze,Email,West,UPI,1
CUST103989,25.0,35,4262.1,5,2557.26,59,1.0,0.282,0.439,11,0.956,0,1,4.6,Yes,Bronze,Paid Search,South,UPI,0
CUST103359,36.0,33,2865.81,7,1228.2,37,2.0,0.081,0.49,8,,0,2,5.0,Yes,Silver,Paid Search,South,Card,0
CUST100046,43.0,7,2283.89,1,6000.0,20,0.0,0.1,0.197,8,,0,1,5.0,Yes,Bronze,Referral,West,Card,0
CUST101561,35.0,38,1094.07,3,1094.07,55,0.0,0.107,0.102,5,0.737,0,1,3.9,Yes,Silver,Organic,North,UPI,0
CUST104799,30.0,26,2048.69,4,1536.52,62,1.0,0.067,0.424,7,0.698,4,0,3.4,Yes,Silver,Organic,West,UPI,0
CUST103642,33.0,22,1782.54,5,1069.52,116,3.0,0.021,0.34,9,0.493,0,1,3.4,Yes,Silver,Email,West,UPI,0
CUST103726,36.0,17,884.98,8,331.87,42,0.0,0.09,0.121,11,0.492,0,0,4.3,Yes,Gold,Organic,East,UPI,0
CUST104982,18.0,26,989.54,7,424.09,57,1.0,0.117,0.432,8,0.817,0,2,4.0,Yes,Gold,Email,North,Wallet,0
CUST101112,22.0,38,2784.02,2,4176.03,49,0.0,0.276,0.152,9,,1,1,4.1,No,Silver,Social,South,UPI,0
CUST102513,42.0,10,2606.65,2,3909.98,13,1.0,0.112,0.309,8,0.846,1,2,3.4,Yes,Bronze,Social,South,Card,0
CUST103608,42.0,45,2382.12,2,3573.18,58,0.0,0.189,0.586,10,0.601,0,0,,No,Silver,Email,East,Card,0
CUST101223,42.0,25,2418.79,5,1451.27,53,1.0,0.16,0.392,3,0.842,1,1,3.6,Yes,Gold,Paid Search,West,Card,0
CUST104060,36.0,37,1841.94,2,2762.91,13,2.0,0.06,0.651,15,0.335,0,0,4.5,No,Gold,Partner,West,Card,0
CUST103023,26.0,22,2652.16,5,1591.3,46,0.0,0.039,0.357,9,0.488,0,0,3.7,Yes,Silver,Organic,West,Card,0
CUST102421,31.0,4,1638.36,5,983.02,47,0.0,0.035,0.184,7,0.643,2,1,3.5,Yes,Bronze,Paid Search,West,COD,1
CUST101508,54.0,23,1187.59,4,890.69,95,1.0,0.011,0.653,8,0.765,0,0,4.4,Yes,Bronze,Organic,South,UPI,0
CUST101750,26.0,4,2156.73,2,3235.1,29,0.0,0.076,0.288,10,0.618,0,0,3.6,No,Bronze,Organic,North,UPI,0
CUST104837,24.0,23,6000.94,3,6000.0,76,0.0,0.091,0.455,9,0.412,0,0,3.7,No,Silver,Social,South,,0
CUST104096,40.0,51,2757.53,6,1378.76,21,1.0,0.003,0.073,11,0.71,1,1,4.6,Yes,Platinum,Paid Search,West,Card,0
CUST101799,30.0,18,537.68,4,403.26,73,0.0,0.052,0.622,11,0.475,0,2,3.1,Yes,Silver,Social,Central,Card,1
CUST100338,46.0,20,2742.79,3,2742.79,42,,0.046,0.45,6,0.64,0,1,3.9,Yes,Bronze,Paid Search,East,Wallet,1
CUST100215,44.0,12,1779.18,4,1334.38,79,1.0,0.112,0.177,14,,0,1,4.5,Yes,Silver,Social,North,Card,1
CUST103663,37.0,16,5327.66,3,5327.66,19,0.0,0.086,0.368,7,,0,1,2.3,Yes,Silver,Organic,North,COD,0
CUST101341,38.0,32,1444.55,1,4333.65,10,1.0,0.025,0.317,14,0.671,0,1,3.7,Yes,Bronze,Social,North,COD,1
CUST100011,42.0,39,3203.95,2,4805.92,47,3.0,0.179,0.207,9,0.804,0,2,4.0,Yes,Gold,Organic,West,,0
CUST101520,21.0,43,2441.66,3,2441.66,36,1.0,0.35,0.605,18,0.795,0,3,3.9,Yes,Gold,Organic,South,Card,0
CUST103640,18.0,54,1119.04,5,671.42,16,0.0,0.181,0.675,10,0.861,0,0,3.7,No,Gold,Referral,Central,Wallet,0
CUST103937,39.0,17,2381.57,3,2381.57,53,0.0,0.031,0.613,10,0.644,1,0,3.4,Yes,Silver,Paid Search,North,UPI,1
CUST104427,20.0,23,2996.61,3,2996.61,94,2.0,0.078,0.571,13,0.325,1,0,4.3,No,Silver,Referral,South,COD,0
CUST103004,31.0,7,3039.03,4,2279.27,53,1.0,0.083,0.2,15,0.84,0,1,3.6,No,Bronze,Social,East,NetBanking,0
CUST102864,23.0,39,1067.18,1,3201.54,33,1.0,0.073,0.34,13,0.71,1,1,4.5,Yes,Bronze,Organic,South,NetBanking,0
CUST103115,41.0,16,1232.73,3,1232.73,16,0.0,0.129,0.502,5,0.834,0,1,3.9,No,Silver,Organic,West,NetBanking,0
CUST104840,36.0,34,1709.32,4,1281.99,87,0.0,0.081,0.53,10,0.806,1,0,3.6,Yes,Gold,Partner,South,UPI,0
CUST102322,45.0,5,1381.04,4,1035.78,91,0.0,0.027,0.684,11,0.922,0,3,4.3,Yes,Bronze,Paid Search,East,NetBanking,0
CUST102571,40.0,11,3288.54,3,3288.54,57,1.0,0.062,0.397,9,0.687,0,0,4.7,Yes,Bronze,Referral,Central,UPI,1
CUST102913,18.0,21,3221.44,4,2416.08,27,0.0,0.036,0.098,9,0.651,0,0,4.4,Yes,Silver,Paid Search,North,,0
CUST100101,47.0,14,2860.9,6,1430.45,53,0.0,0.067,0.271,9,0.71,0,0,3.7,Yes,Gold,Email,East,UPI,0
CUST103549,40.0,28,1450.25,2,,19,0.0,0.039,0.455,13,0.697,0,0,3.8,Yes,Platinum,Social,South,UPI,0
CUST101458,52.0,11,3368.76,9,1122.92,100,3.0,0.12,0.203,10,0.457,0,3,3.6,Yes,Platinum,,East,UPI,0
CUST100171,38.0,22,1116.9,9,372.3,33,0.0,0.182,0.311,16,0.778,1,1,3.7,Yes,Gold,Organic,West,NetBanking,0
CUST100107,31.0,14,4693.69,5,2816.21,48,3.0,0.105,0.397,10,0.9,0,3,3.2,Yes,Silver,Paid Search,South,Card,0
CUST104196,37.0,9,2121.13,6,1060.56,20,1.0,0.195,0.558,8,,0,0,3.3,No,Bronze,Email,West,NetBanking,0
CUST103569,43.0,13,1161.24,2,1741.86,24,0.0,0.003,0.151,9,0.563,1,1,5.0,Yes,Platinum,Organic,East,Card,0
CUST104991,33.0,39,3810.41,1,6000.0,37,2.0,0.077,0.53,12,0.739,1,1,3.5,Yes,Silver,Referral,North,,0
CUST104295,39.0,14,1110.89,1,3332.67,11,2.0,0.026,0.269,19,0.642,1,1,3.8,No,Platinum,Partner,West,Card,0
CUST104063,28.0,12,2470.78,5,1482.47,83,2.0,0.083,0.409,12,0.696,0,0,4.4,Yes,Silver,Referral,Central,Wallet,0
CUST103861,41.0,15,,4,1376.54,26,0.0,0.179,0.36,7,0.679,1,1,3.2,Yes,Bronze,Paid Search,East,NetBanking,0
CUST104122,24.0,24,2156.03,2,3234.04,52,2.0,0.055,0.414,8,0.917,0,2,3.2,Yes,Bronze,Referral,South,Card,0
CUST104629,24.0,42,6122.47,4,4591.85,27,0.0,0.036,0.367,11,0.406,0,2,4.3,No,Silver,Organic,South,UPI,0
CUST100060,18.0,22,2099.32,4,1574.49,39,1.0,0.034,0.255,14,0.517,0,2,2.1,No,Bronze,Referral,West,UPI,0
CUST101240,47.0,7,1563.22,4,,130,1.0,0.007,0.642,14,,1,1,3.7,Yes,Bronze,Partner,North,UPI,1
CUST104637,24.0,20,1260.6,3,1260.6,31,0.0,0.066,0.042,8,0.392,0,2,3.7,Yes,Gold,Email,South,Card,0
CUST101040,24.0,12,1289.7,6,644.85,45,2.0,0.057,0.625,8,0.498,1,0,4.3,Yes,Gold,Email,East,Wallet,0
CUST104187,30.0,3,2057.74,4,1543.3,62,1.0,0.179,0.477,10,0.857,0,0,4.8,No,Silver,Partner,Central,Card,0
CUST102760,27.0,24,1090.56,2,1635.84,38,2.0,0.149,0.489,9,0.472,1,0,3.8,Yes,Bronze,Social,East,UPI,0
CUST102120,40.0,6,6688.74,0,831.66,20,1.0,0.196,0.174,13,0.479,0,1,4.6,No,Bronze,Referral,North,Card,1
CUST101524,30.0,12,5549.19,2,6000.0,84,0.0,0.109,0.137,10,0.807,2,0,4.2,Yes,Silver,Social,North,Wallet,0
CUST103521,34.0,40,2889.93,2,4334.89,58,1.0,0.125,0.378,12,,0,1,2.4,Yes,Silver,Paid Search,Central,NetBanking,0
CUST100153,29.0,49,4330.3,8,1623.86,20,4.0,0.012,0.23,11,0.762,0,1,5.0,Yes,Gold,Referral,South,Wallet,0
CUST102248,33.0,36,,4,1367.36,49,,0.021,0.041,15,0.774,0,2,4.5,Yes,Bronze,Social,East,NetBanking,0
CUST100481,48.0,15,1664.9,3,1664.9,54,1.0,0.093,0.208,20,0.638,0,2,3.9,No,Gold,Referral,South,Card,0
CUST104233,48.0,15,1840.33,7,788.71,45,3.0,0.176,0.611,9,0.865,0,0,4.6,No,Bronze,Organic,East,Card,0
CUST104305,34.0,9,7579.14,2,6000.0,58,2.0,0.05,0.175,11,0.883,0,0,3.0,Yes,Gold,Email,West,UPI,1
CUST103578,40.0,6,2109.08,3,2109.08,39,1.0,0.025,0.365,9,0.668,1,2,,Yes,Gold,Email,North,NetBanking,0
CUST104125,33.0,16,905.7,4,679.28,57,0.0,0.139,0.577,8,0.6,0,2,5.0,Yes,Silver,Paid Search,Central,Card,0
CUST103562,21.0,15,1639.84,4,1229.88,34,2.0,0.089,0.286,7,0.731,0,1,4.2,Yes,Bronze,Paid Search,South,UPI,0
CUST103315,43.0,28,1262.58,3,1262.58,44,0.0,0.108,0.27,11,0.646,0,0,2.1,Yes,Silver,Paid Search,North,UPI,0
CUST101762,28.0,34,2362.24,3,2362.24,71,3.0,0.156,0.31,12,0.55,1,1,4.9,No,Silver,Referral,South,UPI,0
CUST103538,43.0,19,938.9,3,938.9,9,5.0,0.044,0.324,6,0.561,1,1,5.0,No,Gold,Email,West,UPI,0
CUST104803,44.0,47,5875.83,9,1958.61,35,0.0,0.14,0.141,11,0.798,0,1,4.2,Yes,Silver,Social,West,UPI,0
CUST100750,34.0,90,2472.63,5,1483.58,50,0.0,0.26,0.224,12,0.697,0,0,1.8,Yes,Bronze,Partner,East,COD,0
CUST103619,31.0,17,583.63,6,291.82,33,1.0,0.011,0.125,9,0.715,0,1,4.1,Yes,Bronze,Social,West,Card,0
CUST101785,46.0,29,3002.04,7,1286.59,13,1.0,0.136,0.312,10,,0,0,2.8,Yes,Bronze,Organic,Central,,0
CUST104270,21.0,22,1960.72,4,,21,2.0,0.081,0.337,12,0.559,0,3,3.1,Yes,Bronze,Organic,North,UPI,0
CUST103383,27.0,10,2576.0,2,3864.0,93,1.0,0.151,0.241,6,0.709,2,1,4.5,Yes,Gold,Organic,Central,UPI,0
CUST104348,38.0,58,7675.18,4,5756.38,82,3.0,0.274,0.217,9,0.569,1,2,5.0,No,Bronze,Email,East,Card,0
CUST100405,31.0,9,,1,5089.8,67,1.0,0.03,0.336,13,0.702,0,2,3.2,No,Silver,Partner,East,UPI,1
CUST100757,43.0,8,3454.17,4,2590.63,40,0.0,0.069,0.645,7,0.562,0,1,4.4,No,Silver,Social,Central,UPI,0
CUST102711,41.0,35,2949.63,1,6000.0,30,1.0,0.162,0.551,4,0.877,0,2,3.0,Yes,Bronze,Paid Search,South,UPI,0
CUST102670,41.0,7,1413.72,4,1060.29,11,0.0,0.074,0.467,7,0.716,1,1,3.3,Yes,Bronze,Referral,East,Wallet,1
CUST103983,20.0,22,4200.4,4,3150.3,47,2.0,0.145,0.699,12,0.864,0,0,3.8,Yes,Bronze,Partner,South,UPI,0
CUST100097,24.0,29,1229.91,4,922.43,65,2.0,0.017,0.58,12,0.56,0,5,3.6,Yes,Bronze,Paid Search,North,UPI,1
CUST101333,37.0,12,2930.47,5,1758.28,55,0.0,0.048,0.158,15,0.574,1,2,4.0,Yes,Silver,Paid Search,East,COD,0
CUST104451,32.0,37,1245.19,4,933.89,37,2.0,0.036,0.385,13,0.74,3,1,2.7,No,Silver,Email,South,UPI,1
CUST102791,33.0,27,1570.02,6,785.01,66,0.0,0.002,0.139,11,0.711,0,0,3.6,Yes,Silver,Paid Search,North,UPI,0
CUST102854,26.0,6,4674.04,8,1752.76,67,1.0,0.085,0.247,13,0.941,1,1,4.4,Yes,Bronze,Organic,Central,NetBanking,1
CUST100186,36.0,24,7623.52,4,5717.64,52,0.0,0.132,0.323,12,,0,1,3.0,No,Bronze,Partner,Central,Card,0
CUST104003,56.0,34,2058.99,3,2058.99,21,1.0,0.047,0.189,10,0.73,0,1,3.7,Yes,Silver,Referral,East,Card,0
CUST102723,36.0,18,1030.1,2,1545.15,49,0.0,0.178,0.352,6,0.84,0,1,4.5,Yes,Silver,Social,East,UPI,0
CUST103583,33.0,26,2161.53,4,1621.15,29,0.0,0.134,0.17,14,0.835,0,0,2.6,Yes,Silver,Referral,North,UPI,1
CUST102058,28.0,17,3836.72,5,2302.03,40,3.0,0.204,0.345,5,0.547,1,1,3.4,No,Bronze,Paid Search,South,UPI,0
CUST101319,46.0,4,2304.28,3,2304.28,9,3.0,0.057,0.14,11,0.698,0,0,3.3,Yes,Gold,Organic,South,NetBanking,0
CUST100148,45.0,21,1764.79,3,1764.79,17,2.0,0.093,0.132,11,0.685,0,0,3.8,Yes,Bronze,Partner,East,COD,1
CUST100028,38.0,16,2900.26,3,2900.26,51,3.0,0.003,0.392,9,0.676,0,2,4.4,Yes,Platinum,Partner,South,UPI,0
CUST104140,33.0,66,435.53,3,435.53,24,1.0,0.033,0.421,10,0.901,2,1,3.9,Yes,Bronze,Referral,North,UPI,0
CUST104009,46.0,11,2427.98,3,2427.98,21,1.0,0.123,0.053,11,0.599,1,1,4.6,Yes,Bronze,Organic,East,Wallet,1
CUST103363,25.0,8,5172.24,6,2586.12,27,1.0,0.075,0.208,9,0.839,1,0,3.0,No,Platinum,Organic,North,Card,0
CUST100692,44.0,6,2663.04,7,1141.3,18,1.0,0.23,0.476,10,0.71,0,0,4.2,No,Bronze,Organic,South,UPI,0
CUST102866,39.0,21,1523.62,4,1142.71,57,1.0,0.228,0.323,10,0.917,0,0,4.0,Yes,Bronze,,West,COD,0
CUST103776,25.0,26,3982.95,2,5974.42,12,1.0,0.054,0.436,7,0.555,0,0,3.1,Yes,Bronze,Partner,South,UPI,0
CUST101386,46.0,29,2935.39,4,2201.54,13,1.0,0.068,0.357,7,0.606,0,1,4.4,Yes,Bronze,Referral,East,UPI,0
CUST101845,18.0,17,2046.97,6,1023.48,34,1.0,0.175,0.704,10,0.482,0,1,3.3,No,Bronze,Organic,Central,,0
CUST104730,32.0,9,1607.64,6,803.82,66,2.0,0.009,0.226,13,0.706,0,1,3.0,Yes,Silver,Organic,West,Card,1
CUST100129,25.0,27,2272.93,5,1363.76,44,1.0,0.007,0.268,9,0.69,0,1,4.5,No,Silver,Organic,South,UPI,0
CUST101599,23.0,8,1121.56,3,1121.56,36,0.0,0.087,0.211,11,0.341,0,0,3.8,Yes,Bronze,Referral,North,UPI,0
CUST103629,40.0,55,1056.51,4,,93,0.0,0.277,0.206,11,0.412,0,1,4.2,No,Gold,Partner,South,NetBanking,1
CUST104503,42.0,4,3422.02,2,5133.03,38,0.0,0.102,0.203,15,0.627,1,0,4.0,Yes,Silver,Paid Search,West,Card,0
CUST100701,32.0,34,2712.58,5,1627.55,180,1.0,0.031,0.503,2,0.701,1,2,5.0,Yes,Gold,Social,East,UPI,1
CUST103982,30.0,24,8000.0,1,6000.0,29,0.0,0.013,0.756,11,0.6,1,1,4.2,Yes,Silver,Paid Search,West,COD,0
CUST103028,26.0,11,3751.6,4,2813.7,98,2.0,0.078,0.414,7,0.642,1,1,5.0,Yes,Silver,Organic,West,COD,0
CUST102969,34.0,9,779.93,2,1169.9,28,0.0,0.08,0.261,8,0.579,1,4,4.0,No,Gold,Paid Search,East,COD,0
CUST104356,42.0,58,1927.0,2,2890.5,128,2.0,0.117,0.316,13,0.62,0,1,3.5,Yes,Bronze,Organic,South,NetBanking,1
CUST101708,44.0,12,3686.74,3,3686.74,34,2.0,0.188,0.285,11,0.597,0,0,2.6,No,Bronze,Social,East,UPI,0
CUST102953,18.0,5,1487.35,4,1115.51,40,,0.175,0.525,8,0.515,0,2,3.7,Yes,Bronze,Paid Search,Central,Card,0
CUST100454,35.0,54,,4,2289.4,44,0.0,0.009,0.068,7,0.538,0,0,2.8,Yes,Gold,Social,East,NetBanking,0
CUST102868,35.0,14,2532.4,5,1519.44,65,2.0,0.164,0.757,10,,1,2,3.3,No,Bronze,Partner,Central,NetBanking,1
CUST102040,43.0,47,3350.43,3,3350.43,54,0.0,0.034,0.064,14,0.546,0,2,4.4,No,Bronze,Social,East,Card,0
CUST101772,21.0,37,1048.41,6,524.21,22,0.0,0.038,0.529,8,0.67,1,2,2.9,No,Gold,Social,West,NetBanking,0
CUST102315,38.0,34,2088.33,6,1044.16,44,3.0,0.057,0.217,9,0.724,1,0,4.3,Yes,Bronze,Organic,Central,Card,0
CUST100609,39.0,35,6049.78,2,6000.0,75,1.0,0.057,0.7,17,0.47,1,0,4.3,No,Bronze,Email,West,UPI,0
CUST100167,38.0,24,2080.62,2,3120.93,96,2.0,0.032,0.367,8,0.821,0,0,5.0,Yes,Bronze,Paid Search,South,Card,0
CUST100730,38.0,16,2673.24,2,4009.86,69,3.0,0.158,0.486,12,0.762,0,0,3.6,Yes,Bronze,Partner,West,UPI,0
CUST104248,28.0,14,2605.01,7,1116.43,35,3.0,0.119,0.479,7,0.595,0,1,3.5,No,Bronze,Organic,North,NetBanking,0
CUST103358,24.0,23,1455.94,2,2183.91,36,0.0,0.019,0.238,13,0.339,0,0,3.1,No,Bronze,Email,North,COD,0
CUST102074,35.0,35,1581.09,8,592.91,36,2.0,0.024,0.376,7,0.661,1,0,,Yes,Bronze,Paid Search,Central,COD,0
CUST104039,32.0,13,998.36,5,599.02,66,2.0,0.152,0.438,10,0.545,0,0,3.0,No,Gold,Partner,West,UPI,0
CUST103700,33.0,22,4172.07,3,4172.07,87,1.0,0.345,0.333,10,0.59,0,0,2.2,Yes,Platinum,Paid Search,Central,UPI,1
CUST101622,42.0,5,3595.35,4,2696.51,60,0.0,0.132,0.829,15,0.634,1,1,4.3,Yes,Bronze,Email,West,Wallet,1
CUST100587,26.0,54,1211.24,2,1816.86,63,1.0,0.079,0.305,7,0.435,0,1,3.2,Yes,Silver,Partner,West,Card,0
CUST101401,,46,1003.13,5,601.88,29,2.0,0.197,0.068,5,0.216,0,0,4.3,Yes,Silver,Referral,South,Card,0
CUST103045,30.0,26,2438.39,4,1828.79,21,,0.069,0.64,13,0.767,1,1,4.6,Yes,Bronze,Social,West,Card,0
CUST103224,37.0,14,2189.48,7,938.35,11,2.0,0.254,0.499,13,0.852,0,0,2.9,No,Silver,Email,West,Card,0
CUST101700,23.0,36,3780.61,6,1890.3,101,1.0,0.047,0.776,7,0.61,0,3,3.5,No,Bronze,Paid Search,South,UPI,0
CUST103088,36.0,21,1517.76,1,4553.28,23,2.0,0.33,0.258,9,0.415,1,5,4.0,Yes,Bronze,Paid Search,South,COD,0
CUST104390,36.0,14,691.52,6,345.76,26,2.0,0.032,0.391,13,0.386,1,0,4.7,Yes,Silver,Partner,West,COD,0
CUST102981,49.0,56,1328.47,3,1328.47,94,2.0,0.234,0.598,9,0.637,0,0,4.4,Yes,Gold,Organic,West,UPI,1
CUST100040,41.0,9,5207.98,7,2231.99,66,0.0,0.077,0.471,9,0.687,0,1,3.4,Yes,Silver,Social,West,NetBanking,0
CUST101379,49.0,38,1206.61,3,1206.61,24,2.0,0.035,0.24,14,0.262,0,0,4.7,Yes,Silver,Paid Search,East,UPI,0
CUST102089,39.0,9,1459.87,8,547.45,83,0.0,0.245,0.303,13,0.5,0,1,2.7,No,Gold,Referral,Central,UPI,1
CUST102175,35.0,17,2492.07,7,1068.03,12,2.0,0.026,0.542,12,0.48,3,2,4.0,Yes,Bronze,Referral,West,NetBanking,0
CUST103217,46.0,29,2289.3,4,1716.98,28,1.0,0.098,0.532,10,0.71,0,0,5.0,Yes,Bronze,Organic,East,UPI,0
CUST102885,37.0,40,1949.65,3,1949.65,15,0.0,0.095,0.154,7,0.854,0,2,4.5,Yes,Bronze,Partner,South,Card,0
CUST100074,35.0,20,4800.74,4,3600.56,19,1.0,0.029,0.428,10,0.449,0,2,2.9,Yes,Gold,Partner,South,Card,0
CUST103909,19.0,22,2506.4,6,1253.2,33,1.0,0.04,0.183,8,0.607,0,0,3.7,Yes,Gold,Email,East,,0
CUST104964,28.0,13,1332.61,4,999.46,34,3.0,0.013,0.381,7,0.707,0,0,4.4,Yes,Silver,Social,East,Wallet,0
CUST102657,24.0,17,3329.96,3,3329.96,38,0.0,0.272,0.425,10,0.819,1,0,3.4,No,Gold,Paid Search,West,NetBanking,0
CUST103180,24.0,10,1133.52,5,680.11,18,0.0,0.038,0.257,10,0.498,0,0,3.1,Yes,Gold,Social,North,COD,0
CUST102076,34.0,14,3467.71,3,3467.71,61,2.0,0.008,0.154,8,0.859,1,2,4.7,No,Bronze,Organic,South,UPI,0
CUST100441,37.0,14,5281.75,1,6000.0,28,2.0,0.193,0.185,10,0.777,0,1,4.3,No,Bronze,Organic,South,Card,1
CUST104051,33.0,22,1696.99,7,727.28,45,0.0,0.04,0.106,11,0.811,0,3,3.3,Yes,Bronze,Paid Search,South,UPI,0
CUST102051,22.0,4,906.21,5,543.73,114,2.0,0.048,0.243,5,0.707,0,0,3.8,Yes,Bronze,Email,West,UPI,1
CUST102541,38.0,11,3959.36,4,2969.52,21,2.0,0.054,0.374,11,0.803,0,1,2.8,Yes,Bronze,Email,West,UPI,0
CUST103306,39.0,15,2041.8,12,510.45,64,0.0,0.059,0.405,8,0.673,0,0,3.3,Yes,Bronze,,West,COD,0
CUST101301,18.0,13,4941.32,10,,54,1.0,0.074,0.784,7,0.743,0,2,5.0,No,Bronze,Organic,North,UPI,0
CUST101781,,52,1803.76,5,1082.26,28,2.0,0.051,0.325,12,0.68,0,1,3.4,Yes,Silver,Social,North,UPI,0
CUST104814,36.0,18,2516.73,6,1258.36,36,1.0,0.173,0.556,10,0.749,0,0,3.8,Yes,Platinum,Referral,West,Card,0
CUST103430,18.0,23,2186.21,5,1311.73,40,0.0,0.175,0.529,7,0.573,0,0,4.0,Yes,Silver,Email,South,Card,1
CUST101304,31.0,45,8000.0,6,4000.0,32,1.0,0.081,0.629,11,0.819,0,0,3.6,Yes,Gold,Social,South,NetBanking,0
CUST100236,18.0,25,1834.81,1,5504.43,62,3.0,0.08,0.515,5,0.938,0,0,4.3,Yes,Silver,Paid Search,West,Card,1
CUST102599,44.0,23,3109.76,3,3109.76,36,0.0,0.006,0.09,9,0.703,0,1,3.2,Yes,Bronze,Email,West,Card,0
CUST100520,24.0,7,845.4,6,422.7,45,1.0,0.069,0.338,19,0.712,0,1,3.9,Yes,Silver,Organic,East,UPI,0
CUST102573,36.0,14,2518.2,1,6000.0,42,1.0,0.044,0.129,9,0.709,1,0,3.8,Yes,Gold,Paid Search,East,Card,0
CUST103280,51.0,26,2978.6,4,2233.95,47,0.0,0.212,0.507,11,0.499,1,1,4.7,Yes,Bronze,Partner,South,UPI,0
CUST103186,24.0,14,3192.45,4,2394.34,29,0.0,0.056,0.43,13,0.667,2,0,3.5,No,Bronze,Partner,North,UPI,0
CUST102768,42.0,8,1504.47,7,644.77,49,0.0,0.061,0.592,9,0.463,1,1,3.7,Yes,Bronze,Referral,West,COD,1
CUST100735,36.0,22,1217.67,5,730.6,2,1.0,0.03,0.127,9,0.539,0,2,5.0,Yes,Platinum,Paid Search,North,UPI,0
CUST104703,37.0,45,2957.14,5,1774.28,51,2.0,0.061,0.453,10,0.662,0,0,3.4,Yes,Gold,Organic,West,UPI,0
CUST104929,45.0,13,672.27,5,,63,0.0,0.062,0.216,9,0.742,0,0,3.0,No,Gold,Partner,Central,UPI,0
CUST102106,48.0,20,2016.88,7,864.38,18,1.0,0.02,0.12,9,0.856,0,0,4.7,No,Platinum,Social,East,UPI,0
CUST102679,39.0,35,1303.2,4,,25,1.0,0.049,0.355,4,0.612,0,2,4.6,No,Bronze,Organic,South,UPI,0
CUST103229,19.0,35,1370.23,7,587.24,32,0.0,0.114,0.438,10,0.758,0,1,3.7,Yes,Bronze,Email,South,UPI,0
CUST102761,18.0,16,2427.2,4,1820.4,10,0.0,0.013,0.22,11,0.804,1,0,4.1,No,Silver,Partner,South,UPI,0
CUST100592,52.0,23,969.16,5,581.5,60,0.0,0.151,0.089,11,0.77,0,0,4.2,Yes,Bronze,Paid Search,West,Card,0
CUST101303,42.0,34,2433.78,4,1825.34,32,1.0,0.062,0.476,12,0.388,2,0,4.3,Yes,Gold,Referral,North,UPI,0
CUST101387,23.0,15,1512.94,2,2269.41,39,3.0,0.073,0.134,13,0.883,2,1,4.2,Yes,Bronze,Organic,East,UPI,1
CUST104695,38.0,11,1014.78,1,3044.34,39,1.0,0.038,0.484,9,0.403,0,0,4.0,No,Bronze,Partner,East,Card,0
CUST104526,32.0,16,1989.1,3,1989.1,9,3.0,0.094,0.406,10,0.78,0,0,2.8,No,Gold,Social,South,Card,0
CUST103947,18.0,17,2280.46,5,1368.28,53,0.0,0.021,0.247,8,0.451,2,1,4.1,Yes,Silver,Organic,West,UPI,0
CUST101890,44.0,40,3071.63,6,1535.81,49,1.0,0.117,0.34,4,0.891,0,0,3.7,No,Gold,Paid Search,North,UPI,0
CUST102987,50.0,30,2173.7,4,1630.28,51,2.0,0.031,0.057,14,0.764,0,0,3.0,No,Silver,Referral,South,NetBanking,0
CUST104924,20.0,11,2679.07,5,1607.44,42,3.0,0.117,0.24,10,0.895,0,1,5.0,Yes,Gold,Paid Search,Central,Wallet,0
CUST103297,33.0,21,2708.17,2,4062.26,44,1.0,0.025,0.182,10,0.852,1,0,3.8,No,Bronze,Paid Search,South,Card,0
CUST100904,28.0,23,1382.42,3,1382.42,20,1.0,0.081,0.265,5,0.537,0,0,3.4,Yes,Silver,Organic,North,Wallet,0
CUST104609,30.0,48,2552.22,10,765.67,59,1.0,0.111,0.222,3,0.369,0,0,4.0,No,Gold,Paid Search,West,Card,0
CUST101279,32.0,28,2503.24,1,6000.0,21,0.0,0.004,0.323,13,0.361,0,2,4.5,No,Bronze,Social,South,UPI,0
CUST100933,50.0,40,2457.56,5,1474.54,61,0.0,0.037,0.121,12,,1,1,3.9,Yes,Silver,Social,Central,UPI,0
CUST104899,30.0,13,2787.7,3,2787.7,13,0.0,0.204,0.52,9,0.877,0,1,4.0,No,Bronze,Referral,South,Card,0
CUST102308,47.0,27,2893.03,3,2893.03,56,2.0,0.11,0.652,11,0.491,2,2,3.0,Yes,Gold,Social,South,UPI,1
CUST101555,28.0,12,1369.88,2,2054.82,10,2.0,0.005,0.168,7,0.727,0,0,5.0,Yes,Bronze,Paid Search,West,Card,1
CUST104533,19.0,20,4325.45,1,6000.0,16,2.0,0.004,0.214,14,0.452,1,1,4.9,No,Gold,Paid Search,South,Card,0
CUST103190,20.0,27,4454.74,3,4454.74,18,1.0,0.067,0.428,8,0.748,0,0,4.6,Yes,Gold,Referral,South,UPI,0
CUST104441,18.0,20,1261.7,2,,12,2.0,0.227,0.392,9,0.373,0,1,3.9,No,Silver,Paid Search,Central,UPI,0
CUST100706,25.0,5,1889.37,3,1889.37,21,2.0,0.134,0.275,11,0.782,1,1,3.1,Yes,Gold,Referral,South,UPI,0
CUST104690,45.0,13,1599.13,3,1599.13,26,2.0,0.28,0.199,10,0.62,0,0,,Yes,Bronze,Social,East,Card,0
CUST103070,43.0,39,3158.17,4,2368.63,30,0.0,0.03,0.658,12,0.81,0,2,3.8,Yes,Bronze,Email,South,COD,0
CUST100745,43.0,8,1244.08,2,1866.12,29,3.0,0.098,0.053,12,0.549,0,0,3.2,Yes,Bronze,Partner,East,UPI,1
CUST103594,30.0,21,2609.07,8,978.4,25,0.0,0.13,0.214,7,0.612,0,1,4.6,Yes,Gold,,East,Card,0
CUST101939,26.0,43,2706.12,3,2706.12,39,2.0,0.219,0.255,16,0.636,1,1,5.0,Yes,Bronze,Referral,South,UPI,1
CUST104400,34.0,11,830.4,1,2491.2,45,0.0,0.074,0.541,12,0.525,0,2,3.3,Yes,Bronze,Partner,Central,Card,1
CUST102862,26.0,7,4252.44,4,3189.33,17,1.0,0.026,0.5,18,0.555,0,0,4.0,Yes,Platinum,Partner,East,NetBanking,0
CUST103996,44.0,21,2421.95,8,908.23,114,,0.115,0.439,12,0.719,0,0,3.6,Yes,Bronze,Partner,South,UPI,1
CUST100513,33.0,34,3200.67,5,1920.4,78,3.0,0.075,0.208,9,0.527,1,2,4.5,Yes,Bronze,Partner,Central,UPI,0
CUST100081,27.0,52,495.17,9,165.06,63,2.0,0.013,0.406,8,0.605,0,1,2.8,Yes,Gold,Organic,East,Card,0
CUST104976,35.0,40,3534.14,4,,40,1.0,0.093,0.421,9,0.512,0,1,4.2,Yes,Gold,Partner,East,NetBanking,1
CUST101308,18.0,5,4691.12,6,2345.56,36,1.0,0.035,0.284,6,0.768,0,1,3.3,Yes,Gold,Referral,East,Card,0
CUST104614,28.0,43,2060.01,1,6000.0,33,2.0,0.032,0.343,9,0.829,0,1,4.3,No,Gold,Organic,South,UPI,0
CUST100914,,26,4111.44,3,4111.44,44,0.0,0.245,0.614,9,0.753,0,0,4.5,Yes,Gold,Paid Search,Central,UPI,1
CUST103452,53.0,31,2180.29,8,817.61,31,1.0,0.065,0.184,8,0.68,1,2,4.2,Yes,Bronze,Organic,West,UPI,0
CUST103695,26.0,5,1759.1,1,5277.3,4,0.0,0.059,0.224,13,0.605,0,2,3.5,No,Silver,Organic,South,Card,0
CUST104804,29.0,25,1735.59,6,867.8,12,2.0,0.035,0.451,13,0.596,0,1,3.1,No,Silver,Social,West,NetBanking,1
CUST103156,61.0,41,1615.66,3,1615.66,64,2.0,0.037,0.563,9,,0,0,3.1,No,Bronze,Paid Search,West,Card,0
CUST102198,32.0,16,3736.94,3,3736.94,45,3.0,0.029,0.497,13,0.587,2,0,4.5,No,Bronze,Referral,South,Card,0
CUST104232,24.0,28,1297.87,3,1297.87,40,1.0,0.006,0.254,9,0.646,0,1,3.8,Yes,Silver,Paid Search,North,Card,0
CUST100774,34.0,16,4664.38,7,1999.02,94,2.0,0.086,0.466,8,0.604,0,2,3.4,Yes,Silver,Paid Search,West,COD,0
CUST100329,29.0,13,619.44,5,371.66,53,3.0,0.115,0.405,8,0.768,0,1,3.3,Yes,Bronze,Partner,North,Card,0
CUST102054,38.0,19,2154.87,9,718.29,77,0.0,0.123,0.327,12,0.703,0,1,3.9,No,Bronze,,Central,Card,0
CUST102001,27.0,67,2897.16,7,1241.64,56,1.0,0.05,0.41,12,0.732,0,0,3.6,Yes,Silver,Social,North,Card,0
CUST100943,46.0,15,2326.8,2,3490.2,18,2.0,0.135,0.67,8,0.838,0,1,3.2,Yes,Gold,Social,South,UPI,0
CUST100822,22.0,33,1018.03,4,763.52,24,0.0,0.102,0.3,10,0.744,1,3,3.6,Yes,Bronze,Paid Search,West,UPI,0
CUST104527,36.0,9,2063.89,9,687.96,9,1.0,0.055,0.582,9,0.807,0,3,2.7,No,Bronze,Email,West,UPI,0
CUST100909,23.0,24,5543.41,2,6000.0,13,2.0,0.04,0.232,8,0.791,2,0,3.8,Yes,Bronze,Referral,Central,UPI,0
CUST102516,34.0,3,2021.4,4,1516.05,19,2.0,0.055,0.092,11,0.728,0,0,3.4,Yes,Bronze,Organic,Central,UPI,0
CUST100181,36.0,22,2073.21,4,1554.91,83,0.0,0.072,0.253,6,0.624,0,2,4.6,Yes,Bronze,Paid Search,Central,UPI,0
CUST100164,42.0,63,4727.07,5,2836.24,76,1.0,0.058,0.418,11,0.586,1,0,,No,Bronze,Social,South,Wallet,0
CUST101523,32.0,28,2476.97,3,2476.97,51,0.0,0.169,0.291,13,0.548,0,2,5.0,No,Bronze,Partner,North,Wallet,0
CUST100451,37.0,26,2167.56,6,1083.78,28,2.0,0.111,0.309,12,0.613,0,1,4.7,Yes,Bronze,Referral,South,Card,0
CUST102538,40.0,7,3345.15,3,3345.15,11,1.0,0.031,0.247,13,0.651,2,2,3.9,Yes,Silver,Organic,Central,UPI,0
CUST104137,36.0,12,2603.02,3,2603.02,36,2.0,0.069,0.486,9,0.514,1,1,4.0,Yes,Gold,Social,South,Card,0
CUST104775,41.0,14,2900.18,1,6000.0,64,0.0,0.08,0.321,8,0.757,2,0,2.6,No,Silver,Organic,North,UPI,0
CUST101311,42.0,14,3672.16,3,3672.16,29,0.0,0.087,0.111,8,0.636,0,0,3.9,Yes,Bronze,Partner,East,NetBanking,0
CUST103149,36.0,56,2372.69,4,1779.52,85,0.0,0.06,0.394,6,0.642,1,1,4.5,Yes,Gold,Email,South,Card,0
CUST101111,31.0,35,1725.65,3,1725.65,31,1.0,0.083,0.106,11,0.785,0,0,3.8,Yes,Silver,Organic,West,NetBanking,0
CUST104547,46.0,29,1064.45,6,532.22,79,1.0,0.027,0.33,7,0.763,1,0,3.9,Yes,Silver,Social,West,Card,0
CUST104085,34.0,20,1644.34,1,4933.02,6,0.0,0.057,0.417,12,,0,0,4.9,No,Bronze,Organic,South,UPI,0
CUST103489,32.0,22,1573.49,5,944.09,35,0.0,0.067,0.301,11,0.604,1,3,3.8,Yes,Bronze,Organic,North,Wallet,0
CUST101287,34.0,14,1626.0,6,,61,3.0,0.091,0.101,12,,0,0,4.1,Yes,Platinum,Social,North,Card,0
CUST104177,37.0,33,3363.42,3,3363.42,31,0.0,0.026,0.085,7,0.584,1,0,5.0,No,Bronze,Paid Search,South,UPI,0
CUST104645,26.0,34,4121.79,2,6000.0,116,1.0,0.057,0.143,11,0.716,0,0,4.3,No,Platinum,Partner,Central,Card,0
CUST103680,28.0,29,1432.6,7,613.97,103,0.0,0.095,0.485,9,0.513,0,1,3.3,No,Silver,Referral,East,UPI,0
CUST104511,32.0,13,2658.1,2,3987.15,114,2.0,0.143,0.367,11,0.942,0,0,3.7,Yes,Gold,Organic,East,NetBanking,0
CUST104168,33.0,22,2683.34,6,1341.67,28,3.0,0.095,0.187,6,0.6,0,1,5.0,Yes,Bronze,Organic,Central,UPI,1
CUST103300,40.0,21,4145.49,4,3109.12,14,0.0,0.27,0.381,7,0.684,3,1,4.5,Yes,Gold,Referral,East,Card,0
CUST103310,29.0,22,2550.08,2,3825.12,23,0.0,0.095,0.411,5,0.493,0,0,5.0,Yes,Silver,Partner,South,UPI,0
CUST104556,38.0,12,2040.38,4,1530.28,21,3.0,0.017,0.163,10,,0,1,5.0,Yes,Silver,Social,Central,UPI,0
CUST103125,40.0,47,831.44,4,623.58,47,0.0,0.161,0.206,15,0.732,0,2,4.2,Yes,Bronze,Organic,North,UPI,0
CUST100327,33.0,26,5029.53,1,6000.0,37,0.0,0.037,0.2,14,0.758,0,0,4.0,No,Silver,Referral,West,UPI,0
CUST101790,18.0,20,861.95,5,517.17,37,0.0,0.169,0.588,13,0.656,0,2,3.4,Yes,Silver,Paid Search,Central,UPI,0
CUST102490,42.0,34,1514.88,1,4544.64,32,4.0,0.004,0.332,12,0.816,2,0,4.6,Yes,Bronze,Social,North,UPI,0
CUST102006,33.0,47,1167.0,4,875.25,34,1.0,0.124,0.509,7,,1,1,4.6,Yes,Platinum,Referral,East,Card,0
CUST102007,23.0,32,5248.9,4,3936.68,93,3.0,0.069,0.116,15,0.535,1,1,4.3,Yes,Silver,Paid Search,North,UPI,0
CUST101858,38.0,36,2103.58,6,1051.79,46,1.0,0.032,0.404,8,0.655,1,0,3.5,No,Bronze,,West,UPI,1
CUST104685,27.0,31,3667.82,6,1833.91,34,1.0,0.046,0.639,11,0.686,1,1,4.9,Yes,Bronze,Email,Central,UPI,0
CUST100312,51.0,80,1621.29,1,4863.87,34,1.0,0.083,0.095,11,0.804,1,0,3.4,Yes,Silver,Partner,South,UPI,0
CUST100832,23.0,17,4290.13,6,2145.06,42,1.0,0.001,0.654,9,0.893,0,0,3.9,No,Gold,Organic,North,UPI,0
CUST103079,44.0,11,1892.1,2,2838.15,33,1.0,0.125,0.303,12,0.81,2,1,3.9,Yes,Bronze,Referral,East,UPI,0
CUST104717,30.0,47,1518.24,4,1138.68,57,2.0,0.133,0.375,5,0.887,0,1,3.5,No,Bronze,Email,East,Card,0
CUST103462,21.0,11,2159.77,7,925.62,9,3.0,0.116,0.076,11,0.581,0,2,2.4,Yes,Gold,Social,South,UPI,0
CUST101201,29.0,23,8000.0,10,2400.0,13,0.0,0.193,0.248,10,0.855,0,0,,No,Silver,Organic,East,Card,0
CUST104391,47.0,29,2745.77,10,823.73,29,1.0,0.167,0.279,11,0.801,1,1,4.9,Yes,Bronze,Paid Search,South,UPI,0
CUST103547,44.0,24,2026.44,6,1013.22,13,3.0,0.276,0.113,11,0.817,0,1,3.3,Yes,Platinum,Paid Search,West,Card,0
CUST104922,36.0,6,1638.95,5,983.37,48,2.0,0.188,0.167,11,0.356,1,1,4.1,No,Gold,Referral,Central,,0
CUST102134,26.0,5,515.13,1,1545.39,27,1.0,0.217,0.339,7,0.79,1,0,3.3,No,Gold,Referral,South,Card,0
CUST103451,41.0,14,496.57,2,744.86,32,3.0,0.1,0.406,6,0.663,0,0,3.9,Yes,Silver,Organic,Central,NetBanking,0
CUST102209,30.0,7,1449.33,2,2174.0,44,0.0,0.096,0.423,8,0.687,0,1,3.7,Yes,Silver,Partner,North,COD,0
CUST101901,45.0,6,1445.75,3,1445.75,31,0.0,0.075,0.535,10,0.78,1,1,2.2,Yes,Bronze,Social,West,UPI,0
CUST101481,40.0,23,1938.32,5,1162.99,73,3.0,0.1,0.248,10,0.658,0,2,3.2,No,Silver,Paid Search,East,UPI,0
CUST100777,38.0,14,1933.97,3,1933.97,30,2.0,0.102,0.196,9,0.399,1,0,4.4,Yes,Bronze,Organic,Central,NetBanking,0
CUST100799,34.0,30,2723.82,3,2723.82,95,3.0,0.047,0.2,12,0.651,0,1,3.1,Yes,Bronze,Paid Search,Central,NetBanking,1
CUST103714,26.0,11,2712.87,5,1627.72,24,1.0,0.038,0.235,6,0.412,1,1,3.2,Yes,Bronze,Social,Central,Card,0
CUST103942,26.0,12,4647.78,4,3485.84,105,2.0,0.153,0.169,11,0.772,1,0,4.0,Yes,Silver,Paid Search,East,Card,1
CUST100054,29.0,16,1470.59,4,1102.94,18,1.0,0.174,0.174,11,0.854,0,2,3.2,Yes,Bronze,Paid Search,Central,UPI,0
CUST102972,34.0,49,4763.68,3,4763.68,39,2.0,0.075,0.269,11,0.307,3,0,4.6,No,Silver,Email,North,Card,0
CUST103335,31.0,29,2093.13,4,1569.85,30,1.0,0.068,0.308,9,0.778,0,1,3.3,Yes,Silver,Paid Search,West,Card,0
CUST101920,23.0,36,1294.54,5,776.72,38,0.0,0.006,0.156,12,0.767,0,0,3.5,Yes,Platinum,Email,South,Card,0
CUST103715,25.0,62,2517.28,5,1510.37,8,3.0,0.065,0.029,5,0.79,2,0,4.0,No,Bronze,Organic,East,UPI,0
CUST104646,33.0,12,4100.05,2,,43,2.0,0.261,0.394,8,0.666,0,1,3.5,Yes,Silver,Referral,West,UPI,0
CUST100946,37.0,15,2399.46,5,1439.68,28,1.0,0.058,0.411,10,0.77,0,0,4.3,No,Bronze,Referral,North,Card,0
CUST101701,29.0,37,3449.68,5,2069.81,8,0.0,0.041,0.164,9,0.918,0,1,4.8,Yes,Gold,Organic,West,Wallet,0
CUST103293,40.0,8,3168.12,4,,54,1.0,0.158,0.166,8,0.551,0,0,3.9,Yes,Bronze,Organic,West,Card,0
CUST102161,,12,3101.12,7,1329.05,18,2.0,0.189,0.024,11,0.814,1,1,4.1,Yes,Platinum,Social,South,COD,0
CUST101136,35.0,40,1803.75,2,2705.62,51,0.0,0.025,0.215,9,0.57,1,0,4.4,No,Bronze,Email,West,UPI,0
CUST100987,37.0,51,,6,893.26,6,1.0,0.136,0.337,8,0.794,0,0,3.2,Yes,Gold,Paid Search,North,Card,0
CUST102549,39.0,46,1599.71,0,588.35,31,0.0,0.003,0.123,3,0.529,2,0,3.8,Yes,Gold,Partner,South,Card,0
CUST100193,49.0,40,1751.78,3,1751.78,43,2.0,0.19,0.121,9,0.743,1,3,2.8,Yes,Gold,Social,Central,UPI,0
CUST103057,29.0,11,4594.48,5,2756.69,75,0.0,0.034,0.41,9,0.415,0,0,3.8,No,Gold,Email,North,UPI,0
CUST103246,26.0,18,2153.1,3,2153.1,48,0.0,0.101,0.594,7,0.81,0,0,3.2,No,Bronze,Organic,West,UPI,0
CUST101394,18.0,6,2336.76,6,1168.38,66,3.0,0.035,0.019,14,0.278,0,1,3.3,Yes,Bronze,,North,NetBanking,0
CUST102637,32.0,15,3905.25,3,3905.25,78,0.0,0.068,0.224,12,0.157,0,1,3.6,Yes,Silver,Organic,South,Wallet,0
CUST100768,21.0,17,1168.52,3,1168.52,40,1.0,0.007,0.539,20,0.547,0,1,4.6,Yes,Bronze,Paid Search,East,Card,0
CUST104702,18.0,39,1951.53,3,1951.53,41,1.0,0.061,0.431,12,0.926,0,0,2.9,Yes,Bronze,Organic,South,UPI,1
CUST103090,46.0,32,2665.35,1,6000.0,43,0.0,0.099,0.26,5,0.74,0,0,3.3,Yes,Gold,Paid Search,North,UPI,1
CUST103495,34.0,18,3000.88,6,1500.44,51,1.0,0.085,0.201,12,0.741,0,1,5.0,No,Bronze,Social,South,Card,0
CUST103215,39.0,42,1553.07,4,1164.8,51,0.0,0.063,0.677,7,0.684,1,2,2.4,Yes,Silver,Organic,East,Card,0
CUST100285,29.0,45,2149.85,1,6000.0,18,1.0,0.206,0.397,12,0.49,0,0,3.1,Yes,Platinum,Referral,North,NetBanking,0
CUST104938,41.0,10,2213.22,4,1659.92,12,3.0,0.031,0.545,6,0.859,0,0,2.7,Yes,Silver,Referral,Central,UPI,0
CUST100428,20.0,30,1450.57,5,870.34,77,2.0,0.094,0.264,3,0.589,0,0,3.2,Yes,Bronze,Email,East,UPI,0
CUST104448,48.0,24,923.66,7,395.85,18,2.0,0.046,0.055,5,0.735,0,1,3.1,Yes,Silver,Organic,South,UPI,0
CUST102332,37.0,26,3062.15,4,2296.61,52,4.0,0.084,0.203,10,0.776,0,0,3.7,No,Gold,Partner,Central,Card,1
CUST102717,36.0,18,2126.52,2,3189.78,25,1.0,0.099,0.517,10,0.744,0,1,2.4,No,Bronze,Paid Search,West,Card,1
CUST102079,25.0,37,4663.22,5,2797.93,87,2.0,0.229,0.254,11,0.537,1,2,2.8,Yes,Gold,Organic,Central,UPI,1
CUST103389,29.0,8,2809.22,3,2809.22,16,3.0,0.051,0.126,9,0.706,0,3,4.8,Yes,Gold,Partner,North,UPI,0
CUST100722,18.0,52,1392.89,0,975.46,7,1.0,0.151,0.119,12,0.561,0,2,3.3,Yes,Silver,Paid Search,East,COD,1
CUST100951,39.0,9,2437.48,5,1462.49,35,1.0,0.251,0.324,5,0.645,0,1,2.8,Yes,Silver,Organic,South,Card,0
CUST104383,27.0,37,1417.15,4,1062.86,99,1.0,0.113,0.279,5,0.347,0,2,4.1,Yes,Silver,Social,South,UPI,0
CUST104366,38.0,23,,5,534.79,26,0.0,0.059,0.543,10,,1,2,3.5,No,Bronze,Organic,Central,Wallet,0
CUST102262,35.0,14,1255.64,1,3766.92,53,2.0,0.058,0.499,9,0.608,0,1,4.8,No,Bronze,Paid Search,South,UPI,1
CUST100989,29.0,8,1534.76,5,920.86,30,2.0,0.048,0.56,5,0.663,0,2,4.6,Yes,Bronze,Referral,South,NetBanking,1
CUST103212,41.0,4,2170.31,2,3255.46,23,2.0,0.047,0.24,12,0.873,0,1,3.8,No,Bronze,Referral,East,UPI,0
CUST101759,35.0,21,2449.71,6,1224.86,6,3.0,0.01,0.316,5,0.578,0,0,4.0,No,Silver,Email,East,NetBanking,0
CUST104579,42.0,12,2699.75,3,,25,0.0,0.04,0.59,14,0.742,0,1,5.0,Yes,Gold,Organic,West,Card,0
CUST100326,18.0,5,1295.15,1,3885.45,41,0.0,0.091,0.495,14,0.632,1,1,5.0,Yes,Platinum,Email,North,Card,0
CUST102608,42.0,19,2658.62,7,1139.41,140,,0.041,0.167,9,0.89,1,1,2.7,Yes,Gold,Partner,East,UPI,1
CUST101383,32.0,17,3684.51,2,5526.76,102,0.0,0.124,0.469,9,0.577,0,2,3.9,Yes,Gold,Paid Search,North,UPI,0
CUST101724,45.0,31,2577.14,2,3865.71,51,1.0,0.053,0.272,7,0.754,0,0,,Yes,Bronze,Paid Search,South,UPI,1
CUST101086,20.0,21,2482.98,9,827.66,67,4.0,0.015,0.217,12,0.867,0,1,3.5,Yes,Bronze,Social,East,UPI,0
CUST102523,18.0,49,4690.81,3,4690.81,66,,0.127,0.347,12,0.785,1,0,3.9,Yes,Gold,Social,Central,Card,0
CUST100341,37.0,23,3137.16,1,6000.0,102,1.0,0.073,0.764,9,0.581,1,1,2.7,Yes,Silver,Organic,West,Card,1
CUST103701,25.0,25,3117.1,4,2337.82,75,1.0,0.022,0.295,22,0.343,0,0,4.2,Yes,Bronze,Paid Search,Central,NetBanking,0
CUST100147,33.0,25,1451.94,4,1088.96,47,1.0,0.025,0.384,12,0.859,0,0,3.8,Yes,Bronze,Email,South,UPI,1
CUST100688,29.0,19,4029.07,2,6000.0,70,0.0,0.128,0.296,7,0.767,1,0,3.7,Yes,Gold,Social,North,UPI,0
CUST103432,31.0,15,2516.91,7,1078.68,127,3.0,0.004,0.595,6,0.601,1,2,3.6,Yes,Bronze,Social,North,UPI,0
CUST101107,26.0,19,2335.02,4,1751.26,35,1.0,0.039,0.167,8,0.551,0,0,2.7,Yes,Gold,Email,South,UPI,0
CUST100848,27.0,7,2844.77,4,2133.58,22,0.0,0.054,0.248,6,0.78,0,0,4.6,Yes,Bronze,Paid Search,West,UPI,0
CUST100966,31.0,11,1755.83,7,752.5,42,0.0,0.072,0.113,12,0.659,1,0,5.0,Yes,Bronze,Organic,West,UPI,0
CUST104727,23.0,53,2541.42,3,2541.42,83,0.0,0.036,0.301,15,0.446,1,0,4.3,Yes,Gold,Paid Search,East,UPI,0
CUST101492,28.0,17,5816.42,5,,33,2.0,0.117,0.611,12,0.766,0,2,2.6,No,Bronze,Paid Search,North,Card,0
CUST103953,30.0,7,956.03,1,2868.09,55,1.0,0.076,0.111,5,0.577,2,1,3.8,Yes,Gold,Referral,South,Card,0
CUST102203,40.0,9,655.61,2,983.42,88,1.0,0.068,0.409,13,0.565,0,3,4.0,Yes,Bronze,Organic,East,NetBanking,0
CUST102713,23.0,27,2924.52,3,2924.52,17,3.0,0.031,0.506,9,0.894,0,0,4.3,Yes,Bronze,Organic,North,UPI,0
CUST100661,34.0,24,1210.38,2,1815.57,66,2.0,0.029,0.45,7,0.767,0,0,4.9,No,Gold,Organic,Central,UPI,0
CUST101002,30.0,6,2027.72,2,3041.58,81,1.0,0.183,0.246,8,0.75,0,0,3.7,No,Gold,Organic,East,UPI,1
CUST100062,36.0,14,1943.59,6,971.8,45,1.0,0.35,0.079,6,0.83,0,1,2.2,Yes,Platinum,Social,North,UPI,0
CUST100284,,11,1720.99,5,1032.59,27,2.0,0.038,0.082,7,0.896,1,1,4.8,No,Silver,Social,North,UPI,0
CUST102224,23.0,40,2829.26,5,1697.56,20,1.0,0.105,0.626,14,0.367,1,4,5.0,Yes,Bronze,Social,West,UPI,1
CUST104706,38.0,18,4520.2,2,6000.0,7,1.0,0.209,0.552,12,0.49,1,1,4.0,Yes,Silver,Social,Central,UPI,0
CUST101879,18.0,6,1758.81,0,1078.98,30,2.0,0.004,0.596,11,0.705,0,0,3.6,Yes,Bronze,Referral,Central,UPI,0
CUST103572,,18,3787.84,3,3787.84,24,0.0,0.052,0.053,13,0.683,1,1,4.0,No,Bronze,Paid Search,West,COD,0
CUST104857,28.0,28,1968.33,4,,32,0.0,0.052,0.335,13,,1,1,3.1,Yes,Gold,Social,South,NetBanking,0
CUST101203,33.0,7,1799.27,4,1349.45,40,2.0,0.055,0.734,12,0.647,0,0,,Yes,Bronze,Referral,East,Card,1
CUST101990,38.0,47,1974.62,4,1480.96,116,,0.092,0.274,11,0.877,1,3,3.9,Yes,Bronze,Email,Central,Wallet,1
CUST100024,30.0,20,2224.48,1,6000.0,48,2.0,0.123,0.584,10,0.777,1,0,5.0,Yes,Silver,Partner,Central,Wallet,0
CUST104852,54.0,11,1259.7,4,944.78,17,0.0,0.018,0.464,15,0.564,0,1,5.0,Yes,Bronze,Paid Search,East,UPI,0
CUST104102,26.0,7,1732.5,5,1039.5,80,1.0,0.053,0.503,9,0.446,1,1,4.3,Yes,Silver,Social,West,UPI,1
CUST104167,24.0,17,1053.43,8,395.04,128,1.0,0.211,0.107,8,0.567,0,1,5.0,Yes,Silver,Paid Search,West,UPI,0
CUST100762,41.0,35,1098.39,5,659.03,47,1.0,0.198,0.543,6,0.47,0,0,3.5,Yes,Gold,Paid Search,Central,Card,0
CUST100875,18.0,14,1879.14,6,939.57,70,1.0,0.119,0.132,8,0.739,1,1,5.0,No,Silver,Paid Search,West,Card,1
CUST104742,33.0,9,1901.07,7,814.74,16,1.0,0.219,0.336,14,0.778,0,0,3.8,No,Gold,Email,North,COD,0
CUST100938,43.0,17,,3,5273.09,43,1.0,0.102,0.188,8,0.828,1,2,3.7,Yes,Gold,Partner,South,UPI,0
CUST102687,32.0,44,2217.74,5,1330.64,14,2.0,0.087,0.792,20,0.591,0,0,3.8,Yes,Platinum,Partner,East,UPI,0
CUST103600,44.0,3,,5,1977.27,104,1.0,0.056,0.23,11,0.921,0,2,4.0,Yes,Bronze,Organic,South,Card,1
CUST102394,25.0,9,1526.35,11,416.28,40,1.0,0.029,0.532,9,0.687,0,1,3.7,Yes,Silver,Social,East,UPI,0
CUST104567,36.0,24,756.44,6,378.22,60,1.0,0.072,0.3,12,0.875,0,2,4.1,Yes,Silver,Organic,North,Card,0
CUST104980,40.0,19,1110.21,2,1665.32,30,1.0,0.128,0.268,8,0.591,0,1,3.8,No,Gold,Organic,Central,UPI,0
CUST104124,41.0,22,3120.39,3,3120.39,82,1.0,0.144,0.378,12,0.628,1,0,3.1,No,Bronze,Organic,North,COD,1
CUST104564,39.0,18,1203.14,1,3609.42,44,1.0,0.247,0.278,14,0.762,0,2,3.0,Yes,Platinum,Organic,South,Card,0
CUST100385,26.0,14,2024.17,2,3036.26,25,2.0,0.016,0.639,12,0.865,1,0,4.5,Yes,Gold,Organic,Central,Card,0
CUST103877,37.0,31,1306.65,4,979.99,67,0.0,0.09,0.226,14,0.674,0,2,4.8,Yes,Bronze,Email,South,NetBanking,1
CUST104370,18.0,37,5999.04,1,6000.0,54,1.0,0.125,0.337,8,0.397,1,1,3.2,Yes,Silver,Paid Search,West,UPI,0
CUST104569,38.0,15,2618.48,1,6000.0,11,1.0,0.19,0.347,10,0.488,2,2,3.3,Yes,Silver,Paid Search,Central,UPI,1
CUST100536,29.0,33,,3,2079.59,25,1.0,0.046,0.239,11,0.635,0,3,3.1,Yes,Bronze,Partner,West,UPI,0
CUST102291,45.0,30,1841.0,5,1104.6,60,1.0,0.263,0.211,13,0.551,1,0,3.4,Yes,Gold,Organic,South,UPI,0
CUST104665,43.0,13,2531.41,4,1898.56,5,2.0,0.056,0.153,9,0.809,1,1,4.4,Yes,Silver,Paid Search,Central,UPI,0
CUST103874,21.0,40,2033.72,2,3050.58,19,0.0,0.051,0.39,9,0.769,0,1,2.1,No,Bronze,Email,East,COD,0
CUST100936,22.0,14,1886.42,5,1131.85,5,1.0,0.106,0.099,7,0.673,0,1,3.7,Yes,Silver,Email,East,NetBanking,1
CUST103737,49.0,15,1872.32,3,1872.32,112,1.0,0.262,0.332,13,0.775,0,3,2.6,No,Gold,Organic,West,Card,0
CUST104728,37.0,3,4064.83,5,2438.9,26,0.0,0.224,0.118,10,0.594,1,1,3.6,Yes,Gold,Organic,North,UPI,0
CUST102360,50.0,49,1991.48,8,746.8,33,1.0,0.11,0.127,9,0.821,2,5,3.7,Yes,Bronze,Social,North,UPI,0
CUST103507,38.0,23,4474.49,5,2684.69,79,3.0,0.034,0.208,11,0.773,0,1,3.8,Yes,Bronze,Paid Search,Central,UPI,0
CUST100201,48.0,4,898.36,8,336.88,66,2.0,0.011,0.374,4,0.737,1,0,3.5,Yes,Silver,Organic,North,Wallet,0
CUST103208,44.0,27,1600.74,4,1200.56,54,2.0,0.042,0.144,11,0.527,0,2,5.0,Yes,Bronze,Organic,North,Card,0
CUST101332,43.0,7,3211.89,5,1927.13,22,1.0,0.057,0.137,8,0.755,0,2,3.4,Yes,Silver,Email,South,Card,0
CUST103016,28.0,19,4484.49,5,2690.69,11,1.0,0.033,0.045,7,0.743,1,0,5.0,Yes,Gold,Email,East,Card,0
CUST103502,40.0,13,2588.0,7,1109.14,34,0.0,0.018,0.174,11,0.655,0,1,3.4,Yes,Gold,Social,South,UPI,0
CUST102708,37.0,19,2160.31,6,1080.16,37,3.0,0.074,0.351,8,0.813,2,1,3.2,Yes,Bronze,Referral,South,UPI,0
CUST104021,38.0,59,2462.71,2,3694.06,45,3.0,0.189,0.198,8,0.404,0,0,4.0,Yes,Gold,Paid Search,East,Card,0
CUST101854,39.0,36,1692.58,3,1692.58,75,3.0,0.062,0.13,11,0.516,0,1,3.0,Yes,Gold,Organic,North,UPI,0
CUST104469,26.0,16,1395.5,1,4186.5,13,0.0,0.266,0.279,7,0.865,0,1,4.6,No,Gold,Social,East,UPI,0
CUST102872,23.0,19,2898.85,6,1449.42,19,2.0,0.069,0.205,10,0.947,0,2,3.5,Yes,Bronze,Social,North,UPI,1
CUST103030,33.0,15,1906.85,7,817.22,23,0.0,0.041,0.236,8,0.754,0,0,4.8,No,Silver,Partner,South,Card,0
CUST101205,27.0,7,1716.04,4,1287.03,56,3.0,0.049,0.198,11,0.76,2,1,2.3,No,Platinum,Email,West,UPI,0
CUST101645,35.0,6,1651.23,7,707.67,33,1.0,0.068,0.32,9,0.604,0,2,3.4,Yes,Silver,Social,East,NetBanking,0
CUST103417,43.0,37,1018.77,4,764.08,107,1.0,0.115,0.322,7,0.467,0,1,3.0,No,Gold,Email,South,UPI,1
CUST103476,18.0,4,826.85,4,620.14,81,0.0,0.027,0.232,12,0.86,0,0,4.6,Yes,Bronze,Social,West,UPI,0
CUST102861,40.0,4,1127.14,4,845.36,10,2.0,0.021,0.288,8,0.93,0,1,3.9,No,Silver,Partner,South,Card,0
CUST101792,37.0,26,1776.21,2,2664.32,19,2.0,0.193,0.459,14,0.728,1,1,3.3,Yes,Bronze,Organic,North,Card,0
CUST103797,23.0,12,6759.97,7,2897.13,66,0.0,0.057,0.024,13,0.908,0,0,2.9,No,Gold,Email,South,UPI,0
CUST103368,37.0,39,2950.46,3,2950.46,24,0.0,0.067,0.413,10,0.528,1,1,3.7,Yes,Platinum,Paid Search,East,Card,0
CUST103367,31.0,8,3501.4,6,1750.7,21,0.0,0.222,0.419,5,0.313,1,3,4.2,No,Gold,Paid Search,North,UPI,0
CUST103533,38.0,21,1320.27,7,565.83,81,0.0,0.048,0.19,4,0.611,1,0,3.0,Yes,Bronze,Social,West,COD,1
CUST103449,34.0,17,592.71,2,889.06,30,2.0,0.037,0.189,12,0.384,0,4,3.4,Yes,Bronze,Organic,East,UPI,0
CUST100603,28.0,46,4564.7,5,2738.82,90,2.0,0.021,0.405,8,0.866,0,0,4.4,Yes,Gold,Partner,West,Wallet,0
CUST103056,30.0,54,791.35,8,296.76,23,1.0,0.124,0.612,6,0.77,0,0,3.8,Yes,Gold,Referral,West,,0
CUST104531,37.0,59,1256.88,8,471.33,9,0.0,0.167,0.158,13,0.723,0,0,3.3,Yes,Silver,Email,East,Card,0
CUST100126,49.0,18,3271.42,2,4907.13,47,1.0,0.043,0.163,8,0.757,0,1,3.9,No,Silver,Paid Search,West,Card,0
CUST103876,23.0,13,689.83,6,344.92,26,0.0,0.019,0.384,12,0.578,1,0,4.1,Yes,Silver,Referral,Central,UPI,0
CUST102935,18.0,11,936.65,4,702.49,46,1.0,0.12,0.265,9,0.791,1,0,4.6,Yes,Bronze,Social,West,Card,0
CUST103531,32.0,15,4212.83,3,4212.83,42,1.0,0.043,0.511,6,0.627,0,1,3.2,No,Bronze,Email,South,NetBanking,0
CUST102730,22.0,16,1096.92,3,1096.92,35,3.0,0.017,0.332,7,0.728,1,0,5.0,Yes,Gold,Organic,Central,Card,0
CUST100827,33.0,61,2878.69,3,2878.69,50,0.0,0.045,0.157,14,0.706,1,1,4.4,Yes,Bronze,Email,South,UPI,0
CUST101639,32.0,29,1161.16,2,1741.74,20,0.0,0.065,0.29,5,0.441,0,1,4.1,No,Bronze,Organic,North,UPI,0
CUST100984,38.0,8,2481.78,3,2481.78,54,2.0,0.083,0.221,8,0.399,1,0,1.9,Yes,Bronze,Paid Search,West,Card,1
CUST103281,42.0,55,1881.16,3,1881.16,38,3.0,0.3,0.621,10,0.847,0,0,4.1,Yes,Bronze,Referral,North,COD,0
CUST104971,20.0,27,802.71,2,1204.06,7,3.0,0.145,0.437,13,0.71,0,1,3.1,No,Silver,Social,West,UPI,0
CUST102188,54.0,30,2364.32,6,1182.16,45,0.0,0.189,0.434,8,0.613,0,3,3.4,No,Gold,Email,Central,NetBanking,1
CUST104612,30.0,14,2864.89,5,1718.93,23,2.0,0.041,0.256,10,0.599,0,1,3.8,Yes,Platinum,Email,South,UPI,0
CUST102443,41.0,14,2479.11,6,1239.56,43,1.0,0.055,0.127,6,0.817,2,1,3.0,Yes,Silver,Partner,East,UPI,0
CUST100362,44.0,22,3499.83,2,5249.74,31,0.0,0.031,0.118,11,0.817,0,0,4.7,No,Silver,Paid Search,East,NetBanking,0
CUST102349,41.0,73,8000.0,4,,105,0.0,0.349,0.772,5,0.5,1,2,3.5,Yes,Silver,Paid Search,West,NetBanking,1
CUST100345,18.0,49,4815.19,3,4815.19,43,1.0,0.125,0.058,8,0.467,1,3,2.2,Yes,Gold,Referral,North,UPI,0
CUST100814,28.0,21,5372.62,4,4029.46,34,0.0,0.185,0.503,13,0.777,0,1,4.0,Yes,Bronze,Social,South,UPI,0
CUST103205,31.0,19,1217.39,6,608.7,31,0.0,0.042,0.325,5,0.396,0,1,3.9,No,Gold,Paid Search,East,UPI,0
CUST104160,21.0,25,2104.86,4,1578.64,23,0.0,0.01,0.187,10,0.52,1,1,2.6,Yes,Silver,Referral,West,Card,0
CUST104795,25.0,37,613.98,7,263.13,26,1.0,0.048,0.139,12,0.749,0,1,4.2,No,Platinum,Referral,South,UPI,0
CUST103325,,16,1864.24,5,1118.54,57,0.0,0.087,0.469,9,0.858,1,1,2.6,No,Bronze,Organic,Central,UPI,0
CUST104106,18.0,24,2473.54,7,1060.09,105,1.0,0.119,0.61,16,0.924,0,0,4.3,Yes,Bronze,Email,South,UPI,1
CUST102116,35.0,7,7043.77,3,6000.0,34,,0.094,0.192,9,0.885,1,1,3.6,Yes,Silver,Paid Search,East,UPI,0
CUST101834,40.0,71,2550.75,3,2550.75,57,1.0,0.162,0.16,12,0.666,0,2,3.1,No,Gold,Organic,East,Card,0
CUST100793,38.0,25,2011.24,10,603.37,23,0.0,0.109,0.32,10,0.532,1,1,3.8,No,Bronze,Partner,Central,UPI,1
CUST104946,48.0,25,5962.63,3,5962.63,20,2.0,0.103,0.397,16,0.886,1,1,3.1,No,Bronze,Organic,South,UPI,0
CUST102674,32.0,5,988.68,3,988.68,8,3.0,0.1,0.442,13,0.7,1,0,4.1,No,Bronze,Organic,South,Wallet,0
CUST100094,18.0,20,4310.82,4,3233.12,49,1.0,0.142,0.355,9,0.657,0,0,4.0,Yes,Bronze,,Central,Card,1
CUST103756,32.0,21,1462.24,4,1096.68,32,2.0,0.07,0.139,6,0.606,0,0,3.2,Yes,Silver,Social,West,UPI,0
CUST102891,38.0,13,,5,2157.62,29,0.0,0.076,0.221,11,0.495,0,2,4.5,No,Silver,Social,South,Card,0
CUST102371,32.0,28,5769.85,3,,56,0.0,0.065,0.573,6,0.511,1,0,5.0,Yes,Bronze,Organic,South,COD,0
CUST104149,18.0,16,2044.29,4,1533.22,20,1.0,0.034,0.324,12,0.665,0,2,4.3,Yes,Silver,Partner,North,Card,0
CUST104432,39.0,43,3143.83,7,,30,1.0,0.146,0.205,5,0.827,0,1,3.9,No,Bronze,Partner,East,Wallet,1
CUST103228,40.0,21,1799.39,5,1079.63,35,1.0,0.105,0.359,12,0.81,0,0,3.1,Yes,Bronze,Partner,Central,Card,0
CUST102853,36.0,9,1582.82,7,678.35,9,3.0,0.008,0.349,10,0.411,0,2,5.0,Yes,Gold,Partner,East,NetBanking,0
CUST102912,34.0,7,3437.26,7,1473.11,29,0.0,0.024,0.398,11,0.557,1,1,4.0,No,Bronze,Email,West,UPI,0
CUST101865,36.0,3,2932.74,4,2199.55,23,2.0,0.052,0.524,8,0.882,2,0,4.5,No,Bronze,Social,East,UPI,0
CUST101857,44.0,30,3682.32,2,5523.48,18,3.0,0.018,0.246,8,0.727,1,0,2.2,No,Silver,Referral,North,Card,0
CUST102645,32.0,19,738.15,6,369.08,45,2.0,0.081,0.166,8,0.29,0,3,3.3,Yes,Gold,Organic,South,UPI,0
CUST102243,43.0,16,3035.17,4,2276.38,93,2.0,0.102,0.383,13,0.429,1,0,2.8,No,Bronze,Social,West,Card,0
CUST102336,62.0,19,2701.87,3,2701.87,11,,0.042,0.146,9,0.663,1,1,3.4,No,Silver,Organic,West,,0
CUST100950,18.0,10,1893.81,5,1136.29,107,2.0,0.092,0.37,7,0.858,0,4,3.8,Yes,Bronze,Paid Search,East,,1
CUST103068,55.0,7,3079.91,7,1319.96,28,3.0,0.042,0.142,6,0.817,0,0,3.6,Yes,Gold,Organic,South,Card,0
CUST101120,39.0,26,906.56,6,453.28,56,,0.064,0.241,15,0.711,0,1,4.4,Yes,Silver,Social,Central,UPI,0
CUST102597,37.0,26,2116.54,5,1269.92,45,0.0,0.086,0.113,10,0.941,1,1,4.9,Yes,Silver,Social,North,Wallet,0
CUST102204,45.0,9,3238.89,3,3238.89,18,,0.037,0.371,16,0.739,0,0,3.3,Yes,Bronze,Partner,North,Card,0
CUST100419,48.0,17,1158.78,3,1158.78,91,0.0,0.097,0.228,5,0.769,0,2,3.8,Yes,Silver,Organic,West,Card,0
CUST100922,35.0,16,5087.42,3,5087.42,86,0.0,0.146,0.108,12,0.833,0,0,2.8,No,Gold,Organic,Central,UPI,1
CUST101254,27.0,6,1139.41,4,854.56,66,0.0,0.005,0.439,8,0.539,0,2,3.8,Yes,Gold,Email,North,UPI,0
CUST100477,23.0,4,3904.7,1,6000.0,67,1.0,0.054,0.53,15,0.88,1,0,4.8,No,Bronze,Paid Search,West,Card,1
CUST102035,41.0,8,1085.95,3,1085.95,41,1.0,0.141,0.069,7,0.417,0,0,4.4,No,Silver,Referral,Central,UPI,0
CUST101202,38.0,10,1574.59,8,590.47,91,1.0,0.124,0.4,11,0.777,1,2,4.1,No,Gold,Organic,North,UPI,0
CUST102626,48.0,13,1559.52,2,2339.28,89,1.0,0.037,0.328,9,0.56,1,1,4.4,Yes,Silver,Paid Search,West,NetBanking,0
CUST104818,40.0,22,2679.99,5,1607.99,75,0.0,0.126,0.218,15,,0,0,4.5,Yes,Silver,Organic,East,UPI,1
CUST101970,32.0,17,1310.93,10,393.28,32,4.0,0.245,0.165,10,0.382,1,1,3.9,Yes,Silver,Organic,South,UPI,0
CUST103110,36.0,7,1055.8,6,527.9,62,1.0,0.072,0.783,12,0.698,1,1,3.7,Yes,Gold,Email,South,COD,0
CUST104018,31.0,10,960.92,6,480.46,41,0.0,0.013,0.232,7,0.525,1,2,5.0,Yes,Platinum,Social,West,COD,0
CUST102151,41.0,22,1186.69,3,1186.69,14,2.0,0.08,0.105,14,0.613,0,1,4.3,Yes,Silver,Paid Search,North,NetBanking,0
CUST103687,38.0,21,5144.33,1,6000.0,35,2.0,0.01,0.738,11,0.484,1,1,4.3,Yes,Bronze,Paid Search,North,Card,0
CUST101997,33.0,48,537.79,5,322.67,57,,0.103,0.795,9,0.303,1,0,4.4,No,Gold,Email,South,Card,0
CUST104033,40.0,11,1813.86,3,1813.86,7,1.0,0.025,0.253,10,0.644,0,3,4.1,Yes,Bronze,Referral,East,Card,0
CUST103054,29.0,26,2800.16,2,4200.24,17,4.0,0.094,0.19,14,0.862,0,1,3.9,No,Bronze,Paid Search,East,Card,0
CUST101248,32.0,11,1628.1,7,697.76,44,0.0,0.254,0.402,12,0.786,0,1,3.2,No,Bronze,Email,West,UPI,0
CUST102192,24.0,26,3976.0,4,2982.0,48,0.0,0.045,0.533,9,,2,1,3.6,Yes,Bronze,Referral,West,Card,0
CUST102712,33.0,38,2359.4,6,1179.7,36,2.0,0.093,0.168,11,0.756,3,0,2.8,Yes,Gold,Paid Search,West,Card,1
CUST100992,,13,1470.96,5,882.58,125,1.0,0.049,0.148,8,0.562,0,1,4.2,No,Bronze,Paid Search,West,NetBanking,1
CUST102190,41.0,5,1682.06,5,1009.24,33,2.0,0.203,0.481,5,0.802,1,1,5.0,Yes,Bronze,Organic,South,UPI,0
CUST103762,37.0,8,1355.98,2,2033.97,58,1.0,0.068,0.372,7,0.56,0,0,3.9,No,Silver,Social,West,UPI,0
CUST103597,28.0,9,2712.14,4,2034.1,20,0.0,0.005,0.285,10,0.78,0,2,3.0,No,Gold,Organic,West,UPI,0
CUST101318,19.0,45,2751.71,5,1651.03,31,0.0,0.059,0.105,7,0.725,0,2,3.4,Yes,Platinum,Paid Search,East,UPI,0
CUST101863,44.0,20,1126.13,0,786.47,23,3.0,0.096,0.381,12,0.858,0,1,2.8,Yes,Bronze,Organic,Central,UPI,0
CUST102343,32.0,18,2016.35,4,1512.26,55,1.0,0.108,0.174,6,0.602,1,2,3.4,No,Bronze,Paid Search,Central,UPI,0
CUST102449,42.0,6,1448.05,0,1154.46,30,2.0,0.13,0.139,9,0.711,0,0,3.5,No,Gold,Email,East,UPI,0
CUST102136,36.0,38,1654.04,4,1240.53,5,0.0,0.064,0.643,9,0.516,1,0,4.6,Yes,Gold,Organic,West,Card,0
CUST101065,33.0,13,1994.1,3,1994.1,68,1.0,0.237,0.744,8,0.639,2,0,4.8,Yes,Silver,Organic,South,Card,0
CUST104960,27.0,9,3094.47,3,3094.47,16,2.0,0.35,0.692,8,0.565,2,0,4.2,Yes,Gold,Paid Search,Central,UPI,0
CUST102621,27.0,40,1719.4,5,1031.64,106,0.0,0.129,0.392,11,0.81,0,0,4.5,No,Bronze,Partner,South,Card,1
CUST100077,36.0,30,1982.4,6,991.2,26,2.0,0.074,0.172,9,0.841,0,0,3.4,Yes,Silver,Social,West,Card,1
CUST102898,25.0,13,1206.7,2,1810.05,47,0.0,0.146,0.291,10,0.502,0,3,4.0,Yes,Platinum,Email,South,UPI,0
CUST101314,40.0,23,3606.0,5,2163.6,39,3.0,0.086,0.34,10,0.526,1,0,3.9,Yes,Silver,Paid Search,West,UPI,1
CUST104372,23.0,12,2197.85,6,1098.92,41,1.0,0.112,0.548,12,0.678,1,1,4.0,Yes,Platinum,Email,South,Card,0
CUST100872,41.0,31,1866.57,5,1119.94,23,1.0,0.07,0.353,14,0.727,0,2,4.8,Yes,Silver,Organic,West,Card,0
CUST103850,40.0,4,1908.71,3,1908.71,22,2.0,0.065,0.3,11,0.662,0,1,4.7,No,Gold,Email,Central,COD,0
CUST104787,34.0,16,3966.66,5,2380.0,70,1.0,0.061,0.31,6,0.561,0,1,3.8,No,Gold,Partner,West,UPI,0
CUST102965,18.0,21,1044.38,5,626.63,36,0.0,0.051,0.253,5,0.573,1,3,3.0,Yes,Silver,Social,South,COD,0
CUST103391,18.0,20,1067.17,4,800.38,37,2.0,0.092,0.271,7,0.844,2,1,4.0,Yes,Silver,Paid Search,North,Wallet,0
CUST102560,38.0,37,3093.97,6,1546.98,59,0.0,0.265,0.157,10,0.428,0,0,4.2,Yes,Bronze,Partner,Central,,0
CUST104896,40.0,7,2345.34,3,2345.34,64,1.0,0.045,0.142,7,0.716,1,1,3.7,No,Gold,Organic,West,Card,0
CUST102635,46.0,30,1059.73,6,529.86,51,2.0,0.024,0.444,11,0.766,0,1,3.4,Yes,Silver,Paid Search,North,UPI,0
CUST103530,50.0,17,5070.71,3,5070.71,44,3.0,0.111,0.61,13,0.547,0,1,4.1,Yes,Platinum,Social,Central,NetBanking,1
CUST100375,57.0,4,2811.28,5,1686.77,49,2.0,0.091,0.089,13,0.726,0,0,4.8,Yes,Silver,Paid Search,West,UPI,0
CUST101908,29.0,47,4735.86,3,4735.86,54,0.0,0.141,0.398,13,0.679,0,0,3.5,Yes,Silver,Referral,South,UPI,1
CUST104332,49.0,58,4291.4,3,,20,1.0,0.107,0.107,5,0.603,0,1,2.8,Yes,Platinum,Email,West,UPI,0
CUST104379,21.0,26,3364.68,3,3364.68,65,1.0,0.127,0.28,9,0.879,0,1,3.9,No,Bronze,Partner,South,UPI,0
CUST104027,40.0,46,2780.42,2,4170.63,27,2.0,0.036,0.294,9,0.534,0,2,3.3,Yes,Bronze,Partner,Central,UPI,0
CUST101604,31.0,29,1512.07,6,756.04,41,4.0,0.042,0.385,15,0.797,1,0,4.0,Yes,Silver,Referral,North,UPI,0
CUST101118,38.0,2,2466.33,5,1479.8,7,0.0,0.129,0.185,12,0.543,1,1,3.1,Yes,Bronze,Organic,Central,Card,1
CUST103677,40.0,17,1455.99,4,1091.99,58,2.0,0.1,0.341,12,0.505,1,2,,No,Bronze,Social,East,NetBanking,0
CUST103490,22.0,6,2782.72,4,2087.04,18,1.0,0.1,0.59,10,0.335,0,0,3.9,No,Gold,Paid Search,West,UPI,0
CUST104864,25.0,24,1432.22,6,716.11,48,2.0,0.097,0.223,4,0.645,0,0,3.5,No,Bronze,Partner,South,NetBanking,0
CUST102958,36.0,37,1371.7,3,1371.7,40,1.0,0.109,0.109,11,0.82,0,0,3.0,Yes,Silver,Partner,North,Card,0
CUST101994,35.0,2,3392.16,2,5088.24,13,2.0,0.044,0.481,15,0.584,0,1,3.5,Yes,Silver,Social,West,UPI,0
CUST104955,55.0,12,3266.44,3,3266.44,57,1.0,0.009,0.109,12,0.625,0,2,3.9,No,Bronze,Email,West,Wallet,0
CUST104355,26.0,22,,2,1741.76,52,2.0,0.065,0.411,10,0.709,0,1,4.3,No,Bronze,Social,Central,Card,0
CUST102376,39.0,12,2777.4,8,1041.53,35,1.0,0.032,0.496,11,0.758,0,1,4.3,No,Silver,Email,East,UPI,1
CUST101342,38.0,36,3074.39,3,3074.39,8,0.0,0.141,0.531,10,0.448,2,0,2.7,Yes,Bronze,Paid Search,South,UPI,1
CUST100320,42.0,26,8000.0,3,6000.0,129,3.0,0.043,0.492,13,0.851,2,0,3.0,Yes,Silver,Referral,East,Wallet,1
CUST101619,26.0,17,2470.05,3,2470.05,24,1.0,0.14,0.218,10,0.164,0,1,3.4,Yes,Bronze,Paid Search,South,Card,0
CUST103713,35.0,7,1945.05,7,833.59,18,1.0,0.084,0.171,13,0.971,0,1,,Yes,Bronze,Social,North,UPI,0
CUST102060,20.0,4,1313.66,1,3940.98,45,1.0,0.049,0.037,5,0.753,0,2,4.7,No,Bronze,Paid Search,East,UPI,0
CUST102219,19.0,55,3179.65,4,2384.74,30,3.0,0.06,0.535,15,0.862,1,2,2.3,Yes,Silver,Paid Search,North,UPI,0
CUST101673,39.0,13,1581.36,1,4744.08,22,3.0,0.07,0.348,8,0.689,0,1,,Yes,Bronze,Organic,Central,UPI,0
CUST100260,32.0,21,3880.55,3,3880.55,67,2.0,0.1,0.24,12,0.948,0,3,4.7,Yes,Silver,Paid Search,South,Wallet,1
CUST104417,37.0,21,4526.21,2,6000.0,58,0.0,0.166,0.164,5,0.803,0,1,5.0,No,Silver,Email,West,Wallet,0
CUST102039,37.0,14,1492.73,3,1492.73,138,0.0,0.063,0.062,11,0.636,2,0,3.3,Yes,Silver,Organic,South,UPI,1
CUST100901,,32,8000.0,5,4800.0,72,0.0,0.003,0.356,11,0.439,1,1,4.7,Yes,Gold,Organic,West,UPI,0
CUST103744,62.0,54,2456.57,2,3684.86,65,1.0,0.023,0.541,7,0.589,0,0,3.0,No,Silver,Paid Search,North,NetBanking,0
CUST102026,40.0,27,2437.65,6,1218.82,16,1.0,0.045,0.222,9,0.765,1,1,4.5,Yes,Bronze,Partner,South,Card,0
CUST101917,44.0,27,1727.73,2,2591.6,21,1.0,0.074,0.308,8,0.333,1,0,4.1,No,Silver,Organic,South,Card,0
CUST101828,25.0,40,4377.04,7,1875.87,42,1.0,0.114,0.317,12,0.61,2,1,4.7,No,Silver,Paid Search,North,NetBanking,0
CUST101573,34.0,68,1779.68,3,1779.68,37,2.0,0.063,0.256,12,0.436,0,1,4.7,Yes,Silver,Email,South,COD,0
CUST104394,22.0,26,1353.43,7,580.04,21,2.0,0.063,0.063,12,0.6,0,1,4.1,Yes,Platinum,Social,North,Card,0
CUST104208,45.0,20,1847.58,3,1847.58,30,1.0,0.049,0.324,12,0.721,0,0,3.3,Yes,Bronze,Partner,Central,UPI,1
CUST100224,35.0,40,2128.5,4,1596.38,87,1.0,0.036,0.434,16,0.56,0,1,3.9,Yes,Gold,Paid Search,South,Wallet,0
CUST100723,19.0,14,890.02,2,1335.03,34,2.0,0.062,0.119,7,0.307,0,0,4.2,Yes,Bronze,Paid Search,North,COD,0
CUST104485,28.0,21,2705.62,5,1623.37,44,1.0,0.049,0.177,12,0.742,0,0,3.6,Yes,Silver,Referral,Central,UPI,0
CUST101141,18.0,38,1865.46,5,1119.28,14,2.0,0.068,0.332,5,0.741,1,0,4.9,Yes,Bronze,Email,South,UPI,1
CUST102762,29.0,35,3241.76,10,972.53,83,4.0,0.049,0.583,5,0.538,1,1,2.7,Yes,Platinum,Social,North,UPI,0
CUST100846,66.0,16,1419.67,2,2129.5,40,1.0,0.032,0.331,8,0.46,0,1,3.7,Yes,Bronze,Paid Search,East,Card,0
CUST102551,33.0,8,2361.84,4,1771.38,20,2.0,0.043,0.304,9,0.597,0,0,3.7,Yes,Platinum,Organic,West,UPI,0
CUST102928,20.0,17,2389.51,5,1433.71,63,1.0,0.052,0.382,11,0.904,1,1,3.8,Yes,Bronze,Organic,West,Card,1
CUST100117,34.0,64,1886.91,2,2830.36,29,2.0,0.068,0.05,12,0.635,0,1,3.7,Yes,Gold,Organic,West,Card,0
CUST100645,33.0,13,1147.57,5,688.54,17,0.0,0.186,0.567,12,0.788,0,0,3.7,Yes,Silver,Paid Search,West,Card,0
CUST100003,43.0,5,666.35,5,399.81,31,3.0,0.051,0.479,8,0.508,0,0,3.3,Yes,Bronze,Partner,West,UPI,0
CUST104170,45.0,22,867.74,8,325.4,10,1.0,0.207,0.075,8,0.636,1,0,3.6,No,Gold,Social,East,,0
CUST100467,53.0,28,2253.44,3,2253.44,43,1.0,0.067,0.676,7,0.808,0,1,3.9,No,Platinum,Email,East,UPI,0
CUST100005,21.0,32,3860.39,4,2895.29,25,0.0,0.236,0.268,8,0.761,1,0,4.6,Yes,Silver,Email,Central,Card,0
CUST100919,18.0,16,3641.64,3,3641.64,47,0.0,0.028,0.105,8,0.895,0,2,3.6,No,Bronze,Organic,East,Card,0
CUST102595,26.0,20,2503.46,2,3755.19,13,2.0,0.002,0.125,17,0.676,0,0,2.3,No,Silver,Referral,West,Card,0
CUST101063,45.0,14,4076.19,6,2038.1,54,2.0,0.002,0.503,11,,0,0,4.2,Yes,Gold,Referral,East,Card,0
CUST102590,26.0,5,2876.29,7,1232.7,68,1.0,0.04,0.309,12,0.737,2,1,4.6,Yes,Silver,Organic,West,NetBanking,0
CUST100242,18.0,30,1901.23,2,2851.84,40,0.0,0.234,0.157,6,0.513,0,0,2.8,Yes,Gold,Referral,South,UPI,0
CUST101160,22.0,14,7797.29,7,3341.7,78,0.0,0.35,0.063,9,0.82,0,1,3.1,Yes,Gold,Social,East,Card,0
CUST102870,18.0,25,2536.52,2,3804.78,46,1.0,0.205,0.058,10,0.392,0,0,4.0,No,Gold,Paid Search,Central,NetBanking,0
CUST103735,30.0,23,1440.3,7,617.27,66,0.0,0.114,0.53,7,0.419,0,1,4.4,Yes,Gold,Partner,South,UPI,1
CUST102397,32.0,18,3890.82,1,6000.0,78,1.0,0.039,0.309,7,0.83,0,1,3.2,No,Platinum,Organic,North,UPI,0
CUST103517,33.0,17,1619.41,4,1214.56,32,0.0,0.069,0.141,8,0.673,1,3,3.9,Yes,Gold,Organic,East,Card,0
CUST103421,33.0,29,1769.78,7,758.48,14,1.0,0.016,0.135,15,0.837,1,1,2.8,No,Silver,Paid Search,South,Wallet,0
CUST102563,51.0,24,2045.07,2,3067.6,10,1.0,0.143,0.429,7,0.813,1,1,2.6,No,Bronze,Paid Search,South,UPI,0
CUST101605,48.0,12,1941.29,4,1455.97,47,2.0,0.09,0.071,11,0.442,0,1,2.3,No,Gold,Referral,East,Card,1
CUST104828,47.0,46,1761.63,12,440.41,34,0.0,0.195,0.322,12,0.43,1,3,3.6,No,Bronze,Email,West,Wallet,0
CUST102324,18.0,13,3244.59,5,1946.75,42,0.0,0.091,0.493,10,0.63,0,0,,No,Platinum,Organic,North,Card,0
CUST102709,33.0,24,1704.23,5,1022.54,50,0.0,0.118,0.499,8,0.767,1,0,3.7,Yes,Silver,Paid Search,West,UPI,0
CUST104398,24.0,10,1094.28,1,3282.84,53,0.0,0.033,0.614,11,,0,1,4.5,No,Bronze,Social,South,Card,0
CUST101312,27.0,19,1720.91,7,737.53,20,1.0,0.033,0.131,13,0.525,0,2,4.1,Yes,Bronze,Paid Search,South,Card,0
CUST103448,29.0,24,795.05,4,596.29,52,2.0,0.02,0.558,13,0.716,1,0,5.0,Yes,Bronze,Organic,West,,0
CUST103812,29.0,21,3178.53,2,4767.8,19,0.0,0.259,0.502,7,0.682,2,1,3.5,Yes,Bronze,Organic,South,Wallet,1
CUST104655,33.0,26,2269.74,4,1702.3,23,1.0,0.06,0.509,13,0.531,0,0,5.0,Yes,Gold,Partner,West,Wallet,0
CUST102362,30.0,54,977.17,1,2931.51,32,1.0,0.072,0.64,13,0.585,4,3,3.9,Yes,Bronze,Organic,North,Card,1
CUST101975,42.0,25,1788.81,3,1788.81,31,1.0,0.144,0.764,13,,1,0,2.5,No,Bronze,Social,South,Card,0
CUST103514,38.0,52,1778.91,5,1067.35,74,1.0,0.249,0.223,7,0.475,1,0,3.3,No,Silver,Paid Search,South,UPI,0
CUST101761,26.0,42,877.62,1,2632.86,15,0.0,0.031,0.291,15,0.645,1,0,4.5,No,Silver,Referral,South,,0
CUST102739,48.0,5,2663.38,5,1598.03,52,0.0,0.038,0.365,15,0.296,0,1,4.0,No,Silver,Email,West,UPI,0
CUST104844,34.0,28,2633.58,1,6000.0,34,1.0,0.124,0.198,12,,1,1,3.8,Yes,Bronze,Referral,West,NetBanking,0
CUST102472,37.0,18,4924.46,2,6000.0,20,0.0,0.071,0.045,10,0.863,0,1,3.5,No,Bronze,Paid Search,North,Card,0
CUST104007,39.0,16,6600.07,5,,56,3.0,0.098,0.331,5,0.794,0,1,4.4,Yes,Platinum,Email,East,Wallet,0
CUST101493,23.0,14,2857.11,4,2142.83,101,0.0,0.033,0.229,12,0.72,0,0,3.7,Yes,Silver,Email,South,Wallet,0
CUST104206,34.0,25,1458.85,3,1458.85,38,0.0,0.038,0.441,12,0.883,0,0,3.3,Yes,Bronze,Referral,West,NetBanking,0
CUST102158,41.0,12,2457.6,3,2457.6,69,0.0,0.094,0.351,14,0.794,1,1,3.2,No,Silver,Organic,South,UPI,0
CUST101169,30.0,4,1462.87,0,1217.85,115,2.0,0.18,0.295,13,0.621,0,0,2.2,Yes,Bronze,Organic,Central,Wallet,1
CUST104516,42.0,20,3473.25,2,5209.88,21,0.0,0.241,0.065,4,0.773,0,0,3.3,Yes,Silver,Partner,South,NetBanking,0
CUST100232,37.0,28,1463.93,5,878.36,99,2.0,0.221,0.18,10,0.889,0,0,2.7,Yes,Gold,Organic,West,COD,0
CUST100066,31.0,20,1473.3,2,2209.95,88,2.0,0.042,0.66,10,0.251,1,0,4.1,Yes,Silver,Organic,North,Wallet,1
CUST101603,20.0,35,997.19,2,1495.78,17,0.0,0.156,0.017,13,0.668,1,1,4.1,Yes,Gold,Organic,North,NetBanking,0
CUST103283,47.0,11,6116.73,4,4587.55,45,3.0,0.01,0.137,12,0.701,0,1,3.3,Yes,Bronze,Organic,East,UPI,0
CUST103596,30.0,19,2443.25,1,6000.0,83,0.0,0.042,0.383,10,0.659,1,1,4.2,Yes,Gold,Partner,South,UPI,1
CUST100125,38.0,24,1259.95,1,3779.85,51,0.0,0.065,0.68,5,0.686,0,1,4.5,Yes,Silver,Paid Search,Central,COD,0
CUST101296,18.0,20,1591.99,7,682.28,37,2.0,0.089,0.271,11,0.599,0,0,2.2,No,Silver,Paid Search,North,NetBanking,0
CUST101976,18.0,24,2143.4,2,3215.1,12,0.0,0.078,0.737,9,0.781,0,0,3.2,Yes,Silver,Organic,East,NetBanking,0
CUST104517,32.0,10,1609.04,3,1609.04,53,2.0,0.085,0.564,14,0.683,0,1,2.6,No,Bronze,Organic,East,NetBanking,0
CUST104481,34.0,43,2379.53,9,793.18,84,0.0,0.005,0.248,13,0.722,0,0,3.2,Yes,Gold,Email,South,Card,0
CUST102075,21.0,18,4476.64,6,2238.32,30,2.0,0.125,0.235,12,0.668,0,2,3.2,Yes,Bronze,Paid Search,Central,UPI,1
CUST103086,22.0,39,2122.93,3,2122.93,44,1.0,0.046,0.526,4,0.888,2,3,5.0,No,Platinum,Organic,West,UPI,0
CUST104345,38.0,13,1853.02,3,1853.02,75,0.0,0.046,0.113,11,0.623,3,1,2.6,No,Gold,Email,North,UPI,0
CUST103345,32.0,15,1414.47,2,2121.7,47,0.0,0.064,0.268,10,0.387,1,0,5.0,No,Silver,Partner,Central,UPI,0
CUST104464,44.0,20,1000.61,4,750.46,17,0.0,0.014,0.464,10,0.794,0,2,2.9,Yes,Bronze,Partner,East,UPI,1
CUST102797,31.0,36,1703.52,5,1022.11,21,3.0,0.233,0.177,7,0.697,0,0,4.0,Yes,Silver,Paid Search,East,UPI,0
CUST100918,,32,1793.98,0,815.84,28,1.0,0.068,0.301,10,0.696,0,0,4.1,Yes,Bronze,Email,Central,UPI,0
CUST101646,33.0,14,1218.8,2,1828.2,38,1.0,0.122,0.186,12,0.902,0,0,3.8,No,Bronze,Organic,North,UPI,0
CUST100364,33.0,22,2827.52,5,1696.51,80,0.0,0.233,0.672,12,0.504,2,2,4.1,Yes,Silver,Paid Search,West,Card,0
CUST103287,45.0,8,1171.6,4,878.7,31,0.0,0.044,0.375,8,0.876,0,1,4.1,No,Bronze,Organic,West,Card,0
CUST102125,36.0,39,2266.41,5,1359.85,40,3.0,0.235,0.162,14,0.693,1,0,3.7,No,Silver,Paid Search,North,UPI,1
CUST104123,38.0,24,,3,719.48,134,2.0,0.026,0.069,10,0.801,1,2,2.9,Yes,Gold,Social,West,UPI,1
CUST100525,30.0,18,3636.8,5,2182.08,31,0.0,0.062,0.149,7,0.468,0,0,4.4,Yes,Bronze,Referral,North,NetBanking,0
CUST100055,28.0,17,3287.73,6,1643.86,41,0.0,0.065,0.03,10,0.669,0,0,4.9,No,Gold,Paid Search,East,Card,0
CUST100638,40.0,32,5675.71,4,4256.78,63,1.0,0.039,0.284,7,0.689,1,0,4.7,No,Gold,Referral,South,COD,0
CUST100302,43.0,54,2321.08,2,3481.62,35,0.0,0.27,0.365,11,0.452,1,1,4.5,Yes,Gold,Organic,South,Wallet,0
CUST102766,18.0,2,1385.58,4,1039.18,28,1.0,0.096,0.365,15,0.523,0,0,3.3,Yes,Bronze,Organic,North,UPI,0
CUST101276,28.0,15,1580.32,1,4740.96,70,0.0,0.095,0.648,7,0.629,1,2,4.8,Yes,Bronze,Partner,North,Card,1
CUST102055,40.0,36,1629.78,11,444.49,62,1.0,0.05,0.658,11,0.592,1,0,3.1,No,Gold,Email,South,Card,0
CUST103644,31.0,12,2518.03,10,755.41,45,0.0,0.092,0.065,16,0.727,1,0,3.3,No,Silver,Paid Search,South,UPI,1
CUST104143,30.0,34,1143.21,6,571.6,16,0.0,0.155,0.484,13,0.848,1,1,3.7,Yes,Platinum,Organic,South,COD,0
CUST102878,26.0,2,579.46,2,869.19,111,1.0,0.009,0.281,8,0.623,1,1,4.2,Yes,Bronze,Organic,South,Card,0
CUST104202,39.0,54,3677.74,5,2206.64,4,0.0,0.165,0.377,8,0.595,0,0,2.6,Yes,Silver,Social,South,Card,1
CUST102286,41.0,30,1288.41,7,552.18,59,1.0,0.107,0.166,12,0.637,2,0,4.5,Yes,Bronze,Social,North,Card,1
CUST102261,26.0,40,510.26,2,765.39,31,3.0,0.026,0.488,8,0.688,0,2,4.1,No,Gold,Partner,North,UPI,0
CUST102296,60.0,23,2713.03,2,4069.54,80,1.0,0.005,0.418,11,0.63,2,2,4.0,No,Gold,Email,South,UPI,0
CUST101753,28.0,20,5084.1,1,6000.0,45,1.0,0.117,0.157,15,0.701,0,0,3.4,No,Silver,Referral,West,Wallet,0
CUST101968,30.0,5,4956.47,3,4956.47,59,0.0,0.125,0.206,12,0.755,1,0,3.7,Yes,Gold,Partner,West,UPI,0
CUST104351,23.0,21,4163.84,3,4163.84,32,1.0,0.123,0.128,5,0.628,0,0,4.4,Yes,Gold,Paid Search,South,UPI,1
CUST103117,32.0,24,1875.06,4,1406.3,20,0.0,0.115,0.351,13,0.525,0,1,3.7,Yes,Bronze,Paid Search,West,UPI,0
CUST102393,37.0,20,2225.63,4,1669.22,35,2.0,0.053,0.13,14,0.848,1,2,3.7,Yes,Silver,Partner,West,UPI,0
CUST100523,32.0,33,,2,2281.3,97,4.0,0.035,0.498,14,0.68,1,1,3.7,Yes,Silver,Organic,South,UPI,1
CUST103900,40.0,24,2613.89,3,2613.89,97,3.0,0.032,0.517,19,0.74,0,2,3.6,Yes,Platinum,Organic,North,UPI,1
CUST103122,41.0,15,2263.36,7,970.01,39,0.0,0.069,0.271,10,0.742,1,1,3.6,No,Bronze,Organic,South,UPI,0
CUST104156,38.0,55,1777.33,7,761.71,28,1.0,0.025,0.35,11,0.737,0,1,3.3,Yes,Silver,Organic,East,UPI,0
CUST101969,42.0,13,1744.74,3,1744.74,42,1.0,0.154,0.488,15,0.769,1,0,5.0,No,Bronze,Organic,South,Card,1
CUST100671,37.0,9,1996.65,3,1996.65,75,1.0,0.015,0.553,9,0.552,0,1,3.8,No,Bronze,Organic,South,UPI,1
CUST104188,27.0,4,1601.29,6,800.64,54,0.0,0.007,0.455,12,,0,1,4.6,Yes,Silver,Organic,South,UPI,0
CUST100666,18.0,5,1353.64,2,2030.46,67,5.0,0.123,0.229,11,0.664,1,0,,No,Bronze,Organic,Central,UPI,1
CUST104338,34.0,11,1512.57,4,1134.43,19,3.0,0.01,0.322,5,0.696,0,2,3.1,Yes,Bronze,Referral,South,Card,1
CUST101887,36.0,49,860.65,1,2581.95,11,0.0,0.121,0.249,10,0.639,0,1,3.7,Yes,Bronze,Organic,South,Wallet,0
CUST103266,18.0,12,1425.22,3,1425.22,45,1.0,0.049,0.338,12,0.651,0,0,4.8,Yes,Silver,Partner,South,Card,1
CUST100280,39.0,23,1374.88,3,1374.88,41,1.0,0.082,0.712,13,0.87,0,0,,No,Silver,Email,South,UPI,0
CUST101719,21.0,16,1476.38,5,885.83,55,4.0,0.177,0.688,16,0.78,1,0,4.0,Yes,Bronze,Organic,West,Wallet,1
CUST102947,38.0,9,982.01,7,420.86,51,0.0,0.018,0.137,10,0.762,1,1,3.2,Yes,Silver,Social,East,UPI,0
CUST100899,19.0,30,1581.25,3,1581.25,50,1.0,0.157,0.439,10,0.698,1,3,4.7,Yes,Bronze,Organic,North,Card,0
CUST104850,31.0,25,2691.29,3,2691.29,28,1.0,0.113,0.164,15,0.884,0,0,3.5,Yes,Bronze,Partner,East,UPI,0
CUST100760,46.0,38,2675.05,4,2006.29,41,0.0,0.032,0.144,6,0.853,1,1,5.0,Yes,Gold,Email,South,Card,1
CUST101906,34.0,31,2492.64,0,2024.89,55,2.0,0.197,0.108,5,0.65,0,0,2.9,No,Silver,Paid Search,Central,UPI,0
CUST104042,34.0,28,1415.8,3,1415.8,29,0.0,0.148,0.27,8,0.762,0,2,3.3,Yes,Gold,Social,North,,0
CUST103823,32.0,17,1463.02,7,627.01,9,1.0,0.061,0.412,9,0.779,0,0,2.8,No,Silver,Organic,North,Card,0
CUST104138,24.0,34,4396.65,2,6000.0,25,0.0,0.03,0.244,7,0.895,1,1,3.0,No,Silver,Social,Central,NetBanking,0
CUST103818,50.0,16,1460.22,4,1095.16,22,0.0,0.208,0.175,13,0.617,0,1,4.9,Yes,Bronze,Social,Central,UPI,0
CUST104300,30.0,19,1188.02,4,891.02,20,1.0,0.1,0.513,4,0.936,1,1,2.1,Yes,Gold,Organic,West,UPI,0
CUST102593,41.0,4,2214.68,3,2214.68,71,0.0,0.036,0.045,11,0.552,1,0,4.5,Yes,Silver,Paid Search,West,Card,1
CUST104164,32.0,36,2995.91,5,1797.55,3,1.0,0.089,0.164,12,0.679,0,2,5.0,Yes,Silver,Organic,West,Wallet,0
CUST103031,40.0,5,2155.18,3,2155.18,18,,0.031,0.602,5,0.306,1,2,3.9,No,Silver,Paid Search,South,UPI,0
CUST103579,21.0,16,1295.36,5,777.22,59,1.0,0.1,0.745,6,0.764,0,1,2.4,Yes,Bronze,Organic,South,UPI,0
CUST102832,,31,2270.19,2,3405.28,19,2.0,0.101,0.632,11,0.405,1,1,2.7,Yes,Gold,Paid Search,West,Wallet,0
CUST103472,45.0,23,2767.58,2,4151.37,38,0.0,0.05,0.728,9,0.691,0,2,3.3,Yes,Bronze,Paid Search,West,Card,0
CUST100137,42.0,12,1151.99,4,863.99,40,0.0,0.056,0.344,6,0.372,3,0,3.5,Yes,Bronze,Organic,East,Card,0
CUST102180,55.0,12,2417.91,8,906.72,43,1.0,0.13,0.15,8,0.684,2,1,4.3,Yes,Silver,Social,West,UPI,0
CUST102128,38.0,7,3608.02,8,1353.01,55,0.0,0.021,0.349,16,0.59,0,2,5.0,No,Gold,Paid Search,East,NetBanking,0
CUST103177,36.0,49,6020.33,0,2141.46,10,0.0,0.34,0.036,6,0.736,0,3,3.7,No,Silver,Paid Search,East,UPI,0
CUST104367,32.0,16,1746.17,8,654.81,56,1.0,0.014,0.116,11,0.729,0,0,4.5,Yes,Bronze,Email,East,UPI,0
CUST104261,45.0,13,2555.75,2,3833.62,41,1.0,0.092,0.743,15,0.586,0,2,4.2,Yes,Gold,Social,West,Card,0
CUST104344,28.0,31,976.28,1,2928.84,53,3.0,0.148,0.207,10,0.529,0,2,4.6,Yes,Silver,Partner,South,Card,0
CUST101331,23.0,13,1940.07,4,1455.05,29,0.0,0.057,0.417,8,0.577,0,0,3.4,No,Silver,Partner,East,UPI,0
CUST102017,27.0,27,1853.3,7,794.27,51,1.0,0.194,0.284,7,0.721,0,1,3.8,Yes,Bronze,Organic,Central,UPI,0
CUST102482,36.0,19,3802.88,5,2281.73,41,2.0,0.045,0.191,8,0.705,0,1,4.3,Yes,Silver,Email,Central,COD,0
CUST101358,30.0,18,2860.94,1,6000.0,29,1.0,0.031,0.312,11,0.653,0,2,4.5,Yes,Silver,Social,South,UPI,0
CUST101329,41.0,67,6395.46,2,6000.0,28,0.0,0.086,0.632,11,0.974,1,2,3.2,Yes,Silver,Paid Search,West,UPI,0
CUST102150,33.0,25,1518.78,2,2278.17,44,2.0,0.048,0.058,8,0.809,0,2,4.8,Yes,Silver,Organic,West,UPI,0
CUST102122,26.0,19,,2,5688.86,37,3.0,0.161,0.334,12,0.763,1,0,3.2,No,Platinum,Email,West,NetBanking,0
CUST103981,31.0,15,1988.17,7,852.07,24,1.0,0.052,0.343,9,0.585,0,0,3.3,Yes,Bronze,Social,North,Card,0
CUST101252,26.0,18,1971.9,5,1183.14,56,0.0,0.094,0.217,9,0.54,0,1,3.7,No,Gold,Email,South,Card,0
CUST103278,26.0,15,3251.23,5,1950.74,20,,0.118,0.339,11,0.778,0,1,3.5,Yes,Platinum,Social,East,Card,0
CUST103374,34.0,38,6234.32,5,3740.59,3,0.0,0.168,0.29,9,0.658,0,0,5.0,Yes,Gold,Partner,South,UPI,0
CUST102814,34.0,27,1728.52,5,1037.11,56,0.0,0.022,0.15,12,0.876,0,0,4.1,No,Bronze,Paid Search,North,UPI,0
CUST101848,30.0,41,1912.63,4,1434.47,20,1.0,0.03,0.491,8,0.433,1,0,4.4,Yes,Silver,Social,South,UPI,0
CUST103037,33.0,33,3836.71,3,3836.71,27,2.0,0.048,0.121,12,0.645,0,1,4.4,Yes,Silver,Paid Search,Central,Card,0
CUST100388,37.0,19,1108.51,1,3325.53,66,4.0,0.099,0.22,11,0.656,0,1,4.7,No,Gold,Paid Search,West,UPI,1
CUST100235,27.0,33,2600.93,2,3901.39,28,1.0,0.021,0.081,6,0.462,2,1,3.5,No,Silver,Social,North,UPI,0
CUST101077,,23,2627.28,5,1576.37,39,2.0,0.258,0.158,9,0.733,0,0,5.0,Yes,Bronze,Organic,Central,NetBanking,0
CUST101984,26.0,12,3058.96,5,1835.38,94,1.0,0.028,0.239,6,0.642,3,1,4.9,Yes,Gold,Email,Central,Card,0
CUST104363,28.0,28,1643.46,3,1643.46,48,1.0,0.032,0.53,11,0.42,2,0,4.8,Yes,Gold,Email,West,Wallet,1
CUST103962,39.0,6,1134.89,3,1134.89,27,1.0,0.006,0.251,8,0.8,0,2,4.0,Yes,Silver,Paid Search,Central,NetBanking,0
CUST100770,51.0,31,1287.85,5,772.71,34,0.0,0.15,0.226,7,,0,0,3.5,Yes,Bronze,Organic,South,UPI,0
CUST102165,46.0,7,2644.07,4,1983.05,53,1.0,0.034,0.416,7,0.6,0,2,4.1,Yes,Bronze,Organic,North,Card,1
CUST100673,21.0,30,1657.15,6,828.58,16,,0.019,0.611,8,0.576,0,1,3.6,No,Gold,Email,East,NetBanking,0
CUST100249,22.0,33,2784.65,6,1392.32,27,1.0,0.082,0.522,9,0.608,0,1,3.8,Yes,Bronze,Paid Search,South,UPI,0
CUST101574,19.0,19,1437.35,5,862.41,6,1.0,0.032,0.084,11,0.394,0,1,3.1,Yes,Bronze,Paid Search,East,Card,0
CUST103419,46.0,5,3397.44,5,2038.46,59,1.0,0.017,0.388,9,0.839,0,0,3.1,Yes,Gold,Social,Central,UPI,0
CUST102081,38.0,50,1860.14,2,2790.21,43,1.0,0.007,0.668,12,0.775,0,1,3.7,Yes,Gold,Referral,North,Card,0
CUST101823,40.0,29,2887.91,4,2165.93,54,0.0,0.095,0.386,11,0.738,0,0,3.8,Yes,Gold,Email,West,Card,0
CUST100716,18.0,25,3891.11,3,3891.11,45,2.0,0.068,0.367,13,0.485,0,0,3.4,No,Bronze,Social,East,Card,1
CUST104668,53.0,8,1265.11,5,759.07,16,3.0,0.092,0.419,7,0.496,0,2,4.0,Yes,Silver,Email,East,UPI,0
CUST102048,35.0,7,3684.34,3,3684.34,36,1.0,0.286,0.488,9,0.728,1,1,4.0,No,Silver,Paid Search,North,COD,0
CUST104178,18.0,12,2317.11,4,1737.83,32,1.0,0.094,0.485,11,0.613,0,1,3.7,No,Gold,Organic,Central,Card,0
CUST102724,28.0,9,,6,1716.11,13,1.0,0.108,0.279,9,0.729,1,1,,Yes,Silver,Paid Search,South,UPI,0
CUST104521,37.0,24,1585.08,2,2377.62,28,2.0,0.183,0.197,6,0.873,0,1,4.0,Yes,Bronze,Email,North,UPI,0
CUST101460,44.0,32,1176.16,2,1764.24,39,0.0,0.054,0.557,8,0.724,0,1,2.8,Yes,Silver,Referral,South,Card,0
CUST101668,37.0,7,2075.47,4,1556.6,53,1.0,0.176,0.27,13,0.408,1,0,4.1,No,Bronze,Paid Search,West,UPI,1
CUST102756,40.0,38,2311.76,0,866.35,98,5.0,0.132,0.249,9,0.612,1,1,2.7,No,Bronze,Social,South,Card,1
CUST102000,29.0,26,3845.27,8,1441.98,78,1.0,0.148,0.339,12,0.77,0,1,4.2,No,Silver,Organic,East,UPI,1
CUST100404,39.0,16,2389.71,5,1433.83,99,2.0,0.065,0.475,11,0.478,3,1,3.3,No,Silver,Organic,West,UPI,1
CUST100384,18.0,15,1158.46,7,496.48,15,2.0,0.211,0.204,7,0.787,1,2,,Yes,Silver,Organic,South,NetBanking,0
CUST104535,38.0,44,965.66,3,965.66,28,0.0,0.081,0.678,10,0.658,0,2,3.2,Yes,Bronze,Referral,South,COD,1
CUST102152,26.0,11,1678.31,3,1678.31,6,4.0,0.13,0.321,13,,0,1,3.2,Yes,Silver,Referral,North,COD,0
CUST101633,34.0,15,997.36,5,598.42,34,0.0,0.106,0.188,10,0.669,0,0,3.9,Yes,Bronze,Partner,South,Wallet,0
CUST104586,39.0,12,3090.19,2,4635.28,78,0.0,0.209,0.272,9,0.726,2,0,4.0,No,Bronze,Referral,Central,Card,0
CUST103925,43.0,8,3151.14,3,3151.14,20,0.0,0.074,0.216,9,0.413,1,1,3.6,Yes,Bronze,Paid Search,South,Card,0
CUST104158,45.0,30,1270.25,1,3810.75,53,0.0,0.069,0.225,6,0.273,0,2,2.8,Yes,Bronze,Paid Search,South,UPI,0
CUST100223,23.0,31,2094.27,3,2094.27,72,3.0,0.038,0.511,17,0.776,0,0,3.9,Yes,Silver,Social,South,UPI,1
CUST102193,34.0,6,3537.7,1,6000.0,54,0.0,0.02,0.095,12,0.748,1,0,3.3,Yes,Gold,Partner,South,UPI,1
CUST103136,47.0,11,3095.01,3,3095.01,36,1.0,0.029,0.47,9,0.566,0,2,2.5,No,Bronze,Email,Central,Card,1
CUST101824,25.0,18,1916.13,1,5748.39,32,1.0,0.143,0.362,11,0.631,1,0,5.0,Yes,Gold,Referral,North,UPI,0
CUST104600,41.0,14,2076.9,5,1246.14,62,1.0,0.089,0.475,10,0.605,0,1,3.9,Yes,Gold,Email,South,COD,0
CUST100797,45.0,9,1493.95,5,896.37,24,1.0,0.176,0.402,8,0.761,0,1,3.7,No,Silver,Partner,West,UPI,0
CUST102871,27.0,31,1421.98,2,2132.97,12,2.0,0.117,0.372,13,0.883,0,0,3.6,Yes,Silver,Referral,Central,Card,0
CUST100009,25.0,14,4444.6,5,2666.76,10,2.0,0.108,0.046,10,0.673,0,0,2.7,No,Bronze,Paid Search,East,NetBanking,0
CUST101944,30.0,22,2886.59,4,2164.94,34,2.0,0.075,0.164,6,0.8,1,1,3.7,No,Bronze,Partner,West,NetBanking,1
CUST101838,49.0,18,1969.41,2,,95,1.0,0.023,0.28,14,0.601,0,0,4.5,No,Bronze,Email,West,Card,0
CUST100255,42.0,13,1525.49,6,762.74,30,0.0,0.083,0.549,13,0.465,0,0,4.3,Yes,Gold,Partner,North,Card,0
CUST104508,25.0,25,1871.88,4,1403.91,32,0.0,0.105,0.149,12,0.733,1,0,4.1,Yes,Bronze,Organic,North,UPI,0
CUST101581,32.0,23,1734.12,2,2601.18,55,0.0,0.016,0.205,8,0.433,0,1,2.6,Yes,Silver,Paid Search,West,UPI,0
CUST102956,39.0,71,1304.95,2,1957.43,13,1.0,0.02,0.666,9,0.431,0,1,3.7,Yes,Bronze,Partner,South,Card,0
CUST100924,32.0,15,1347.66,4,1010.75,55,1.0,0.076,0.228,11,0.929,0,2,3.3,Yes,Gold,Social,South,UPI,1
CUST104429,19.0,34,3985.48,4,2989.11,42,0.0,0.321,0.407,16,0.651,0,3,3.2,Yes,Bronze,Partner,West,Card,0
CUST102508,43.0,38,1703.93,4,1277.95,32,0.0,0.188,0.161,6,0.805,1,0,4.0,Yes,Gold,Paid Search,Central,UPI,0
CUST103775,25.0,8,1560.36,8,585.14,46,0.0,0.062,0.331,13,0.832,0,2,4.6,Yes,Gold,Paid Search,South,UPI,0
CUST104136,48.0,59,2276.42,5,1365.85,48,1.0,0.03,0.301,8,0.715,0,1,3.9,Yes,Bronze,Partner,West,Card,0
CUST102779,24.0,4,1480.21,4,1110.16,48,2.0,0.048,0.2,7,0.42,1,1,3.0,Yes,Platinum,Paid Search,West,UPI,0
CUST100539,26.0,64,1416.66,3,1416.66,43,1.0,0.052,0.208,12,0.775,1,0,5.0,No,Platinum,Social,North,Card,0
CUST102745,46.0,13,2284.89,3,2284.89,68,0.0,0.061,0.675,7,0.635,0,1,3.9,Yes,Gold,Social,North,Card,1
CUST104498,36.0,12,6141.64,3,6000.0,76,0.0,0.064,0.272,12,,1,0,3.3,Yes,Gold,Organic,East,UPI,0
CUST104571,50.0,27,4771.04,3,4771.04,31,0.0,0.036,0.053,12,0.481,2,2,,Yes,Silver,Paid Search,South,Card,0
CUST101145,41.0,17,2385.35,5,1431.21,8,1.0,0.179,0.374,7,0.749,0,0,3.0,Yes,Bronze,Partner,South,Wallet,0
CUST100667,39.0,25,1693.24,3,1693.24,57,0.0,0.037,0.136,8,0.518,1,0,4.2,No,Bronze,Organic,East,Wallet,0
CUST103019,18.0,9,686.28,7,294.12,7,1.0,0.053,0.206,12,0.824,0,1,,Yes,Bronze,Paid Search,Central,Card,1
CUST100357,37.0,34,2677.23,3,2677.23,32,1.0,0.138,0.664,16,0.834,0,0,4.1,Yes,Silver,Email,North,COD,0
CUST102831,44.0,42,733.84,6,366.92,33,1.0,0.221,0.435,7,0.486,1,0,3.9,Yes,Bronze,Organic,West,Card,0
CUST102783,,26,2148.21,4,1611.16,6,2.0,0.028,0.553,9,0.827,1,1,3.7,Yes,Bronze,Organic,West,Card,0
CUST101353,38.0,40,1544.53,3,1544.53,52,0.0,0.061,0.214,13,0.845,0,1,4.4,No,Silver,Social,South,UPI,1
CUST100470,37.0,8,2926.44,2,4389.66,29,0.0,0.024,0.396,11,0.442,0,0,4.2,Yes,Gold,Email,West,Card,0
CUST102703,46.0,9,,2,1902.52,20,0.0,0.128,0.508,12,0.389,1,1,3.8,No,Gold,Email,South,UPI,0
CUST103330,34.0,36,602.06,7,258.03,16,2.0,0.314,0.621,8,0.475,1,0,3.4,Yes,Silver,Social,West,Wallet,1
CUST103637,47.0,25,1771.06,5,1062.64,42,1.0,0.068,0.432,12,0.881,0,1,4.5,No,Bronze,Social,North,Card,0
CUST101396,40.0,26,1267.62,5,760.57,102,1.0,0.055,0.4,19,0.494,0,1,3.6,Yes,Bronze,Paid Search,West,UPI,1
CUST103584,37.0,33,1954.1,4,1465.57,22,0.0,0.092,0.465,8,0.913,1,0,4.0,Yes,Platinum,Organic,West,Card,0
CUST104486,51.0,38,2918.76,3,2918.76,41,,0.085,0.075,11,0.595,0,1,3.0,Yes,Silver,Organic,West,Card,0
CUST103376,40.0,8,3196.42,2,4794.63,22,1.0,0.1,0.252,6,0.529,0,0,5.0,Yes,Silver,Paid Search,North,Card,0
CUST101256,42.0,27,1366.65,4,1024.99,73,0.0,0.039,0.39,11,0.986,0,0,3.3,Yes,Gold,Email,South,Card,0
CUST103512,28.0,22,822.37,2,1233.56,13,0.0,0.046,0.341,10,0.482,0,1,3.9,Yes,Silver,Partner,North,UPI,0
CUST101250,44.0,8,2090.29,3,2090.29,42,1.0,0.159,0.661,15,0.543,0,0,5.0,No,Bronze,Partner,West,UPI,0
CUST104807,28.0,14,818.28,2,1227.42,98,1.0,0.222,0.054,11,0.72,1,1,4.3,Yes,Platinum,Partner,Central,UPI,0
CUST104298,51.0,34,632.31,5,,31,0.0,0.03,0.104,6,0.733,0,1,4.1,No,Bronze,Paid Search,East,Card,0
CUST103284,27.0,96,1094.97,4,821.23,23,1.0,0.194,0.178,9,0.688,1,0,4.3,Yes,Bronze,Partner,Central,COD,0
CUST102933,45.0,39,3022.08,3,3022.08,85,2.0,0.125,0.149,10,0.504,0,1,4.3,Yes,Silver,Partner,West,COD,1
CUST104175,29.0,35,,3,4046.49,33,1.0,0.307,0.235,14,0.424,0,3,3.6,Yes,Silver,Paid Search,East,UPI,0
CUST101852,31.0,6,2346.13,4,1759.6,49,1.0,0.138,0.408,7,0.395,0,0,3.6,Yes,Bronze,Organic,East,NetBanking,0
CUST104869,35.0,27,1572.91,6,786.46,13,1.0,0.035,0.428,10,0.496,0,1,3.7,Yes,Bronze,Paid Search,Central,Card,0
CUST102105,29.0,21,1522.61,5,913.57,42,0.0,0.263,0.486,12,0.655,0,4,2.7,Yes,Silver,Organic,Central,Card,0
CUST100133,32.0,9,4141.2,6,2070.6,47,2.0,0.064,0.41,12,0.658,0,0,4.7,Yes,Platinum,Partner,West,UPI,0
CUST100928,32.0,50,2341.78,5,1405.07,33,,0.12,0.394,15,0.621,0,0,4.6,Yes,Silver,Organic,North,UPI,0
CUST100823,18.0,10,1902.7,2,2854.05,63,2.0,0.014,0.245,13,0.703,1,2,1.8,Yes,Platinum,Organic,South,UPI,1
CUST104543,24.0,13,2026.46,2,3039.69,58,2.0,0.082,0.815,12,0.596,1,1,4.0,Yes,Gold,Email,South,Card,0
CUST101531,37.0,9,8000.0,3,6000.0,67,2.0,0.058,0.136,9,0.515,0,1,4.2,Yes,Bronze,Partner,West,UPI,0
CUST101214,18.0,21,1084.46,8,406.67,14,1.0,0.055,0.39,10,0.833,1,1,5.0,Yes,Gold,Organic,South,UPI,0
CUST100504,18.0,5,707.13,6,353.56,1,2.0,0.053,0.548,7,0.472,0,0,3.5,Yes,Platinum,Organic,East,Card,0
CUST104285,51.0,42,3477.2,2,5215.8,22,1.0,0.069,0.057,7,0.502,1,1,2.9,Yes,Gold,Referral,South,UPI,0
CUST101996,37.0,15,1317.86,7,564.8,94,1.0,0.073,0.589,4,0.774,0,2,5.0,No,Bronze,Social,East,NetBanking,0
CUST103072,18.0,6,1969.15,3,1969.15,34,0.0,0.057,0.708,8,0.786,1,3,3.0,Yes,Bronze,Paid Search,West,NetBanking,1
CUST101958,31.0,38,5517.13,5,3310.28,22,0.0,0.188,0.591,10,0.615,1,0,4.1,No,Silver,Organic,West,NetBanking,0
CUST101384,18.0,17,1752.08,4,1314.06,76,0.0,0.092,0.367,11,0.69,0,3,3.7,Yes,Silver,Email,South,NetBanking,1
CUST100894,31.0,21,511.88,2,767.82,9,1.0,0.062,0.278,8,0.635,0,1,2.9,No,Bronze,Social,North,Card,1
CUST100455,36.0,20,1814.99,7,777.85,34,0.0,0.034,0.447,9,0.694,0,1,5.0,Yes,Bronze,Referral,North,Card,1
CUST104879,23.0,11,8000.0,5,4800.0,65,3.0,0.137,0.633,9,0.52,0,0,4.2,Yes,Platinum,Paid Search,South,NetBanking,0
CUST103709,31.0,27,3158.16,6,1579.08,57,0.0,0.058,0.287,3,0.616,0,1,3.0,No,Bronze,Organic,West,Card,0
CUST104618,61.0,25,2384.78,7,1022.05,15,2.0,0.102,0.078,5,0.695,1,0,2.5,No,Bronze,Partner,South,UPI,1
CUST104268,46.0,18,3397.63,3,3397.63,32,0.0,0.071,0.464,6,0.688,0,0,3.7,Yes,Silver,Partner,West,UPI,0
CUST103522,31.0,13,2656.27,5,1593.76,78,0.0,0.203,0.387,11,,1,0,3.3,Yes,Silver,Email,West,UPI,1
CUST104134,23.0,3,3211.32,2,4816.98,66,2.0,0.105,0.168,6,0.796,0,1,2.7,No,Gold,Social,North,UPI,1
CUST103602,20.0,11,1134.54,3,1134.54,26,0.0,0.152,0.247,15,0.687,0,2,3.2,Yes,Silver,Social,Central,UPI,0
CUST100713,34.0,42,2865.98,1,6000.0,39,1.0,0.057,0.185,11,0.357,0,0,2.9,Yes,Bronze,Partner,South,COD,0
CUST104186,38.0,20,1103.31,2,1654.96,32,2.0,0.063,0.395,6,0.491,0,0,4.3,Yes,Bronze,Organic,South,UPI,0
CUST102214,25.0,42,907.84,6,453.92,43,0.0,0.03,0.649,8,0.885,0,0,2.9,Yes,Gold,Organic,West,UPI,0
CUST102923,28.0,15,5948.73,3,5948.73,64,4.0,0.162,0.583,11,0.624,0,1,4.9,Yes,Gold,Social,East,Card,1
CUST101810,18.0,23,875.96,3,875.96,21,1.0,0.079,0.356,11,0.903,0,1,4.4,Yes,Bronze,Partner,West,Wallet,0
CUST103486,41.0,10,1558.42,2,2337.63,52,2.0,0.046,0.014,14,0.727,0,1,4.9,Yes,Silver,Organic,North,UPI,0
CUST103141,64.0,13,4514.2,5,2708.52,60,1.0,0.056,0.309,10,0.626,0,0,4.1,Yes,Silver,Partner,North,Wallet,0
CUST101827,50.0,21,1787.68,3,1787.68,42,1.0,0.119,0.557,12,0.595,1,0,4.2,No,Gold,Paid Search,West,UPI,0
CUST101155,35.0,17,1833.56,2,2750.34,9,2.0,0.111,0.132,6,0.694,0,0,,Yes,Gold,Referral,Central,UPI,0
CUST101324,36.0,23,1261.81,2,1892.72,53,2.0,0.048,0.498,8,0.849,0,3,4.6,No,Platinum,Social,North,UPI,0
CUST104312,34.0,13,795.45,4,596.59,13,1.0,0.139,0.105,9,0.58,0,0,4.0,Yes,Silver,Organic,South,Card,0
CUST100510,18.0,18,3113.42,3,3113.42,97,1.0,0.024,0.584,8,0.554,0,1,3.8,No,Bronze,Partner,North,UPI,1
CUST101680,19.0,14,2972.69,2,4459.04,26,2.0,0.049,0.515,4,0.916,0,1,4.8,Yes,Bronze,Organic,Central,UPI,0
CUST100499,19.0,23,2262.1,6,1131.05,20,0.0,0.097,0.241,4,0.812,0,4,3.8,Yes,Bronze,Referral,East,UPI,0
CUST104536,25.0,6,1291.8,3,1291.8,180,4.0,0.206,0.501,9,0.465,0,1,3.7,Yes,Bronze,Email,Central,UPI,1
CUST101856,32.0,24,1816.47,1,5449.41,66,1.0,0.111,0.191,11,0.828,1,0,4.0,Yes,Gold,Paid Search,East,UPI,0
CUST101388,37.0,5,1702.38,2,2553.57,65,2.0,0.133,0.042,14,0.612,0,0,4.8,Yes,Silver,Organic,North,NetBanking,0
CUST103719,37.0,11,4936.3,3,4936.3,21,2.0,0.122,0.276,9,0.832,1,0,3.5,No,Bronze,Referral,East,UPI,0
CUST102386,18.0,4,4285.9,8,1607.21,76,1.0,0.19,0.441,8,0.329,0,0,3.6,Yes,Bronze,Referral,South,Card,0
CUST103236,45.0,33,3249.27,4,2436.95,11,1.0,0.022,0.475,10,0.589,1,1,4.0,No,Silver,Paid Search,East,,0
CUST101540,31.0,56,1528.15,3,1528.15,45,2.0,0.112,0.556,6,0.749,0,0,3.5,No,Bronze,Partner,North,UPI,1
CUST101217,18.0,8,1647.43,6,823.72,32,3.0,0.09,0.556,9,0.727,2,0,3.5,Yes,Silver,Paid Search,North,Card,0
CUST102681,32.0,28,4840.84,4,3630.63,56,0.0,0.023,0.677,11,0.647,0,2,3.5,Yes,Gold,Social,South,Wallet,0
CUST102993,58.0,18,3136.18,3,3136.18,13,0.0,0.026,0.125,4,0.449,0,0,4.4,Yes,Silver,Social,West,UPI,0
CUST101191,44.0,18,987.43,3,987.43,102,1.0,0.16,0.782,11,0.649,0,1,4.5,Yes,Bronze,Referral,West,UPI,0
CUST101542,36.0,45,1739.57,4,1304.68,40,0.0,0.0,0.264,9,0.602,0,3,3.1,Yes,Silver,Organic,West,UPI,0
CUST103301,55.0,18,1945.04,3,1945.04,36,0.0,0.156,0.467,8,0.6,1,0,4.2,Yes,Bronze,Organic,Central,Card,1
CUST103324,43.0,16,1886.09,6,943.04,33,0.0,0.114,0.395,13,0.797,0,0,2.7,Yes,Gold,Organic,West,UPI,0
CUST102539,40.0,29,1647.02,8,617.63,19,2.0,0.008,0.296,13,0.379,0,0,3.0,Yes,Bronze,,West,Card,0
CUST100953,22.0,30,2847.87,3,2847.87,45,0.0,0.095,0.558,13,0.584,0,1,4.1,Yes,Bronze,Partner,East,Card,0
CUST104330,52.0,19,1883.17,2,2824.76,30,3.0,0.144,0.085,6,0.835,0,2,3.1,Yes,Silver,Organic,North,UPI,0
CUST100732,39.0,30,2006.28,4,1504.71,57,2.0,0.039,0.374,10,0.794,0,1,3.8,Yes,Bronze,Partner,West,Wallet,0
CUST101156,34.0,16,2791.67,4,2093.75,74,1.0,0.106,0.22,9,0.658,1,1,3.9,Yes,Gold,Referral,East,Card,0
CUST103294,28.0,30,704.37,5,422.62,82,3.0,0.055,0.662,10,0.829,1,2,,Yes,Bronze,Organic,Central,UPI,1
CUST102982,32.0,27,1846.72,5,1108.03,33,1.0,0.026,0.389,8,0.623,1,0,2.6,Yes,Gold,Email,West,Card,0
CUST102156,37.0,24,2938.71,9,979.57,23,0.0,0.036,0.38,18,0.423,1,0,5.0,Yes,Bronze,Social,South,Card,0
CUST101062,29.0,22,713.34,3,713.34,42,1.0,0.061,0.494,10,0.743,0,2,3.9,No,Silver,Paid Search,South,UPI,0
CUST102616,34.0,6,1137.61,9,379.2,17,1.0,0.068,0.253,16,,0,1,3.7,Yes,Bronze,Referral,West,NetBanking,0
CUST101167,52.0,30,2094.66,5,1256.8,73,2.0,0.046,0.596,9,0.88,0,0,3.0,Yes,Bronze,Organic,North,Card,0
CUST103222,18.0,7,1428.85,7,612.36,79,0.0,0.023,0.325,7,0.672,0,0,4.3,No,Silver,,North,Card,0
CUST103636,31.0,35,2267.61,1,6000.0,39,0.0,0.083,0.089,7,0.845,0,1,3.2,No,Silver,Social,Central,COD,0
CUST102938,30.0,11,1445.05,1,4335.15,12,0.0,0.079,0.56,11,0.801,0,0,3.1,Yes,Silver,Organic,North,COD,0
CUST104491,25.0,20,1717.22,4,1287.92,111,0.0,0.054,0.616,13,0.713,1,1,4.3,Yes,Silver,Partner,West,Card,1
CUST103140,32.0,27,1745.23,4,1308.92,25,0.0,0.141,0.129,11,0.652,1,3,3.5,Yes,Gold,Organic,South,Wallet,0
CUST100143,37.0,24,3021.08,2,4531.62,122,1.0,0.031,0.416,13,0.424,0,1,3.3,Yes,Silver,Paid Search,South,COD,1
CUST103577,36.0,35,2221.21,3,2221.21,74,0.0,0.049,0.251,12,0.833,0,1,4.3,Yes,Silver,Email,West,Card,1
CUST102782,39.0,24,2667.38,4,2000.54,11,2.0,0.042,0.156,9,0.929,1,0,4.9,Yes,Gold,Social,Central,Card,0
CUST100717,41.0,35,,4,4395.56,29,,0.137,0.746,13,0.526,1,0,3.8,Yes,Bronze,Paid Search,West,UPI,0
CUST101819,31.0,8,802.2,2,1203.3,17,1.0,0.106,0.295,8,0.814,0,0,3.4,No,Gold,Social,South,Wallet,0
CUST102502,44.0,11,2281.41,1,,29,0.0,0.027,0.441,10,0.5,2,1,5.0,Yes,Bronze,Social,West,Card,0
CUST104360,38.0,24,7327.87,7,3140.52,98,3.0,0.009,0.22,14,0.667,0,2,,No,Bronze,Organic,Central,Card,1
CUST104171,40.0,9,2298.44,7,985.05,39,2.0,0.096,0.439,11,0.782,2,1,3.1,Yes,Bronze,Organic,West,UPI,0
CUST100395,35.0,28,1454.24,5,872.54,67,0.0,0.207,0.347,7,0.668,0,1,4.5,Yes,Platinum,Organic,West,NetBanking,0
CUST104836,18.0,5,6015.49,1,6000.0,8,0.0,0.155,0.356,12,0.324,0,0,3.9,Yes,Bronze,Social,South,NetBanking,1
CUST104492,27.0,25,997.92,5,598.75,5,0.0,0.161,0.115,11,0.575,0,0,4.7,Yes,Gold,Referral,South,Wallet,0
CUST101365,38.0,17,1127.83,3,1127.83,120,2.0,0.079,0.1,8,0.89,0,2,4.1,Yes,Gold,Paid Search,West,Card,0
CUST104558,42.0,18,4274.79,2,6000.0,28,1.0,0.145,0.461,12,0.711,0,1,2.2,Yes,Bronze,Social,Central,NetBanking,0
CUST100595,30.0,7,957.64,0,432.02,4,0.0,0.054,0.311,11,0.66,0,1,3.3,Yes,Bronze,Organic,Central,Wallet,0
CUST103952,33.0,41,3328.61,5,1997.17,9,2.0,0.071,0.26,2,0.928,1,0,3.9,Yes,Gold,Email,South,Card,0
CUST102914,38.0,23,2805.47,5,1683.28,104,0.0,0.04,0.449,20,0.913,0,1,4.0,No,Silver,Social,East,NetBanking,0
CUST102326,18.0,45,3791.43,4,2843.57,56,1.0,0.086,0.191,5,0.454,0,0,2.7,Yes,Silver,Paid Search,Central,Card,0
CUST103766,43.0,40,1842.11,1,5526.33,39,0.0,0.133,0.116,7,,1,1,3.8,Yes,Bronze,Organic,Central,UPI,0
CUST103440,54.0,15,1981.85,10,594.55,25,1.0,0.051,0.147,6,0.778,0,0,3.7,Yes,Bronze,Partner,North,Wallet,0
CUST103851,27.0,54,1672.76,4,1254.57,61,1.0,0.061,0.181,16,0.455,0,1,3.8,No,Platinum,Paid Search,North,NetBanking,0
CUST104132,37.0,21,3044.93,6,1522.46,65,0.0,0.05,0.623,5,0.535,1,1,4.3,Yes,Bronze,Paid Search,West,NetBanking,1
CUST104591,49.0,28,3966.88,1,6000.0,27,1.0,0.239,0.423,7,0.812,1,0,3.2,Yes,Bronze,Social,North,UPI,0
CUST102143,38.0,11,742.53,6,371.27,59,0.0,0.059,0.072,8,0.688,0,1,3.4,Yes,Silver,Referral,North,COD,0
CUST101571,32.0,13,2747.8,3,2747.8,89,2.0,0.058,0.194,9,0.76,1,1,3.4,No,Silver,Referral,North,UPI,1
CUST104079,29.0,11,2032.89,6,1016.44,26,1.0,0.106,0.113,9,0.826,0,1,5.0,Yes,Bronze,Paid Search,West,Card,1
CUST101122,27.0,14,1201.8,2,1802.7,12,1.0,0.062,0.532,14,0.374,1,0,4.8,Yes,Silver,Email,Central,UPI,0
CUST102786,34.0,18,1175.38,2,1763.07,29,0.0,0.112,0.366,14,0.745,0,1,3.7,Yes,Silver,Social,West,COD,0
CUST102967,27.0,52,2410.17,2,3615.26,108,0.0,0.107,0.177,13,0.723,0,1,3.7,Yes,Gold,Referral,West,Card,1
CUST102504,46.0,9,3839.63,5,2303.78,29,1.0,0.011,0.597,10,0.674,1,1,3.4,Yes,Bronze,Partner,South,UPI,0
CUST103465,55.0,22,,5,983.3,16,0.0,0.076,0.184,17,0.432,0,0,2.0,No,Bronze,Paid Search,West,UPI,0
CUST100675,37.0,65,1382.38,7,592.45,57,0.0,0.014,0.683,9,0.819,0,1,3.1,Yes,Platinum,Organic,North,UPI,0
CUST102808,37.0,24,841.94,5,505.16,61,3.0,0.257,0.111,16,0.889,1,0,4.6,Yes,Bronze,Email,North,Card,0
CUST103348,39.0,13,1149.44,1,3448.32,35,0.0,0.038,0.275,16,0.628,0,0,4.5,Yes,Silver,Paid Search,Central,UPI,0
CUST100728,23.0,15,3713.27,1,6000.0,17,1.0,0.054,0.189,7,0.962,1,0,5.0,No,Silver,Partner,Central,Card,0
CUST100412,27.0,15,1144.32,1,3432.96,29,0.0,0.145,0.318,6,0.582,0,2,4.1,Yes,Gold,Paid Search,East,Card,1
CUST103146,42.0,5,979.78,8,367.42,36,1.0,0.196,0.648,15,0.734,0,0,4.0,Yes,Gold,Referral,Central,UPI,1
CUST101516,27.0,37,2831.17,5,1698.7,41,3.0,0.098,0.624,17,0.664,1,2,3.9,Yes,Bronze,Organic,South,Wallet,0
CUST100825,34.0,15,3073.28,3,3073.28,5,1.0,0.095,0.607,11,0.775,0,0,4.2,No,Bronze,Paid Search,West,UPI,0
CUST103267,34.0,40,1669.58,3,1669.58,68,1.0,0.022,0.344,12,0.567,0,1,3.3,No,Bronze,Referral,West,NetBanking,0
CUST103974,27.0,19,1811.85,3,1811.85,60,1.0,0.175,0.342,15,0.693,0,1,3.5,Yes,Bronze,Partner,West,UPI,0
CUST100616,41.0,18,6341.73,5,3805.04,105,2.0,0.133,0.307,12,0.761,1,1,3.4,No,Bronze,Social,West,COD,0
CUST100114,35.0,16,4099.45,2,6000.0,58,2.0,0.07,0.352,11,0.8,0,1,3.2,No,Platinum,Organic,Central,UPI,0
CUST100417,47.0,8,1086.67,6,543.34,13,3.0,0.111,0.281,12,0.742,0,0,4.0,No,Gold,Social,South,COD,0
CUST103069,26.0,20,1137.52,3,1137.52,92,3.0,0.098,0.315,9,0.449,0,0,3.9,No,Platinum,Organic,Central,Card,1
CUST101625,45.0,45,3578.93,3,3578.93,48,1.0,0.042,0.566,12,0.887,1,1,4.9,No,Silver,Social,West,COD,0
CUST104950,45.0,11,2444.92,0,2186.18,89,2.0,0.044,0.176,8,0.61,0,0,3.6,Yes,Silver,Partner,South,Wallet,1
CUST104185,38.0,15,3612.59,6,1806.3,66,1.0,0.082,0.494,9,0.85,0,0,4.4,No,Platinum,Paid Search,South,UPI,0
CUST102896,44.0,62,1238.43,2,1857.64,36,2.0,0.038,0.301,22,0.733,0,1,3.2,Yes,Bronze,Social,East,UPI,0
CUST104671,30.0,4,1787.58,5,1072.55,81,0.0,0.064,0.328,12,0.631,1,0,5.0,No,Gold,Paid Search,Central,Card,0
CUST102082,22.0,10,4685.88,6,2342.94,35,0.0,0.144,0.285,5,0.707,0,2,3.2,Yes,Silver,Social,West,Card,0
CUST100753,54.0,12,3514.02,6,1757.01,38,1.0,0.058,0.354,5,0.493,0,0,5.0,No,Silver,Paid Search,South,NetBanking,0
CUST102546,31.0,33,1796.5,5,1077.9,21,1.0,0.035,0.195,13,0.481,0,2,2.4,Yes,Gold,Referral,Central,Card,0
CUST103969,24.0,24,619.52,8,232.32,29,,0.109,0.224,13,0.473,1,1,3.3,No,Silver,Social,Central,UPI,0
CUST103373,28.0,18,3240.95,3,3240.95,43,0.0,0.04,0.222,12,0.418,0,3,4.2,No,Platinum,Paid Search,East,NetBanking,1
CUST104107,47.0,50,1031.0,4,773.25,49,1.0,0.048,0.093,10,0.597,1,0,4.5,Yes,Silver,Organic,South,UPI,0
CUST102444,42.0,59,2034.29,2,3051.44,21,2.0,0.068,0.365,8,0.83,2,0,5.0,Yes,Bronze,Referral,Central,Card,0
CUST104380,53.0,5,1022.0,1,3066.0,66,0.0,0.166,0.241,7,0.629,0,0,3.1,Yes,Bronze,Paid Search,East,UPI,0
CUST101066,23.0,26,651.59,5,390.95,32,0.0,0.13,0.217,15,0.572,0,3,4.4,No,Bronze,Social,West,UPI,1
CUST103913,21.0,16,3131.31,2,4696.96,16,2.0,0.205,0.142,11,0.734,0,2,3.5,Yes,Bronze,Partner,North,COD,1
CUST103498,32.0,19,1144.96,9,381.65,27,1.0,0.102,0.313,8,0.853,1,0,3.9,Yes,Gold,Referral,South,UPI,0
CUST102738,59.0,27,2066.66,1,6000.0,124,0.0,0.026,0.378,9,0.739,1,0,3.1,Yes,Bronze,Social,East,Card,0
CUST104000,37.0,68,1698.39,2,2547.58,35,1.0,0.007,0.049,8,0.756,0,0,2.5,Yes,Platinum,Social,South,UPI,0
CUST101568,41.0,9,5237.86,6,2618.93,74,,0.206,0.45,17,0.637,2,0,3.3,Yes,Bronze,Organic,North,Card,0
CUST102427,28.0,47,1582.2,3,1582.2,45,0.0,0.096,0.506,9,0.593,0,2,3.8,No,Silver,Organic,West,Card,0
CUST103746,18.0,17,,5,4015.66,68,1.0,0.035,0.513,13,0.742,0,1,2.9,No,Gold,Social,South,Card,0
CUST104639,28.0,17,3604.91,5,2162.95,105,3.0,0.085,0.076,9,0.584,0,1,3.9,Yes,Silver,Organic,West,UPI,0
CUST101687,36.0,11,2614.83,7,1120.64,27,0.0,0.179,0.335,6,0.578,0,0,3.1,Yes,Bronze,Paid Search,West,UPI,0
CUST100851,29.0,33,8000.0,2,6000.0,82,1.0,0.088,0.191,8,0.564,3,0,3.3,Yes,Bronze,Email,Central,Card,0
CUST103546,50.0,15,2283.66,4,1712.74,7,,0.128,0.23,6,0.491,1,1,3.0,No,Silver,Social,East,Card,0
CUST100895,44.0,15,1855.87,3,1855.87,40,0.0,0.023,0.855,8,0.616,1,0,4.3,Yes,Silver,Referral,South,Card,0
CUST104592,36.0,17,3297.4,2,4946.1,53,1.0,0.176,0.364,8,0.731,0,0,3.6,Yes,Bronze,Partner,West,Wallet,1
CUST100335,22.0,24,1303.17,3,1303.17,26,1.0,0.049,0.205,14,0.736,1,0,2.6,Yes,Bronze,Paid Search,South,UPI,0
CUST102839,35.0,3,1148.55,3,1148.55,37,0.0,0.12,0.653,10,0.792,0,1,3.4,Yes,Platinum,Organic,Central,UPI,0
CUST103087,25.0,9,6493.34,8,2435.0,54,0.0,0.058,0.365,10,0.85,0,1,3.2,Yes,Gold,Paid Search,South,Card,0
CUST101348,43.0,8,2433.04,3,2433.04,31,1.0,0.092,0.424,13,0.648,1,0,3.6,Yes,Silver,Paid Search,East,UPI,1
CUST101015,24.0,8,1983.35,2,2975.02,46,0.0,0.243,0.434,18,0.777,1,0,5.0,Yes,Gold,Partner,North,UPI,0
CUST102816,19.0,36,5643.55,3,5643.55,38,0.0,0.084,0.24,11,0.853,0,0,3.0,No,Silver,Partner,North,Card,0
CUST101631,26.0,31,2292.59,5,1375.55,51,1.0,0.194,0.544,10,0.773,0,0,2.5,No,Silver,Paid Search,North,Card,0
CUST102489,34.0,5,1756.0,5,1053.6,33,2.0,0.049,0.255,11,,0,0,3.4,Yes,Silver,Email,East,UPI,0
CUST103730,27.0,24,3455.12,0,1358.2,55,2.0,0.041,0.249,13,0.525,1,1,4.4,No,Silver,Organic,West,UPI,0
CUST103251,34.0,39,970.93,7,416.11,15,0.0,0.041,0.163,14,0.728,0,0,4.1,No,Bronze,Paid Search,West,NetBanking,0
CUST104634,37.0,4,1366.67,5,820.0,68,2.0,0.178,0.331,10,0.905,1,1,5.0,Yes,Silver,Paid Search,South,Card,0
CUST102070,31.0,43,3635.34,7,1558.0,32,0.0,0.074,0.337,5,0.471,0,0,4.4,Yes,Bronze,Organic,North,Card,0
CUST104452,21.0,18,1008.16,2,1512.24,4,0.0,0.098,0.54,14,0.699,0,0,3.4,Yes,Silver,Email,West,UPI,0
CUST104882,28.0,19,2742.31,1,6000.0,58,1.0,0.138,0.43,15,0.809,0,2,2.6,No,Bronze,Social,Central,UPI,1
CUST101635,45.0,9,2650.72,3,2650.72,40,3.0,0.16,0.509,12,0.677,0,0,4.3,Yes,Gold,Paid Search,West,Card,0
CUST102479,31.0,26,1113.62,5,668.17,66,1.0,0.093,0.253,8,0.778,1,1,3.8,Yes,Bronze,Organic,North,COD,0
CUST102265,42.0,2,1730.2,5,1038.12,71,0.0,0.06,0.706,9,0.45,0,2,4.2,Yes,Gold,Referral,South,Card,0
CUST102959,54.0,19,1321.66,6,660.83,67,3.0,0.037,0.373,10,0.44,0,0,5.0,No,Platinum,Partner,West,COD,0
CUST104731,31.0,76,1928.82,5,1157.29,71,0.0,0.156,0.232,5,0.464,2,1,5.0,Yes,Bronze,Social,East,NetBanking,0
CUST103059,31.0,14,2731.04,2,4096.56,40,2.0,0.229,0.723,8,0.742,0,0,4.2,Yes,Bronze,Referral,South,Wallet,0
CUST102141,31.0,18,1209.63,4,907.22,29,0.0,0.039,0.519,4,0.569,0,0,5.0,Yes,Bronze,Social,West,Card,0
CUST103118,26.0,40,1671.01,6,835.5,37,0.0,0.018,0.169,6,0.347,1,0,3.9,Yes,Silver,Organic,South,Card,0
CUST104725,45.0,28,6836.18,3,6000.0,82,0.0,0.009,0.427,5,0.926,0,1,3.9,No,Bronze,Partner,East,UPI,0
CUST104045,33.0,46,3640.45,5,2184.27,42,3.0,0.086,0.284,12,0.479,1,1,2.5,Yes,Silver,Partner,South,UPI,0
CUST103356,28.0,19,1389.29,5,833.57,54,0.0,0.081,0.566,9,0.684,0,0,3.8,Yes,Bronze,Paid Search,West,UPI,0
CUST102744,44.0,27,2149.87,5,1289.92,31,2.0,0.049,0.6,11,0.679,1,0,4.4,Yes,Bronze,Partner,West,COD,0
CUST103506,32.0,42,1881.19,7,,21,1.0,0.012,0.252,11,0.664,1,1,4.1,Yes,Bronze,Organic,South,UPI,0
CUST101679,31.0,35,2446.97,5,1468.18,51,1.0,0.07,0.4,7,0.711,0,1,4.0,No,Silver,Referral,North,UPI,0
CUST104249,49.0,19,6354.74,4,4766.06,10,3.0,0.09,0.398,8,0.493,0,1,3.3,Yes,Bronze,Email,South,Card,0
CUST103147,33.0,75,2890.09,1,6000.0,86,0.0,0.164,0.286,5,0.754,0,1,4.2,Yes,Bronze,Organic,West,NetBanking,0
CUST102294,46.0,23,2063.09,7,884.18,28,2.0,0.017,0.568,11,0.759,0,0,4.5,Yes,Silver,Partner,South,Card,0
CUST100580,18.0,24,4087.94,4,3065.96,19,1.0,0.001,0.268,8,0.478,0,1,3.8,Yes,Bronze,Paid Search,Central,,1
CUST101470,35.0,17,903.47,4,677.6,16,0.0,0.078,0.531,7,0.707,1,1,4.1,Yes,Silver,Organic,South,Wallet,0
CUST104070,32.0,17,1329.85,4,997.39,65,2.0,0.099,0.184,11,0.825,0,2,3.2,Yes,Bronze,Referral,North,UPI,0
CUST103343,42.0,5,1560.98,2,2341.47,20,1.0,0.094,0.319,6,0.846,2,0,2.8,Yes,Bronze,Partner,West,UPI,1
CUST104583,47.0,33,1339.89,3,1339.89,83,0.0,0.213,0.209,2,0.455,1,0,4.9,Yes,Silver,Social,North,UPI,0
CUST103672,40.0,32,3752.86,4,2814.64,84,0.0,0.063,0.439,13,0.781,0,2,4.6,Yes,Gold,Partner,South,COD,0
CUST100559,25.0,14,1305.84,3,1305.84,89,0.0,0.013,0.429,10,0.736,1,1,5.0,Yes,Silver,Email,North,UPI,0
CUST102849,44.0,22,2411.68,3,2411.68,16,0.0,0.161,0.631,6,0.602,1,1,4.9,Yes,Silver,Organic,South,Card,1
CUST100512,35.0,21,761.13,2,1141.7,30,2.0,0.056,0.483,15,0.651,1,2,4.8,No,Gold,Paid Search,Central,Card,0
CUST101081,32.0,56,3131.3,7,1341.99,55,1.0,0.186,0.054,10,0.336,0,0,4.1,No,Bronze,Organic,West,Wallet,0
CUST101664,46.0,36,2680.11,6,1340.06,24,0.0,0.141,0.151,9,0.864,0,1,5.0,Yes,Bronze,Partner,West,Wallet,0
CUST101012,29.0,27,2702.01,1,6000.0,8,1.0,0.033,0.205,14,0.532,0,0,4.1,Yes,Bronze,Social,West,UPI,0
CUST101931,30.0,11,1266.8,3,1266.8,50,2.0,0.017,0.578,7,0.918,0,1,,Yes,Bronze,Partner,Central,NetBanking,1
CUST101150,36.0,22,2885.24,2,4327.86,31,1.0,0.061,0.163,4,0.826,0,1,4.1,Yes,Bronze,Social,South,UPI,0
CUST102838,46.0,40,2659.23,5,1595.54,42,0.0,0.197,0.14,12,0.652,0,0,2.9,Yes,Bronze,Paid Search,Central,NetBanking,1
CUST100116,36.0,5,1956.13,6,978.06,28,1.0,0.027,0.133,10,0.58,2,0,3.2,Yes,Bronze,Organic,North,UPI,0
CUST100740,44.0,15,2471.98,5,1483.19,23,1.0,0.037,0.496,13,0.642,1,2,4.0,Yes,Silver,Email,West,UPI,0
CUST104806,54.0,25,1777.23,5,1066.34,75,2.0,0.053,0.215,14,0.666,0,4,4.9,No,Bronze,Referral,North,Card,1
CUST103675,54.0,35,2770.73,3,2770.73,40,1.0,0.096,0.656,9,0.535,1,0,4.4,Yes,Platinum,Organic,South,Card,0
CUST100830,38.0,15,2828.36,5,1697.02,17,1.0,0.004,0.478,11,0.662,0,1,,No,Bronze,Organic,Central,UPI,0
CUST100119,32.0,25,2994.89,5,1796.93,59,0.0,0.009,0.048,12,,0,0,4.3,Yes,Silver,Referral,North,NetBanking,0
CUST104853,18.0,19,1577.11,5,946.27,25,1.0,0.099,0.368,10,0.556,1,1,4.2,No,Bronze,Organic,West,Card,0
CUST104738,42.0,13,2889.19,4,2166.89,27,0.0,0.018,0.44,7,0.671,0,1,3.8,Yes,Silver,Social,North,UPI,0
CUST100635,31.0,25,2321.35,3,2321.35,30,2.0,0.033,0.564,7,0.659,1,1,4.9,Yes,Silver,Social,North,UPI,0
CUST104465,39.0,10,1308.77,3,1308.77,68,0.0,0.066,0.469,9,,0,0,4.2,No,Silver,Social,Central,Card,0
CUST104364,18.0,26,4540.86,1,6000.0,56,1.0,0.029,0.174,8,0.89,1,0,3.8,No,Silver,Paid Search,West,Card,0
CUST104142,37.0,32,1922.7,4,1442.02,21,0.0,0.103,0.886,11,0.682,1,1,3.1,No,Bronze,Partner,Central,Card,0
CUST100991,49.0,12,2345.7,3,2345.7,53,0.0,0.248,0.163,15,0.719,0,2,2.6,No,Silver,Email,Central,Card,0
CUST100876,34.0,55,1521.44,2,2282.16,106,1.0,0.175,0.616,10,0.418,1,0,3.1,No,Bronze,Organic,East,Card,1
CUST100004,18.0,11,,2,2134.68,66,1.0,0.09,0.152,9,0.85,0,0,3.1,Yes,Bronze,Social,North,NetBanking,0
CUST103051,25.0,7,1550.43,3,1550.43,23,1.0,0.081,0.529,5,0.364,0,0,3.7,No,Gold,Organic,Central,Card,1
CUST103124,36.0,13,1176.94,6,588.47,12,2.0,0.035,0.361,13,0.622,0,0,4.6,Yes,Bronze,Paid Search,North,Card,0
CUST102660,24.0,11,2430.09,3,2430.09,15,0.0,0.132,0.322,4,0.594,0,0,3.8,Yes,Silver,Organic,Central,UPI,0
CUST102491,27.0,26,2869.96,2,4304.94,67,0.0,0.081,0.316,12,0.86,1,1,4.1,Yes,Gold,Referral,North,Card,0
CUST103854,35.0,19,3043.51,1,6000.0,44,,0.106,0.377,7,0.608,0,2,3.8,No,Silver,Partner,North,UPI,1
CUST101715,35.0,46,983.26,0,2027.84,99,0.0,0.113,0.123,10,0.66,2,0,5.0,No,Bronze,Email,Central,Card,0
CUST101148,44.0,18,3532.39,5,2119.43,63,2.0,0.139,0.037,10,0.788,0,1,4.7,No,Bronze,Social,West,UPI,0
CUST103261,23.0,28,4174.45,2,6000.0,47,1.0,0.046,0.703,4,0.65,1,2,4.1,Yes,Silver,Email,West,Card,0
CUST100574,36.0,3,3943.29,3,3943.29,53,0.0,0.078,0.506,6,0.34,0,0,5.0,No,Gold,Social,North,Card,0
CUST103769,42.0,34,2599.02,6,1299.51,104,2.0,0.019,0.138,4,0.357,0,0,3.2,No,Platinum,Referral,North,UPI,0
CUST103736,29.0,22,4665.35,2,6000.0,18,2.0,0.071,0.197,7,0.718,1,0,3.6,No,Bronze,Referral,South,Wallet,0
CUST104146,35.0,22,1994.23,4,1495.67,34,1.0,0.098,0.519,12,0.194,0,0,3.6,Yes,Silver,Organic,North,UPI,0
CUST100853,34.0,22,2749.36,2,4124.04,26,1.0,0.008,0.713,11,0.638,1,2,5.0,Yes,Bronze,Organic,North,COD,0
CUST101982,34.0,3,2671.49,6,1335.74,31,5.0,0.124,0.733,11,0.445,0,0,3.6,No,Bronze,Email,South,Card,0
CUST102774,30.0,29,1392.74,4,1044.56,19,2.0,0.194,0.397,9,0.662,0,1,3.5,Yes,Bronze,Paid Search,East,Card,0
CUST101166,59.0,9,2496.44,2,3744.66,46,2.0,0.071,0.431,14,,0,0,3.4,Yes,Silver,Paid Search,East,Card,0
CUST100971,33.0,61,,3,965.49,48,1.0,0.069,0.27,6,0.431,2,2,3.4,No,Platinum,Organic,North,Card,0
CUST102701,23.0,4,792.4,3,792.4,21,1.0,0.176,0.115,8,0.668,0,2,3.7,Yes,Silver,Organic,South,Card,0
CUST104495,20.0,20,732.03,4,549.02,48,3.0,0.131,0.302,8,0.399,0,1,3.9,Yes,Gold,Paid Search,West,UPI,0
CUST103847,61.0,16,2568.62,2,3852.93,51,1.0,0.143,0.393,14,,0,0,3.9,No,Bronze,Referral,West,Wallet,1
CUST102368,25.0,2,1654.51,3,1654.51,85,0.0,0.163,0.176,17,0.531,0,0,5.0,Yes,Silver,Referral,West,Card,0
CUST104115,28.0,25,2792.35,1,6000.0,52,2.0,0.119,0.174,8,0.794,0,4,4.2,No,Silver,Paid Search,East,UPI,0
CUST104131,26.0,18,1682.55,5,1009.53,77,5.0,0.098,0.297,8,0.598,0,0,3.1,No,Bronze,Partner,South,UPI,1
CUST102950,22.0,22,3445.99,3,3445.99,51,2.0,0.0,0.08,9,0.551,1,2,2.6,No,Bronze,Email,West,COD,0
CUST100524,48.0,11,2845.66,7,1219.57,41,2.0,0.165,0.355,2,0.597,1,0,2.5,Yes,Gold,Organic,East,UPI,0
CUST102455,35.0,7,2685.75,2,4028.62,21,0.0,0.016,0.326,9,0.527,0,2,3.5,Yes,Bronze,Paid Search,West,Card,0
CUST101841,34.0,41,1099.79,4,824.84,54,0.0,0.106,0.218,6,0.661,1,2,3.7,Yes,Silver,Organic,Central,,0
CUST100537,45.0,21,1234.76,10,370.43,36,2.0,0.044,0.699,7,0.716,0,2,3.9,Yes,Bronze,Paid Search,Central,COD,0
CUST102806,51.0,10,1510.83,2,2266.24,47,0.0,0.046,0.507,9,0.645,1,1,3.1,Yes,Gold,Referral,East,Card,0
CUST104341,45.0,24,2544.31,6,1272.16,43,1.0,0.111,0.428,14,0.85,1,0,2.7,Yes,Bronze,Paid Search,West,Card,0
CUST103175,18.0,3,1657.28,3,1657.28,41,1.0,0.007,0.304,5,,0,2,4.0,Yes,Gold,Paid Search,North,UPI,0
CUST100784,34.0,48,909.48,3,909.48,94,,0.185,0.297,5,0.576,0,0,4.4,Yes,Silver,Referral,West,UPI,0
CUST104057,41.0,21,3568.95,2,5353.42,133,0.0,0.134,0.238,10,0.431,1,1,4.8,No,Bronze,Partner,West,UPI,1
CUST101409,39.0,8,1456.03,5,873.62,11,1.0,0.062,0.151,12,0.834,0,0,3.5,No,Gold,Paid Search,West,UPI,0
CUST102537,18.0,4,6991.2,3,6000.0,19,1.0,0.011,0.273,11,0.744,2,3,3.5,Yes,Bronze,Partner,South,UPI,0
CUST100154,33.0,22,2546.51,5,1527.91,72,1.0,0.166,0.275,14,0.535,2,1,3.8,No,Bronze,Email,West,UPI,1
CUST103009,41.0,23,1690.31,8,633.87,8,2.0,0.081,0.605,11,0.558,0,0,4.4,Yes,Platinum,Organic,West,UPI,0
CUST101686,29.0,44,793.14,2,1189.71,45,0.0,0.095,0.621,8,0.268,0,2,3.9,No,Bronze,Paid Search,South,NetBanking,0
CUST102901,20.0,14,2533.28,3,2533.28,26,0.0,0.077,0.356,11,0.799,0,0,4.8,Yes,Bronze,Paid Search,East,UPI,0
CUST104949,42.0,56,2862.68,2,4294.02,55,2.0,0.138,0.531,11,0.693,0,0,3.4,No,Bronze,Organic,North,NetBanking,0
CUST103863,50.0,15,2269.44,4,1702.08,32,2.0,0.037,0.28,8,0.636,1,1,3.1,Yes,Bronze,Email,West,NetBanking,1
CUST102733,29.0,12,2282.68,5,,5,1.0,0.022,0.758,14,0.244,2,0,3.7,Yes,Platinum,Paid Search,South,Card,0
CUST101895,28.0,16,2000.84,2,3001.26,25,0.0,0.059,0.179,16,0.812,1,1,3.9,Yes,Silver,Social,South,UPI,0
CUST100569,36.0,18,1860.4,1,5581.2,38,1.0,0.18,0.29,11,0.553,0,0,3.5,Yes,Bronze,Email,Central,UPI,0
CUST101816,41.0,18,4784.63,7,2050.56,14,1.0,0.06,0.492,14,0.458,0,2,4.0,No,Silver,Organic,West,UPI,0
CUST102065,32.0,23,1615.49,6,807.74,107,2.0,0.131,0.046,13,0.098,0,0,2.3,Yes,Platinum,Organic,North,NetBanking,0
CUST100127,22.0,54,2299.51,3,2299.51,12,0.0,0.028,0.267,11,0.828,2,1,3.5,No,Bronze,Referral,North,Wallet,0
CUST103394,40.0,15,1912.73,4,1434.55,44,3.0,0.007,0.283,8,0.572,0,1,3.3,Yes,Gold,Email,South,Card,0
CUST103327,35.0,16,3662.52,6,1831.26,46,0.0,0.064,0.273,18,0.711,0,1,2.9,No,Bronze,Partner,Central,Card,1
CUST104986,38.0,26,3005.61,4,2254.21,20,0.0,0.065,0.488,9,0.764,1,1,4.6,No,Bronze,Partner,North,Card,0
CUST102975,37.0,20,1781.34,6,890.67,77,2.0,0.047,0.146,7,,0,0,4.4,Yes,Silver,Paid Search,East,Card,0
CUST100980,39.0,48,1454.0,4,1090.5,20,1.0,0.088,0.36,6,0.695,2,0,3.3,Yes,Silver,Organic,North,NetBanking,0
CUST102300,29.0,59,1567.71,3,1567.71,15,2.0,0.083,0.429,14,0.683,1,1,2.6,Yes,Silver,Paid Search,North,Card,0
CUST100190,51.0,37,5309.87,8,1991.2,27,1.0,0.166,0.349,9,0.811,1,0,3.6,No,Bronze,Email,South,Wallet,0
CUST101139,34.0,28,1581.01,3,1581.01,56,1.0,0.163,0.214,10,0.749,1,1,3.3,Yes,Silver,Social,South,UPI,0
CUST100699,32.0,9,1728.25,2,2592.38,30,3.0,0.176,0.217,10,0.765,0,1,,Yes,Silver,Email,North,UPI,0
CUST104780,31.0,52,1966.23,4,1474.67,15,4.0,0.087,0.543,9,0.72,1,1,4.1,Yes,Silver,Partner,East,Card,0
CUST100606,42.0,37,798.18,0,922.41,39,1.0,0.024,0.522,16,0.678,0,0,4.0,No,Bronze,Organic,South,UPI,0
CUST104276,42.0,29,1370.33,4,1027.75,48,1.0,0.036,0.115,8,0.696,1,0,3.5,No,Silver,Partner,Central,Card,0
CUST100301,19.0,24,,5,2348.89,21,0.0,0.118,0.7,6,0.628,0,0,3.6,No,Silver,Paid Search,North,UPI,0
CUST103420,34.0,22,1822.58,5,1093.55,26,2.0,0.026,0.442,12,0.531,0,0,3.3,Yes,Gold,Partner,South,Card,0
CUST104820,29.0,49,4295.94,4,3221.96,24,0.0,0.048,0.362,8,0.524,0,1,3.3,No,Bronze,Paid Search,East,Wallet,0
CUST101060,32.0,11,1523.93,5,914.36,38,0.0,0.012,0.31,10,0.925,0,2,3.1,Yes,Bronze,Paid Search,East,,0
CUST102565,25.0,11,1789.87,2,2684.8,19,0.0,0.284,0.132,4,0.362,0,1,4.9,No,Bronze,Referral,South,Card,0
CUST104994,38.0,27,1541.06,2,2311.59,25,0.0,0.276,0.145,14,0.602,1,1,3.6,Yes,Bronze,Paid Search,South,NetBanking,0
CUST101069,33.0,14,1580.21,7,677.23,30,2.0,0.072,0.214,7,0.585,0,0,5.0,Yes,Bronze,Partner,North,UPI,0
CUST102524,53.0,22,879.51,3,879.51,89,4.0,0.04,0.487,17,0.655,0,1,3.5,Yes,Silver,Paid Search,South,Card,1
CUST102205,31.0,11,4180.21,4,3135.16,28,1.0,0.129,0.109,10,0.542,0,0,4.9,No,Bronze,Referral,South,UPI,0
CUST101243,29.0,13,1073.77,6,536.88,26,1.0,0.009,0.218,10,0.604,0,2,3.9,No,Silver,Social,West,NetBanking,0
CUST100016,38.0,19,3647.96,7,1563.41,50,1.0,0.017,0.25,14,0.558,0,1,2.8,Yes,Bronze,Partner,North,UPI,0
CUST103120,37.0,5,8000.0,8,3000.0,60,2.0,0.192,0.415,12,0.432,2,2,3.8,No,Bronze,Paid Search,Central,UPI,0
CUST104642,43.0,86,7740.49,13,1786.27,101,0.0,0.03,0.246,5,0.629,0,0,3.8,No,Gold,Social,West,COD,0
CUST100815,37.0,16,6579.84,3,6000.0,71,0.0,0.043,0.067,7,0.571,1,1,3.3,Yes,Bronze,Email,West,UPI,1
CUST103067,38.0,6,3275.14,3,3275.14,43,1.0,0.224,0.276,7,0.505,0,1,4.4,Yes,Gold,Referral,Central,UPI,1
CUST104784,35.0,32,4434.79,4,3326.09,59,1.0,0.067,0.414,10,0.526,1,1,4.9,Yes,Platinum,Partner,South,UPI,0
CUST100959,38.0,17,797.2,2,1195.8,10,0.0,0.126,0.6,13,0.852,1,1,3.5,Yes,Platinum,Organic,West,UPI,0
CUST100225,36.0,5,2039.43,2,3059.14,45,2.0,0.046,0.486,11,0.261,2,1,2.3,No,Silver,Email,South,UPI,0
CUST103354,31.0,49,2780.11,6,1390.06,78,0.0,0.114,0.19,12,0.463,1,1,4.0,Yes,Platinum,Organic,Central,NetBanking,0
CUST102485,33.0,9,2424.61,0,,85,2.0,0.088,0.21,9,0.432,0,1,4.6,Yes,Bronze,Email,Central,COD,0
CUST100562,35.0,16,2032.35,3,2032.35,12,0.0,0.099,0.317,10,0.842,0,1,4.2,No,Bronze,Email,North,UPI,0
CUST103436,27.0,39,3741.23,2,5611.84,31,3.0,0.062,0.427,10,0.377,1,1,3.1,Yes,Silver,Email,South,Wallet,0
CUST101693,29.0,22,1333.72,3,1333.72,32,0.0,0.085,0.285,11,0.737,1,2,3.1,Yes,Bronze,Social,North,UPI,0
CUST101045,25.0,19,2338.03,2,3507.04,107,0.0,0.163,0.222,16,0.768,1,1,3.8,Yes,Bronze,Organic,Central,NetBanking,0
CUST103446,30.0,11,2290.85,2,3436.27,127,0.0,0.044,0.193,5,0.774,0,0,3.8,Yes,Platinum,Social,Central,Card,0
CUST104565,35.0,20,2439.43,2,3659.14,56,0.0,0.077,0.264,9,0.503,1,0,4.9,Yes,Bronze,Referral,South,Card,0
CUST100954,27.0,31,2378.75,3,2378.75,22,1.0,0.034,0.447,12,0.539,0,0,4.4,Yes,Bronze,Paid Search,East,UPI,0
CUST104985,38.0,36,2572.82,2,3859.23,14,0.0,0.1,0.121,11,0.746,0,1,3.9,No,Bronze,Organic,South,NetBanking,1
CUST102735,30.0,22,1799.5,2,2699.25,35,1.0,0.044,0.696,14,0.59,0,0,3.5,Yes,Bronze,Partner,West,UPI,0
CUST104903,36.0,46,1879.7,3,1879.7,30,1.0,0.109,0.322,12,0.604,1,2,,Yes,Silver,Referral,North,Card,0
CUST104735,,15,2275.82,5,1365.49,40,2.0,0.126,0.22,13,,2,0,3.6,Yes,Gold,Social,Central,,0
CUST104823,28.0,9,2513.65,3,2513.65,124,0.0,0.183,0.241,12,0.773,1,2,3.7,Yes,Bronze,Referral,North,Card,1
CUST101218,22.0,39,1026.03,7,439.73,44,0.0,0.313,0.261,12,0.757,0,2,3.7,No,Gold,Paid Search,West,Wallet,0
CUST101527,32.0,31,1584.74,4,1188.56,33,2.0,0.245,0.733,15,0.626,1,0,4.0,Yes,Platinum,Organic,West,Card,0
CUST103987,38.0,33,902.56,2,1353.84,31,2.0,0.087,0.35,15,0.745,0,0,2.6,Yes,Bronze,Partner,North,,1
CUST101300,35.0,15,3367.08,8,1262.66,30,1.0,0.108,0.319,7,0.831,0,1,3.7,No,Bronze,Paid Search,West,UPI,0
CUST104891,19.0,12,1345.63,2,2018.45,26,2.0,0.084,0.288,8,0.615,0,0,3.3,No,Bronze,Organic,East,Card,0
CUST100160,24.0,4,1754.71,1,5264.13,25,1.0,0.171,0.313,10,0.481,0,0,1.9,Yes,Gold,Organic,West,NetBanking,0
CUST104067,33.0,39,880.96,5,528.58,56,,0.025,0.247,9,0.803,0,1,3.8,No,Silver,Organic,East,UPI,0
CUST100956,29.0,17,1670.78,7,716.05,24,2.0,0.064,0.168,11,0.651,0,1,3.6,Yes,Silver,Social,Central,UPI,0
CUST103791,49.0,22,5575.11,7,2389.33,57,1.0,0.136,0.286,11,0.515,0,1,4.4,Yes,Gold,Social,South,UPI,0
CUST103234,29.0,34,3242.33,4,2431.75,27,1.0,0.062,0.055,4,0.442,0,0,3.6,Yes,Bronze,Referral,North,UPI,0
CUST102869,40.0,35,5313.26,2,6000.0,41,0.0,0.172,0.354,9,0.965,1,0,2.7,No,Platinum,Social,North,UPI,1
CUST103777,39.0,16,940.06,1,2820.18,34,3.0,0.037,0.5,13,0.611,1,0,5.0,No,Gold,Referral,Central,UPI,0
CUST104433,38.0,19,1157.52,3,1157.52,10,2.0,0.043,0.266,7,0.697,0,2,1.5,Yes,Silver,Referral,South,UPI,0
CUST102961,34.0,17,3487.36,3,3487.36,91,3.0,0.05,0.113,12,0.7,0,1,4.4,Yes,Bronze,Social,North,Wallet,0
CUST102200,29.0,63,3468.84,4,2601.63,84,2.0,0.054,0.194,8,0.802,0,0,4.3,Yes,Platinum,Paid Search,North,,0
CUST100098,38.0,36,,5,934.04,29,1.0,0.096,0.27,9,0.638,1,3,3.2,Yes,Silver,Social,East,COD,0
CUST102557,42.0,13,3645.61,5,2187.37,45,2.0,0.024,0.641,11,0.902,0,0,3.7,Yes,Gold,Partner,South,NetBanking,1
CUST103183,40.0,6,1227.58,2,1841.37,79,1.0,0.008,0.629,7,0.684,1,2,4.1,Yes,Silver,Organic,South,Card,0
CUST100253,24.0,8,1667.84,0,675.11,10,4.0,0.096,0.345,7,0.901,0,0,,Yes,Bronze,Partner,South,Card,1
CUST103923,41.0,20,1383.94,2,2075.91,15,0.0,0.045,0.223,9,0.618,0,1,3.4,Yes,Gold,Organic,South,UPI,0
CUST104199,37.0,42,1062.84,5,637.7,20,2.0,0.032,0.43,8,0.856,0,2,4.0,Yes,Bronze,Partner,West,UPI,1
CUST101445,37.0,6,3226.51,5,1935.91,25,2.0,0.012,0.53,10,0.673,0,3,2.9,No,Silver,Social,North,Card,0
CUST101648,32.0,35,2000.09,1,6000.0,55,2.0,0.139,0.438,9,0.413,0,1,4.1,Yes,Bronze,Social,West,UPI,0
CUST104682,28.0,19,2869.85,8,1076.19,18,1.0,0.057,0.177,14,0.621,1,1,3.2,Yes,Silver,Partner,South,Card,0
CUST104723,30.0,10,4258.29,8,1596.86,53,2.0,0.126,0.397,13,0.49,1,2,3.8,Yes,Bronze,Referral,North,NetBanking,1
CUST103991,24.0,31,1426.02,2,2139.03,40,2.0,0.123,0.522,9,0.827,1,0,4.4,No,Bronze,Social,East,Card,1
CUST101696,29.0,37,4527.23,5,2716.34,88,2.0,0.108,0.499,4,0.699,0,2,4.1,No,Silver,Paid Search,West,Wallet,1
CUST103191,26.0,5,2130.14,3,,75,0.0,0.11,0.05,11,0.834,2,0,4.2,Yes,Bronze,Email,South,UPI,0
CUST104499,29.0,32,2245.92,8,842.22,92,1.0,0.106,0.193,7,0.705,0,0,4.5,Yes,Gold,Referral,East,UPI,0
CUST101154,41.0,19,4430.71,3,4430.71,180,2.0,0.092,0.293,9,0.771,0,2,4.4,Yes,Bronze,Organic,South,Card,1
CUST102255,22.0,26,4132.72,4,3099.54,40,2.0,0.087,0.559,14,0.756,0,1,3.9,Yes,Silver,Social,North,UPI,0
CUST101682,29.0,18,2874.76,2,4312.14,29,1.0,0.13,0.088,8,0.958,0,0,2.4,Yes,Silver,Paid Search,Central,Card,0
CUST103170,45.0,17,1959.05,6,979.52,41,2.0,0.095,0.642,10,0.559,1,1,2.6,No,Bronze,Organic,North,NetBanking,0
CUST102056,29.0,11,893.22,3,893.22,27,0.0,0.06,0.271,9,0.337,2,1,4.8,Yes,Platinum,Social,West,UPI,1
CUST104090,57.0,15,3311.61,4,,8,1.0,0.089,0.208,9,0.901,0,2,4.5,No,Bronze,Social,East,UPI,0
CUST103108,21.0,28,1691.35,4,1268.51,53,1.0,0.036,0.46,11,0.854,1,2,3.7,Yes,Silver,Organic,East,UPI,1
CUST104548,35.0,17,4235.66,1,6000.0,68,1.0,0.044,0.583,10,0.513,0,2,3.4,No,Gold,Paid Search,West,Card,0
CUST103723,43.0,31,2513.54,5,1508.12,70,3.0,0.35,0.411,12,0.628,0,3,3.6,Yes,Bronze,Organic,East,UPI,0
CUST102049,23.0,26,3502.44,4,2626.83,28,0.0,0.019,0.057,11,0.662,0,2,3.8,Yes,Bronze,Paid Search,North,Card,0
CUST103643,28.0,25,5021.9,3,5021.9,40,0.0,0.151,0.16,10,0.533,0,2,3.9,Yes,Gold,Email,East,UPI,0
CUST104927,37.0,33,1792.41,7,768.18,77,0.0,0.022,0.441,8,0.38,0,3,3.7,Yes,Bronze,Social,West,COD,1
CUST100623,28.0,10,3296.83,3,3296.83,9,1.0,0.241,0.546,7,0.323,0,1,4.2,Yes,Gold,Social,East,Card,1
CUST100262,36.0,31,1614.0,6,807.0,63,2.0,0.042,0.166,2,0.582,0,1,3.0,Yes,Platinum,Organic,South,UPI,0
CUST103369,35.0,11,673.59,2,1010.38,60,2.0,0.091,0.164,13,0.8,0,1,4.1,Yes,Silver,Partner,Central,UPI,1
CUST104061,45.0,10,1934.46,2,2901.69,28,2.0,0.21,0.288,10,0.586,0,0,4.2,Yes,Bronze,Email,North,NetBanking,0
CUST101802,31.0,17,3796.14,7,1626.92,59,0.0,0.213,0.472,7,0.679,1,2,5.0,No,Gold,Social,North,COD,0
CUST104736,26.0,14,2965.03,1,6000.0,43,2.0,0.061,0.112,3,0.367,1,2,2.6,Yes,Gold,Paid Search,North,Card,1
CUST104992,28.0,3,2161.86,4,1621.4,30,1.0,0.043,0.108,14,0.617,0,0,3.2,No,Silver,Organic,West,UPI,0
CUST102385,28.0,7,2256.2,2,3384.3,34,1.0,0.076,0.055,10,0.647,0,1,4.9,Yes,Gold,Organic,East,UPI,0
CUST101959,28.0,45,807.5,2,1211.25,40,0.0,0.132,0.442,14,0.39,0,1,2.6,Yes,Silver,Partner,East,UPI,0
CUST102976,26.0,18,2345.3,3,2345.3,75,1.0,0.168,0.244,11,0.417,4,0,,No,Silver,Email,North,Card,0
CUST100488,25.0,44,1257.14,2,1885.71,70,0.0,0.099,0.452,4,0.867,1,0,2.6,No,Silver,Partner,West,UPI,1
CUST101843,19.0,20,671.63,4,503.72,24,1.0,0.048,0.139,15,0.553,0,2,3.9,Yes,Gold,Referral,Central,Card,0
CUST101734,29.0,21,2997.51,4,2248.13,52,1.0,0.295,0.1,9,0.711,0,0,3.7,No,Bronze,Paid Search,West,COD,1
CUST102911,53.0,19,2342.28,5,1405.37,15,1.0,0.196,0.134,6,,0,0,3.1,No,Platinum,Organic,East,UPI,0
CUST103219,44.0,20,2388.8,5,1433.28,47,3.0,0.037,0.104,15,0.594,0,2,3.2,No,Silver,Paid Search,West,UPI,0
CUST100146,28.0,27,1889.47,6,944.74,18,0.0,0.059,0.101,11,0.746,0,1,4.1,No,Bronze,Paid Search,North,Card,0
CUST101986,36.0,32,876.62,3,876.62,22,0.0,0.009,0.356,10,0.758,0,0,3.1,Yes,Silver,Organic,South,UPI,0
CUST101369,44.0,19,3799.67,6,1899.84,36,1.0,0.113,0.374,12,0.813,0,0,3.9,Yes,Bronze,Organic,West,UPI,1
CUST102811,30.0,15,2661.89,4,1996.42,44,0.0,0.003,0.411,13,0.653,0,2,2.9,Yes,Bronze,Email,East,UPI,1
CUST100659,31.0,6,606.86,2,910.29,28,4.0,0.168,0.432,10,0.47,1,0,3.8,No,Bronze,Referral,South,COD,1
CUST101794,18.0,40,927.51,7,397.5,42,1.0,0.071,0.253,7,0.707,0,1,3.4,Yes,Silver,Partner,South,UPI,0
CUST102511,51.0,8,1474.46,4,1105.84,33,1.0,0.052,0.443,8,0.793,0,1,3.9,Yes,Gold,Organic,East,Card,0
CUST103397,31.0,49,1306.4,0,818.12,79,1.0,0.126,0.492,13,0.833,1,0,5.0,Yes,Platinum,Organic,South,NetBanking,0
CUST104282,42.0,11,4232.13,2,6000.0,56,1.0,0.136,0.769,5,0.669,0,1,2.2,Yes,Silver,Organic,South,Card,1
CUST101147,30.0,13,2647.13,4,1985.35,18,2.0,0.102,0.288,15,0.693,1,0,3.9,No,Bronze,Referral,Central,UPI,0
CUST103272,32.0,29,1883.1,4,1412.32,46,0.0,0.194,0.232,10,0.438,0,0,3.6,Yes,Bronze,Paid Search,West,NetBanking,0
CUST100608,18.0,20,1549.96,5,929.98,25,0.0,0.137,0.349,11,0.829,2,0,5.0,Yes,Bronze,Organic,Central,Card,0
CUST103582,35.0,7,829.17,5,497.5,96,1.0,0.126,0.394,11,0.732,1,2,3.1,Yes,Gold,Email,North,UPI,0
CUST101930,18.0,7,5537.25,3,5537.25,80,2.0,0.093,0.075,7,0.742,0,0,2.9,No,Silver,Organic,North,Card,0
CUST100197,30.0,12,1242.13,4,931.6,3,1.0,0.046,0.306,15,0.786,0,0,4.7,No,Bronze,Social,West,Card,0
CUST102931,43.0,18,1998.26,4,1498.7,42,2.0,0.056,0.298,12,0.715,0,0,3.7,Yes,Gold,Referral,West,NetBanking,0
CUST102327,49.0,18,1844.96,5,1106.98,11,2.0,0.053,0.499,6,,0,1,4.3,Yes,Bronze,Paid Search,South,NetBanking,0
CUST104389,50.0,17,5979.29,3,5979.29,21,1.0,0.054,0.422,14,0.706,1,0,4.2,Yes,Silver,Referral,East,COD,0
CUST100766,35.0,6,3525.59,4,2644.19,34,2.0,0.168,0.386,11,0.774,1,2,3.8,Yes,Gold,Email,West,UPI,1
CUST104496,29.0,27,1608.28,2,2412.42,23,,0.141,0.302,8,0.708,0,2,3.1,Yes,Bronze,Email,Central,Card,0
CUST104218,51.0,19,1530.21,9,510.07,29,1.0,0.083,0.085,15,0.714,1,1,3.4,Yes,Bronze,Partner,South,NetBanking,1
CUST103255,37.0,44,2171.42,5,1302.85,16,1.0,0.041,0.575,7,0.419,1,0,3.9,Yes,Silver,Organic,East,NetBanking,0
CUST100202,35.0,16,1254.21,5,752.53,16,3.0,0.049,0.356,13,0.725,0,1,3.7,Yes,Platinum,Paid Search,East,COD,0
CUST103510,39.0,19,3092.26,6,1546.13,44,1.0,0.047,0.388,11,0.714,1,2,3.7,No,Gold,Partner,Central,UPI,1
CUST101733,20.0,22,5464.68,6,2732.34,63,1.0,0.013,0.065,9,0.687,0,1,2.9,Yes,Gold,Referral,Central,Wallet,0
CUST102777,29.0,10,1443.44,7,618.62,16,2.0,0.046,0.178,14,0.376,2,0,3.6,Yes,Silver,Organic,West,UPI,0
CUST101707,37.0,21,3369.93,6,1684.96,16,2.0,0.009,0.348,14,0.643,1,1,4.4,No,Silver,Organic,South,Wallet,0
CUST103474,21.0,20,2247.51,2,3371.27,13,0.0,0.093,0.282,13,0.733,0,2,4.5,No,Silver,Organic,West,Card,0
CUST100854,37.0,9,1571.92,4,1178.94,47,1.0,0.056,0.201,11,0.722,0,1,3.7,Yes,Platinum,Referral,West,UPI,0
CUST104737,43.0,11,1357.37,1,4072.11,116,0.0,0.119,0.416,11,0.926,0,1,3.5,Yes,Platinum,Partner,East,UPI,0
CUST104097,42.0,38,748.53,4,561.4,31,,0.16,0.379,7,0.93,1,0,3.4,Yes,Silver,Paid Search,South,UPI,1
CUST102160,29.0,20,2393.06,4,1794.8,9,1.0,0.056,0.436,8,0.691,0,0,4.1,Yes,Bronze,Organic,West,UPI,0
CUST100698,25.0,31,1582.89,4,1187.17,73,0.0,0.139,0.094,11,0.705,0,3,3.2,Yes,Bronze,Partner,North,UPI,0
CUST104947,38.0,61,3424.1,5,2054.46,38,3.0,0.135,0.037,7,0.708,0,0,4.3,Yes,Bronze,Paid Search,East,Card,0
CUST102999,31.0,13,4496.36,5,2697.82,16,1.0,0.157,0.507,8,0.531,1,2,3.3,Yes,Gold,Organic,Central,Wallet,0
CUST103696,27.0,47,2809.26,0,1235.58,37,0.0,0.058,0.524,7,0.78,0,1,3.9,Yes,Gold,Social,Central,UPI,0
CUST101636,18.0,12,2556.63,2,3834.94,10,0.0,0.028,0.255,11,0.536,0,0,3.8,Yes,Gold,Partner,South,Card,0
CUST103457,25.0,32,2859.3,6,1429.65,13,3.0,0.027,0.526,5,0.7,1,0,3.8,Yes,Silver,Organic,West,UPI,0
CUST103581,55.0,9,1358.56,4,1018.92,94,2.0,0.152,0.497,11,0.826,1,1,2.9,Yes,Gold,Organic,Central,NetBanking,0
CUST101291,30.0,14,3938.22,0,1869.0,72,1.0,0.01,0.013,8,0.365,0,0,4.2,Yes,Bronze,Email,South,Card,0
CUST104659,25.0,19,1811.97,0,1242.64,29,1.0,0.087,0.2,9,0.846,0,1,2.9,Yes,Bronze,Organic,East,Wallet,1
CUST101853,41.0,25,1541.19,5,924.71,49,2.0,0.048,0.182,10,0.74,0,1,4.6,Yes,Bronze,Organic,Central,NetBanking,1
CUST103763,40.0,13,1806.12,4,1354.59,21,1.0,0.049,0.187,11,0.814,1,0,,Yes,Bronze,Organic,North,NetBanking,0
CUST103304,65.0,17,5154.76,5,3092.86,47,0.0,0.16,0.114,11,0.477,0,1,3.7,Yes,Silver,Paid Search,West,UPI,0
CUST104912,38.0,31,2659.57,4,1994.68,13,1.0,0.056,0.616,9,0.474,0,2,3.5,Yes,Platinum,Organic,West,Card,0
CUST103743,40.0,16,1264.1,2,1896.15,29,2.0,0.058,0.129,11,0.867,0,0,4.5,No,Bronze,Paid Search,Central,COD,0
CUST103445,31.0,15,1948.3,4,1461.22,20,0.0,0.013,0.054,10,0.634,1,1,4.1,No,Silver,Social,Central,COD,0
CUST101998,29.0,15,2831.13,10,849.34,68,3.0,0.005,0.351,7,0.516,0,2,4.7,No,Bronze,,North,UPI,1
CUST100663,31.0,37,1377.74,3,1377.74,31,1.0,0.118,0.059,12,0.695,1,1,4.0,No,Silver,Social,East,UPI,0
CUST104779,34.0,23,2054.13,2,3081.2,45,0.0,0.033,0.483,12,0.582,0,0,2.8,No,Silver,Email,South,NetBanking,0
CUST103748,27.0,17,1439.23,7,616.81,87,0.0,0.09,0.462,9,0.729,0,3,4.0,Yes,Gold,Referral,South,UPI,0
CUST104413,26.0,27,2455.9,8,920.96,88,1.0,0.027,0.605,11,0.61,2,0,4.3,Yes,Silver,Social,South,Wallet,0
CUST104744,32.0,14,2015.2,4,1511.4,13,0.0,0.156,0.32,13,0.513,0,2,4.1,Yes,Gold,Social,North,Card,0
CUST100709,40.0,19,1335.41,3,1335.41,82,0.0,0.043,0.441,14,,0,2,3.5,No,Silver,Referral,North,COD,1
CUST101282,18.0,17,1140.42,6,570.21,33,2.0,0.061,0.626,11,0.783,0,0,2.8,No,Bronze,Social,West,COD,1
CUST102675,38.0,61,2248.67,2,3373.0,70,1.0,0.224,0.392,10,0.814,0,3,3.4,Yes,Silver,Paid Search,East,UPI,1
CUST104029,36.0,25,1555.52,6,777.76,71,1.0,0.061,0.702,9,0.891,1,1,3.2,Yes,Bronze,Email,East,Card,0
CUST101306,24.0,25,1096.85,1,3290.55,62,0.0,0.074,0.187,8,0.756,0,1,3.3,Yes,Bronze,Social,North,UPI,0
CUST102237,33.0,11,3177.6,3,3177.6,7,1.0,0.174,0.368,9,0.734,0,0,3.8,Yes,Gold,Email,West,Card,0
CUST103302,43.0,42,1147.82,3,1147.82,31,0.0,0.125,0.365,9,0.895,1,1,2.9,Yes,Bronze,Paid Search,South,UPI,0
CUST102038,24.0,16,1986.77,3,1986.77,30,1.0,0.079,0.283,15,0.8,1,2,3.8,Yes,Bronze,Email,North,Card,0
CUST101529,40.0,10,1180.55,6,590.28,10,1.0,0.138,0.19,9,0.718,1,1,4.0,Yes,Bronze,Email,West,Wallet,0
CUST101663,52.0,13,1364.26,4,1023.2,53,2.0,0.086,0.611,11,0.467,1,3,4.3,Yes,Silver,Social,South,COD,1
CUST104934,30.0,24,1080.63,1,3241.89,51,4.0,0.015,0.095,15,0.593,0,0,3.2,Yes,Bronze,Email,West,UPI,1
CUST104953,18.0,10,1591.96,2,2387.94,41,0.0,0.159,0.181,12,0.449,1,2,3.4,Yes,Silver,Social,North,Card,1
CUST103627,25.0,58,1387.92,1,4163.76,26,2.0,0.022,0.075,8,0.671,2,2,4.6,Yes,Bronze,Organic,South,Card,0
CUST102693,30.0,2,1414.75,6,707.38,27,2.0,0.092,0.295,7,0.786,0,0,4.4,Yes,Bronze,Partner,East,Card,0
CUST103060,46.0,39,2767.43,2,4151.14,59,2.0,0.059,0.347,10,0.727,0,1,5.0,No,Platinum,Organic,South,UPI,0
CUST101597,36.0,29,901.71,3,901.71,52,1.0,0.108,0.315,7,0.528,0,0,3.8,Yes,Silver,Paid Search,South,Card,0
CUST102729,21.0,29,1090.56,5,654.34,23,1.0,0.083,0.662,15,0.748,1,2,3.4,No,Gold,Partner,North,UPI,0
CUST102625,32.0,15,1593.38,7,682.88,50,0.0,0.012,0.305,11,0.821,0,1,3.8,Yes,Bronze,Paid Search,South,Card,0
CUST103157,31.0,24,1513.31,4,1134.98,44,0.0,0.04,0.442,15,0.692,0,0,3.3,Yes,Gold,Organic,South,UPI,0
CUST103314,45.0,15,3845.75,4,2884.31,32,2.0,0.036,0.563,8,0.698,1,2,3.2,Yes,Silver,Paid Search,South,Card,0
CUST101722,27.0,13,1594.41,1,4783.23,53,2.0,0.102,0.247,14,0.708,1,0,3.2,No,Silver,Email,South,Card,0
CUST101059,38.0,28,3956.64,5,2373.98,50,3.0,0.153,0.723,6,0.618,0,0,4.1,Yes,Silver,Social,North,Wallet,0
CUST104636,18.0,35,1858.06,2,2787.09,12,2.0,0.126,0.229,7,0.661,0,0,4.4,Yes,Silver,Organic,East,Card,0
CUST103242,37.0,58,2368.84,4,1776.63,25,1.0,0.231,0.113,11,0.589,0,0,3.6,Yes,Silver,Paid Search,East,UPI,0
CUST101678,27.0,46,2624.31,4,1968.23,51,0.0,0.055,0.183,10,0.534,2,0,4.4,Yes,Bronze,Partner,East,UPI,0
CUST101757,57.0,30,641.17,3,641.17,20,2.0,0.043,0.35,14,0.821,0,1,3.9,Yes,Bronze,Social,West,UPI,0
CUST104191,42.0,16,4329.17,5,2597.5,110,1.0,0.128,0.164,10,0.551,0,1,3.4,Yes,Silver,Organic,West,NetBanking,0
CUST100563,26.0,33,1058.11,9,352.7,8,0.0,0.062,0.232,12,0.63,0,0,4.5,Yes,Bronze,Organic,West,Card,0
CUST102790,49.0,45,2706.9,2,4060.35,118,,0.144,0.199,4,0.651,0,1,3.4,Yes,Platinum,Social,West,UPI,0
CUST100863,,15,1178.04,4,883.53,33,1.0,0.094,0.178,11,0.782,0,3,3.5,Yes,Gold,Partner,Central,Card,0
CUST101484,42.0,19,2227.34,1,,25,0.0,0.016,0.552,10,0.796,1,1,4.1,No,Silver,Partner,West,UPI,0
CUST100206,26.0,8,2372.84,1,6000.0,42,1.0,0.128,0.115,11,0.725,1,2,5.0,Yes,Bronze,Paid Search,West,COD,0
CUST104488,38.0,23,3306.26,6,1653.13,26,2.0,0.019,0.535,15,0.714,0,1,2.7,Yes,Gold,Paid Search,South,COD,0
CUST100870,37.0,16,2176.49,1,6000.0,46,0.0,0.069,0.479,10,0.498,0,2,4.0,Yes,Bronze,Email,West,Card,0
CUST104493,24.0,36,1702.94,4,1277.2,24,0.0,0.055,0.175,8,0.712,1,0,3.9,Yes,Gold,Referral,North,UPI,0
CUST100502,27.0,9,2476.55,3,2476.55,43,0.0,0.063,0.037,10,0.402,0,2,4.5,Yes,Silver,Partner,West,Card,1
CUST101028,34.0,12,1033.54,4,775.16,23,1.0,0.232,0.428,14,0.621,0,1,3.9,No,Bronze,Paid Search,East,Card,1
CUST103840,20.0,37,1365.35,4,1024.01,121,3.0,0.027,0.163,19,0.657,0,1,4.1,Yes,Bronze,Referral,East,Card,1
CUST102690,21.0,32,4947.65,6,2473.82,69,0.0,0.018,0.567,11,0.844,1,0,4.2,Yes,Gold,Paid Search,West,Card,1
CUST101570,34.0,27,1188.75,8,445.78,56,3.0,0.243,0.322,11,0.366,0,1,3.9,No,Gold,Email,Central,Wallet,1
CUST102773,32.0,18,3130.88,3,3130.88,24,1.0,0.106,0.15,6,0.771,0,0,3.9,Yes,Silver,Organic,Central,NetBanking,0
CUST102731,21.0,66,2865.48,3,2865.48,22,3.0,0.027,0.028,9,0.731,0,3,4.0,Yes,Silver,Social,South,UPI,0
CUST100804,47.0,53,1334.24,6,667.12,19,0.0,0.077,0.214,16,0.884,0,0,3.7,No,Bronze,Organic,West,NetBanking,0
CUST103645,19.0,20,5907.71,5,3544.63,35,0.0,0.097,0.082,15,0.815,0,1,3.5,Yes,Platinum,Partner,East,UPI,0
CUST102454,30.0,29,1888.66,3,1888.66,59,2.0,0.103,0.371,9,0.563,1,0,4.4,Yes,Gold,Organic,South,Wallet,0
CUST104598,46.0,14,1393.22,5,835.93,75,0.0,0.082,0.725,11,0.762,0,0,3.5,Yes,Bronze,Paid Search,South,,1
CUST103104,33.0,13,1093.01,3,1093.01,10,2.0,0.177,0.052,9,0.811,0,1,1.7,Yes,Bronze,Social,South,UPI,0
CUST104875,30.0,12,2212.41,5,1327.45,48,1.0,0.07,0.552,9,0.632,0,2,4.6,Yes,Gold,Social,Central,UPI,0
CUST100200,37.0,29,2194.77,4,1646.08,40,0.0,0.199,0.167,11,0.804,1,2,3.7,No,Silver,Organic,Central,UPI,0
CUST103099,40.0,27,5284.81,7,2264.92,46,1.0,0.137,0.338,9,0.523,0,0,3.7,Yes,Bronze,Paid Search,South,UPI,1
CUST102278,29.0,21,2571.09,9,857.03,10,2.0,0.05,0.8,16,0.917,0,1,5.0,Yes,Gold,Social,Central,UPI,0
CUST103561,35.0,3,3379.54,2,5069.31,14,0.0,0.095,0.209,10,0.478,0,1,2.8,Yes,Bronze,Referral,North,Wallet,0
CUST104474,27.0,43,3330.4,3,3330.4,38,1.0,0.021,0.402,7,0.802,1,1,3.6,Yes,Silver,Organic,East,UPI,0
CUST104514,35.0,31,1916.69,2,2875.04,26,2.0,0.1,0.608,8,0.796,1,0,3.7,No,Platinum,Organic,East,NetBanking,0
CUST100391,35.0,44,5914.74,4,4436.06,85,1.0,0.034,0.061,13,,1,1,2.5,No,Gold,Social,Central,COD,1
CUST101495,23.0,11,1922.35,3,1922.35,43,3.0,0.134,0.37,17,0.717,1,0,4.8,Yes,Gold,Email,West,Card,0
CUST102695,44.0,8,1980.98,2,2971.47,21,2.0,0.111,0.073,11,0.786,0,0,3.0,No,Silver,Partner,Central,UPI,0
CUST102027,18.0,13,1266.97,4,950.23,23,3.0,0.045,0.274,11,,1,1,3.2,Yes,Platinum,Paid Search,West,COD,0
CUST102568,18.0,17,3316.02,5,1989.61,39,0.0,0.207,0.517,9,0.621,0,0,4.3,Yes,Bronze,Partner,North,UPI,0
CUST100064,41.0,24,1033.33,1,3099.99,64,,0.118,0.174,14,0.798,1,1,3.3,Yes,Gold,Partner,Central,Card,0
CUST103884,26.0,27,2283.34,5,1370.0,28,2.0,0.045,0.341,7,0.517,1,2,3.4,Yes,Bronze,Partner,North,Wallet,0
CUST102062,37.0,25,1403.85,5,842.31,55,1.0,0.047,0.441,11,0.626,0,0,3.5,No,Gold,Organic,North,Wallet,0
CUST100492,31.0,17,2009.36,6,1004.68,89,3.0,0.22,0.624,9,0.898,0,1,3.1,Yes,Bronze,Organic,East,Card,1
CUST100379,29.0,10,1359.12,1,4077.36,29,1.0,0.071,0.299,9,0.529,0,0,4.9,No,Silver,Paid Search,West,NetBanking,0
CUST104859,32.0,4,4529.94,4,3397.46,8,3.0,0.063,0.372,7,0.781,1,0,4.3,Yes,Silver,Organic,West,COD,0
CUST103993,27.0,7,1734.09,5,1040.45,51,1.0,0.252,0.276,5,0.353,1,2,4.6,Yes,Bronze,Organic,West,UPI,0
CUST104887,50.0,27,2717.11,5,1630.27,33,1.0,0.071,0.284,12,0.742,0,1,4.8,Yes,Silver,Organic,Central,Card,0
CUST101076,47.0,7,4820.68,6,2410.34,9,1.0,0.028,0.387,16,,0,4,2.7,Yes,Gold,Partner,South,UPI,0
CUST100878,33.0,16,1869.22,8,700.96,26,2.0,0.101,0.205,12,0.303,0,0,4.8,Yes,Bronze,Organic,West,Card,0
CUST100337,37.0,13,1383.9,2,2075.85,135,,0.125,0.321,12,0.784,1,0,3.0,No,Gold,Partner,North,Card,0
CUST101016,35.0,11,1488.56,2,2232.84,50,1.0,0.079,0.188,7,0.697,1,1,2.7,Yes,Silver,Partner,North,COD,0
CUST101275,34.0,13,687.83,6,343.92,54,2.0,0.118,0.666,8,0.602,0,3,3.5,Yes,Gold,Referral,North,UPI,0
CUST103798,42.0,15,598.41,2,897.62,15,2.0,0.065,0.464,10,0.753,0,1,3.2,Yes,Platinum,Email,East,Wallet,1
CUST104551,27.0,14,2425.27,3,2425.27,19,0.0,0.127,0.352,7,0.741,0,0,,Yes,Silver,Social,South,,0
CUST103342,51.0,31,1106.57,2,1659.86,20,0.0,0.046,0.376,9,0.694,0,1,3.2,No,Bronze,Paid Search,East,UPI,0
CUST104911,39.0,33,1880.64,5,1128.38,49,,0.06,0.461,10,0.731,2,0,3.8,No,Silver,Organic,South,Card,0
CUST100995,38.0,16,1327.12,4,995.34,59,0.0,0.136,0.394,9,,0,0,3.4,Yes,Silver,Partner,North,UPI,0
CUST101981,28.0,27,1690.63,4,1267.97,55,2.0,0.092,0.483,13,0.62,0,0,2.0,Yes,Silver,Social,South,NetBanking,1
CUST104297,27.0,22,1685.46,4,1264.1,55,1.0,0.019,0.268,5,0.497,0,0,2.8,Yes,Bronze,Paid Search,West,UPI,0
CUST100161,27.0,31,973.97,6,486.98,24,1.0,0.057,0.372,10,0.851,0,1,4.1,No,Platinum,Referral,South,Card,0
CUST104798,30.0,27,647.39,4,485.54,55,0.0,0.038,0.246,10,0.682,2,0,3.1,No,Silver,Partner,East,Card,0
CUST101500,28.0,40,1698.25,3,1698.25,31,1.0,0.139,0.145,6,0.694,0,0,4.8,Yes,Bronze,Email,South,UPI,0
CUST103843,53.0,65,1656.37,6,828.18,23,1.0,0.003,0.366,9,0.873,0,1,3.3,Yes,Silver,Organic,South,UPI,0
CUST102613,30.0,62,903.88,5,542.33,65,1.0,0.025,0.363,8,0.628,1,1,3.2,Yes,Bronze,Social,North,UPI,0
CUST103461,20.0,12,1432.25,2,2148.38,43,2.0,0.028,0.148,14,0.406,0,1,3.7,Yes,Bronze,Organic,North,COD,0
CUST101021,37.0,31,1725.21,2,2587.82,49,1.0,0.056,0.188,6,0.55,1,2,4.0,Yes,Bronze,Social,West,Wallet,0
CUST103073,42.0,20,4558.34,5,2735.0,46,2.0,0.125,0.22,15,0.838,0,1,5.0,Yes,Gold,Email,East,Card,0
CUST103943,41.0,9,1363.62,3,1363.62,49,2.0,0.174,0.248,10,0.796,0,0,4.0,No,Silver,Organic,North,Card,0
CUST101585,18.0,30,693.78,5,416.27,16,2.0,0.036,0.07,14,0.674,0,3,3.7,No,Gold,Email,West,UPI,0
CUST101955,24.0,12,1298.91,3,1298.91,19,0.0,0.091,0.186,15,0.683,1,1,4.9,Yes,Bronze,Organic,North,Card,0
CUST103152,38.0,12,2264.35,5,1358.61,59,1.0,0.114,0.332,19,,0,2,3.1,Yes,Bronze,Organic,North,COD,1
CUST100034,40.0,12,4033.7,5,2420.22,31,2.0,0.198,0.191,6,0.822,0,1,3.9,Yes,Silver,Partner,West,NetBanking,1
CUST104014,36.0,8,1017.06,2,1525.59,49,,0.033,0.363,14,0.534,2,0,5.0,Yes,Bronze,Email,North,Card,0
CUST100775,36.0,12,1134.44,2,1701.66,15,1.0,0.137,0.687,8,0.506,0,0,3.6,Yes,Bronze,Organic,South,Card,0
CUST102556,18.0,14,2274.11,8,852.79,8,2.0,0.033,0.183,11,0.5,0,4,3.6,Yes,Gold,Organic,East,UPI,0
CUST101478,30.0,18,5569.12,3,5569.12,76,1.0,0.181,0.051,15,0.658,1,2,5.0,No,Bronze,Organic,West,UPI,0
CUST101363,43.0,29,3106.79,11,847.31,20,3.0,0.048,0.266,10,0.671,0,0,2.9,Yes,Bronze,Paid Search,North,Card,0
CUST102612,28.0,25,2462.56,3,2462.56,22,2.0,0.085,0.361,13,0.783,0,1,3.4,Yes,Bronze,Partner,East,Wallet,1
CUST102824,34.0,36,1259.93,5,755.96,8,0.0,0.072,0.233,8,0.92,0,0,3.0,No,Bronze,Social,Central,UPI,0
CUST102041,41.0,11,1516.65,2,2274.98,83,2.0,0.091,0.366,5,0.837,0,1,5.0,Yes,Gold,Social,West,Card,1
CUST100241,33.0,35,1049.02,6,,61,1.0,0.252,0.192,8,0.804,1,3,4.0,Yes,Silver,Paid Search,Central,UPI,0
CUST102061,51.0,36,3954.4,6,1977.2,87,2.0,0.032,0.409,7,0.931,0,1,4.0,Yes,Bronze,Social,South,Card,0
CUST102363,39.0,55,1518.06,4,1138.54,24,2.0,0.021,0.215,13,0.684,0,0,4.5,Yes,Silver,Social,South,Card,0
CUST100600,39.0,48,3230.72,0,1329.35,33,0.0,0.074,0.149,12,0.937,3,1,4.3,No,Platinum,Organic,West,UPI,0
CUST102435,24.0,25,2285.62,3,2285.62,68,1.0,0.052,0.647,14,0.612,1,0,3.4,Yes,Gold,Email,West,UPI,0
CUST102888,30.0,7,2469.49,2,3704.23,83,1.0,0.188,0.225,16,0.645,1,0,5.0,No,Bronze,Partner,North,Wallet,1
CUST100646,40.0,21,3011.6,4,2258.7,57,1.0,0.04,0.234,17,0.68,0,0,4.1,Yes,Bronze,Paid Search,North,UPI,0
CUST103890,22.0,11,1883.47,2,2825.2,1,1.0,0.255,0.34,11,0.765,1,2,3.5,Yes,Silver,Email,South,Wallet,0
CUST103556,32.0,29,2684.92,1,6000.0,5,0.0,0.038,0.087,4,0.92,0,0,3.7,Yes,Platinum,Referral,Central,Card,0
CUST103202,31.0,13,1201.59,1,3604.77,41,1.0,0.105,0.428,8,,1,2,4.7,No,Silver,Referral,Central,Card,0
CUST101528,18.0,22,3170.02,4,2377.52,132,0.0,0.115,0.354,5,0.708,1,1,2.9,No,Bronze,Email,North,Wallet,1
CUST101267,41.0,51,1532.29,4,1149.22,70,1.0,0.055,0.077,11,0.965,1,0,4.5,Yes,Silver,Partner,South,Card,1
CUST101899,23.0,14,1844.7,1,5534.1,53,0.0,0.163,0.235,5,0.793,0,0,4.3,Yes,Bronze,Referral,West,Card,0
CUST104658,28.0,16,2596.92,3,2596.92,22,0.0,0.103,0.053,8,0.5,1,1,4.8,No,Bronze,Referral,North,UPI,0
CUST103005,29.0,20,1656.14,2,2484.21,56,0.0,0.121,0.204,10,0.752,0,2,3.7,Yes,Gold,Social,Central,UPI,0
CUST102734,34.0,30,1611.09,5,966.65,134,1.0,0.088,0.317,17,0.524,1,0,3.4,Yes,Gold,Organic,West,Card,1
CUST100189,51.0,16,1483.41,4,1112.56,33,1.0,0.072,0.471,7,0.47,0,4,3.9,Yes,Bronze,Organic,North,UPI,0
CUST101806,39.0,22,2615.92,3,2615.92,24,1.0,0.124,0.163,15,0.734,1,1,3.9,No,Platinum,Paid Search,Central,UPI,1
CUST100975,24.0,17,2335.41,5,1401.25,38,1.0,0.08,0.771,10,0.546,0,1,3.8,Yes,Silver,Paid Search,North,Wallet,0
CUST102747,29.0,40,2783.55,1,6000.0,26,0.0,0.035,0.487,8,0.532,2,1,2.3,Yes,Gold,Social,North,UPI,0
CUST102047,39.0,36,5599.83,4,4199.87,13,1.0,0.057,0.283,11,0.563,0,0,4.8,No,Gold,Email,West,UPI,0
CUST102558,48.0,83,7842.28,3,6000.0,74,1.0,0.148,0.582,11,0.561,1,3,2.5,Yes,Silver,Paid Search,South,UPI,1
CUST101082,38.0,19,2379.24,4,1784.43,65,1.0,0.081,0.043,8,0.687,0,0,2.5,Yes,Bronze,Social,East,Card,1
CUST100474,40.0,42,3348.91,5,2009.35,18,2.0,0.025,0.243,11,,0,0,3.2,Yes,Bronze,Paid Search,North,UPI,0
CUST102904,30.0,26,1097.32,5,658.39,32,1.0,0.065,0.587,8,0.311,0,1,3.7,Yes,Silver,Paid Search,West,COD,0
CUST104843,23.0,2,1147.85,6,573.92,26,1.0,0.096,0.078,12,0.766,0,0,5.0,Yes,Bronze,Partner,West,Card,0
CUST104117,44.0,44,,5,,67,1.0,0.008,0.438,21,0.674,1,0,3.8,Yes,Gold,Email,West,Card,1
CUST103385,38.0,14,1942.71,5,1165.63,45,0.0,0.143,0.562,7,0.756,0,0,4.0,Yes,Silver,Email,Central,UPI,0
CUST104555,50.0,32,3162.52,5,1897.51,29,1.0,0.071,0.232,9,0.83,1,0,4.5,Yes,Gold,Organic,Central,COD,0
CUST101184,34.0,11,1500.26,7,642.97,73,2.0,0.058,0.472,4,0.741,4,0,4.7,Yes,Bronze,Organic,South,UPI,0
CUST102433,35.0,13,1924.35,5,1154.61,12,1.0,0.061,0.19,9,0.375,0,1,3.5,Yes,Gold,Social,West,UPI,0
CUST102391,41.0,21,1044.63,7,447.7,66,1.0,0.097,0.145,10,0.571,1,0,4.8,No,Bronze,Partner,Central,UPI,0
CUST100769,51.0,5,2665.51,3,2665.51,40,1.0,0.058,0.441,11,0.771,0,1,4.2,Yes,Bronze,Organic,East,Wallet,0
CUST101685,40.0,50,4839.24,1,6000.0,12,3.0,0.029,0.219,7,0.636,0,1,3.3,No,Platinum,Social,South,UPI,0
CUST100130,30.0,6,2415.02,0,493.95,18,1.0,0.177,0.316,10,0.338,0,0,4.0,Yes,Silver,Social,North,UPI,0
CUST102919,43.0,1,786.16,6,393.08,32,4.0,0.169,0.294,9,0.674,0,3,3.2,Yes,Gold,Social,North,UPI,0
CUST103171,41.0,19,854.87,2,1282.3,63,1.0,0.048,0.502,11,0.806,2,0,4.0,Yes,Bronze,Organic,West,Card,0
CUST103444,45.0,23,1184.66,1,3553.98,51,1.0,0.197,0.125,8,,0,1,3.7,No,Silver,Paid Search,Central,NetBanking,0
CUST104426,36.0,16,,6,865.63,41,0.0,0.04,0.692,14,0.836,0,1,3.7,No,Bronze,Partner,South,COD,0
CUST100466,31.0,29,2667.51,2,4001.27,52,1.0,0.131,0.298,9,0.57,1,1,3.8,Yes,Bronze,Referral,West,UPI,0
CUST103092,43.0,68,2257.27,2,3385.9,48,2.0,0.033,0.283,4,0.515,1,1,3.4,No,Bronze,Organic,East,Card,1
CUST103772,38.0,21,1383.97,3,1383.97,67,0.0,0.01,0.353,11,0.66,0,0,,No,Bronze,Social,North,NetBanking,0
CUST100860,24.0,39,850.83,5,510.5,80,2.0,0.042,0.459,8,0.738,0,0,3.7,Yes,Silver,Partner,West,NetBanking,0
