Transaction_Amount,Transaction_Hour,Account_Age_Days,Previous_Transactions,Failed_Transactions,Device_Trust_Score,Location_Change,International_Transaction,Transaction_Frequency,Fraud
109.59,7,1430,368,1,26.16,1,0,10,0
58.08,0,346,24,2,99.58,0,0,4,0
127.45,23,1677,413,2,15.63,0,0,2,0
305.83,21,919,451,1,72.06,0,0,4,0
52.76,3,285,365,2,72.51,1,0,7,0
52.77,11,901,68,4,68.3,0,0,6,0
323.5,23,22,370,3,22.74,1,0,5,0
143.66,2,1036,194,0,21.51,0,0,6,0
41.7,12,983,84,4,66.63,0,1,2,0
114.73,19,184,438,2,18.63,0,0,4,0
41.95,5,1418,437,2,66.16,0,0,4,0
41.86,10,1635,207,2,49.25,0,0,2,0
84.94,22,1953,49,3,38.66,1,0,3,0
9.84,3,2298,32,0,30.02,0,0,5,0
11.88,19,556,317,1,94.76,0,0,5,0
38.0,15,2071,170,1,50.81,0,0,5,0
24.22,6,1228,129,1,56.13,0,0,8,0
91.31,21,1430,447,2,94.93,0,0,3,0
26.9,10,1464,102,1,65.39,0,0,3,0
16.24,23,2782,35,1,95.79,0,1,5,0
288.78,0,1443,307,1,10.64,0,0,1,1
53.21,6,12,199,3,84.66,1,0,5,0
71.35,11,2748,301,0,33.54,0,1,5,0
16.04,6,1852,77,1,81.05,1,0,3,0
38.69,22,756,369,1,85.56,0,0,4,0
74.51,6,2826,321,3,27.15,0,0,5,0
21.09,9,881,14,4,40.88,0,0,4,0
97.1,15,504,349,1,72.6,0,0,8,0
36.57,7,2474,131,2,9.91,0,0,3,0
49.81,8,1424,238,4,75.55,0,1,5,0
36.54,8,637,280,2,11.05,0,0,7,0
425.08,1,1085,65,0,91.45,0,0,8,0
65.79,12,151,432,0,27.63,0,0,5,0
23.16,12,1497,138,2,57.56,0,0,1,0
151.8,22,55,269,4,11.72,1,0,4,0
19.67,22,2901,228,0,26.95,0,0,3,0
82.18,3,2067,201,0,40.4,0,0,4,1
9.4,23,673,142,0,48.7,0,0,4,0
17.67,11,582,100,2,0.01,0,0,1,0
81.2,16,2039,138,1,88.87,1,0,3,0
139.56,1,1563,168,3,0.77,1,0,10,1
79.15,12,1631,407,1,77.37,1,0,2,0
59.4,17,2706,99,3,47.06,1,1,4,0
49.35,14,922,311,2,52.39,1,0,5,0
15.2,7,649,319,1,20.83,0,0,8,0
32.46,14,2673,327,2,60.74,1,0,4,0
42.07,0,2755,426,2,53.72,0,0,2,0
191.93,19,918,355,1,16.42,0,0,2,0
94.03,9,2235,66,3,23.81,0,0,5,0
11.44,11,878,335,1,6.69,0,0,4,0
92.21,4,1039,329,1,6.63,0,0,4,0
45.37,8,862,47,1,1.38,0,0,7,0
33.89,22,316,337,0,22.05,0,1,5,0
122.94,7,2605,382,2,67.97,0,0,3,0
186.98,15,2384,231,2,31.62,0,1,2,1
169.23,13,1826,308,1,34.27,0,0,4,1
28.81,12,404,146,2,13.19,0,0,5,0
48.95,22,2357,207,0,57.55,1,1,4,0
92.88,20,758,146,3,34.21,0,0,3,0
176.89,12,2342,152,2,67.63,1,1,5,0
41.3,4,339,279,1,74.15,0,0,4,0
55.39,15,2107,140,3,58.47,0,1,7,0
22.06,10,2041,151,1,27.61,0,0,8,0
20.16,21,782,21,2,50.86,0,0,5,0
150.28,4,1655,254,2,25.19,1,0,3,0
258.85,12,1742,64,0,90.29,0,0,7,0
62.05,10,387,218,6,76.64,1,0,8,0
181.91,18,1797,72,2,49.3,0,1,7,0
95.74,2,1633,478,0,96.55,0,0,6,0
34.98,14,1009,162,3,54.68,0,0,6,0
95.72,6,1858,130,1,32.85,0,0,1,0
310.45,6,1571,69,1,9.55,1,0,3,0
64.34,5,783,415,2,54.37,0,0,3,0
318.83,2,1093,225,2,86.04,0,0,4,0
4.86,12,2925,246,1,86.67,0,0,2,0
151.7,6,1813,68,3,60.46,0,0,10,0
72.75,4,1108,454,0,39.34,0,0,4,0
49.45,22,2060,471,4,65.03,0,0,4,0
73.1,17,1608,493,0,76.21,0,1,7,0
9.14,21,757,403,4,41.16,1,0,3,0
53.53,7,1481,384,0,47.63,0,0,4,1
95.31,16,1774,107,0,68.06,0,0,5,0
292.33,19,2332,109,1,87.67,0,0,7,0
39.72,0,1563,328,2,79.1,0,1,6,0
29.71,13,1625,103,2,2.24,0,1,4,0
40.38,16,2272,141,3,12.44,0,1,4,1
166.57,9,1518,65,3,85.28,0,0,6,0
92.64,11,338,134,3,83.38,0,0,2,0
39.26,15,2312,199,0,38.88,0,0,3,0
111.42,13,1420,368,1,58.43,0,0,6,0
73.48,15,135,155,1,90.58,0,0,2,0
175.68,7,776,79,1,91.16,1,0,4,0
33.05,22,1583,436,1,78.31,0,0,4,0
48.05,9,1237,382,1,20.96,0,0,6,0
45.06,16,1205,482,3,73.03,0,0,5,0
15.43,17,1768,250,2,10.11,1,0,4,0
89.67,19,226,377,5,89.39,1,1,5,0
86.58,15,1369,87,1,14.91,0,0,9,0
67.03,16,1331,304,2,66.23,0,1,9,1
52.74,15,841,241,1,61.02,0,0,8,0
16.19,18,191,88,0,77.69,0,0,7,0
43.79,23,343,463,2,55.16,0,0,6,0
47.34,23,520,483,1,5.96,0,0,5,0
29.9,7,392,324,1,70.58,0,1,3,0
56.75,5,1906,172,2,38.32,0,0,4,0
99.89,5,341,357,2,32.03,0,1,6,0
439.74,20,1198,17,2,99.17,0,0,2,0
79.41,8,1275,223,4,59.04,0,0,5,0
86.28,3,909,294,1,71.07,0,0,2,0
61.9,11,651,394,1,52.63,0,0,0,0
9.79,11,1260,310,3,77.0,0,0,9,0
64.94,22,643,498,3,75.21,0,0,2,0
70.83,16,2508,219,2,65.71,1,0,6,0
783.09,14,205,234,2,99.77,0,0,5,0
55.02,8,1903,390,1,45.98,0,0,6,0
90.16,6,467,248,4,70.62,0,1,7,0
64.41,9,839,390,2,79.78,0,0,6,0
20.72,15,2314,52,5,37.6,0,0,4,0
209.1,11,2066,15,3,45.72,0,0,5,0
141.45,6,2818,324,3,96.92,0,1,7,0
147.09,17,1234,441,1,3.23,0,0,4,0
26.86,14,896,112,4,33.53,0,0,2,0
271.18,5,402,184,0,48.62,0,1,5,0
16.41,11,1685,360,1,0.15,0,0,6,0
119.92,10,2456,7,2,89.91,0,0,6,0
596.13,19,2388,51,0,28.62,0,0,4,0
24.77,2,2537,314,2,25.77,0,0,2,0
37.85,1,2191,241,1,82.03,0,0,5,0
73.67,5,925,245,2,27.8,0,0,5,0
40.31,23,944,448,6,65.76,0,0,5,0
14.14,21,364,365,3,82.15,0,0,2,0
71.42,4,2641,367,3,79.25,0,0,6,0
23.05,17,1531,410,2,78.2,0,0,4,0
107.08,15,2682,186,3,8.86,0,1,1,0
26.59,7,2347,287,2,7.98,0,0,5,0
314.17,19,2882,450,1,30.68,0,0,8,0
30.47,21,638,92,4,3.59,0,0,8,0
48.32,10,2689,106,4,50.04,0,0,5,0
150.43,9,1180,13,5,39.48,0,1,7,1
19.48,23,336,146,0,55.7,1,0,8,0
83.72,11,1448,478,1,29.88,0,0,1,0
246.45,20,2267,119,0,48.58,1,1,4,0
13.36,5,1431,203,1,33.47,0,0,5,0
80.21,19,1136,141,1,19.52,0,0,1,0
86.48,4,2693,115,1,64.94,0,0,7,0
145.74,22,1790,152,0,67.34,1,0,3,0
19.36,8,1541,57,3,82.92,0,0,3,0
17.81,15,1924,382,2,87.48,0,0,3,0
112.39,21,2925,157,0,70.45,0,0,9,0
89.75,13,1242,440,1,68.75,0,1,4,0
85.67,21,1966,310,2,5.67,0,0,3,0
94.3,7,2485,133,7,10.98,0,0,1,0
33.78,19,402,163,5,81.26,0,0,5,0
84.12,18,835,275,3,23.3,1,0,4,0
89.4,13,2973,183,0,35.56,1,0,5,0
32.64,6,1922,77,1,14.53,1,1,8,0
430.86,4,2405,325,2,19.52,1,0,2,0
107.11,17,59,44,1,77.54,0,0,2,0
20.26,1,2973,206,1,26.19,1,0,2,0
128.58,10,1406,38,1,44.9,0,0,1,0
25.16,21,1060,318,5,15.17,1,1,8,1
146.51,7,809,22,2,67.79,0,1,11,0
212.43,0,1802,73,1,72.83,0,0,2,0
29.35,21,2706,241,3,36.17,0,1,3,1
174.75,11,1373,424,5,78.47,0,0,2,0
100.76,1,2358,154,1,23.99,1,0,7,1
151.72,17,1575,237,3,69.19,0,1,9,0
444.43,6,2223,381,1,73.0,0,0,4,0
52.18,16,2373,5,3,96.87,0,0,4,0
31.38,21,10,221,5,23.23,0,0,5,0
27.4,22,1029,310,2,9.37,0,0,2,0
29.49,13,1294,86,1,26.3,0,0,7,0
61.74,23,72,177,0,12.29,0,1,4,0
93.8,6,2540,259,1,16.97,0,0,6,0
87.94,21,1879,220,3,33.41,1,0,5,0
152.5,2,2279,38,4,41.4,0,0,5,0
67.56,5,161,142,1,90.37,0,0,2,0
285.3,19,653,431,5,19.56,1,0,6,0
51.18,1,635,398,2,97.18,1,1,8,0
1012.49,16,226,235,3,81.02,1,1,5,0
124.67,11,205,203,1,88.15,0,0,3,0
28.3,11,1024,329,3,92.94,0,1,5,0
22.85,16,2704,294,1,75.32,0,0,9,0
108.04,9,2765,448,5,78.88,0,0,2,0
53.33,2,1531,495,4,43.78,0,0,7,0
136.18,19,1588,172,2,51.05,0,0,4,0
107.04,17,1090,125,3,93.25,0,0,7,0
62.0,12,1537,326,1,37.83,1,1,8,1
28.59,11,731,65,2,4.19,1,0,3,0
14.66,16,1617,281,1,76.28,0,0,3,0
42.67,3,1769,272,5,57.32,0,0,7,0
157.02,22,1572,244,1,81.49,0,1,6,0
82.61,9,649,15,2,7.56,0,1,8,0
19.19,10,2163,226,0,62.12,0,0,8,0
79.3,5,174,465,1,24.77,1,0,4,0
98.03,5,224,131,0,90.33,0,0,5,0
27.55,8,1104,195,3,10.99,0,0,6,0
77.77,14,99,293,0,84.31,0,0,3,0
70.68,1,1805,209,4,8.86,0,0,4,0
21.26,3,2931,439,1,2.51,0,0,6,0
95.37,4,1261,381,2,23.51,0,1,5,1
116.84,16,1112,113,2,33.3,1,0,5,0
196.97,7,617,244,2,62.65,0,0,6,0
191.29,7,358,166,1,13.17,1,0,6,1
16.82,21,2951,191,2,43.73,0,0,4,0
26.11,11,255,257,0,20.43,1,0,9,0
111.61,20,281,327,5,85.53,0,0,6,0
111.47,7,2040,218,4,4.5,0,0,0,0
111.61,18,412,495,4,35.59,0,1,2,1
3142.37,2,1475,359,1,63.14,0,0,5,0
118.02,17,1205,275,1,91.31,0,0,1,0
207.59,20,2955,52,3,86.8,1,1,5,0
173.12,18,1089,374,1,89.52,0,0,3,0
127.92,18,1624,158,3,6.29,1,0,5,0
48.65,14,1136,363,0,84.09,0,0,7,0
142.45,5,293,55,1,77.99,0,1,7,0
30.79,15,526,14,3,90.24,0,0,6,0
52.62,7,2675,269,2,31.16,1,0,6,0
41.04,15,1311,340,3,91.18,0,0,1,1
72.38,17,621,90,2,40.26,0,0,7,0
674.96,19,759,27,1,63.41,1,1,6,0
10.31,15,1302,89,2,42.42,0,0,5,0
132.46,10,1866,393,1,42.76,0,0,3,0
13.29,6,409,41,1,54.66,0,0,6,0
41.6,16,1536,304,3,35.59,0,0,3,0
198.14,16,2034,268,6,79.27,0,1,3,0
71.11,11,2143,138,1,63.36,1,0,7,0
22.7,12,329,6,2,68.98,1,0,4,0
32.61,9,1065,242,5,23.1,0,1,3,0
131.58,6,345,162,2,96.96,0,1,5,0
32.12,13,2108,180,0,66.02,0,0,5,0
82.8,22,183,297,4,19.72,0,0,4,0
69.8,0,1651,467,1,75.05,0,0,6,0
34.76,16,510,6,1,17.37,0,0,3,0
569.04,3,2133,386,0,6.34,0,0,3,0
125.7,20,2373,271,1,52.76,0,1,8,0
8.8,4,1866,401,3,55.35,0,1,3,0
80.35,19,1906,272,3,18.9,1,1,8,0
34.41,23,1673,156,2,34.84,0,0,4,0
156.4,22,1728,85,0,94.58,0,1,7,0
30.19,6,1788,200,2,28.5,0,0,3,0
59.46,9,706,10,1,15.56,0,0,3,0
110.5,16,741,138,3,99.26,0,0,3,0
158.5,6,1104,242,0,30.23,0,1,7,0
20.08,0,2911,394,1,68.03,0,0,7,1
47.73,6,2723,201,3,23.16,0,1,3,0
41.47,23,661,156,4,55.01,1,1,0,0
34.7,10,1104,408,0,38.63,0,0,3,0
389.73,8,55,275,2,96.16,0,1,5,0
99.98,11,1080,225,1,43.28,0,1,2,0
18.9,2,1455,68,1,58.42,0,0,7,0
166.98,3,2206,184,2,94.48,0,0,6,0
556.77,3,2967,195,1,98.92,1,0,5,0
187.25,12,465,42,4,10.17,0,0,4,0
14.59,22,1672,396,3,83.43,0,0,9,0
41.09,18,2934,402,3,38.21,0,0,6,1
236.73,9,975,151,3,59.48,0,1,4,0
32.86,4,2030,84,4,37.5,0,1,5,0
103.94,6,878,134,1,40.11,0,0,10,0
144.7,23,1538,309,3,15.89,0,0,4,0
26.39,15,2986,354,3,57.28,0,0,3,0
62.83,0,1010,298,3,54.67,0,0,7,0
2.61,11,783,450,4,18.94,0,0,10,0
23.94,1,2301,30,1,54.17,0,0,5,0
51.8,6,2531,9,1,97.31,0,0,3,0
19.15,10,2439,475,0,71.44,0,0,3,0
341.18,12,1136,170,6,48.1,0,1,5,1
15.96,1,2546,290,0,91.61,0,0,8,0
42.95,6,1070,168,1,57.53,0,0,5,0
76.0,14,1687,344,3,13.5,0,0,3,0
281.82,10,1553,497,1,54.75,0,0,4,0
15.87,1,406,145,2,18.1,0,0,4,0
213.4,6,2353,413,1,76.75,0,0,6,0
67.37,3,116,228,1,96.72,0,0,4,0
24.99,10,2917,306,2,36.08,0,0,5,0
105.86,1,963,76,2,43.49,0,0,6,0
81.37,15,2587,223,2,42.15,1,0,5,1
36.59,6,1858,177,2,28.53,0,0,7,0
71.51,12,943,457,2,79.42,1,0,6,0
45.36,4,297,189,2,61.77,0,0,6,0
74.7,16,715,467,4,6.41,0,0,5,0
129.3,20,2053,302,1,83.88,0,0,3,0
325.71,11,1494,46,1,18.71,1,1,5,0
19.34,18,224,382,2,97.92,0,1,4,0
562.86,6,1314,17,2,37.67,0,0,3,0
9.47,5,2789,66,3,61.64,0,0,3,0
57.3,7,1987,360,2,7.78,0,0,4,0
120.1,12,1492,261,1,34.47,0,1,5,0
88.32,4,1834,123,3,80.24,0,1,3,0
35.78,1,353,231,5,47.72,1,0,4,1
54.16,8,203,438,2,90.46,0,0,2,0
40.73,10,167,125,3,57.51,0,0,2,0
36.99,23,474,112,1,92.86,0,0,2,0
155.96,5,2161,272,4,98.26,0,1,4,0
95.3,6,2091,81,3,45.39,0,0,1,0
33.35,6,2696,246,2,56.52,0,0,6,0
163.96,18,1759,347,3,83.49,0,1,9,0
90.68,5,2382,391,2,22.15,0,0,7,0
150.33,10,2748,392,1,86.16,1,0,7,0
125.16,10,601,328,1,59.19,0,0,3,0
29.11,6,2198,215,3,72.55,0,0,6,0
38.08,1,2531,352,4,7.99,0,0,4,0
140.79,18,1064,235,5,76.62,0,0,9,0
122.78,3,893,367,3,31.08,0,0,7,1
65.31,5,72,82,2,80.52,0,0,5,0
74.99,16,1120,294,0,50.92,0,0,2,0
239.29,4,313,310,3,27.46,1,1,4,0
36.91,6,1094,76,3,95.28,0,0,4,0
115.25,8,405,15,3,76.51,0,0,1,0
54.48,0,343,220,1,98.57,1,0,10,0
53.64,0,2843,230,2,36.45,0,0,5,0
200.09,18,420,434,3,64.92,0,0,7,0
152.23,5,2341,440,1,61.16,1,0,4,0
150.43,17,475,479,4,68.76,0,0,6,0
246.04,9,89,372,2,3.83,0,0,2,0
68.1,10,2841,265,2,29.17,0,0,8,0
131.89,0,1110,264,2,90.93,0,1,4,0
48.9,0,1987,110,1,42.38,1,1,3,0
92.22,12,742,403,2,96.06,0,0,4,0
58.55,4,1827,307,1,21.35,0,0,5,0
73.48,19,1573,200,5,99.74,1,0,3,0
120.92,0,1394,226,3,69.76,0,1,4,0
29.42,19,2134,185,1,77.64,0,0,3,0
540.44,2,2566,452,2,39.69,1,0,3,0
24.39,17,1197,31,3,90.7,1,0,7,0
19.8,8,1208,102,3,54.55,0,0,5,0
212.32,13,2519,259,5,68.09,0,0,6,0
147.18,16,1621,99,1,9.48,0,0,9,0
124.48,22,2302,339,0,63.17,0,1,7,0
125.0,13,131,299,0,87.91,0,0,6,0
65.87,3,194,285,4,17.83,0,0,8,1
27.19,4,41,266,0,73.77,0,0,3,0
71.94,20,1007,140,1,2.54,0,0,7,0
33.88,16,1996,302,1,92.62,0,0,5,0
176.82,21,2819,286,2,98.29,0,1,10,1
57.57,1,578,350,1,35.42,1,0,5,0
29.21,22,2367,466,3,10.71,0,0,8,0
48.36,21,1405,216,4,65.86,0,0,11,0
100.78,4,1689,32,2,2.98,0,0,4,0
37.95,3,839,457,3,48.25,0,0,4,0
29.31,3,1629,303,2,27.18,0,1,5,1
85.09,5,1089,88,2,47.33,0,0,4,0
85.2,19,800,63,2,1.83,0,0,5,0
40.17,20,2521,410,2,5.16,0,0,5,0
41.64,12,2735,387,4,1.6,0,0,12,1
84.1,21,2727,279,1,61.91,0,0,4,0
15.67,4,2755,459,1,56.01,0,0,1,0
16.32,22,1003,74,1,23.32,1,0,7,0
32.51,22,87,306,5,64.66,1,0,5,0
53.87,6,2591,420,4,88.42,1,0,3,0
91.0,19,117,124,1,27.73,0,1,3,0
291.59,0,1306,269,2,83.2,0,0,3,0
157.22,13,2821,382,4,66.25,0,0,6,0
56.83,23,2072,285,0,3.38,0,0,7,1
65.43,3,379,422,3,37.51,0,0,6,0
24.47,16,2262,461,3,50.78,0,0,8,0
65.46,20,2014,121,3,73.17,0,0,7,0
49.97,13,1713,346,4,28.71,0,0,4,0
92.09,15,2922,212,2,98.27,0,0,4,0
29.16,13,450,389,2,68.45,1,0,5,0
112.09,15,2916,148,1,37.28,0,0,3,0
308.81,23,236,78,3,9.7,0,0,4,0
59.81,19,2585,365,3,18.14,0,1,2,0
99.65,7,2411,14,2,48.76,0,0,4,0
132.97,23,632,136,2,49.47,0,1,4,0
44.65,2,1034,304,2,76.77,1,0,6,0
83.44,18,1586,397,5,72.62,0,0,12,0
67.53,0,2984,280,3,20.13,0,0,4,0
73.53,1,1653,79,2,59.5,0,0,1,0
30.78,14,1194,243,3,2.06,0,0,2,0
68.34,21,170,193,4,39.85,0,1,7,0
109.73,9,880,470,3,76.41,0,0,3,0
284.62,17,1755,418,1,39.95,0,0,6,0
174.04,21,1184,242,0,83.56,1,0,4,0
574.32,13,453,51,7,97.62,0,0,2,0
30.96,16,1800,232,2,60.72,0,0,6,0
159.54,12,1504,259,4,14.5,0,0,7,1
80.11,0,472,384,0,37.97,0,0,3,0
595.74,4,482,375,1,0.95,0,0,5,0
29.72,12,2614,218,2,60.27,0,0,6,0
28.8,13,89,206,1,82.16,0,1,9,0
36.62,23,1072,314,0,62.99,0,0,6,0
7.97,2,249,489,1,78.61,0,0,6,0
39.42,14,566,381,1,79.99,0,0,3,0
31.21,18,599,456,0,85.1,1,0,4,0
77.51,16,1370,369,2,26.67,0,0,6,0
93.86,2,1894,311,3,87.13,0,0,3,0
435.36,15,1985,375,2,65.41,0,0,4,0
172.5,13,1313,120,8,28.97,0,0,5,1
37.45,11,1149,80,1,98.73,0,0,7,0
27.16,11,2326,42,1,95.02,1,0,6,0
109.06,10,1949,21,5,57.44,0,1,8,0
17.81,16,344,10,2,84.32,1,0,5,0
416.32,7,321,313,1,26.15,0,0,3,0
216.9,16,1086,153,2,41.6,0,0,5,0
41.71,20,2751,312,2,18.4,0,0,3,0
12.02,22,43,294,3,52.01,0,0,4,0
258.24,19,1851,86,3,49.6,0,1,1,0
59.47,10,395,113,1,21.28,0,0,3,1
229.94,1,258,189,1,67.28,0,1,2,0
13.54,9,1144,112,4,11.78,1,0,4,0
36.62,9,1443,175,3,6.17,0,0,4,1
67.04,10,1212,310,2,38.49,1,0,3,0
69.89,5,803,302,3,40.98,1,0,1,0
42.52,3,861,452,3,31.97,0,0,4,0
124.32,23,2931,4,1,25.79,0,0,2,0
22.93,11,385,222,3,33.88,0,1,3,0
57.84,10,733,450,0,16.34,0,0,1,0
75.21,22,1620,221,1,40.35,1,0,5,0
111.55,22,1923,171,3,90.46,0,0,6,0
135.86,12,211,318,0,22.44,0,0,8,0
21.66,4,2502,484,2,68.45,0,0,5,0
14.38,5,1952,213,3,14.18,1,1,3,1
239.29,0,2354,253,4,35.39,0,0,7,0
92.97,5,1341,124,1,32.12,1,0,7,0
31.55,17,502,128,3,93.7,0,0,4,0
314.55,21,347,213,0,42.8,0,0,4,0
74.86,8,1978,112,1,69.05,1,0,5,0
216.87,23,2980,85,1,60.25,1,0,4,0
71.34,14,1875,4,3,14.1,0,0,4,0
523.61,7,801,65,2,93.95,0,0,5,0
385.81,18,1526,318,0,34.59,0,0,4,0
51.99,23,2032,346,2,4.48,0,0,1,0
176.19,15,2374,120,2,30.04,0,0,5,0
127.15,5,951,243,4,33.56,0,0,3,0
262.08,5,2683,386,3,9.27,0,0,6,0
25.41,21,2132,137,5,62.0,0,0,7,0
132.43,2,2996,247,2,34.68,0,1,3,0
192.18,9,68,441,4,62.91,0,0,4,0
11.49,0,2443,45,3,0.67,1,1,5,0
20.42,13,2072,146,5,98.2,0,1,5,0
8.68,3,1264,368,0,17.05,0,0,5,0
50.94,11,2256,176,1,65.93,0,0,5,0
136.67,5,1387,42,2,71.58,0,0,3,0
299.57,10,44,297,2,17.16,0,0,5,0
71.82,11,171,459,1,11.17,0,1,3,0
339.89,9,2856,89,3,15.26,0,0,4,1
16.78,17,904,218,6,24.68,1,0,7,0
12.14,6,480,442,5,16.82,0,1,5,0
63.08,6,2588,228,0,67.4,0,0,5,0
97.91,10,2849,298,2,42.08,1,0,2,0
64.54,3,2909,291,0,53.78,1,0,6,0
8.44,19,1456,422,3,4.73,1,1,2,1
61.0,0,357,67,1,86.12,0,1,1,0
18.09,12,703,251,4,17.06,0,1,4,0
130.28,17,944,41,2,36.02,0,0,5,0
96.22,8,922,99,3,7.19,0,0,6,0
26.05,23,156,306,0,13.68,0,0,8,0
39.89,23,1721,360,2,66.58,0,1,5,0
23.12,8,684,342,2,69.26,0,0,9,0
62.63,22,1449,456,1,67.7,0,0,2,0
173.32,8,2744,79,4,55.21,0,0,3,0
24.89,9,1527,301,1,95.25,0,0,3,0
110.39,1,1289,199,1,50.72,0,0,6,0
39.24,5,695,147,1,44.94,0,0,13,0
30.18,14,1136,488,3,24.75,0,0,4,1
59.92,2,130,106,2,9.88,0,0,6,0
23.68,10,2476,401,0,54.82,0,0,5,0
38.33,5,2407,193,6,31.49,1,0,3,1
20.13,2,51,493,2,52.4,0,0,4,0
475.67,23,38,477,1,20.61,0,0,9,0
69.08,10,975,122,1,83.82,0,1,4,0
33.12,14,1925,77,4,99.97,1,1,2,0
82.6,12,2842,312,4,32.24,0,1,6,0
59.6,19,2010,112,2,84.23,0,0,5,0
53.47,9,2071,349,5,87.3,0,1,5,0
123.24,5,929,297,1,99.61,1,0,9,1
142.24,14,827,170,0,34.27,0,1,6,1
39.23,17,2882,6,4,75.6,0,0,3,0
37.49,17,1518,197,7,22.88,0,0,5,0
50.65,6,1222,98,3,62.48,0,0,6,0
6.67,14,881,459,2,70.48,0,1,4,0
14.66,17,304,329,1,74.11,0,0,3,0
261.62,17,873,230,2,20.72,0,0,0,0
345.49,19,2605,168,1,84.87,0,0,5,0
51.99,8,1047,297,1,42.1,0,1,3,0
118.69,23,2692,265,3,21.64,0,1,7,0
91.04,1,604,8,3,54.25,0,0,4,0
1449.36,7,1192,172,6,86.34,1,0,2,0
204.3,19,1527,442,3,96.71,0,0,7,0
58.68,1,1362,360,1,74.82,0,0,2,0
25.65,10,623,195,4,0.56,0,1,3,0
13.38,6,1882,269,3,13.47,1,0,4,0
81.73,5,1613,19,2,7.63,0,0,6,0
31.3,9,1593,354,7,10.12,0,0,11,1
16.08,4,1602,352,1,38.3,0,0,5,0
34.93,10,1165,49,0,33.85,0,0,6,1
22.61,0,474,464,1,11.37,0,0,9,0
360.37,1,1489,356,2,88.22,1,0,4,0
161.04,23,2987,338,5,61.54,0,1,0,0
66.16,0,1300,462,1,79.65,0,0,6,0
292.93,18,2856,158,2,37.15,1,0,6,0
72.05,1,2452,66,1,41.02,0,0,3,0
28.18,20,2303,461,2,31.76,0,1,8,1
305.86,19,577,347,1,43.84,0,0,4,0
114.31,22,47,59,0,61.04,0,0,7,0
23.64,20,254,309,1,49.3,0,0,7,0
55.13,23,30,308,4,83.79,0,0,6,0
27.78,3,1143,337,0,90.01,0,0,6,0
16.73,11,1639,159,2,46.97,0,0,6,0
168.37,21,403,271,3,23.97,1,0,1,0
450.08,19,1443,121,1,94.52,0,0,6,0
16.47,17,996,254,2,73.5,0,0,5,0
117.09,0,1681,404,3,64.01,0,1,8,0
34.79,0,2065,261,4,74.54,0,1,1,0
40.97,23,2385,135,3,7.6,0,0,2,0
36.88,13,1920,274,5,6.76,0,0,8,0
28.11,3,299,56,1,15.31,0,0,6,0
70.0,4,1796,331,2,14.75,1,0,7,0
29.05,10,2568,96,2,42.07,0,1,6,1
87.4,23,921,114,2,15.74,0,0,3,0
63.42,22,370,475,3,85.45,0,1,2,0
52.51,12,1632,474,2,57.81,0,1,3,0
26.91,15,2773,357,2,36.83,0,0,9,1
37.46,23,228,429,5,6.96,1,0,4,0
141.94,12,2463,28,2,59.1,0,0,2,0
110.05,23,2025,306,2,11.65,1,0,8,0
25.09,21,2050,2,3,74.32,0,0,6,0
73.65,1,2054,212,1,80.28,0,0,4,0
141.37,15,2810,68,3,54.4,0,0,9,0
12.56,5,2980,128,1,14.96,1,1,6,0
114.82,13,841,333,2,78.69,0,1,4,0
34.38,0,1803,24,2,30.78,0,0,4,0
117.99,16,1801,253,2,22.27,0,1,5,0
31.09,10,2851,368,2,47.06,0,0,3,0
10.97,18,1253,230,5,92.26,0,1,6,0
13.1,2,604,488,3,29.74,0,0,4,0
69.97,10,2164,176,0,90.56,0,1,5,0
86.46,4,590,429,1,5.37,0,0,4,0
27.0,16,2666,375,1,8.35,0,0,4,0
126.29,21,1757,221,0,69.86,0,0,2,0
12.66,6,2065,442,2,19.06,0,0,5,0
62.42,9,2863,36,4,31.66,0,0,2,0
19.87,10,2246,2,3,13.64,0,1,5,0
34.75,2,90,383,0,33.22,0,0,7,0
69.92,19,2165,361,1,28.05,0,1,6,0
28.21,9,1354,274,3,73.63,0,0,4,0
45.4,9,1612,177,3,70.2,0,1,0,0
182.42,13,2743,264,2,95.49,0,0,3,0
37.45,11,355,186,1,72.44,0,0,5,0
153.81,14,1896,15,1,69.48,0,0,9,0
21.55,9,2385,489,0,69.42,0,0,3,0
113.27,9,564,401,3,88.3,0,1,7,0
281.9,18,311,279,2,29.62,0,0,4,0
5.63,0,209,194,2,30.01,0,0,6,1
30.06,23,2950,198,3,74.12,0,0,5,0
118.76,9,1072,349,1,22.87,0,0,6,0
54.43,1,316,411,1,91.2,0,0,2,0
96.65,16,1666,421,3,53.48,0,1,5,0
36.45,23,1881,305,3,30.01,0,0,8,0
72.72,6,2525,64,3,77.61,0,0,6,0
57.07,6,2236,290,1,31.23,0,0,9,0
214.39,19,2702,18,0,96.33,1,0,7,0
86.01,8,1856,64,3,98.3,0,0,3,0
93.47,21,1774,362,2,66.68,0,0,2,0
44.17,1,285,330,2,11.36,0,0,8,1
40.95,13,1185,358,3,26.32,0,0,3,0
43.27,16,1411,251,2,51.54,0,0,7,0
98.93,0,2678,428,6,85.14,0,0,6,0
43.77,8,647,17,1,18.49,1,0,2,0
89.1,19,1785,443,3,10.44,1,0,4,0
531.34,20,939,141,3,7.45,0,0,5,0
159.35,18,1890,308,1,50.7,1,0,5,0
48.13,3,192,444,1,88.47,0,0,4,0
221.68,7,1854,496,1,4.24,0,0,5,0
44.34,12,81,426,1,21.23,0,1,5,0
8.69,3,2776,475,3,69.33,0,0,10,0
24.33,8,1686,320,2,82.59,0,0,3,0
10.27,8,1305,245,2,80.74,0,0,3,0
46.92,21,2783,450,0,78.51,0,0,2,0
67.93,17,2326,290,1,12.98,0,0,3,0
356.54,11,1053,351,5,39.72,0,0,0,0
92.47,9,2635,87,0,98.47,0,1,6,1
53.57,10,824,199,2,98.89,0,0,4,0
152.84,6,1536,358,5,60.24,0,0,9,0
7.31,8,2204,448,1,70.93,0,0,6,1
84.4,5,2947,161,1,95.13,0,0,6,0
144.15,18,319,140,2,44.99,0,0,5,0
15.2,15,2575,493,1,13.69,0,0,5,0
209.3,14,2071,76,0,66.89,1,0,4,0
93.55,6,141,19,3,96.01,0,1,4,0
44.02,15,1887,393,0,69.72,0,0,7,0
125.56,4,2812,330,1,80.33,0,0,7,0
645.93,15,2496,401,2,42.27,0,0,1,0
79.99,0,2800,50,2,9.65,0,0,2,0
85.47,18,749,232,0,16.89,0,0,10,0
42.12,4,804,295,3,98.27,0,0,7,0
28.51,6,2320,425,2,49.32,0,1,5,1
152.98,18,2700,394,0,1.2,0,0,5,0
28.33,21,267,12,3,95.54,0,0,8,0
71.63,4,1267,335,3,49.78,0,0,7,0
41.36,16,2466,479,2,83.63,0,0,4,0
107.66,21,1861,15,4,54.85,1,1,7,0
93.1,7,984,28,1,10.17,0,0,5,0
188.21,0,1057,388,2,61.56,0,1,4,0
40.04,1,280,292,3,99.74,0,0,5,0
50.91,14,1128,375,2,3.47,0,1,4,0
25.06,19,151,321,4,84.18,0,0,5,0
42.76,17,911,250,1,23.55,0,0,6,0
97.25,10,283,492,1,39.39,0,1,4,0
142.17,9,2333,98,5,37.27,0,1,6,0
26.52,23,474,303,3,89.88,0,0,9,0
159.11,23,1241,337,2,50.45,0,0,4,0
258.69,3,1329,39,5,44.72,0,0,6,0
100.83,4,297,38,4,81.8,1,0,2,0
435.63,3,885,300,4,4.89,0,0,8,0
30.76,12,2002,179,5,8.65,0,0,2,0
19.21,12,2935,97,3,2.17,1,0,3,0
11.26,17,2237,380,3,68.8,0,0,4,0
297.69,23,1130,469,1,52.56,0,0,5,0
128.3,1,1224,282,5,87.6,0,1,7,0
63.08,15,456,238,8,49.85,1,0,4,0
88.23,0,2842,164,0,22.18,0,0,11,1
21.64,18,2618,453,2,80.51,0,1,2,0
769.51,8,2541,97,0,29.43,1,0,6,0
75.89,2,2906,257,0,93.57,0,0,3,0
74.4,6,731,309,2,25.04,0,0,3,0
137.79,9,2173,262,0,16.77,1,0,5,0
107.88,0,2592,293,2,49.33,0,0,5,0
83.42,9,1361,258,2,5.05,0,0,7,1
30.25,20,416,249,3,3.64,1,1,6,0
106.85,8,1735,245,1,49.6,0,0,4,0
437.91,14,703,251,1,21.51,0,0,3,0
256.06,14,504,123,0,0.94,0,0,7,0
328.06,2,957,325,4,29.61,0,0,3,0
40.0,4,32,474,1,47.74,0,0,3,0
24.79,8,1138,169,1,39.43,0,0,4,0
58.8,21,1708,435,2,13.55,0,1,5,1
70.51,8,567,175,0,57.97,0,0,5,0
199.18,22,1626,269,2,71.03,0,0,8,0
12.27,6,950,204,2,67.55,0,0,10,0
307.83,23,1255,325,2,39.38,1,0,6,0
56.94,22,2912,66,0,13.76,0,0,7,1
43.52,11,2948,315,4,49.95,0,0,5,0
24.24,8,1666,324,5,89.04,0,1,5,0
12.75,5,87,59,2,46.87,0,0,2,0
151.89,22,1355,219,1,19.57,0,0,1,0
71.76,1,816,498,1,9.31,0,0,5,0
18.36,8,1051,373,2,94.39,0,0,4,0
18.26,16,777,266,1,74.3,0,0,0,0
47.67,0,463,141,2,31.3,0,1,4,0
353.9,18,2985,236,3,29.54,0,1,5,0
51.44,5,2334,386,2,89.52,0,1,6,0
14.83,4,1457,218,2,17.76,0,0,4,0
52.16,1,1509,15,1,53.5,0,0,7,0
50.77,8,1060,302,5,71.35,0,1,3,0
4.5,13,2571,441,0,39.64,0,0,4,0
63.16,3,1898,138,3,3.99,0,0,4,0
52.94,3,2521,406,0,22.78,0,0,8,0
133.78,20,2864,232,2,90.18,0,1,3,0
423.67,14,2881,89,3,52.31,0,0,5,1
205.73,7,372,463,2,81.54,0,0,7,0
50.96,3,2808,77,2,55.57,0,1,5,0
22.05,15,534,136,2,94.36,0,0,5,0
874.24,20,1227,405,3,90.91,0,0,6,0
70.75,3,1495,469,2,48.29,0,0,4,0
67.62,15,2113,406,0,31.83,0,0,5,0
65.1,21,1263,110,1,60.17,0,0,8,0
81.3,11,2546,353,4,67.49,0,0,5,0
57.72,15,1865,301,2,49.84,0,0,2,0
37.57,18,731,91,2,82.23,0,0,7,0
38.6,7,1993,424,1,18.33,0,1,3,0
64.54,5,1217,370,1,33.44,0,0,4,1
38.73,9,1458,406,2,68.64,0,1,4,0
32.69,4,1408,414,1,24.67,0,0,3,0
74.18,17,2098,190,1,43.98,1,0,7,0
51.68,9,1517,73,3,96.37,0,0,5,0
300.06,9,1013,173,3,62.59,1,0,1,0
4.71,6,2317,35,1,94.91,0,0,3,0
198.64,17,2498,210,3,72.24,0,0,5,0
231.85,0,935,298,3,72.47,0,1,7,1
8.39,6,865,133,2,59.19,0,0,6,0
47.34,20,93,283,1,14.22,0,1,1,0
46.0,0,2103,198,3,51.97,0,0,2,0
16.32,14,2497,446,2,25.27,0,0,2,1
30.64,3,1552,32,2,99.87,0,0,4,0
21.96,19,995,136,2,26.7,0,0,4,0
384.63,9,1878,248,3,23.07,0,0,12,0
169.98,22,145,359,1,62.39,0,0,3,0
237.83,8,1216,341,3,51.09,1,0,4,0
137.23,1,1742,146,1,2.14,0,0,9,0
21.56,13,1205,334,5,12.95,0,1,6,0
39.47,15,918,143,2,81.1,0,0,4,0
108.79,0,2918,234,1,48.37,0,0,5,0
19.65,1,2845,410,2,14.6,0,0,0,1
136.05,6,599,437,2,46.52,0,1,9,0
52.44,9,1961,44,1,25.31,1,0,4,1
45.84,21,965,32,0,22.36,0,0,3,0
135.77,19,2747,231,2,95.77,0,0,4,0
103.99,0,2596,28,3,36.2,0,0,9,0
46.48,12,1153,423,1,4.64,0,0,6,0
212.58,0,1341,491,2,97.03,0,0,5,0
22.62,4,2765,160,4,79.48,0,0,4,0
123.46,15,1563,333,2,25.44,0,0,5,0
120.68,14,2352,207,2,40.89,0,0,5,0
48.93,16,1816,18,2,86.23,0,0,6,0
92.4,22,2110,103,2,35.74,1,0,3,0
19.08,15,815,70,3,56.74,0,0,4,0
168.01,12,1465,119,2,53.49,0,0,1,0
55.43,10,61,139,1,40.13,0,0,2,0
39.54,16,2785,160,2,63.95,0,0,4,0
190.38,16,81,232,2,47.33,1,0,4,0
32.97,1,37,148,1,2.12,0,0,6,0
16.31,12,478,353,2,81.44,1,0,3,0
14.06,13,773,424,0,11.32,0,0,6,0
122.24,10,2943,392,4,46.41,0,0,5,0
18.53,9,2969,243,3,57.99,0,0,0,0
385.6,2,2604,35,2,70.55,1,1,3,0
8.32,16,1434,325,5,41.08,0,0,3,0
363.75,14,2258,382,4,73.55,1,0,8,0
82.35,8,829,355,2,13.14,0,0,5,0
60.54,9,1499,239,1,65.34,0,1,6,0
38.67,7,1685,334,0,82.63,0,1,5,0
99.4,20,569,149,0,88.94,0,0,2,0
64.22,12,388,111,2,57.96,0,0,7,0
201.0,17,1928,408,0,31.29,0,0,4,0
74.76,4,1085,17,4,16.34,0,0,6,0
77.5,5,88,402,1,34.56,0,0,6,0
46.36,16,1418,226,2,54.0,0,0,6,0
62.99,10,843,140,3,19.63,0,0,6,0
90.72,19,1041,144,2,95.25,0,0,5,0
12.06,15,2082,260,5,89.71,0,0,5,0
17.32,8,459,217,1,3.3,0,0,7,0
140.23,1,2825,162,0,56.2,0,1,5,0
79.11,4,2812,92,3,78.93,0,0,7,0
55.48,0,2002,174,2,24.54,0,0,5,0
67.93,3,1494,331,3,52.39,0,1,7,0
94.4,3,2255,205,2,40.6,0,0,7,0
38.87,21,1752,415,0,19.65,0,0,4,0
30.62,2,1980,153,2,61.47,0,0,7,0
81.11,8,2494,103,1,99.37,0,0,3,0
25.07,21,1560,202,3,36.53,0,0,5,0
100.31,22,699,280,3,55.24,0,1,11,0
12.15,11,2000,65,1,32.79,1,0,4,0
186.64,9,1411,117,0,87.69,0,0,4,0
106.98,1,596,153,3,86.46,0,1,6,0
86.14,10,2161,156,1,17.88,0,0,4,0
178.16,9,1839,164,6,89.99,0,0,5,0
352.65,21,1995,82,2,15.15,0,0,7,0
183.9,5,636,6,1,9.54,0,0,4,1
10.58,17,2041,322,2,65.29,0,0,3,0
18.55,1,2515,67,2,38.59,0,0,7,0
35.7,1,373,238,0,53.07,1,0,2,0
68.45,9,2192,72,3,65.26,1,0,1,0
111.91,15,383,95,1,5.28,0,1,2,0
32.27,11,2096,304,2,29.3,0,0,3,0
80.38,0,1997,467,2,46.09,0,0,2,0
31.33,20,2876,498,3,26.66,0,0,8,0
36.18,7,2104,326,1,4.9,0,1,2,0
16.34,15,2093,78,1,8.67,0,0,7,0
26.49,17,2152,67,2,80.17,0,0,2,0
17.26,12,1394,176,1,91.14,0,1,5,0
25.13,14,1558,321,3,15.22,0,1,4,0
191.26,20,1179,172,1,24.93,0,0,3,0
25.81,11,1950,478,4,65.22,1,0,0,0
927.4,7,377,255,0,95.43,1,1,2,0
109.21,9,74,63,2,29.96,0,1,4,0
80.23,13,763,302,5,85.52,0,0,6,0
28.27,4,1553,403,3,50.6,0,0,5,0
134.33,17,2045,246,3,95.66,0,0,5,0
37.5,18,2873,192,2,13.63,1,0,3,0
75.34,14,1886,467,4,97.37,0,0,5,0
862.72,5,1588,329,3,44.1,0,0,5,0
60.58,10,765,71,0,95.29,0,0,8,0
210.46,20,2238,366,1,45.87,0,0,4,0
33.01,10,1534,229,6,53.01,0,0,4,0
64.39,19,606,434,4,80.48,1,0,4,0
391.82,19,2844,63,5,72.26,0,0,7,0
35.62,20,2684,297,3,61.96,0,0,8,1
408.48,17,1844,245,3,41.7,1,1,10,0
135.33,17,2673,7,0,79.24,0,0,6,0
38.0,9,1405,393,2,94.82,1,0,3,1
125.51,1,1596,260,2,0.98,0,0,5,1
176.36,8,121,89,3,58.78,1,0,4,0
124.19,13,462,177,1,86.6,0,0,2,0
13.87,18,2813,204,5,65.31,1,0,4,0
32.23,9,2641,134,7,80.08,0,0,2,0
52.06,22,2196,82,3,89.51,0,0,6,0
61.9,3,1881,488,2,75.1,0,0,6,0
124.05,5,2288,21,4,71.7,0,0,4,0
79.65,13,1272,399,1,96.47,0,0,3,0
17.54,3,262,128,0,86.37,1,1,6,0
97.53,14,2014,195,2,81.54,0,0,7,0
122.8,15,1469,194,2,8.64,0,0,8,0
116.72,6,1952,184,0,23.9,0,1,2,0
196.52,16,2618,247,2,55.68,0,0,4,0
153.53,18,1336,361,0,70.96,0,0,1,0
105.55,18,2129,360,1,30.32,1,1,3,0
62.17,16,1867,324,0,9.33,0,0,5,0
12.67,5,2279,160,2,31.11,0,0,5,0
102.47,10,1110,194,1,77.1,0,1,6,1
82.08,15,71,110,1,87.74,0,0,4,0
87.49,7,1504,413,0,91.29,0,0,5,0
18.6,10,1190,66,0,37.89,0,1,5,0
22.62,6,815,418,1,37.25,0,0,7,0
191.17,23,2182,254,0,40.67,0,0,2,0
64.1,21,2798,283,7,37.58,1,0,6,0
131.83,18,1885,60,1,66.62,0,0,4,0
68.6,9,2218,118,4,35.83,0,0,4,0
68.7,8,550,423,2,2.03,0,0,3,0
170.42,3,635,44,4,43.9,0,0,4,0
39.8,22,1624,486,2,22.42,0,0,11,0
73.41,14,115,210,2,2.88,0,0,3,0
42.0,12,1164,36,2,47.08,1,0,2,0
43.19,1,1718,19,4,20.6,1,1,5,0
48.95,1,2833,91,1,45.27,0,0,2,0
83.27,15,1918,301,2,27.77,0,0,5,0
41.32,8,2059,212,3,60.37,0,1,9,0
234.1,12,2290,405,5,99.09,1,0,7,0
27.26,2,378,407,1,54.72,0,0,6,0
55.32,8,1284,222,2,64.69,0,0,11,0
42.96,12,955,217,0,91.93,0,0,2,0
283.43,20,2237,223,3,37.4,0,0,7,0
81.17,21,302,411,3,16.65,0,0,6,0
187.14,1,593,98,0,28.28,0,0,5,1
15.1,7,2852,456,1,40.28,0,0,4,0
87.1,8,2232,19,0,64.5,0,0,7,0
162.33,15,2180,297,0,0.46,0,0,5,0
72.41,1,2284,26,1,85.34,0,0,4,1
193.54,5,2501,28,3,7.61,1,0,3,0
39.75,21,2485,64,2,90.07,0,1,7,0
272.97,7,774,324,5,94.94,0,0,9,0
664.41,4,2689,223,2,99.01,0,0,2,0
46.39,8,2122,80,2,80.95,1,0,7,0
42.71,0,1314,51,2,14.19,0,0,3,1
285.26,8,1424,458,1,70.62,1,0,6,0
323.62,9,437,102,2,20.33,0,0,6,0
39.53,22,2675,176,1,89.71,0,0,3,0
43.81,3,2982,10,0,31.66,1,0,11,0
50.31,2,2024,237,4,32.68,0,0,6,0
17.38,9,2869,457,1,91.77,0,1,6,0
26.61,14,116,423,3,1.32,0,0,4,1
24.43,10,668,100,1,19.4,0,0,4,0
30.94,13,1192,499,2,42.19,0,0,5,0
64.41,5,2322,378,2,70.07,0,0,4,0
84.29,11,1235,228,1,64.76,0,0,7,0
314.35,12,164,403,2,66.94,0,0,6,0
24.57,16,905,64,0,88.0,0,0,11,0
178.45,15,1531,380,2,12.1,1,0,1,0
53.84,2,1630,19,1,52.22,0,0,4,0
63.47,1,1002,332,1,72.55,1,0,8,0
130.95,10,2302,318,0,63.61,0,0,1,0
21.7,8,1333,141,3,44.83,0,0,3,0
97.75,2,1395,25,1,1.71,0,1,17,1
78.76,17,2443,228,2,6.05,0,0,5,0
109.12,19,2816,89,1,11.89,0,0,5,0
89.05,14,2471,92,5,34.32,0,1,10,0
776.89,13,1311,42,1,11.77,0,0,5,0
35.24,1,2772,373,4,42.61,0,0,6,0
39.21,16,768,295,1,17.86,0,0,2,0
35.76,21,756,414,0,77.92,0,0,3,0
38.26,7,602,389,3,87.15,0,0,3,0
35.26,9,1558,81,3,38.96,0,0,10,0
218.99,17,2896,402,2,51.13,0,0,5,0
276.03,18,25,107,3,95.35,1,1,6,1
37.68,7,1002,111,2,53.55,1,0,5,0
29.01,7,1078,277,2,99.51,0,0,1,0
106.85,2,1354,214,1,14.21,0,0,2,0
38.39,2,2708,231,2,86.22,0,0,6,0
125.58,11,2205,306,3,49.72,0,0,10,0
81.69,21,2412,121,1,2.27,1,0,5,0
14.65,16,712,134,2,97.22,0,0,6,0
313.41,3,622,306,2,96.5,0,0,3,0
401.77,16,114,208,2,38.33,0,1,3,0
36.13,13,1507,450,2,95.41,0,1,2,0
45.25,18,405,371,1,14.1,0,0,2,0
88.75,8,2663,257,2,68.01,0,0,3,0
93.17,20,2020,185,0,19.19,0,0,8,0
128.84,11,860,286,3,24.66,0,1,9,0
497.8,4,1998,442,3,77.93,0,0,3,0
55.87,10,451,363,1,37.74,0,0,4,1
30.02,19,1678,180,3,0.71,0,0,8,0
16.79,2,882,421,6,41.42,0,0,6,0
32.11,20,676,48,4,22.81,0,1,7,0
64.51,14,1061,87,1,68.33,0,0,6,0
401.24,13,2851,385,1,19.44,0,0,4,0
39.74,10,2532,19,0,84.23,0,0,3,0
83.41,19,637,46,0,26.71,0,0,6,0
65.6,7,1438,451,2,39.3,0,0,6,0
218.85,3,2559,386,1,29.8,0,1,6,0
834.58,11,357,56,2,64.39,0,1,5,0
39.22,7,1273,229,5,10.12,0,1,7,0
40.88,5,1027,145,5,47.81,0,0,4,0
189.46,14,579,92,2,33.45,0,0,8,0
131.88,11,2752,82,3,88.41,0,0,1,0
422.72,15,2083,225,2,7.34,0,0,8,0
119.57,15,1962,79,2,82.97,0,0,8,0
46.56,20,2274,150,0,16.77,0,0,8,0
120.38,19,1361,361,2,8.86,0,1,3,1
202.09,19,2894,283,1,20.23,0,0,5,0
151.48,3,2831,311,4,10.27,0,0,3,0
110.75,10,679,485,0,52.1,0,0,3,0
193.77,12,727,160,4,98.82,0,1,11,0
214.71,8,2367,316,6,3.43,0,1,4,0
265.64,3,2656,365,3,46.11,0,0,5,0
127.58,11,276,467,2,38.61,0,0,4,0
56.42,8,1448,156,2,33.96,0,0,5,0
77.22,12,2703,156,1,33.19,0,0,8,0
222.85,15,1366,376,2,89.5,0,1,3,0
29.46,5,1032,202,2,1.9,0,0,7,0
96.42,9,2047,468,2,77.49,0,0,3,1
45.0,12,2507,409,2,25.29,0,0,2,0
68.63,6,574,341,3,38.33,0,0,5,0
239.48,18,1280,462,2,42.01,1,0,3,0
80.73,23,1069,342,1,30.47,1,1,8,0
69.86,18,1434,117,2,9.36,0,0,4,0
17.12,16,37,154,2,11.43,0,0,4,0
140.65,12,229,364,3,29.81,0,0,8,0
127.16,12,415,331,2,82.18,0,1,2,0
580.13,20,1647,119,3,13.46,0,0,8,1
49.02,1,1808,199,1,74.26,0,0,9,0
83.03,9,2328,401,3,28.89,0,0,3,0
85.57,21,1769,466,3,88.35,0,0,6,0
322.94,12,1684,263,4,42.83,0,0,5,0
60.62,8,801,184,3,17.17,0,0,7,0
88.15,0,972,448,2,98.58,0,0,4,0
122.47,13,1319,148,1,17.66,0,0,3,0
80.37,15,843,166,5,56.76,1,1,5,0
42.67,19,326,75,0,56.93,0,0,6,0
80.97,14,1330,236,0,37.28,0,0,5,0
195.12,0,2395,314,3,95.15,0,0,4,0
23.89,16,1340,272,4,84.39,0,0,4,0
76.17,23,360,179,2,82.98,0,0,6,0
33.11,12,520,283,5,97.42,0,0,1,0
220.31,14,2582,51,1,45.71,0,0,3,0
14.54,15,501,75,0,9.72,1,0,8,0
38.13,15,1941,144,3,76.55,1,1,3,0
97.24,1,1627,343,2,38.08,0,1,4,0
319.11,16,2066,188,2,19.03,1,0,4,0
62.44,10,1530,123,1,48.32,0,1,7,0
38.28,7,1593,332,2,92.57,0,0,12,0
437.54,19,2618,251,2,17.14,0,0,2,0
15.67,2,2497,296,5,84.87,0,0,6,0
7.4,11,1585,323,3,41.82,0,1,8,0
103.55,19,2849,130,0,13.68,1,0,2,1
40.36,15,1771,252,4,84.84,0,0,2,0
24.02,13,2001,358,1,96.96,1,0,6,0
135.42,15,1278,432,5,29.13,0,0,1,0
85.1,20,2090,180,1,30.35,0,0,5,0
37.94,16,1056,408,5,39.05,0,0,5,0
18.54,10,2902,349,1,81.41,1,0,4,0
159.57,16,2623,495,1,1.04,0,0,3,1
127.77,18,58,110,3,22.4,0,0,4,0
60.39,21,471,482,1,70.59,0,0,6,0
422.69,0,2647,468,1,40.56,0,0,7,0
22.87,11,345,338,2,33.03,0,0,3,0
14.5,14,1391,78,3,87.23,0,0,6,0
33.38,17,1155,466,1,91.73,0,0,4,0
63.71,22,368,2,4,94.8,0,0,5,0
85.06,13,2403,321,0,27.26,0,1,8,0
52.39,0,202,276,2,91.25,0,0,8,0
94.83,12,1449,290,1,73.7,1,0,10,0
19.08,14,1410,297,2,15.42,0,1,8,0
282.52,6,765,169,2,61.03,0,0,7,0
61.43,14,1694,240,2,2.63,0,0,4,1
203.83,19,2535,459,3,70.84,1,1,2,1
93.95,9,837,475,3,73.36,0,0,5,0
105.29,13,899,23,3,78.93,0,0,10,0
117.89,5,662,294,2,17.25,1,0,6,1
104.35,13,2465,172,4,62.82,0,0,7,0
126.81,23,2343,323,3,17.89,0,0,3,1
251.93,21,1931,318,6,94.67,0,0,10,0
81.17,11,860,396,3,67.5,0,0,6,0
135.5,10,120,286,1,9.53,0,1,3,0
60.96,19,629,479,2,18.7,0,0,7,0
281.5,21,802,343,7,66.35,0,1,3,0
33.91,23,2107,193,2,47.67,0,0,7,0
403.81,18,1167,169,1,73.63,0,0,6,0
64.06,1,597,404,5,28.08,0,1,2,0
15.95,21,2653,118,3,65.79,0,0,7,0
75.8,19,2727,6,5,17.7,0,0,4,0
33.75,0,1319,331,2,54.37,0,0,0,0
154.57,7,1967,483,0,95.78,0,0,4,0
34.72,13,2371,132,0,62.82,0,0,6,0
42.68,8,2663,93,1,5.0,1,0,9,0
10.08,1,306,251,2,98.88,0,1,2,0
42.42,22,1639,10,3,15.69,0,0,8,0
5.91,4,578,51,2,71.81,0,0,2,0
13.68,22,1197,349,2,53.25,0,0,8,0
142.65,7,841,294,3,29.44,0,0,6,0
146.32,15,619,129,1,17.73,0,1,5,0
102.05,21,25,488,7,17.77,0,1,5,0
25.36,15,1379,392,2,85.84,1,0,2,0
63.58,12,81,249,6,87.29,0,0,7,0
66.45,19,279,102,1,46.51,0,1,3,1
20.94,14,296,337,0,10.36,0,0,6,0
299.88,0,75,83,1,88.42,0,0,4,0
160.35,21,889,191,6,48.7,0,0,2,0
53.47,2,77,417,2,43.88,0,1,3,0
68.5,5,1226,143,2,40.74,0,0,5,0
82.14,21,1412,237,1,36.5,0,0,9,0
8.66,13,983,287,1,52.6,0,0,5,0
52.08,3,517,277,1,60.45,0,0,6,0
33.72,17,2894,387,1,46.64,0,1,7,0
24.49,14,1135,382,2,89.66,0,0,4,0
50.35,8,895,450,2,31.77,0,0,10,1
402.5,17,2851,291,2,57.83,0,0,5,0
126.58,2,2479,169,0,30.0,0,0,10,0
37.67,9,1997,443,1,75.34,0,0,7,0
118.22,16,784,144,4,10.21,0,0,2,0
270.25,6,2535,184,5,18.87,1,0,3,1
168.11,14,935,45,2,80.12,0,0,5,0
70.78,0,129,243,4,18.32,0,1,2,0
34.92,10,1948,315,0,62.57,0,1,1,0
134.05,16,497,434,3,97.02,0,0,3,0
98.84,4,2135,469,6,52.29,0,0,7,0
163.24,6,450,268,0,18.74,0,0,8,0
125.86,18,471,476,6,32.07,0,0,9,0
190.48,23,621,253,2,82.35,0,0,4,0
39.05,14,1327,396,3,35.17,0,0,0,0
248.99,2,1669,289,3,72.35,0,1,5,1
81.26,14,926,212,0,77.74,0,0,2,0
531.26,4,2666,488,1,50.12,0,1,7,0
33.48,22,15,177,1,78.32,1,0,4,0
378.4,11,690,21,1,31.69,0,0,2,0
81.28,19,2952,316,2,51.62,0,0,3,0
34.76,4,2328,52,6,68.66,0,0,5,0
41.1,2,1653,438,2,16.81,0,1,5,0
48.41,8,2868,423,3,27.36,0,1,4,0
101.92,8,2616,233,2,65.2,0,1,6,0
112.49,6,108,433,7,65.54,0,0,8,0
37.57,1,535,123,3,49.33,1,0,5,0
65.08,22,2251,362,1,79.56,0,0,7,0
568.08,22,1190,448,2,48.21,1,1,1,0
375.23,20,1699,100,2,88.13,0,0,5,0
103.16,15,1148,214,2,73.59,1,0,2,0
69.27,8,405,410,1,31.47,0,0,4,0
75.19,12,779,327,1,39.53,1,1,5,1
123.16,18,1836,135,1,66.77,0,0,4,0
23.98,19,1555,456,1,89.45,0,0,5,0
51.55,16,2937,318,2,17.87,0,0,4,0
12.57,5,2802,218,2,51.47,0,1,5,0
99.41,3,692,88,2,11.88,0,0,8,0
127.38,0,1566,280,0,27.95,0,0,3,0
41.13,17,24,40,2,68.6,0,0,5,0
321.82,18,2425,240,5,7.77,1,1,9,0
19.57,8,2695,332,2,66.24,0,1,8,1
15.42,12,2910,431,2,90.08,1,1,8,0
83.47,7,1246,136,2,96.94,1,0,2,0
190.01,22,2757,182,2,21.66,0,0,10,0
359.22,12,14,265,2,74.89,0,1,1,1
42.14,14,2288,259,4,92.64,0,1,0,0
196.11,10,1918,182,4,9.14,0,0,5,0
64.17,11,1435,21,3,41.4,0,0,1,0
56.11,13,1617,351,2,91.94,0,0,6,0
161.36,3,2643,432,1,20.28,0,0,6,0
128.04,0,178,431,1,93.38,0,0,1,0
13.79,23,2818,472,2,52.72,0,0,7,0
291.94,3,801,196,3,9.99,0,0,5,0
265.1,18,1009,212,2,44.99,1,1,5,0
35.67,8,161,447,2,32.63,0,0,6,0
99.07,9,2281,16,2,28.22,0,0,2,0
109.29,3,513,202,4,54.15,0,0,2,0
86.55,19,1583,363,4,48.36,0,0,4,0
38.46,8,2101,218,4,48.2,0,0,9,0
34.07,12,2754,93,4,8.81,0,0,5,0
65.0,11,513,133,1,80.23,0,0,4,0
215.45,10,2987,139,1,48.14,1,1,6,1
114.85,11,852,157,0,82.09,1,0,5,0
46.03,17,360,493,1,82.46,0,0,10,0
144.27,11,2080,335,2,31.71,0,1,6,0
3.86,15,1669,70,4,0.43,0,0,11,0
210.35,4,607,304,2,91.12,0,1,7,0
11.71,19,1076,15,2,76.07,0,0,1,0
46.41,11,2523,235,4,10.73,0,0,7,0
21.77,20,49,212,1,70.17,0,0,3,0
18.27,10,2360,290,1,2.0,1,0,3,0
212.9,8,184,60,3,2.78,0,0,2,0
41.78,17,1008,252,1,52.58,0,0,5,0
94.3,2,1494,446,2,9.6,0,0,6,1
63.63,19,2678,2,1,96.43,0,1,3,0
107.45,16,1226,236,0,89.38,1,1,9,0
72.01,13,2301,336,4,64.98,1,0,2,0
18.49,0,845,19,1,6.37,0,0,3,0
180.6,16,2337,482,2,32.48,0,0,3,0
40.7,7,1069,49,0,37.17,0,0,4,0
14.06,4,2614,78,1,48.09,0,1,5,0
43.46,4,907,472,1,16.89,1,0,3,0
299.09,8,1573,28,0,57.75,0,0,5,1
156.06,2,1056,48,0,43.58,0,0,4,0
47.06,18,2776,96,4,94.73,0,0,5,0
47.03,22,941,165,1,93.62,0,1,3,0
48.35,8,2148,458,0,56.55,0,0,4,0
532.06,21,2447,433,0,64.43,0,0,7,0
97.7,17,2607,365,4,13.78,0,0,7,0
102.52,15,2988,176,4,22.33,0,0,4,0
186.85,0,1261,73,2,90.07,0,0,4,0
84.67,1,1235,472,2,69.92,1,1,7,0
51.47,13,1383,356,1,18.94,0,0,7,0
54.8,13,1071,29,1,57.02,0,0,5,0
62.08,0,2790,444,1,93.48,0,0,3,0
64.25,15,509,157,5,34.52,1,0,2,0
138.05,14,1732,314,0,18.58,0,1,4,0
70.24,14,2928,304,5,94.2,0,0,1,0
138.75,11,2574,279,1,46.13,0,0,6,0
61.52,15,2125,283,1,41.72,0,0,5,0
72.14,13,1773,479,0,26.76,0,0,8,0
9.04,23,2180,491,1,89.16,0,1,10,0
166.72,14,1718,7,2,84.56,1,0,4,0
94.3,22,345,305,2,40.3,0,0,5,0
180.91,14,1186,182,0,3.06,0,0,3,0
3.68,18,788,109,3,44.67,0,0,5,0
538.28,7,1195,324,3,18.09,0,0,4,0
58.0,1,1943,206,3,14.27,0,1,6,1
201.98,1,1476,234,1,39.31,0,0,8,0
23.57,9,2480,426,1,9.91,0,0,2,1
123.07,2,1571,458,2,95.75,1,0,5,0
23.26,22,948,187,0,4.75,0,0,9,0
35.74,16,813,428,2,40.14,0,0,9,0
452.16,7,1945,482,2,16.27,0,1,10,0
55.11,22,643,410,1,68.88,0,0,7,0
82.88,3,1263,407,0,7.88,0,0,3,0
159.19,13,1092,329,3,54.68,0,1,3,0
109.47,20,2153,357,2,77.31,1,0,7,0
77.51,9,1295,8,1,95.01,0,0,3,0
96.06,0,363,53,1,69.85,0,0,10,0
737.61,3,1169,398,1,9.95,0,0,5,1
62.95,0,1895,199,0,8.85,0,0,5,0
81.54,16,1828,391,3,73.16,1,0,5,0
190.69,16,976,137,3,21.53,0,0,4,0
201.45,6,2980,259,2,44.72,0,0,4,0
218.55,22,2530,334,2,97.66,1,0,5,1
126.31,19,2487,401,1,81.99,0,0,6,0
21.26,14,2594,498,6,84.66,0,1,7,0
341.53,12,1179,172,1,86.08,0,0,3,0
21.19,1,1557,86,3,61.95,0,0,5,0
90.25,18,2144,46,1,74.39,0,0,4,0
31.37,23,118,346,2,35.9,0,0,6,0
62.54,12,1378,186,1,99.84,1,0,3,0
92.64,23,1767,156,0,27.96,0,0,2,0
91.96,10,1003,493,2,59.0,0,1,8,0
101.69,21,1527,398,1,28.21,0,0,3,0
334.86,14,1366,9,2,11.21,0,0,8,0
104.96,9,831,115,1,56.76,0,0,4,0
52.24,8,946,154,3,35.33,0,0,3,1
174.88,8,2706,130,1,58.32,0,0,3,0
219.09,19,200,331,2,55.87,0,0,7,0
19.54,0,2006,81,3,54.23,0,0,1,0
121.19,16,942,384,6,12.33,1,0,6,0
134.45,11,151,290,4,44.02,0,0,7,0
49.52,9,1902,147,2,81.2,0,0,6,0
263.94,4,2897,295,2,31.51,0,1,6,0
57.39,17,2225,466,0,44.38,0,1,1,0
75.61,14,575,269,2,49.38,0,0,5,0
56.09,5,1292,133,4,86.27,0,0,0,0
67.73,6,1472,50,1,65.56,0,0,5,0
22.28,16,1144,23,2,10.02,0,0,5,1
15.8,5,753,378,1,86.52,0,0,5,0
328.49,7,682,376,3,83.21,0,1,9,1
28.59,11,2921,88,4,75.36,0,0,8,0
24.74,20,2896,413,1,46.61,0,0,3,0
7.74,13,540,112,1,75.75,0,1,3,0
35.2,11,1323,111,2,47.87,1,1,8,0
17.76,22,571,72,3,73.66,0,0,8,0
344.47,9,1543,154,1,88.01,0,0,8,0
183.06,21,2232,463,3,89.05,0,0,3,0
33.51,19,311,57,5,45.46,0,0,0,0
634.25,14,194,257,4,85.93,0,0,5,1
178.0,6,519,156,1,10.15,1,0,5,0
48.19,8,2876,113,2,10.18,0,0,3,0
5.48,9,1343,318,1,54.83,0,1,9,0
659.14,9,1379,47,2,65.18,1,0,11,0
16.62,15,2213,238,1,15.3,1,0,2,0
12.87,6,2844,334,1,47.22,0,0,5,0
185.41,4,804,106,5,9.44,0,1,8,0
764.91,22,2489,482,1,60.21,0,0,4,0
266.21,2,1533,187,3,85.51,1,0,1,0
117.2,17,770,159,3,73.76,0,0,6,1
120.87,10,2204,198,4,37.83,1,1,9,0
156.56,14,2538,382,7,99.38,0,0,6,0
142.44,20,444,177,2,66.29,0,1,4,0
88.34,19,1552,261,4,81.52,0,0,6,0
74.01,4,2048,287,2,66.97,0,0,5,0
62.64,23,1716,293,2,98.94,1,0,5,0
31.38,11,78,335,2,82.14,0,0,4,0
50.37,3,1639,143,1,51.94,0,0,7,0
12.27,14,1914,308,1,36.69,0,1,4,0
60.44,8,2932,491,6,68.22,0,0,2,0
24.81,6,2243,197,2,59.02,0,0,4,0
22.12,9,2961,476,1,62.94,1,0,5,0
79.83,22,2739,225,1,34.3,0,0,2,0
268.27,12,2261,395,6,42.87,0,0,1,0
167.05,7,563,43,4,55.81,0,1,6,0
13.87,11,2070,454,2,83.93,0,0,9,0
24.79,21,2723,151,1,76.29,0,0,7,0
170.85,23,1307,296,2,11.87,1,0,6,1
24.97,18,2108,63,0,24.56,0,0,6,0
53.27,0,509,130,0,2.67,0,1,5,0
115.59,15,2426,255,5,0.8,0,1,5,0
25.32,21,2781,463,0,22.44,0,0,5,0
74.1,16,2414,343,0,79.93,0,0,3,0
17.57,17,2904,214,4,90.47,0,1,3,0
36.55,10,1539,73,1,39.18,0,0,8,0
91.82,17,2313,431,2,56.32,0,1,5,0
13.56,6,1521,104,3,70.61,0,0,4,0
103.59,17,288,158,3,95.29,0,0,2,0
65.39,7,1092,272,2,91.29,0,0,4,0
115.87,5,455,315,5,5.72,0,0,10,1
83.42,6,2170,238,3,24.82,0,1,1,0
260.9,22,845,303,0,4.91,0,0,5,0
75.58,21,764,372,5,61.65,0,0,2,0
43.41,9,1855,158,2,71.05,0,1,3,0
75.36,10,1602,109,3,30.83,0,0,4,0
114.81,12,1522,9,1,85.39,0,0,4,0
70.03,8,1440,321,2,45.28,1,0,8,0
69.45,6,2424,59,0,99.84,0,0,3,0
33.05,8,1093,358,2,0.04,0,0,2,0
34.37,12,2386,192,1,10.95,0,0,5,0
16.4,2,2785,136,2,30.18,0,0,4,0
383.59,2,1600,251,3,2.55,0,0,5,0
19.22,0,1918,379,2,78.23,0,0,6,0
33.35,20,2777,436,2,5.28,0,0,4,0
32.51,19,2241,146,1,74.9,0,0,6,0
163.19,1,1032,347,2,5.26,0,0,6,0
49.65,2,2368,466,2,25.27,0,0,1,0
232.23,14,1571,352,4,84.13,1,0,2,0
34.01,23,186,58,1,95.11,0,0,2,0
88.15,5,856,177,3,41.45,0,1,3,0
28.92,12,1258,288,1,96.99,0,0,5,0
569.72,20,1610,245,2,62.69,1,0,7,0
20.34,0,1614,48,2,41.58,0,0,1,0
90.91,19,1985,301,0,80.28,0,0,3,0
125.68,18,2066,438,1,29.53,0,1,3,0
100.87,0,245,356,3,26.58,0,0,5,0
55.41,20,719,100,3,65.65,0,0,7,0
58.57,21,2981,213,2,39.05,0,0,7,0
69.67,1,2742,302,1,13.59,1,0,5,0
57.57,14,803,480,1,6.7,0,0,6,0
174.84,13,2865,415,0,78.78,1,1,6,0
608.21,18,1944,165,1,67.59,0,0,3,0
38.19,10,1679,400,2,41.18,1,0,6,0
16.95,14,36,430,0,89.62,0,0,5,0
61.05,5,2607,126,3,41.09,0,1,5,0
879.81,19,1236,302,2,71.03,0,0,5,0
29.85,8,94,462,4,90.91,0,1,5,0
343.48,4,1865,121,1,84.07,0,0,4,0
356.99,19,2523,88,4,51.11,0,1,11,1
38.34,1,1132,217,2,68.06,0,1,4,0
117.8,5,1223,61,1,41.37,0,0,8,0
339.81,17,21,302,5,64.72,1,0,4,1
45.64,22,1022,179,5,25.76,0,0,5,0
54.4,18,1758,190,2,43.47,0,0,5,0
37.27,8,1886,163,2,20.95,0,0,6,0
24.17,20,2629,81,3,3.82,1,0,2,0
34.84,23,1327,494,3,58.85,0,0,6,0
19.61,5,1393,170,2,86.44,1,0,9,1
69.0,13,1688,301,3,2.56,0,0,8,0
30.88,23,2971,374,2,19.6,0,1,5,0
84.25,12,189,196,0,46.02,0,0,9,0
14.07,10,806,203,2,66.59,0,0,6,0
92.84,11,1477,47,4,17.12,0,0,3,1
153.47,18,2034,463,0,5.67,0,0,8,1
9.08,18,2498,158,4,51.9,1,0,3,0
96.94,20,896,408,0,81.87,0,1,3,0
227.62,18,2478,194,2,3.52,0,0,6,0
19.89,23,1199,427,0,34.94,0,0,6,0
355.16,12,1685,418,1,66.35,0,0,3,0
101.39,13,1529,279,2,13.07,0,0,3,0
32.95,23,2525,317,1,23.59,0,0,7,0
63.07,17,2770,479,4,53.55,0,0,4,0
116.55,11,2442,421,2,95.32,0,0,4,0
71.95,3,2371,269,0,28.73,0,0,7,1
114.29,9,780,481,1,48.75,0,0,4,0
26.56,16,1288,199,4,39.99,0,0,8,0
78.99,3,968,224,6,89.74,0,0,4,0
16.22,11,926,263,1,7.19,0,1,6,1
59.67,12,2080,426,3,56.61,0,0,2,0
27.01,3,1791,166,2,84.61,0,0,6,0
31.96,9,348,180,0,98.81,0,0,6,0
229.54,2,1526,428,4,69.87,0,1,4,0
198.6,14,2880,192,3,37.99,0,0,7,0
122.63,1,2423,397,0,41.18,0,1,2,0
22.37,16,1405,216,0,35.17,0,0,6,0
48.6,5,924,284,2,60.36,0,1,6,0
224.33,7,1863,352,3,73.94,0,1,8,0
76.84,2,484,107,2,81.95,0,0,3,0
678.12,17,1456,466,2,41.66,0,1,4,0
98.82,21,1389,98,1,71.67,0,1,4,0
80.81,0,1493,368,3,91.62,0,1,5,0
48.95,15,2084,482,3,92.08,0,1,2,0
76.21,6,2999,499,1,70.4,0,0,0,0
57.26,2,2859,230,1,63.69,0,1,3,0
135.38,22,810,257,2,53.15,0,0,5,0
173.59,3,2917,43,3,18.32,0,0,5,0
30.39,8,1256,242,2,12.36,0,0,10,0
17.62,4,873,42,2,48.57,0,0,7,0
10.63,18,2747,95,1,15.94,1,0,5,0
110.83,14,1181,434,4,57.7,0,0,3,0
22.12,7,748,254,1,64.57,0,1,8,0
7.75,5,1384,188,0,52.56,1,0,1,0
98.35,17,2472,385,3,3.64,1,0,10,0
806.74,18,991,307,0,5.77,0,0,1,0
66.28,23,2486,400,2,11.33,0,0,4,0
154.24,14,2098,167,3,15.36,0,0,6,0
72.37,6,2962,271,3,98.99,0,0,5,0
60.41,9,1021,125,3,34.45,1,0,7,1
167.18,5,2760,161,1,29.2,0,0,8,0
49.89,13,2136,87,2,5.23,1,0,3,0
87.13,16,726,309,2,63.53,0,0,5,0
91.99,8,1817,489,0,65.22,0,0,8,0
34.19,18,2601,226,0,17.54,1,0,7,0
179.84,4,1483,145,2,91.92,0,0,9,0
55.98,22,2531,345,2,80.05,0,0,2,0
31.32,6,1175,248,3,23.03,1,0,8,0
114.04,18,2351,362,3,48.58,0,0,3,0
27.15,19,619,6,1,45.84,0,1,4,1
68.59,6,2193,31,2,34.85,0,0,2,0
66.08,23,2541,197,1,81.76,0,0,7,0
197.53,1,1822,232,1,10.93,0,0,2,0
107.2,22,1345,296,0,41.53,1,0,4,0
65.04,15,2871,414,3,42.8,0,0,4,0
151.07,12,564,325,2,46.87,0,0,4,0
267.79,7,1665,460,2,86.13,0,1,6,0
116.49,5,1765,135,0,21.82,0,0,8,0
67.38,5,55,493,3,10.29,0,0,1,1
17.96,8,1269,13,2,61.78,1,0,2,0
22.99,3,1081,497,3,17.38,1,0,2,1
49.15,10,2255,4,2,7.49,0,0,1,0
36.25,4,2141,178,5,42.66,0,1,4,0
55.31,16,552,234,3,21.96,0,0,8,0
70.57,19,1461,259,0,36.12,0,0,2,0
113.26,6,2128,140,3,25.97,0,0,2,0
62.15,14,2577,65,2,9.26,1,0,5,0
108.47,14,2002,283,4,56.03,0,0,3,0
71.13,13,2955,363,2,2.7,0,0,4,0
9.25,12,922,306,4,96.64,0,1,6,0
26.07,10,1078,205,4,34.13,0,0,7,0
57.74,12,2350,17,2,69.52,0,1,7,0
19.89,21,2995,200,2,81.04,0,0,2,0
121.5,23,821,32,3,27.91,0,0,7,0
308.2,8,1498,212,2,74.87,1,1,2,1
225.6,9,1918,435,2,83.24,0,0,3,0
53.87,3,1583,273,3,24.13,1,0,4,0
296.11,16,876,290,3,99.25,0,0,1,0
77.38,13,2437,291,2,2.07,1,1,3,0
47.6,23,1776,483,2,21.7,1,0,9,0
36.11,17,2319,486,2,78.0,0,0,0,0
49.28,10,589,234,4,19.41,0,0,2,0
45.23,15,2414,408,4,69.83,0,0,6,0
79.08,0,1452,182,3,85.55,0,0,3,0
78.3,6,707,146,2,95.92,0,1,5,0
66.89,9,1986,50,4,47.42,0,0,6,0
103.23,8,2500,430,2,97.11,0,0,2,0
219.35,2,735,432,2,41.16,0,0,6,0
172.35,21,295,103,6,21.81,0,0,7,0
15.11,22,1901,33,1,51.39,0,0,8,0
5.19,13,579,497,0,64.98,0,0,5,0
169.75,14,2897,471,1,45.8,0,0,5,0
17.0,1,1974,89,1,56.7,0,0,8,0
53.26,23,1523,485,2,41.64,0,1,8,0
20.69,13,507,411,0,52.48,0,0,8,0
11.0,15,1927,385,5,95.26,0,0,5,0
114.6,6,714,341,4,49.98,0,1,5,0
142.47,3,1366,315,3,25.32,1,0,5,0
37.47,17,571,241,2,75.87,0,0,5,0
5.0,23,2008,266,1,33.76,1,0,5,0
38.62,4,41,223,2,81.62,0,0,7,0
98.67,5,52,236,3,5.68,0,0,6,0
15.2,6,1926,153,4,33.22,0,0,2,0
80.11,14,1384,468,1,9.44,0,0,2,0
65.67,0,1855,57,0,8.53,0,0,2,0
119.02,23,568,322,1,65.84,1,0,4,0
75.16,3,2327,375,0,38.53,0,0,4,0
25.2,0,1446,112,2,87.15,0,0,5,0
220.65,10,952,15,2,51.64,0,1,11,0
56.91,17,1608,412,0,29.53,1,0,5,0
64.89,13,1380,269,0,72.09,0,0,6,0
26.23,21,1938,114,0,62.4,0,0,3,0
42.81,10,1646,252,0,79.96,0,1,4,0
27.53,9,2094,374,2,64.36,1,0,7,0
56.1,16,101,142,3,16.7,0,0,7,0
369.34,3,1853,114,2,67.03,0,0,4,0
16.91,23,194,450,2,39.15,0,1,6,0
13.28,14,737,290,3,46.31,0,0,5,0
290.37,15,1061,483,2,92.16,0,0,4,0
54.09,20,1581,357,3,36.0,0,0,1,0
34.16,12,2429,25,3,61.2,0,0,6,0
188.65,8,841,368,3,36.35,0,1,4,1
36.39,10,354,310,2,9.47,0,1,4,0
414.06,10,1452,255,0,45.35,0,0,6,0
131.36,5,1229,463,4,59.71,0,1,3,0
40.94,0,2135,268,1,40.75,0,0,2,0
576.69,21,176,126,2,39.07,0,0,4,0
36.39,5,273,393,3,82.04,0,0,8,0
140.06,12,1505,250,5,2.97,0,0,7,0
89.95,21,1241,287,1,29.56,0,1,7,0
245.12,23,2781,334,2,81.18,0,1,3,0
317.83,21,1296,477,2,92.05,0,1,0,0
68.86,4,1539,53,3,41.23,0,0,5,0
31.39,14,1818,368,3,88.88,1,0,6,0
105.63,17,2569,43,1,19.89,0,0,5,0
33.86,19,1887,166,4,22.14,0,0,7,0
499.39,13,1759,42,2,84.62,1,0,6,0
76.44,14,1919,380,3,90.33,0,0,6,0
46.28,4,2633,456,1,22.28,0,0,9,0
80.21,3,2779,176,3,5.93,0,0,7,0
17.34,1,1345,67,1,9.03,0,0,7,0
25.24,6,1207,66,1,26.14,1,0,2,0
221.5,9,2488,400,1,76.14,1,0,6,0
34.57,15,777,83,4,51.0,0,0,7,1
23.41,9,2520,350,2,45.56,0,1,4,0
114.05,17,110,105,0,58.41,0,0,10,0
218.26,16,1742,400,1,89.02,0,0,7,0
136.86,20,1929,287,4,9.04,0,0,4,0
180.56,12,2301,374,1,69.47,0,0,9,0
31.29,0,1381,186,1,92.68,0,0,9,0
16.09,0,114,284,3,21.34,0,1,3,0
299.27,14,703,4,0,83.78,0,0,4,0
48.29,0,1700,138,1,69.8,0,0,7,0
51.89,5,1320,179,1,1.45,0,0,5,0
251.69,12,1080,237,2,23.16,1,0,7,0
116.31,0,1076,18,2,60.58,0,0,7,0
105.2,4,827,303,1,50.24,1,0,2,0
581.15,8,2278,416,2,52.79,0,0,3,0
35.04,16,1546,414,1,23.19,0,0,2,1
168.65,15,2201,420,2,67.5,0,1,4,1
70.6,7,899,9,2,26.64,1,0,1,0
87.23,16,1887,420,4,38.94,0,0,3,0
307.5,14,1883,29,1,36.89,0,0,4,0
110.81,23,799,144,4,67.2,0,0,3,0
114.24,0,562,348,3,9.03,1,0,8,1
194.9,11,853,149,3,20.55,0,0,2,0
46.3,4,668,64,1,20.05,0,0,6,0
28.81,23,2894,367,3,10.84,0,1,7,0
23.46,5,1028,450,2,20.76,0,0,5,0
9.33,0,1963,380,2,60.71,1,1,3,0
521.24,0,1200,187,1,73.22,0,1,9,0
22.13,9,760,366,1,66.03,1,0,8,0
53.45,9,2306,227,0,47.52,0,0,6,0
50.56,2,784,118,3,5.24,1,1,3,1
90.69,16,2821,412,3,95.9,0,0,0,0
150.77,18,1390,439,3,16.81,0,0,10,0
157.67,10,701,356,1,66.84,0,0,4,0
37.22,17,2877,254,1,91.29,0,0,2,0
56.42,1,728,31,1,69.78,0,0,4,0
88.46,8,243,161,6,21.8,1,0,8,1
52.0,23,2081,215,3,31.58,0,0,1,0
332.73,16,1414,444,1,3.02,0,1,3,1
108.96,13,1015,169,4,61.28,1,0,5,0
139.06,3,1379,81,1,61.3,0,0,3,0
129.4,16,1411,46,1,72.55,0,0,3,0
215.61,16,2579,49,2,1.1,0,0,4,0
79.92,11,2074,449,0,81.78,1,0,2,0
18.23,19,2302,298,2,73.87,0,0,3,0
99.45,17,2775,407,0,14.09,0,1,7,1
34.77,2,2827,368,1,34.76,0,0,5,0
39.31,10,726,283,3,63.85,0,0,5,0
119.86,17,1572,473,3,49.58,0,0,5,0
230.05,3,1721,416,2,11.51,0,1,8,0
68.12,16,1235,467,1,8.73,0,0,8,0
90.82,17,1281,88,0,78.15,0,1,4,0
365.85,4,2175,121,2,15.6,0,0,11,0
84.84,13,18,3,1,17.21,0,0,3,0
899.36,9,607,316,2,83.09,0,1,7,0
117.39,14,32,460,4,61.21,0,0,7,0
11.46,0,2000,227,1,60.47,0,0,5,0
141.65,15,2297,79,4,47.93,0,0,3,1
97.63,10,1618,145,0,56.9,0,1,9,0
242.2,22,2084,242,1,60.18,0,0,6,0
130.74,19,1114,32,0,96.78,1,0,5,0
58.06,5,2256,263,1,22.3,0,1,5,0
19.6,23,2832,211,1,21.46,0,0,8,0
54.11,21,101,71,5,5.72,0,0,3,0
28.49,15,860,384,1,65.82,1,0,6,1
37.32,1,1992,197,1,54.9,0,0,5,0
120.13,0,1117,58,0,11.12,0,1,5,0
354.22,23,309,424,3,36.45,0,0,6,0
98.96,23,2353,469,2,17.87,0,0,7,0
20.17,8,2704,112,2,33.15,1,0,5,0
104.02,21,1487,48,2,95.13,0,0,4,0
220.66,11,1314,435,3,68.33,0,0,4,0
36.24,16,1010,185,1,0.76,0,0,5,0
58.32,14,1092,367,1,25.25,1,0,0,0
67.67,18,2966,327,1,1.04,1,0,7,0
30.42,21,2928,165,3,71.49,0,1,5,0
127.52,9,1375,215,4,46.94,1,0,3,0
59.09,11,2810,331,3,99.4,0,0,0,0
101.45,13,2399,330,0,73.36,0,0,12,0
27.45,8,2119,121,3,51.79,0,0,6,0
43.06,12,785,213,3,80.47,0,0,1,0
137.33,2,2682,311,0,70.48,0,0,5,0
45.93,20,1462,41,3,24.38,1,0,3,0
375.01,13,1691,353,4,53.03,0,0,4,0
44.72,20,1761,404,1,55.6,0,0,5,0
83.49,9,2313,289,3,45.12,0,0,4,0
169.46,15,2885,168,2,17.92,0,0,4,0
16.15,6,1861,483,1,22.34,0,0,7,0
11.46,3,1907,34,5,28.1,0,0,6,0
14.5,19,1739,318,1,1.03,0,0,7,1
235.71,22,1337,484,0,91.69,0,0,5,0
38.4,10,624,475,2,68.61,0,0,4,0
861.09,15,254,275,1,68.96,0,0,5,1
37.93,19,766,427,4,57.23,0,0,3,0
80.2,3,833,197,1,68.93,0,0,7,0
311.72,21,2837,191,1,98.19,0,0,6,0
495.76,21,2789,221,2,38.52,0,0,3,0
524.01,22,1856,10,1,71.25,0,1,5,0
223.27,16,1445,120,3,35.95,1,0,7,0
185.69,12,2935,123,5,85.43,0,0,5,0
120.61,10,1250,247,1,85.8,0,0,7,0
145.24,2,525,360,2,90.23,0,0,5,0
38.43,8,483,397,3,0.55,0,0,4,0
29.42,5,45,221,3,29.82,0,0,2,0
66.46,21,1420,261,3,13.39,0,0,4,0
56.25,20,1802,58,2,45.4,0,0,6,0
42.38,10,1744,315,0,49.54,0,0,5,0
133.81,15,839,460,2,25.59,0,0,6,0
173.35,18,1102,128,3,72.34,0,0,5,0
72.85,4,2423,187,2,26.98,0,0,4,0
292.23,13,1195,205,0,85.39,0,0,2,0
21.29,16,1772,86,3,17.77,1,0,4,0
54.95,2,954,104,4,36.72,0,0,5,0
32.56,3,1521,143,1,62.22,0,0,7,0
10.31,15,440,205,4,60.53,0,0,5,0
61.39,15,2032,129,0,7.8,0,0,4,0
59.04,20,868,246,3,84.63,0,0,6,0
302.91,3,239,38,3,59.81,0,1,6,0
125.31,18,2427,363,3,86.99,0,0,3,0
23.95,16,187,109,3,86.76,0,0,4,0
425.85,12,1443,309,2,54.59,0,0,6,0
226.11,21,2625,52,1,91.08,0,0,3,1
119.35,22,1623,1,3,84.84,0,0,6,0
53.17,23,2850,11,1,95.81,0,0,4,0
25.55,0,1773,314,3,85.05,0,1,5,0
45.96,11,2957,235,3,82.12,0,0,6,0
198.1,3,1784,128,3,46.94,0,0,1,0
439.04,10,984,424,2,21.2,0,0,5,0
312.07,4,91,214,3,91.07,0,1,6,0
40.9,1,855,483,1,72.25,1,1,7,1
21.77,16,2819,444,2,28.17,0,1,3,0
76.78,7,1226,243,1,34.1,0,0,5,0
11.38,5,627,44,4,68.61,1,0,2,0
92.13,20,2273,6,3,47.78,0,0,2,0
57.54,8,2347,156,4,8.15,0,0,7,0
41.84,12,454,415,4,14.14,1,1,0,0
13.54,10,932,8,4,74.56,1,0,3,0
111.45,15,2609,5,4,32.86,0,0,9,0
39.15,15,202,362,1,50.76,0,0,7,0
20.7,1,1672,182,0,76.66,0,0,4,0
3.77,9,298,112,0,75.12,0,0,6,0
64.88,11,2640,492,4,16.7,1,0,5,0
392.39,7,1177,273,3,9.84,0,0,5,0
351.17,10,1440,422,0,59.12,0,0,6,0
42.22,9,1844,265,1,74.16,0,0,5,0
36.52,12,2914,458,2,14.9,0,1,9,0
106.57,16,1980,212,1,37.2,0,0,6,0
24.57,6,2838,78,1,87.03,0,0,9,0
90.18,23,905,270,6,94.42,0,0,3,1
143.46,2,929,154,1,45.41,0,0,8,0
227.45,19,2621,221,2,7.95,0,1,4,0
60.33,12,2044,369,0,25.77,0,1,5,1
54.4,18,1562,446,1,23.3,1,0,5,0
27.72,6,1710,347,1,23.9,0,0,10,0
29.17,8,2070,25,2,49.39,1,0,2,0
53.17,18,1735,464,1,58.32,0,0,12,0
96.29,12,2397,420,0,12.25,0,1,4,0
166.27,21,2922,354,1,88.94,0,0,5,0
29.87,7,1907,208,3,62.0,1,0,8,0
296.69,21,1809,417,1,59.73,0,0,3,1
50.85,17,321,3,1,98.73,0,0,7,0
65.28,22,2790,215,3,62.81,1,0,6,0
31.59,1,1137,395,3,92.9,0,1,5,0
5.9,17,348,112,1,28.63,0,0,3,0
161.43,17,2357,442,0,24.01,0,1,9,0
139.33,10,368,192,4,51.65,0,0,2,0
50.33,0,2226,402,2,50.86,0,0,5,0
71.31,13,1182,47,1,22.65,0,0,8,0
111.71,15,2818,489,3,69.97,0,0,11,0
13.98,10,777,428,1,2.96,0,0,4,0
39.29,0,2099,221,1,69.06,0,0,5,0
147.56,6,211,187,4,45.72,0,0,5,0
19.02,15,1702,50,4,68.9,0,0,4,0
89.44,13,473,197,1,47.71,0,0,2,0
17.17,14,458,216,2,97.73,0,0,5,0
106.32,13,922,413,4,33.47,1,0,8,1
64.35,20,807,221,2,98.26,0,0,5,0
13.26,10,803,380,2,6.5,0,0,9,0
213.74,15,446,90,1,68.38,0,0,2,0
31.99,18,1926,232,2,45.42,0,1,11,0
29.66,16,1783,323,1,82.21,0,1,4,0
81.5,5,540,258,3,78.96,0,0,9,0
210.32,10,574,153,4,80.02,0,1,1,0
24.15,16,1630,256,3,9.47,0,1,4,0
70.93,8,1306,403,1,82.24,0,0,4,0
102.39,17,2929,424,0,21.4,1,0,4,0
133.37,16,222,258,1,2.57,0,0,7,1
79.55,11,958,467,4,21.77,0,0,3,0
46.2,22,1137,65,1,47.93,0,0,6,0
29.15,21,201,190,2,74.21,0,0,2,0
72.69,21,1413,91,0,21.86,0,0,10,0
22.83,4,2000,438,5,11.3,0,0,5,1
3.59,10,1114,173,2,64.6,0,0,2,0
103.19,3,714,247,1,98.39,0,0,8,0
164.67,3,558,256,3,60.09,1,0,7,0
6.28,2,1871,116,4,69.11,0,1,5,0
24.29,23,163,49,1,56.12,0,0,6,0
123.86,22,1675,227,1,78.23,0,0,5,0
521.91,16,580,489,4,97.58,0,0,2,0
68.09,6,1794,69,4,54.41,0,1,6,0
32.2,3,2297,422,1,41.68,1,0,7,0
55.54,22,2431,388,2,86.03,1,0,3,0
263.72,12,814,401,3,96.97,0,1,8,0
34.95,11,808,126,2,12.92,0,0,3,0
29.99,0,620,437,3,57.82,1,0,7,0
41.15,20,2745,213,2,79.25,0,0,2,0
25.7,18,2831,53,8,53.33,0,0,4,0
75.39,20,1816,112,2,40.92,0,0,2,0
338.55,19,152,159,1,65.52,0,1,5,0
92.12,17,281,240,1,27.01,1,0,7,1
51.81,10,1565,150,0,34.91,0,0,4,0
49.81,19,2483,139,0,99.23,0,0,7,0
13.97,2,2103,418,2,63.65,0,0,6,1
161.27,16,2152,113,1,87.29,1,0,9,0
61.69,11,2121,143,3,80.78,0,0,9,0
55.67,9,2470,370,2,65.23,0,0,5,0
1624.75,7,468,138,1,84.07,0,0,5,0
89.9,14,1748,486,1,28.72,0,1,3,0
31.44,4,1442,480,2,63.71,0,1,1,0
43.54,3,2527,437,4,59.06,0,0,5,1
210.28,20,2867,304,2,62.24,0,0,10,1
74.68,19,515,31,2,16.86,0,0,6,0
15.83,18,1719,293,1,27.72,0,0,7,0
167.21,20,1106,108,1,28.67,0,0,3,0
34.19,3,93,284,1,60.19,0,0,6,0
434.11,14,68,159,1,97.25,0,0,6,0
196.38,16,1054,326,2,95.41,0,0,4,1
42.64,11,1491,14,2,22.72,0,0,5,0
240.09,2,2975,122,4,30.48,0,0,6,1
71.37,9,2214,215,3,3.61,0,0,4,0
156.46,14,1362,272,4,39.88,0,0,6,0
108.28,9,1606,25,5,83.47,0,1,2,0
28.61,23,585,423,3,91.58,0,0,5,0
35.04,22,2894,322,2,23.65,0,1,4,0
186.79,17,689,294,1,26.58,0,0,6,0
47.71,0,212,169,3,22.08,0,0,3,0
44.54,2,1139,103,2,35.01,0,0,8,0
25.66,20,327,354,0,80.48,0,1,3,0
101.86,11,1215,371,4,64.69,0,0,5,0
524.54,0,1648,40,3,78.59,0,1,5,0
22.93,2,1806,235,2,58.3,0,0,3,0
68.32,2,415,320,0,25.77,1,0,5,1
273.75,4,2552,89,1,22.8,0,0,9,0
61.58,18,688,100,6,0.9,0,0,5,0
104.83,0,1280,144,1,78.1,0,1,4,1
23.05,3,1899,82,3,84.71,0,0,12,0
102.34,3,1557,77,2,76.83,1,0,2,0
55.3,16,1653,59,4,7.44,1,0,3,0
178.7,13,1369,229,0,76.22,0,0,4,1
218.63,17,1455,91,2,4.58,0,0,5,0
888.53,0,844,354,3,10.56,1,0,6,0
119.06,21,2251,395,1,44.05,0,0,4,0
92.37,15,2365,1,0,47.61,0,0,5,0
80.99,2,1678,269,1,81.61,0,0,0,0
46.84,22,1940,286,4,67.95,0,1,3,0
93.55,20,2563,197,2,15.33,0,1,4,0
49.63,8,290,274,1,22.61,0,1,5,0
78.92,22,2732,78,1,28.57,0,0,3,0
249.04,3,1823,141,2,12.37,1,0,6,0
24.37,20,942,288,1,28.76,1,0,5,0
208.49,4,2772,71,3,72.86,0,1,4,0
248.92,10,617,456,4,24.14,1,0,6,0
59.26,20,492,50,2,83.54,0,0,0,0
7.99,8,1256,455,2,46.95,0,0,5,0
36.31,2,1782,372,4,32.29,0,0,3,0
243.96,5,2174,369,1,41.24,0,0,5,0
65.18,23,201,80,1,70.95,0,0,8,0
24.55,10,2845,235,2,51.68,0,0,3,0
40.25,8,2675,287,1,0.73,0,1,2,0
154.57,14,2027,307,1,92.23,0,0,3,0
115.21,22,2573,155,3,6.6,0,0,6,0
52.51,2,316,60,5,93.86,0,0,7,0
46.21,0,541,33,3,2.82,0,1,8,0
45.07,19,131,437,1,77.1,0,1,3,0
26.51,21,2706,127,2,53.47,0,1,4,0
335.42,18,601,221,6,50.57,0,0,6,0
48.31,13,2927,200,1,7.28,0,1,5,0
225.24,16,1485,417,2,23.87,1,0,6,0
305.31,21,68,126,4,77.75,0,0,6,0
180.97,13,2358,41,3,89.13,0,0,2,0
43.31,16,2610,275,2,52.91,1,0,3,0
99.86,13,1583,469,0,35.33,0,0,8,0
65.09,11,1150,297,5,5.99,0,0,2,0
27.01,15,1820,85,0,68.22,0,0,3,0
92.24,0,1815,89,1,27.84,0,0,8,0
20.51,12,408,42,2,5.5,0,0,5,1
218.7,5,2572,120,2,66.59,0,0,4,0
41.9,16,2862,279,4,48.57,0,0,4,0
81.55,11,2555,459,3,1.2,0,0,3,0
88.53,22,951,33,2,11.09,0,0,5,0
51.47,18,537,276,2,69.92,0,1,3,0
119.9,5,2455,153,1,6.37,0,1,1,0
41.48,6,1784,90,1,86.6,0,0,5,0
159.38,0,1431,104,1,31.13,0,0,4,0
17.36,0,1679,436,6,8.87,0,0,5,0
75.67,4,1560,12,0,75.98,0,0,5,0
463.56,5,445,160,3,52.44,0,0,1,0
24.52,15,849,417,4,30.66,0,0,2,0
33.86,15,369,458,3,40.61,0,0,5,0
111.49,13,1162,196,3,2.14,0,0,3,0
79.8,0,873,399,0,66.27,1,0,6,0
94.69,12,2691,307,0,36.58,0,1,5,0
108.76,19,1660,262,2,71.4,0,1,6,0
125.8,9,1742,91,2,62.82,0,1,7,0
202.29,23,1255,197,0,65.13,0,1,9,0
100.47,9,2271,69,1,79.29,0,0,4,0
52.39,8,925,466,0,63.12,0,0,6,0
130.66,12,2649,220,6,41.87,0,0,9,0
445.81,2,1808,419,2,38.99,0,1,7,0
58.4,17,2192,379,5,11.96,0,1,1,0
25.17,19,2811,214,4,77.94,0,0,2,0
201.76,1,395,418,1,76.11,0,0,5,1
59.12,16,1336,447,4,24.63,0,0,4,1
7.59,18,1815,452,4,86.27,0,0,7,0
155.62,22,1595,146,2,58.9,0,1,5,0
39.04,12,1222,233,1,47.87,0,1,5,0
60.91,12,1559,371,2,1.75,0,0,7,1
92.94,0,398,410,2,38.27,0,0,3,0
80.68,1,2801,234,2,64.07,0,0,6,0
135.57,0,713,214,4,8.97,0,1,6,0
43.14,23,2982,367,0,45.96,0,1,11,0
111.4,4,1748,481,1,99.34,0,0,5,0
51.44,23,2830,61,1,71.65,0,0,9,0
139.6,2,873,363,2,54.69,0,0,9,0
123.39,6,1069,78,3,53.3,0,0,10,0
26.17,23,88,95,0,4.38,0,1,7,0
197.55,21,1308,330,1,95.73,0,0,7,0
39.02,12,1311,499,1,92.82,0,0,4,0
149.61,22,683,216,0,68.24,0,0,4,1
96.28,17,2369,213,1,9.9,0,0,3,0
419.13,23,213,304,2,20.78,0,0,4,0
53.33,20,994,200,1,18.39,0,0,5,1
47.03,6,1985,352,2,51.96,0,1,7,0
65.4,0,26,31,3,20.78,1,0,5,0
49.25,4,485,290,3,69.58,0,0,3,0
148.4,16,1026,343,2,54.52,0,0,4,0
13.25,7,219,473,2,1.77,1,0,7,0
23.25,14,508,135,0,74.41,0,0,7,0
22.92,19,438,83,1,18.88,0,0,6,1
172.48,3,1339,391,1,82.49,0,1,2,0
368.93,1,2115,47,2,35.5,0,1,7,0
60.07,4,1563,392,6,33.86,0,0,6,0
56.33,0,1241,206,1,1.18,0,1,4,0
71.53,4,1544,385,1,98.77,0,0,4,0
213.12,5,1877,381,3,61.2,0,1,5,0
26.38,1,2579,77,4,42.27,0,0,6,0
84.64,0,2638,259,1,9.66,0,0,4,1
176.83,3,1886,437,2,69.91,0,0,7,0
110.07,6,908,92,2,28.27,0,0,7,0
80.61,21,1116,422,1,98.83,0,0,3,0
181.46,0,2678,435,1,95.05,0,0,6,0
4.47,0,1077,399,0,73.53,0,0,4,0
131.35,7,1516,100,1,97.11,1,0,7,0
34.67,19,2967,383,2,10.56,0,0,3,0
10.69,15,1677,195,3,27.99,1,0,2,0
111.19,20,502,192,2,25.32,0,1,4,0
263.4,12,2556,68,5,7.2,0,0,8,0
58.12,22,614,389,1,97.22,1,1,6,0
172.93,23,957,242,1,6.0,0,0,4,0
334.38,22,303,90,1,85.67,0,0,6,0
248.37,17,1181,345,3,76.82,0,0,3,0
343.77,19,2028,10,2,37.59,0,0,4,0
140.07,9,181,264,0,1.88,1,0,5,1
71.91,11,1596,268,2,0.61,0,0,4,0
13.44,0,540,320,2,20.4,0,0,4,0
52.14,9,1153,118,1,49.39,0,1,12,0
28.7,8,1869,250,0,45.79,0,1,5,0
584.61,2,1770,59,1,58.53,0,0,4,0
55.93,18,2123,195,3,77.2,0,0,3,0
75.43,8,2198,475,1,37.74,1,1,10,0
115.76,9,2503,50,5,16.04,0,1,4,0
69.66,18,198,407,2,80.0,0,1,6,1
363.24,15,167,296,3,33.27,0,0,6,1
35.78,23,2727,378,2,28.69,0,0,1,0
81.01,17,1980,97,0,76.43,0,1,5,0
31.74,13,255,462,1,93.41,0,0,5,0
17.81,2,2913,127,1,91.5,1,0,8,0
36.17,1,2805,246,3,13.74,0,0,5,0
64.26,0,2387,87,4,50.32,0,0,7,0
43.41,17,2569,479,2,9.29,0,0,3,0
33.37,23,859,77,3,96.1,0,1,4,0
16.34,8,1820,377,0,21.52,1,0,5,0
61.37,12,1104,204,0,19.74,1,0,5,0
14.81,1,1346,483,1,88.89,0,0,8,0
142.6,6,2136,146,2,96.79,0,1,8,0
72.42,15,178,149,2,69.76,0,0,3,0
15.52,20,2867,493,2,12.1,0,0,3,0
48.95,18,2237,111,2,48.59,0,0,6,0
31.43,14,1661,490,0,81.66,0,1,6,0
91.76,21,2317,129,2,57.25,1,0,4,0
254.79,10,1519,253,1,13.26,0,1,2,0
10.22,0,1805,166,0,17.19,1,0,8,0
74.82,20,2354,297,1,86.41,0,0,6,0
56.82,6,629,426,1,52.7,0,0,3,0
130.5,19,2912,495,0,70.58,0,0,3,0
82.53,7,2417,137,2,37.31,0,0,6,0
31.44,9,2174,279,2,53.25,0,0,2,0
48.47,4,366,334,2,97.71,1,0,11,0
30.08,8,2496,11,2,32.97,0,0,5,0
195.59,0,1687,71,0,67.48,0,1,7,0
68.12,1,1221,159,3,17.25,1,1,7,0
446.39,18,1314,216,0,12.17,0,0,4,0
62.76,13,1544,26,2,78.36,0,1,2,0
32.84,19,1499,286,0,84.41,0,0,5,0
14.68,9,1973,162,4,66.83,0,0,3,0
10.99,8,1371,430,0,15.82,0,0,3,0
13.68,9,2579,102,5,24.06,0,0,7,0
87.11,5,208,69,4,91.12,0,0,9,0
110.91,16,1797,133,0,28.87,0,1,2,0
13.72,5,1083,189,0,81.89,0,1,4,0
163.21,3,1175,211,2,28.59,0,0,5,0
41.14,19,1816,243,3,93.95,0,0,3,0
77.23,2,1547,166,1,91.45,0,0,7,0
334.36,22,2727,412,1,4.33,1,1,8,1
163.5,18,40,410,2,77.04,0,0,4,1
50.98,17,2390,61,4,16.95,0,0,2,0
27.35,23,669,362,1,21.53,0,1,9,0
7.75,3,2234,279,1,45.98,0,1,2,0
32.49,7,2427,430,0,57.63,0,0,5,0
53.99,16,556,113,1,32.58,0,0,2,0
24.85,4,2592,30,0,57.54,1,0,9,0
58.48,12,1139,323,1,17.07,0,1,3,0
72.01,0,2154,476,2,2.23,0,0,4,0
53.26,12,2287,161,3,57.12,1,1,5,1
34.81,3,2284,234,1,51.74,0,0,4,0
78.94,21,380,387,4,68.97,0,0,9,0
103.75,23,1133,453,3,64.98,0,0,4,0
22.41,13,1478,377,2,89.75,0,0,7,0
273.4,2,1501,339,1,45.95,0,0,4,0
60.43,4,2112,170,3,0.84,0,0,1,0
67.96,6,2481,318,3,63.07,0,1,4,0
135.4,0,2372,186,2,67.51,0,0,5,0
84.2,22,1161,57,1,52.15,0,0,4,0
172.97,11,2089,240,2,68.93,0,0,6,0
88.87,10,102,257,2,32.36,0,0,5,0
36.15,23,2576,358,4,14.88,1,1,4,0
95.73,7,1291,201,1,66.46,0,0,9,1
21.25,5,2910,444,0,24.52,0,0,2,0
74.33,21,1935,325,7,45.63,0,0,5,0
64.51,1,1253,315,1,49.16,0,0,7,0
54.16,18,2809,302,2,47.72,0,0,4,0
58.64,19,1581,106,1,59.84,0,1,6,0
10.16,19,425,290,7,2.95,0,0,9,1
38.52,23,2614,101,1,98.97,1,0,8,0
73.17,13,2423,97,4,71.63,0,0,1,0
78.25,0,1554,153,0,42.54,0,0,4,0
23.86,9,2656,426,1,19.13,0,0,7,1
236.44,15,2388,29,3,8.02,0,0,8,0
28.05,3,698,153,5,67.22,1,0,5,0
175.82,10,1675,438,3,31.7,0,1,8,0
102.23,15,2068,379,1,22.95,0,1,4,0
34.94,19,2875,73,1,38.0,0,0,8,0
393.59,0,1540,254,3,59.29,1,0,3,0
20.21,15,428,451,1,67.17,0,1,3,0
167.19,18,1155,399,3,64.52,0,0,2,0
181.38,20,920,4,2,86.33,0,1,6,0
34.1,21,1364,237,0,21.88,0,0,4,0
268.4,8,1576,38,0,63.67,0,0,14,0
51.93,8,2405,20,2,10.11,0,0,4,0
89.01,8,421,113,3,54.79,0,0,7,0
86.52,16,1257,23,1,58.4,1,0,8,0
58.31,11,162,421,2,21.62,0,0,4,0
150.03,12,1245,446,1,39.17,0,0,7,0
147.45,7,101,367,1,82.72,0,0,4,0
11.61,15,340,136,1,14.84,1,0,3,0
245.76,17,1674,421,3,43.45,0,0,2,1
12.65,0,964,248,1,93.27,0,0,5,0
187.27,0,2611,301,4,50.41,1,0,8,0
205.76,11,2987,97,3,72.51,1,0,3,0
22.4,5,1261,33,4,82.69,0,0,2,0
44.22,8,203,135,2,20.38,1,0,9,0
22.07,22,539,255,1,21.82,0,1,2,0
53.79,4,2902,278,1,75.86,0,0,4,0
49.01,15,1276,133,2,75.33,0,0,7,0
145.43,17,1483,238,2,6.02,0,0,6,0
247.23,16,648,15,2,32.25,0,0,5,0
269.26,17,1620,277,4,39.85,0,0,4,0
38.01,0,1607,126,1,82.9,0,0,5,0
54.1,18,2535,345,2,42.19,0,0,5,0
12.39,21,2537,17,1,92.59,0,0,8,0
29.79,7,2345,312,1,99.66,0,0,3,0
175.01,2,707,50,3,78.07,1,0,3,0
335.49,4,2055,135,1,66.64,0,0,2,0
19.41,22,1711,118,4,39.19,0,0,3,0
36.88,7,2752,378,2,6.7,0,0,9,0
64.95,18,549,306,0,57.31,1,0,6,0
88.25,17,339,60,5,36.17,0,0,2,0
29.68,17,479,125,3,35.09,1,0,5,0
101.91,20,2906,467,2,68.77,0,0,5,0
41.52,0,543,116,0,46.36,0,1,6,0
65.73,14,1972,391,0,75.21,0,0,6,1
115.16,17,476,424,4,39.82,0,0,7,0
67.12,6,2477,173,1,15.09,0,0,2,0
43.1,15,771,187,1,46.13,0,0,1,0
59.76,15,1015,498,1,95.1,0,1,2,0
61.05,14,900,88,4,80.15,0,1,4,0
46.06,5,2365,203,1,20.57,0,0,7,0
51.48,8,1965,361,6,39.13,0,0,6,1
329.85,6,2981,311,3,92.78,0,0,6,0
116.85,13,2391,320,0,12.37,0,1,8,0
49.63,10,963,449,1,25.4,0,1,5,0
133.88,20,1453,182,3,26.22,0,0,7,0
47.76,15,1682,352,2,57.09,0,0,7,0
215.54,5,2846,168,2,41.07,0,0,5,0
96.51,21,841,181,2,7.99,0,0,5,0
59.9,15,853,300,1,62.92,0,0,7,0
104.35,19,2307,447,1,9.91,0,0,10,0
13.86,15,1329,130,2,60.64,0,0,6,0
21.61,11,193,463,1,50.7,0,1,1,0
20.21,16,1293,149,2,49.37,0,1,5,0
76.93,4,2856,472,2,6.75,0,0,6,0
377.1,12,1700,306,2,63.92,1,0,5,1
620.98,7,2243,209,2,43.13,0,0,2,0
126.22,23,1442,111,3,41.11,1,0,5,1
110.04,4,2895,436,1,59.65,0,0,6,0
11.01,11,1806,137,6,60.62,0,0,7,0
38.76,8,636,355,2,1.5,0,1,3,0
30.33,2,2916,404,1,12.52,1,0,5,0
35.84,2,2065,211,0,23.65,0,0,5,0
56.37,0,792,146,2,67.8,0,0,3,0
41.59,21,1517,84,1,57.67,0,0,3,0
9.21,17,1794,30,1,75.76,0,0,1,0
140.88,23,784,488,1,74.06,0,0,4,0
22.81,11,1769,65,1,85.32,1,0,5,0
84.71,8,1873,24,2,37.68,0,0,8,1
530.64,8,1016,472,0,34.51,0,0,4,0
26.59,17,686,431,1,83.1,0,0,7,0
5.31,17,1840,211,3,23.76,1,0,3,0
50.1,6,220,222,1,46.12,0,0,6,0
200.53,3,1346,90,2,19.43,1,0,4,0
472.65,12,1637,106,1,91.38,0,0,7,1
19.5,16,1370,172,0,40.78,0,0,2,0
109.58,23,499,230,3,21.25,0,0,6,0
41.88,1,1436,413,1,69.2,1,0,6,0
59.98,13,2696,77,7,24.46,0,0,4,1
938.56,2,200,68,3,94.35,0,0,7,0
14.84,4,2728,365,0,36.76,0,0,8,0
85.95,13,852,401,3,66.46,0,0,4,0
106.45,2,344,353,3,34.52,0,1,9,0
197.51,22,1652,389,3,80.72,0,0,3,0
73.55,6,1120,92,0,89.69,0,1,6,0
90.74,17,588,88,0,78.79,0,0,4,0
45.08,12,71,465,1,84.85,0,0,1,0
87.28,22,396,50,2,10.19,0,1,6,0
47.31,21,1179,103,1,92.41,0,1,6,0
124.16,9,2210,368,7,62.43,0,0,4,0
46.08,12,628,424,1,86.92,0,0,8,0
97.23,15,1693,492,0,68.44,0,0,4,0
64.76,8,2755,46,2,20.18,0,1,7,0
205.62,1,1887,179,3,60.96,0,0,7,0
63.35,22,2235,267,3,9.09,0,0,4,0
11.32,4,2904,268,2,69.57,0,0,7,0
235.55,21,496,397,2,40.9,0,0,2,0
26.96,16,1287,320,1,15.17,0,0,9,0
34.68,22,2557,8,1,97.92,1,0,5,0
36.76,21,550,449,2,90.11,0,0,9,0
263.6,3,1545,265,1,89.35,0,0,10,0
7.88,16,2070,476,1,78.88,0,1,4,0
1537.25,8,160,386,3,69.2,0,0,9,0
191.72,19,1083,78,2,65.51,0,0,5,0
83.37,1,1248,397,2,10.61,0,0,3,0
63.12,23,1000,240,1,90.06,0,0,3,0
88.73,17,2701,258,2,88.11,0,1,6,0
112.29,20,381,196,3,74.79,1,0,3,1
127.13,21,1146,460,1,92.73,0,0,7,0
116.23,10,2309,432,3,55.31,0,0,3,0
72.94,12,2110,330,3,44.76,0,0,6,1
54.74,7,1163,131,2,96.79,0,0,2,0
57.32,0,202,452,3,46.41,0,1,5,0
54.88,16,2648,390,6,64.13,0,0,5,0
207.22,11,1090,343,3,37.31,0,0,4,0
120.73,3,2154,261,1,63.63,0,0,8,0
3.52,20,207,242,2,72.01,0,0,7,0
128.5,12,2204,387,2,62.47,0,1,4,0
81.02,8,1608,394,2,51.46,0,0,4,0
65.45,6,1610,171,3,30.01,0,0,3,0
45.22,22,2780,147,2,64.38,0,0,4,0
205.23,23,693,270,5,90.84,0,1,3,0
172.01,4,342,149,2,0.69,0,0,2,0
30.79,4,1253,380,0,13.39,0,0,5,0
100.19,16,1431,299,0,11.98,0,1,8,1
25.24,8,1375,28,1,92.32,1,0,7,0
16.78,5,1831,149,3,66.27,1,0,7,0
35.63,18,2569,420,1,95.18,1,1,4,0
157.97,15,2229,280,1,58.28,0,1,3,0
172.97,20,1501,182,2,46.17,0,0,4,0
111.4,1,1781,166,1,79.23,0,0,5,0
137.7,9,2020,17,2,16.09,0,0,2,0
111.74,15,2621,150,3,38.13,0,0,7,0
35.11,4,2569,339,5,46.63,0,0,2,0
102.71,14,1222,45,3,29.85,1,0,6,0
148.47,12,1153,330,1,37.13,0,0,9,0
141.78,12,114,189,3,7.81,0,0,6,0
218.97,12,2731,139,0,19.8,0,0,9,0
135.41,14,816,61,5,33.55,0,0,2,0
94.77,13,1074,294,3,79.59,0,0,4,0
194.45,7,898,322,1,18.25,0,1,4,0
64.94,10,2933,33,3,34.66,1,0,5,0
27.61,17,2734,299,0,6.49,0,0,4,0
56.65,23,330,415,4,55.71,0,0,6,0
31.66,3,2392,112,2,61.13,1,0,5,0
33.95,9,2321,291,0,86.55,0,0,3,0
57.71,0,2922,37,0,81.91,0,0,6,0
30.19,4,1510,431,1,28.54,0,0,5,0
49.01,12,2409,495,1,13.7,0,1,5,0
10.04,0,1578,100,1,15.61,0,0,5,0
82.54,22,1806,23,0,96.9,0,0,3,0
66.77,7,1529,420,2,67.32,0,0,8,0
29.46,2,1928,424,3,4.26,0,0,8,0
128.93,2,1875,487,2,13.68,0,0,4,0
170.3,6,1415,218,1,48.58,0,1,2,0
13.36,3,2733,89,3,20.78,0,0,6,0
31.1,2,1514,209,1,80.37,0,0,7,0
30.9,14,2976,271,5,57.32,0,0,9,1
26.05,7,1969,421,2,61.26,0,0,7,0
152.85,2,14,237,2,46.28,0,0,5,0
54.94,6,2091,388,4,25.61,0,0,7,0
51.19,17,1178,406,1,58.94,0,0,4,0
8.99,10,2408,209,0,71.7,0,0,8,0
125.89,10,2640,278,3,37.09,0,0,6,1
19.31,16,2522,465,1,50.49,0,0,2,0
70.81,5,357,206,1,83.97,0,0,5,0
88.0,7,1775,78,4,14.87,1,0,4,1
259.99,0,134,401,2,54.52,0,0,4,0
18.01,9,1823,328,1,34.84,0,0,5,0
3.26,18,2414,98,3,70.28,1,0,6,0
80.15,2,2584,346,1,1.88,0,0,4,0
403.64,3,507,365,3,67.05,0,0,6,0
230.2,10,1186,350,4,10.29,0,0,4,0
82.24,14,62,470,4,6.48,1,1,4,0
40.79,0,158,336,1,72.46,0,0,8,0
149.47,8,512,94,4,64.03,0,0,4,1
25.19,10,879,80,0,89.49,0,0,4,0
107.38,18,228,38,0,51.97,0,1,5,0
110.55,12,1310,408,0,53.0,0,0,4,0
192.52,15,2509,228,1,70.7,0,0,4,0
1053.28,3,2140,483,4,32.34,0,0,5,0
98.73,0,747,134,1,3.69,0,0,3,0
40.09,19,2584,196,2,23.0,0,0,10,0
65.0,12,2461,466,1,23.8,0,0,5,0
11.37,0,299,390,5,33.57,0,0,7,0
33.29,4,2477,282,1,94.35,0,0,3,0
44.29,4,348,101,1,80.48,0,0,4,0
39.48,13,2834,475,2,93.6,0,0,2,0
77.66,22,2768,425,2,99.86,0,0,10,0
29.3,13,1703,75,2,43.38,0,0,6,0
204.59,7,1878,294,2,22.71,1,0,6,1
66.7,3,996,208,1,56.0,0,0,5,0
66.07,6,968,83,2,88.11,0,0,5,0
48.04,19,1240,427,4,46.57,0,0,9,0
77.88,18,2743,437,4,50.54,0,0,6,0
152.19,14,1298,143,4,13.44,0,0,2,0
28.02,21,2016,474,4,42.05,0,0,2,0
34.53,3,382,56,1,38.7,0,0,5,1
49.22,18,1521,361,6,35.17,0,1,6,0
17.36,8,540,440,4,88.73,1,0,7,0
29.39,20,933,287,2,5.93,0,1,5,0
41.42,12,32,211,1,97.21,0,0,6,1
159.87,13,2161,441,1,0.82,1,0,10,1
86.71,22,250,179,2,94.56,0,0,6,0
80.93,13,1014,408,4,54.8,0,0,5,1
156.16,21,2960,58,2,70.24,0,1,4,0
58.13,9,1906,73,1,18.71,0,0,3,0
98.54,15,1175,215,4,65.42,0,0,4,0
60.15,4,823,388,1,88.2,0,0,1,0
86.95,22,664,266,3,13.95,0,0,7,0
37.23,5,792,447,6,12.71,0,0,5,0
5.82,1,2364,73,0,30.4,0,0,6,0
58.31,12,17,467,3,16.17,0,1,2,0
276.65,12,1724,271,3,11.06,0,0,3,0
168.38,18,584,499,2,67.83,0,0,4,0
175.11,17,921,354,0,21.38,0,0,4,0
229.55,18,527,234,4,66.7,0,0,3,0
72.87,0,1551,319,6,86.19,0,1,4,0
81.23,7,492,19,3,65.2,0,0,3,0
35.96,21,2264,113,3,11.94,0,0,3,0
48.61,15,2726,63,1,57.36,0,0,3,0
123.44,1,588,372,1,39.36,0,0,7,0
222.27,7,396,184,2,34.34,0,0,8,0
58.01,5,421,277,2,31.85,0,0,7,0
42.51,15,1875,162,2,92.94,1,0,4,0
66.72,22,1403,243,2,74.25,0,0,4,0
121.66,10,1386,145,2,13.38,0,1,6,1
15.74,16,1977,146,4,47.6,0,0,7,1
6.71,22,1369,81,2,31.82,0,0,4,0
38.45,18,2948,322,0,97.79,0,0,3,0
19.67,10,915,435,2,97.8,0,0,6,0
40.12,7,1322,321,2,31.95,0,0,1,0
57.53,21,972,43,3,35.21,1,0,6,0
42.38,3,974,313,2,59.94,0,0,10,0
284.99,10,2197,394,3,47.93,0,0,2,0
92.46,7,1986,293,2,21.31,0,0,7,0
90.06,8,2357,176,4,66.04,0,0,9,0
124.24,1,1046,376,1,33.41,0,0,8,0
21.35,15,673,69,1,65.37,1,0,4,0
188.5,5,834,56,1,38.37,0,0,6,0
61.82,20,1897,119,1,70.02,1,0,5,0
130.38,20,2457,204,2,66.78,0,1,4,0
22.83,18,1001,420,3,50.88,0,1,6,0
14.1,7,1142,415,7,70.47,0,0,6,0
151.09,13,2206,55,3,46.1,0,1,5,0
97.16,23,1749,38,2,11.61,0,0,10,0
27.06,15,2364,243,2,18.21,0,0,4,0
27.95,11,1093,201,2,24.6,0,0,9,0
205.5,4,444,236,1,6.32,0,0,5,0
20.3,23,30,474,1,71.14,0,0,5,0
344.7,23,2932,15,3,36.74,0,0,7,0
27.1,18,2439,144,3,9.35,0,0,6,0
126.27,17,2302,77,3,82.0,0,0,5,0
48.01,8,1935,473,2,68.37,0,0,3,0
121.9,1,1482,478,4,45.22,0,0,9,0
38.7,19,1109,309,2,24.74,0,0,6,0
56.67,11,2755,440,2,15.17,1,0,1,0
69.47,1,2647,263,2,45.84,1,0,5,0
24.48,9,399,185,1,88.52,0,1,3,0
139.89,0,2625,55,2,18.84,0,0,5,0
39.92,3,1364,308,0,56.87,0,0,3,0
53.06,11,2316,4,3,96.17,1,0,3,0
24.67,8,435,299,3,63.71,0,0,3,0
5.14,3,1735,40,3,44.0,1,0,3,0
55.09,8,1039,230,3,71.64,1,0,4,0
744.43,5,15,377,1,82.46,0,0,1,0
146.15,0,200,286,1,59.05,0,0,0,0
65.41,9,157,138,2,87.18,0,0,2,0
51.27,13,414,478,2,51.46,0,0,4,0
68.2,21,267,103,0,83.0,0,0,6,0
115.25,17,2787,7,0,95.2,0,0,4,0
20.47,5,2147,164,0,50.12,0,0,6,0
203.23,17,833,419,2,60.5,0,0,2,0
136.37,19,19,472,1,60.95,0,0,3,0
136.75,15,1120,423,3,78.14,1,1,5,1
103.39,14,847,420,1,82.3,0,1,4,0
68.01,15,997,365,2,2.72,0,0,4,0
130.69,7,634,276,3,73.34,0,1,7,0
120.52,12,39,49,1,78.38,0,0,4,0
46.8,22,2185,96,4,70.04,0,0,6,0
37.58,10,2478,59,1,71.37,0,0,2,0
73.84,6,1088,231,2,4.14,0,0,9,0
313.88,16,2362,177,1,44.2,0,0,3,0
19.32,17,555,90,4,81.82,0,0,6,0
15.37,21,1138,282,4,93.4,0,1,6,0
78.63,22,1205,36,0,22.95,0,0,4,0
70.17,18,1532,171,3,57.92,0,0,6,1
79.31,12,2079,126,1,80.43,0,0,6,0
85.11,14,2448,483,2,75.24,0,0,7,0
53.35,22,626,299,0,61.89,0,0,8,0
295.85,21,158,355,2,1.87,0,0,2,0
13.45,21,1821,204,3,72.39,0,1,5,0
29.12,0,2356,289,0,77.32,0,1,4,0
60.14,15,181,356,4,72.28,0,0,5,0
12.89,4,56,462,0,76.58,1,1,7,0
55.93,2,635,97,6,43.09,1,0,3,0
351.24,22,1820,238,4,99.38,0,0,8,0
68.09,9,2264,173,7,77.08,0,0,7,0
83.99,18,462,301,0,57.87,0,0,3,0
18.91,4,1428,88,2,93.42,1,0,2,0
36.0,6,2982,399,0,90.82,0,0,9,0
45.82,13,763,351,1,81.46,1,0,6,0
48.53,2,2765,17,2,56.37,0,0,2,0
240.24,12,1018,140,2,52.71,0,0,6,0
116.48,12,2733,254,2,32.87,0,0,7,0
21.95,9,2912,278,1,25.09,0,0,5,0
85.33,1,2840,151,4,51.24,0,0,8,0
109.75,5,1143,346,2,57.78,1,0,4,0
208.54,7,2741,334,3,24.45,0,0,7,0
323.93,3,2921,140,2,92.26,0,0,2,0
24.17,11,1235,114,3,55.73,0,0,5,0
29.64,14,177,68,1,52.65,0,0,2,0
18.96,7,95,366,2,43.56,0,0,4,0
52.77,6,1687,179,5,5.81,0,0,11,1
106.31,13,1992,125,3,88.24,0,0,4,0
178.99,22,858,397,2,31.7,0,0,6,1
61.81,18,1496,313,0,64.25,0,0,7,0
48.43,13,451,311,1,60.74,1,0,5,0
77.61,21,280,338,2,58.45,0,1,4,0
28.93,12,1610,363,4,52.57,0,0,7,0
538.9,20,353,412,1,18.14,0,0,6,0
13.36,0,1216,358,5,28.06,0,0,8,0
80.22,18,2560,233,3,52.42,0,1,5,0
504.52,0,2551,428,2,78.93,0,0,4,0
67.14,3,1267,147,5,43.2,0,0,4,0
55.14,9,2301,430,3,20.39,0,0,6,0
46.64,2,1542,111,1,8.79,0,0,6,0
55.68,19,276,363,2,66.3,0,0,11,0
263.18,8,1663,358,3,42.33,0,0,5,0
7.3,2,902,238,0,12.54,0,0,3,0
309.03,5,2258,3,2,67.45,0,0,6,0
16.06,5,248,211,3,20.76,0,0,9,1
51.08,22,924,404,2,50.9,0,0,2,0
43.41,11,1448,25,0,30.62,0,0,4,0
120.13,22,2541,331,1,93.17,0,0,2,0
13.49,0,1470,184,1,22.83,0,1,3,0
105.87,15,2303,465,2,41.99,0,0,5,0
504.87,23,1891,61,2,95.95,0,1,2,0
17.06,4,2209,123,3,31.87,0,0,6,0
80.62,8,1425,497,4,64.46,0,0,5,0
34.4,9,2268,55,2,31.67,0,0,5,0
102.09,12,376,163,0,11.07,1,0,2,0
67.98,14,1603,462,0,62.75,0,0,5,0
35.11,11,95,187,3,91.6,0,0,5,0
108.62,4,1746,39,2,45.26,0,0,7,0
405.19,4,1667,185,1,62.62,0,0,5,0
55.1,17,2051,83,5,60.89,0,0,4,0
136.97,11,2503,195,1,41.51,0,1,3,0
18.3,2,629,34,3,61.49,0,1,5,0
25.62,6,2361,113,4,25.93,0,0,5,0
106.95,16,141,425,4,37.8,0,0,7,0
294.16,18,913,406,6,44.23,0,0,4,0
95.17,17,997,230,1,86.4,0,0,5,0
48.76,0,1231,283,4,34.83,0,0,4,0
66.64,23,2104,405,4,63.51,0,0,7,0
19.1,4,1773,425,1,21.34,0,0,4,0
122.06,1,2814,287,1,25.26,0,0,7,0
161.15,0,1236,155,3,64.84,0,0,5,0
42.43,6,1294,165,7,76.23,0,0,4,0
41.68,10,699,450,7,46.21,0,0,7,0
87.0,10,1057,182,1,33.51,0,1,3,0
43.09,17,696,239,2,91.03,0,0,0,0
62.42,16,795,137,3,13.58,0,0,8,0
544.42,1,349,339,2,72.07,0,1,5,0
52.09,6,421,426,4,69.02,0,0,4,0
46.6,6,2006,420,3,69.02,0,1,4,0
34.9,9,295,266,0,93.54,0,0,5,0
140.36,21,1119,187,1,72.82,1,0,4,0
55.63,20,859,40,1,30.16,1,0,6,0
34.84,2,439,310,4,35.34,0,0,10,1
249.96,11,1614,493,5,39.11,0,1,6,0
275.78,2,40,167,2,3.08,0,0,5,1
36.58,10,612,391,2,91.35,1,0,2,0
10.31,11,449,260,6,7.36,0,0,5,0
182.64,3,994,143,2,69.98,0,0,8,0
33.63,15,1382,204,3,73.02,0,0,6,0
147.03,19,1928,176,2,84.37,0,1,4,0
9.3,17,421,262,5,55.34,0,0,6,0
162.81,3,537,252,0,72.53,1,0,7,0
19.86,21,319,329,0,30.27,1,1,6,0
138.49,5,1821,419,0,74.56,1,0,5,0
67.64,20,1371,200,1,34.34,0,0,9,0
25.69,14,2731,199,3,90.28,0,0,4,0
44.39,0,2048,196,1,16.34,0,0,6,0
132.46,2,2494,314,3,31.58,0,0,5,0
74.14,4,713,77,1,49.88,0,0,5,0
119.63,21,672,19,3,77.59,0,0,3,0
481.28,16,374,62,1,74.88,0,0,6,0
13.95,13,932,327,4,21.07,0,0,10,0
336.03,8,2170,394,1,14.42,0,1,6,0
74.02,2,185,281,6,30.4,1,0,5,0
27.15,12,1182,428,6,48.38,0,0,5,0
17.63,2,1211,250,3,53.9,0,0,9,1
55.2,10,945,227,1,42.91,1,0,7,0
167.61,1,391,127,1,66.31,0,0,5,0
58.7,23,1292,58,2,42.76,0,0,7,0
302.22,14,1222,409,2,94.63,0,0,6,0
15.62,12,315,477,0,26.1,0,0,5,0
65.89,18,1411,376,2,62.74,0,0,6,0
19.06,21,611,204,1,61.14,1,0,5,0
95.93,15,2400,243,5,28.16,0,0,6,0
161.89,17,2213,367,1,41.17,0,0,3,0
43.78,6,721,424,1,36.55,0,0,8,0
4.93,12,1475,332,2,17.25,0,0,3,0
81.37,3,412,326,0,47.73,0,0,3,0
103.21,8,623,252,1,38.67,0,0,4,0
99.91,9,2854,394,3,17.83,0,0,6,0
229.47,8,2680,322,0,44.99,0,0,4,0
22.85,6,1811,376,4,42.18,0,1,5,0
131.66,14,2660,493,1,13.14,0,0,6,0
219.75,7,186,409,0,13.12,0,0,3,0
11.26,18,458,199,4,64.75,0,0,5,0
91.8,10,752,488,3,70.66,0,0,6,1
40.28,4,1574,343,1,94.12,0,0,6,0
61.47,1,1988,240,3,8.7,1,0,8,0
94.41,9,2358,139,2,11.79,0,0,8,0
40.97,15,2764,122,3,5.18,1,1,4,0
33.93,22,316,420,1,53.22,0,0,5,0
69.0,12,760,49,1,62.27,1,1,4,1
22.48,7,878,304,2,40.35,0,1,6,0
22.51,8,223,115,1,79.79,0,0,4,0
131.55,10,1627,343,6,68.67,1,0,6,0
21.14,10,1673,251,3,98.58,0,0,4,0
129.84,22,2540,491,5,13.79,1,0,5,1
105.91,15,1607,7,1,5.83,0,0,4,0
11.87,9,2190,219,1,27.48,0,0,5,0
33.87,23,1682,77,3,1.91,0,1,3,1
220.11,11,521,179,0,93.26,0,0,6,0
25.0,5,2268,145,1,30.4,0,0,8,1
41.91,11,996,416,0,55.24,1,0,3,0
105.85,9,2774,154,2,31.81,0,1,4,0
145.97,17,262,121,2,24.58,0,1,8,0
51.86,17,47,124,2,15.24,0,0,3,0
36.69,3,638,150,1,32.04,0,0,5,0
276.54,8,996,397,1,61.54,0,0,2,0
379.52,6,1735,381,1,97.16,0,1,4,0
177.48,17,2103,268,1,55.81,0,0,3,0
72.63,7,1487,327,1,53.27,0,0,6,0
29.72,10,1711,1,0,3.53,0,0,2,0
29.07,6,314,161,2,84.01,0,0,3,0
112.45,8,1748,244,3,4.48,0,0,1,0
101.33,7,2290,375,2,90.62,0,1,12,0
270.86,2,254,398,6,53.87,0,1,6,0
127.8,16,1754,251,2,16.85,0,1,6,0
14.83,1,2817,367,7,45.17,0,0,5,1
190.94,14,2896,64,0,99.5,0,0,3,0
24.58,13,2215,299,2,30.51,1,1,6,0
45.42,17,1034,248,2,26.95,0,0,3,0
85.64,15,226,442,4,11.8,0,1,3,0
490.62,19,2985,297,2,59.71,0,0,8,1
1495.06,21,516,465,1,8.92,0,1,5,1
122.33,3,770,452,1,76.6,0,0,6,0
55.52,19,2961,115,6,91.92,0,0,7,0
113.81,5,2638,295,3,93.19,0,0,4,0
162.01,5,1063,1,0,10.79,0,0,7,0
48.39,10,2684,41,2,55.83,0,0,4,0
401.5,16,2577,173,5,9.71,0,0,4,0
83.94,23,1914,88,1,57.2,0,0,4,0
109.7,2,284,482,2,81.5,0,0,3,0
129.79,12,501,98,0,53.78,0,0,5,0
101.66,21,836,88,3,87.21,0,1,5,0
154.31,2,960,251,1,80.17,0,0,9,0
35.97,15,2983,335,2,27.65,0,1,6,0
38.16,14,2904,465,2,63.01,0,0,4,0
22.19,10,1188,141,3,0.74,1,1,7,1
103.49,17,1110,71,3,39.6,0,0,5,0
145.32,14,1646,137,1,23.8,0,0,6,0
105.4,4,1465,492,1,93.71,0,0,2,0
355.84,15,48,447,1,40.54,0,1,4,0
66.31,15,2296,99,0,65.41,1,0,7,0
130.16,16,2179,151,5,73.2,0,0,6,0
22.38,8,153,438,2,77.32,0,1,2,0
45.28,22,2741,175,2,73.58,0,0,2,0
133.69,2,2512,167,2,28.92,0,0,5,0
155.88,19,2425,343,2,68.61,0,0,3,0
49.7,12,768,410,1,54.9,0,0,9,1
62.08,21,256,257,1,59.74,0,0,1,0
14.62,2,2980,398,1,0.08,1,0,3,0
46.66,6,774,224,0,25.83,1,0,8,0
162.45,5,2432,499,4,93.07,0,0,0,0
118.53,8,1324,368,3,29.01,0,0,6,0
110.02,11,216,330,2,43.8,0,0,3,0
70.09,14,2028,65,5,18.67,0,1,9,1
67.16,20,2576,69,4,13.86,0,0,5,0
34.46,19,2299,67,3,20.87,0,1,9,0
134.13,2,2876,433,3,55.36,0,1,3,0
101.59,9,2359,50,2,91.9,0,0,4,0
109.07,0,1327,314,1,32.62,1,1,2,0
39.41,18,710,309,4,32.34,0,0,3,0
7.74,18,297,91,3,56.41,0,1,3,0
199.77,22,2211,115,2,35.67,0,0,2,0
41.31,22,1603,374,5,91.04,1,0,6,0
28.14,12,2480,57,3,37.78,1,0,2,0
133.42,11,859,342,1,49.04,0,0,2,0
45.06,0,59,18,1,53.34,0,0,6,0
192.47,18,1240,272,3,78.21,0,0,2,0
123.59,23,2621,130,0,56.39,0,0,8,0
132.1,15,2911,495,4,23.92,0,0,5,0
17.01,22,2940,269,1,12.4,0,0,2,0
224.07,22,2719,429,1,93.78,0,0,5,0
86.6,14,2622,80,2,80.16,0,0,6,0
46.1,15,2270,456,3,2.3,0,0,5,0
76.97,10,1918,299,2,82.15,0,1,7,0
11.29,23,2868,456,2,59.06,0,1,4,0
100.35,5,2907,310,2,51.89,0,0,6,0
23.82,10,1696,202,1,1.22,0,1,5,0
17.24,2,1750,225,1,78.09,0,1,5,0
14.55,14,1353,159,3,19.81,0,0,6,1
202.89,0,1800,204,0,72.8,1,0,6,0
35.54,6,2938,137,2,1.59,0,0,6,0
309.12,0,1970,485,3,79.64,1,0,3,0
39.02,16,1098,73,4,2.3,0,0,5,1
12.09,8,1165,48,5,23.59,0,0,5,0
21.83,22,2391,18,0,26.83,0,1,5,1
229.48,12,41,478,2,15.75,0,0,3,0
57.06,10,877,480,2,48.11,0,0,7,0
38.54,19,2955,488,1,28.37,0,0,2,1
78.26,5,1276,471,0,99.33,0,0,3,0
110.14,0,1225,267,1,58.0,0,0,5,0
203.85,6,1175,446,3,56.65,0,1,5,0
283.87,11,1693,340,1,22.09,1,1,7,1
46.54,21,610,19,2,40.87,0,0,6,0
17.71,19,2035,100,0,12.4,1,0,6,0
44.1,22,1594,116,2,76.25,0,0,5,0
86.51,18,997,346,4,33.12,0,1,3,0
25.44,16,1224,74,1,75.2,1,0,5,0
25.61,3,1975,280,2,37.17,0,0,3,0
94.05,2,2656,269,2,98.88,0,0,5,0
63.52,0,1449,125,1,17.11,0,0,6,1
68.91,17,529,116,4,0.15,0,0,5,0
31.23,20,1768,174,1,59.48,0,1,4,0
52.96,14,878,181,1,95.3,0,1,9,0
26.46,7,2073,226,1,64.71,1,1,3,0
162.42,0,1841,157,3,8.57,0,0,3,0
187.78,19,1139,164,3,54.05,0,0,6,0
10.53,13,292,71,3,90.95,0,1,3,0
26.32,3,370,499,4,0.65,1,0,5,0
14.93,4,1068,222,2,16.69,0,0,3,0
34.81,22,2170,126,3,81.46,1,0,4,0
61.35,12,2365,145,0,89.39,0,0,5,0
15.65,23,1944,176,2,70.72,0,0,8,0
26.53,14,968,461,1,99.16,0,1,4,0
24.44,5,1086,152,1,9.02,1,1,4,0
82.04,0,1114,182,0,54.57,0,0,2,0
71.47,22,1649,375,1,68.5,0,0,6,0
32.4,18,2891,479,2,70.26,0,0,4,0
79.58,12,1402,347,4,79.35,0,0,4,0
38.6,5,2299,498,5,91.76,0,1,8,0
50.82,14,40,85,1,36.16,0,0,7,0
355.47,15,713,364,2,4.3,0,0,5,0
254.8,23,878,383,2,36.24,0,0,10,0
18.18,22,1394,121,2,67.16,0,0,4,0
152.89,15,242,129,0,21.35,0,0,4,1
150.11,9,1067,463,3,81.0,0,0,7,0
21.15,21,1276,451,2,21.98,0,0,6,0
151.23,8,960,6,1,1.01,0,0,3,1
310.42,8,68,334,4,50.81,0,0,5,0
21.7,16,2828,183,0,72.65,0,1,4,0
26.64,16,2775,38,4,34.97,1,0,4,0
184.5,16,311,417,4,74.89,0,0,5,0
87.49,23,2860,116,1,43.84,1,0,7,0
115.76,11,2954,102,1,17.17,0,0,4,0
93.75,12,2055,8,1,9.06,0,1,4,0
98.56,11,2169,218,4,71.06,0,0,6,0
17.7,13,1933,207,0,38.57,0,0,3,0
190.06,9,326,78,2,91.28,1,1,6,0
214.77,22,1898,368,2,54.03,0,0,2,0
53.02,18,1178,404,2,34.84,0,0,4,0
63.85,1,2725,55,4,34.9,0,1,5,0
14.42,3,699,304,4,13.14,0,1,2,1
111.53,18,1891,467,4,59.38,0,0,4,0
118.16,6,1963,440,2,58.22,0,0,5,0
62.67,14,27,481,4,80.0,0,0,8,0
205.28,14,1188,228,3,20.12,0,0,5,0
47.75,23,1539,88,2,29.08,0,1,3,0
117.28,5,787,10,4,9.72,0,0,6,0
24.05,2,369,308,2,29.53,0,0,1,0
65.13,5,341,434,2,42.81,0,1,2,0
56.02,15,1951,290,1,96.4,0,0,7,0
83.54,1,537,164,2,65.31,1,0,5,0
46.08,6,2069,239,0,78.29,1,0,6,0
58.47,10,1108,317,2,32.55,0,0,6,0
152.33,6,221,484,1,14.45,0,1,6,0
43.09,3,1724,144,1,25.67,1,1,6,0
13.38,23,2698,335,3,25.65,0,0,1,0
383.59,19,2340,18,3,58.31,0,1,1,0
265.46,6,2837,71,2,34.15,0,0,9,0
18.32,3,1063,175,3,85.74,1,1,6,0
132.91,11,1042,342,2,98.85,0,0,6,0
40.33,4,1342,288,2,34.33,0,1,1,1
86.79,22,1343,299,1,70.51,1,0,7,0
89.5,18,2734,339,2,65.75,1,0,4,0
52.75,4,2762,424,0,19.45,0,1,7,0
30.45,18,2483,248,1,91.8,1,0,6,0
33.43,20,1850,193,2,19.94,1,1,7,0
26.68,2,1805,419,1,73.7,0,0,8,0
29.03,10,1737,325,1,34.76,0,0,2,0
62.35,6,600,306,3,36.71,0,1,6,0
32.6,16,1724,268,3,45.54,0,0,1,0
131.9,8,2148,204,3,86.45,1,0,5,0
295.08,20,465,341,2,14.03,0,0,2,0
37.34,8,453,123,4,5.46,0,0,3,1
84.72,9,88,58,2,40.2,1,0,3,0
109.91,12,1508,339,2,5.56,1,0,2,1
106.91,14,936,447,1,68.76,0,0,5,0
71.95,21,2160,201,1,76.03,1,0,2,0
140.15,4,632,491,1,85.47,0,1,9,0
108.01,2,1489,433,1,74.38,0,0,6,0
19.34,7,243,112,1,91.64,0,0,4,0
159.04,19,1627,128,3,74.83,0,0,3,0
161.95,9,2701,36,2,93.61,0,0,5,0
31.08,12,2040,234,0,19.31,0,0,8,0
69.26,2,2847,310,2,49.99,0,0,11,0
132.07,21,396,47,1,99.39,1,1,9,0
54.09,7,2904,115,2,68.16,0,1,6,0
195.0,8,1644,416,2,87.86,0,0,4,0
709.01,21,47,255,4,3.04,0,0,3,0
30.39,20,1194,483,5,87.18,0,0,4,0
16.76,11,1495,223,1,69.77,0,0,3,0
90.36,10,1977,124,0,17.08,0,1,7,1
137.22,1,1482,437,1,2.57,1,0,4,0
52.94,17,250,160,4,25.99,1,0,5,0
285.22,8,1059,446,2,91.58,0,0,2,0
17.49,1,1681,421,1,66.81,0,0,5,0
133.34,1,571,96,1,91.95,0,0,5,0
36.38,2,2009,107,4,44.62,0,0,3,0
372.18,15,815,120,2,93.66,0,0,6,0
489.07,18,1939,101,1,46.3,0,0,4,0
30.98,3,2355,103,2,20.43,0,1,7,0
38.49,22,814,166,2,15.14,0,0,7,1
157.53,17,2211,414,5,99.38,1,0,4,0
45.28,19,2789,186,3,33.39,0,0,4,0
63.73,17,1685,32,4,16.01,0,0,4,0
68.4,9,2525,493,1,0.84,0,0,4,0
9.78,10,2106,66,2,28.56,0,1,6,0
65.77,16,1687,179,2,88.91,0,0,5,0
33.46,23,55,267,0,53.4,0,1,2,0
40.73,22,2837,443,1,63.24,0,0,4,0
282.49,23,1661,404,0,92.24,0,0,7,0
18.98,19,91,37,3,51.28,0,0,5,0
150.39,15,2330,201,3,83.83,1,0,6,0
50.45,19,2451,358,1,32.38,0,0,6,0
50.41,12,1819,49,0,97.71,0,0,2,0
146.99,1,799,275,1,7.88,0,0,5,0
93.7,23,604,439,2,72.48,1,0,5,0
117.99,1,2115,168,1,66.06,0,0,2,0
175.6,13,2622,263,0,19.17,0,0,9,0
47.88,3,10,133,2,38.88,0,1,3,0
36.15,16,2273,495,5,31.28,0,1,6,0
22.53,12,1506,298,0,9.45,0,0,4,0
29.21,3,775,344,2,58.48,0,1,8,0
1272.95,2,680,176,3,99.37,0,0,5,0
231.52,11,2568,489,2,55.96,0,0,0,0
17.27,21,1611,391,2,54.53,0,0,7,0
17.77,22,924,11,2,4.03,0,0,5,0
107.97,7,1854,201,2,13.92,0,0,4,0
115.27,1,2005,433,3,51.32,0,0,5,0
115.46,5,104,414,1,98.52,0,0,7,0
51.68,21,502,297,6,87.66,0,0,4,0
58.82,9,2822,3,2,34.02,0,0,8,0
92.56,11,159,214,4,54.3,0,1,6,0
72.67,20,1056,296,1,55.27,1,0,8,0
7.25,9,2813,307,2,68.54,1,1,9,1
53.0,9,1248,468,1,68.78,1,0,11,0
28.46,22,408,32,2,78.98,1,0,6,0
79.46,2,2467,48,1,2.5,1,0,9,1
1319.83,19,2188,327,7,94.37,0,0,5,0
96.3,9,864,252,2,7.01,0,0,7,0
48.74,8,2205,199,0,47.62,1,0,3,0
167.64,19,390,404,1,91.96,1,0,0,0
108.06,18,561,89,4,48.77,0,0,3,0
101.5,13,304,109,3,6.36,0,0,8,1
122.35,1,1153,291,0,22.92,0,0,7,0
521.41,4,465,108,1,57.87,1,0,1,0
21.52,19,1563,408,0,8.79,0,0,1,0
107.09,7,178,40,3,42.37,0,0,3,0
26.41,6,719,461,3,32.91,0,0,4,1
116.22,5,1956,52,2,81.52,1,0,3,0
26.61,10,2029,112,0,11.01,0,0,4,0
43.93,11,2094,295,2,68.28,0,0,5,0
49.65,17,1731,68,3,40.66,0,0,5,0
176.94,18,1294,189,1,58.78,0,0,3,0
167.08,9,2288,332,3,20.55,0,0,6,0
19.19,20,263,209,4,60.97,0,0,7,0
70.45,13,2386,65,4,67.4,0,0,3,0
32.8,2,1330,62,3,7.02,0,1,3,0
18.94,17,2067,465,3,82.43,0,1,3,0
53.68,23,2503,258,1,86.13,0,0,5,0
48.99,14,2979,134,2,6.36,1,0,5,1
755.0,5,2893,492,1,60.32,0,0,8,0
102.82,9,2135,122,2,59.4,0,0,3,0
16.82,11,2250,331,4,1.25,0,0,6,0
37.91,6,410,171,0,34.23,0,1,5,0
185.19,16,2166,210,2,96.89,0,0,5,0
538.31,0,2849,296,2,55.55,0,0,6,0
13.65,17,1956,89,3,93.32,0,0,9,0
10.18,14,2320,167,1,67.56,0,0,3,0
433.1,18,2386,28,1,2.84,0,0,4,0
98.46,0,372,238,4,7.77,1,1,3,0
27.99,4,2316,336,5,72.22,0,0,7,0
113.82,14,1368,63,2,55.46,0,1,1,0
4.78,2,94,448,1,12.72,0,0,3,0
66.91,0,1555,255,2,61.41,0,0,3,0
92.56,7,1834,396,3,81.03,0,0,4,0
168.05,11,317,41,2,75.3,0,0,3,0
24.19,21,271,29,4,24.62,1,0,7,0
72.65,18,1931,279,3,25.82,0,0,4,0
26.43,11,2854,469,3,96.78,0,0,13,0
86.09,12,640,80,2,88.74,0,0,8,0
27.24,0,689,51,4,31.83,0,0,3,0
44.34,18,874,112,4,82.41,0,0,7,0
24.64,5,2381,361,2,16.17,0,0,5,0
127.89,7,2982,301,2,19.68,0,0,0,0
157.35,3,1735,90,0,18.12,0,0,5,0
52.74,4,1861,229,1,8.77,0,0,7,0
69.29,21,736,150,2,85.47,0,0,12,1
15.66,6,1270,243,1,57.88,0,0,7,0
49.42,22,1658,138,4,25.9,0,0,0,0
63.42,3,226,135,0,84.87,0,0,10,0
916.71,19,1279,457,2,80.26,1,0,6,0
21.93,3,457,89,2,10.1,0,0,3,0
288.35,14,328,494,4,64.41,0,0,3,0
180.7,20,1919,15,1,72.18,0,1,5,0
88.29,4,2094,333,4,71.58,0,0,5,0
387.08,23,2788,362,2,72.31,0,1,4,0
96.75,8,1067,174,3,16.95,0,0,3,1
98.41,1,48,90,2,31.51,0,0,8,0
63.24,6,1612,213,1,84.42,0,0,6,0
226.69,16,2266,343,1,89.84,0,0,7,0
199.63,15,839,61,4,27.92,1,0,9,0
35.67,16,865,364,2,2.3,0,0,5,0
17.83,19,2956,220,1,85.98,0,0,6,0
54.44,22,2658,61,3,37.71,0,0,5,0
29.96,1,2817,307,3,32.95,0,0,4,1
62.58,10,1868,166,0,34.7,0,1,5,0
229.85,1,1112,12,5,41.57,0,1,4,1
42.21,0,1510,216,0,37.83,1,0,9,0
63.89,1,2491,77,5,56.64,0,0,5,0
70.67,22,1830,232,1,7.89,0,0,7,0
155.78,8,851,112,2,97.15,0,0,5,0
7.05,21,2089,66,4,93.65,0,0,4,0
36.35,1,2450,182,1,93.44,0,0,7,0
82.38,14,1265,423,1,87.93,0,0,3,0
221.42,9,2967,204,2,66.03,0,1,4,0
40.78,14,2249,423,5,22.11,0,1,5,0
10.21,9,1949,371,3,4.95,0,0,3,0
123.93,22,279,206,4,9.93,0,0,5,0
35.33,16,2795,286,1,32.4,0,0,4,0
20.29,8,2134,105,1,50.39,0,0,2,0
35.72,17,744,242,6,99.33,0,1,4,0
55.45,3,893,235,1,43.54,0,1,6,0
36.42,8,2341,176,1,52.46,1,0,4,1
7.35,15,1122,211,2,69.52,1,0,5,0
163.54,3,2601,31,2,18.07,0,0,9,0
238.62,15,658,235,2,93.28,0,0,3,0
127.93,18,1189,242,1,52.9,0,0,4,0
21.38,0,2307,491,6,27.63,0,0,7,0
54.52,22,2152,153,2,93.51,0,0,3,0
66.25,5,26,196,1,62.55,1,1,2,1
121.36,9,126,498,1,48.37,1,1,3,0
130.1,15,992,435,4,58.02,0,0,5,0
32.0,3,2390,269,2,74.83,0,0,4,0
72.38,21,1856,484,1,15.45,0,0,4,0
105.35,21,1555,447,0,86.48,0,1,7,0
285.95,12,2703,384,1,95.95,0,0,7,0
134.9,15,2173,170,1,56.7,0,0,5,0
146.8,19,972,438,2,68.23,0,1,5,0
72.52,5,1286,357,4,85.98,0,1,1,0
273.27,10,856,323,1,37.48,0,1,4,0
100.46,23,2373,336,3,99.28,0,1,5,0
28.19,2,2867,474,2,68.05,0,0,6,0
271.34,19,381,232,2,42.4,0,1,7,0
134.01,9,2817,184,4,67.73,0,0,4,0
42.82,0,2934,359,1,52.17,0,0,5,0
41.29,19,1616,275,1,11.16,0,0,4,0
89.71,10,165,430,2,79.59,0,0,5,0
105.97,11,2671,399,2,56.44,0,0,3,0
81.23,13,2565,32,3,79.58,1,1,2,0
91.04,7,474,177,1,15.49,0,0,3,0
365.02,10,792,405,3,53.84,1,1,9,0
194.72,3,813,65,1,76.66,0,0,7,0
80.69,6,229,198,1,98.83,0,0,5,0
170.94,9,2072,27,3,88.44,0,0,6,0
23.75,18,1783,151,2,86.43,0,0,6,0
99.28,3,126,303,5,24.75,0,0,4,1
407.2,1,2388,479,0,83.8,0,1,4,0
53.62,20,2113,268,6,16.93,0,0,2,0
28.57,17,1384,85,1,19.81,0,0,7,0
34.74,13,2028,66,2,11.01,0,0,7,0
22.43,15,317,133,4,85.76,0,0,4,0
30.42,21,231,393,3,10.83,0,1,4,0
46.04,10,1206,404,3,13.81,0,0,5,1
16.35,9,806,366,1,24.59,0,0,6,0
67.74,16,1539,82,2,57.27,0,0,4,0
164.4,13,160,381,4,88.02,0,1,5,0
26.9,21,1730,319,0,41.82,1,0,6,0
304.69,3,1566,470,2,54.63,0,0,5,0
111.14,18,121,328,2,16.65,0,0,4,0
186.9,1,692,98,1,26.59,0,1,9,1
34.54,6,1171,73,1,13.39,0,0,5,0
156.73,8,2389,327,4,40.99,1,0,8,0
22.38,18,1575,30,3,59.03,0,0,7,0
162.43,15,902,125,4,28.4,0,0,6,0
79.19,21,1340,210,2,84.6,0,0,5,0
115.96,15,170,475,3,98.12,0,0,12,0
20.58,17,1435,272,2,12.02,0,0,6,0
27.25,22,287,213,3,1.79,1,0,3,0
121.17,20,1566,133,3,78.98,0,0,4,0
25.83,20,2954,157,0,19.06,0,1,11,0
105.98,10,506,47,1,35.31,0,0,2,0
16.99,6,1405,357,3,39.42,0,0,4,1
155.74,8,1925,363,2,91.66,0,0,4,0
19.44,3,664,382,1,65.88,0,0,7,0
115.85,12,312,22,1,4.06,0,0,6,0
124.67,3,447,462,1,1.48,0,1,4,0
33.22,18,2783,441,2,19.96,0,0,10,0
119.35,1,195,83,3,31.82,0,1,1,1
86.53,8,1599,419,1,48.45,1,0,3,0
38.91,11,682,472,0,83.78,0,0,6,0
24.32,1,1283,234,1,31.48,1,0,5,0
9.37,5,1010,60,1,37.65,0,0,6,0
94.6,4,2336,454,1,32.93,1,1,6,0
13.95,4,692,188,2,0.9,0,0,2,0
73.36,19,1728,58,1,95.52,0,0,8,0
51.24,21,934,259,3,13.9,0,1,8,0
131.52,4,2437,162,0,28.77,1,0,0,0
49.3,3,2892,301,7,12.93,0,0,6,1
47.97,8,1008,306,2,49.05,0,0,2,0
138.64,21,294,2,1,93.22,0,0,5,0
93.23,9,430,271,3,10.07,0,0,4,1
91.48,15,2170,421,1,44.09,0,0,5,0
106.62,9,2285,143,2,2.24,0,0,3,0
14.36,9,1504,188,0,77.09,0,0,3,0
142.14,18,537,352,3,64.12,0,0,5,0
123.03,9,2553,341,2,69.97,0,0,8,0
24.13,5,40,448,4,47.23,0,0,5,1
52.24,16,171,465,0,90.76,1,0,1,0
64.12,4,1851,482,3,40.96,0,1,2,0
58.29,5,714,224,1,51.41,0,0,3,0
93.12,23,731,498,2,69.53,1,0,4,0
279.04,14,1411,367,1,52.06,0,1,7,0
196.72,18,455,180,2,18.93,0,0,4,0
17.95,17,2801,23,3,31.71,0,0,4,0
124.22,3,436,355,3,9.23,0,0,6,0
251.88,7,2561,37,4,43.26,0,1,7,0
98.18,15,1560,107,1,60.94,1,1,6,0
198.54,23,1977,297,2,11.85,0,0,6,0
498.83,18,730,229,2,63.06,0,0,8,0
185.62,19,2741,313,2,89.29,0,1,3,0
85.57,2,1811,97,1,33.77,0,0,7,0
189.63,9,2639,281,3,22.2,0,0,5,0
77.08,1,1974,110,2,89.3,0,0,4,0
68.3,3,1067,37,3,69.19,1,0,4,0
46.93,5,2054,40,1,10.54,0,0,1,0
318.43,10,745,85,0,40.81,0,0,4,0
29.42,13,2748,302,1,67.41,0,0,6,0
308.7,15,767,188,0,57.44,0,0,9,1
109.93,20,1805,240,3,61.85,0,0,5,0
16.46,18,1653,358,3,56.71,0,0,2,0
96.32,1,763,488,1,79.81,1,0,4,0
8.17,16,33,354,1,32.04,0,1,5,1
124.65,8,1249,19,1,70.85,0,0,7,0
161.62,16,64,347,1,99.11,0,0,3,0
36.88,14,1314,393,2,39.0,0,0,2,0
75.46,6,2861,325,0,79.1,0,0,6,0
470.67,21,2384,261,1,24.61,0,0,4,0
40.22,22,979,473,4,28.19,1,0,6,0
23.13,18,2243,410,1,93.49,1,1,7,0
293.44,2,2552,403,4,2.59,0,0,5,0
474.65,0,443,158,1,21.74,0,0,8,0
66.93,3,217,484,1,48.29,0,0,1,0
183.36,17,142,304,1,40.18,0,1,2,0
255.05,7,1372,112,1,62.92,0,0,6,1
31.74,18,1229,144,1,19.27,0,0,2,0
41.05,22,1295,256,0,7.05,0,1,5,0
228.35,22,1315,455,2,36.93,0,0,7,0
359.61,5,378,18,0,52.44,0,0,5,0
117.08,0,1216,184,3,56.2,0,0,2,0
27.67,7,2480,405,1,60.15,0,0,7,0
486.41,0,2301,287,4,54.87,0,0,4,0
39.21,18,791,385,1,24.58,1,0,6,0
47.7,10,2681,131,2,76.45,0,0,4,0
93.91,20,576,479,4,8.78,0,0,8,0
315.5,23,536,281,0,19.84,0,0,4,0
156.64,14,46,245,2,73.94,0,0,6,0
100.97,22,187,8,2,27.97,0,0,2,0
105.98,10,648,193,1,49.35,0,0,8,0
69.65,18,2909,318,3,32.72,0,1,5,0
116.53,20,81,391,3,50.7,0,0,5,0
5.31,9,2409,7,2,34.67,0,0,5,0
49.57,23,2680,136,4,99.42,0,1,3,0
84.89,11,1182,19,1,35.75,0,0,5,0
21.09,0,1730,401,2,62.7,0,0,7,0
98.13,23,114,139,4,88.83,0,0,4,1
54.35,6,1692,367,1,63.79,1,0,3,0
385.86,16,230,489,2,56.59,0,1,8,0
321.51,9,1859,177,0,56.92,0,0,2,0
41.85,5,872,11,0,49.65,0,1,4,0
57.35,16,2575,486,2,80.76,0,0,7,0
61.93,17,308,41,3,5.04,0,0,6,0
42.45,4,2918,446,0,88.51,0,1,6,0
81.05,17,51,114,5,58.63,0,1,4,0
31.24,16,780,180,1,84.89,0,1,3,0
21.53,21,2954,194,5,1.04,0,0,4,0
124.3,15,2549,196,2,86.93,0,0,5,0
125.15,7,1472,498,5,12.01,0,0,2,0
29.84,23,2142,348,2,72.12,1,0,5,0
163.26,12,1719,225,2,41.65,0,0,9,0
35.46,23,1000,331,5,68.11,0,0,6,0
85.9,15,720,323,0,62.82,0,0,2,0
151.46,10,218,424,4,16.34,0,0,5,0
64.48,5,1281,261,2,51.46,0,0,1,1
105.08,2,1244,116,4,27.72,0,1,6,0
39.79,0,48,469,1,56.04,0,0,6,0
54.79,17,1285,150,4,73.8,0,0,4,0
54.28,4,2983,118,3,8.13,0,0,8,0
31.61,12,1836,165,6,51.58,0,0,6,0
55.88,9,771,252,1,61.76,1,0,6,0
14.17,4,1446,267,2,29.54,0,0,5,0
40.81,13,1479,44,1,95.3,0,0,4,0
50.16,16,2109,470,1,52.03,0,0,4,0
51.62,0,383,489,3,18.25,0,0,4,0
52.38,1,940,181,3,10.78,0,0,7,0
62.69,6,165,77,1,54.17,0,1,2,0
107.71,9,1575,374,2,37.52,0,0,7,0
159.89,19,1123,116,3,19.25,0,0,8,0
34.82,6,2736,445,5,3.07,0,1,4,0
20.02,23,2408,67,0,56.66,0,0,2,0
23.52,15,2126,13,1,59.86,0,0,10,0
40.97,4,1275,92,2,14.18,0,1,5,0
46.9,11,663,246,5,60.17,1,0,3,0
30.88,16,72,267,2,95.2,0,1,3,0
18.24,15,518,139,1,97.83,0,1,5,0
42.26,19,2349,341,3,88.85,0,0,2,0
79.95,15,1697,244,1,80.71,0,0,4,0
120.91,18,1457,341,0,20.94,1,0,2,0
38.19,14,1702,391,2,15.64,0,0,4,0
44.12,11,2878,273,2,44.49,0,1,4,0
26.4,20,1398,304,2,61.96,0,0,6,0
64.62,9,2207,398,1,85.07,0,0,6,0
28.55,21,1304,191,2,23.2,0,0,5,0
118.29,1,2938,448,3,47.96,0,0,3,0
11.18,6,1614,97,4,64.74,0,0,14,1
46.54,12,1149,331,1,44.56,0,0,6,0
90.12,2,713,205,0,45.42,0,0,6,1
80.14,14,525,449,3,22.51,0,0,4,0
985.39,0,1947,418,2,98.67,1,0,6,0
94.61,2,1843,137,1,47.52,0,0,6,0
24.43,9,1274,77,1,53.27,0,0,6,0
60.61,14,39,384,0,21.86,0,0,11,0
11.29,21,335,37,3,51.41,1,0,4,0
61.52,5,25,286,4,25.53,0,0,6,0
28.99,19,120,425,2,20.23,0,0,3,0
166.57,14,2929,429,2,27.57,0,0,1,0
38.49,23,2770,485,2,0.28,0,0,11,0
59.34,20,116,303,4,57.02,0,0,6,0
35.32,6,2436,135,3,38.75,0,0,4,0
379.5,20,2219,142,2,89.87,0,0,2,1
48.36,4,292,254,1,4.07,0,1,5,1
416.78,3,278,48,0,4.32,0,0,6,0
150.53,21,2541,255,1,88.59,0,0,7,0
107.99,17,2724,134,2,12.66,0,1,10,0
96.42,2,1230,290,2,0.22,0,0,3,0
98.87,16,1276,208,3,17.89,1,1,6,1
9.7,17,607,499,1,82.39,0,0,5,0
50.46,17,808,101,0,80.27,0,0,5,0
155.27,23,1292,484,1,34.01,0,0,4,0
63.5,23,2855,46,3,66.8,0,0,7,0
16.36,1,1182,443,4,50.72,0,1,8,0
63.28,12,1900,70,0,90.47,0,0,5,0
366.54,21,2447,136,3,5.64,0,0,4,0
232.04,14,2021,280,8,81.32,0,0,3,0
62.68,4,2473,67,1,17.06,0,0,3,0
172.68,2,435,4,1,39.16,0,0,3,0
46.22,4,1735,224,1,19.2,0,0,7,0
12.14,4,2924,1,1,70.26,0,0,2,0
26.46,4,2143,290,1,67.83,0,0,6,0
318.27,2,1249,109,6,54.79,0,0,3,0
50.7,2,2480,265,2,69.82,0,0,9,0
52.28,19,127,63,3,63.96,0,0,8,0
49.41,22,2939,460,3,77.64,0,0,4,0
447.71,17,2472,266,5,23.94,0,0,5,0
338.99,19,608,138,2,42.89,0,0,4,0
613.25,3,2097,434,1,15.16,1,1,3,0
56.88,0,1194,44,1,42.96,0,0,3,0
89.62,15,2760,374,2,70.17,1,1,4,0
14.63,7,2594,432,2,69.14,0,0,11,0
292.05,16,2477,471,1,70.94,0,0,6,0
20.74,7,673,262,0,30.88,0,0,3,0
82.83,6,2152,216,0,66.22,0,0,11,0
22.26,7,1591,121,1,36.75,0,0,6,0
37.01,20,659,152,2,94.45,0,0,5,0
28.87,23,1499,213,0,34.34,1,0,4,0
36.31,11,297,234,2,60.3,0,0,5,1
38.9,15,1709,351,1,75.01,0,0,1,1
38.54,11,421,111,1,90.64,0,1,7,0
153.44,18,2457,442,2,43.79,0,0,2,0
22.09,9,2585,361,3,36.05,0,0,8,0
83.14,6,1051,320,3,43.0,0,0,4,0
225.42,11,145,222,0,32.37,1,0,9,0
39.92,19,2035,440,4,65.39,0,0,3,0
32.53,4,768,226,2,93.27,0,0,3,0
52.96,15,1281,210,3,12.61,0,0,3,0
216.96,8,2900,396,2,56.09,0,0,4,0
80.97,6,2767,419,3,89.76,0,0,3,0
39.2,19,1034,71,3,10.01,0,1,6,1
108.19,21,390,489,0,49.39,0,0,7,0
22.15,13,2566,360,0,86.52,0,1,5,0
131.81,10,1538,89,1,90.05,0,1,5,0
100.34,6,815,262,3,51.44,0,1,6,0
49.02,9,485,449,2,2.5,0,0,4,0
28.83,8,963,366,3,10.56,0,0,2,0
27.48,3,858,464,0,58.67,1,0,4,0
113.84,15,906,188,4,12.39,1,1,8,1
227.92,9,41,112,1,14.94,0,0,5,0
35.26,18,1937,452,1,77.21,0,0,8,0
105.47,23,2175,413,5,75.07,0,1,4,1
8.27,16,200,422,4,84.28,0,1,5,0
37.17,8,1780,239,0,10.57,0,0,4,0
64.65,12,1783,476,2,19.81,0,0,8,0
26.85,0,2131,256,3,83.3,0,0,2,0
26.14,1,632,150,1,72.11,0,0,3,0
34.2,12,1136,127,1,80.6,0,1,3,0
89.32,23,2928,392,3,98.97,0,1,5,1
55.29,8,595,319,3,86.44,1,0,4,0
7.11,6,2477,480,2,52.05,0,0,5,0
8.0,15,482,481,0,31.08,0,0,9,0
36.35,18,1797,397,3,56.97,1,0,6,0
105.39,6,123,411,0,63.86,0,0,3,0
4.27,5,1412,402,1,33.53,0,0,4,0
40.46,17,1346,274,4,77.09,0,1,5,0
39.4,18,2387,333,2,9.28,0,1,5,0
267.29,10,348,470,3,77.94,0,0,9,0
45.38,11,2295,446,0,3.2,1,0,8,0
97.81,9,1206,398,1,49.8,0,0,7,0
76.8,12,88,139,3,86.14,0,0,5,1
7.92,11,473,103,1,8.65,0,0,3,0
143.77,20,1931,242,0,51.77,0,0,3,0
82.71,9,2662,117,1,15.94,0,0,9,0
110.86,19,1997,214,2,89.48,1,0,7,0
3382.05,17,571,484,2,83.23,1,1,7,1
8.3,3,294,17,3,93.39,0,1,5,0
374.16,23,232,179,3,87.5,0,0,5,0
50.03,4,2650,224,3,73.66,0,0,6,0
88.88,4,1299,270,3,18.49,1,0,5,0
63.72,11,1700,490,3,30.25,0,0,3,0
43.63,2,2430,313,3,49.69,0,0,4,0
37.72,7,1266,349,3,58.89,0,0,4,0
92.71,21,2968,134,1,78.22,0,0,5,0
14.63,1,837,114,2,22.7,0,0,6,0
141.26,17,2293,441,3,12.83,0,0,1,0
43.98,8,2728,132,0,48.26,0,0,5,0
21.54,12,837,139,1,15.78,0,0,7,0
42.52,6,2820,365,1,69.37,0,0,4,0
234.43,9,1970,232,3,57.56,0,0,8,0
39.04,8,1975,458,2,74.11,0,0,4,0
95.44,21,2437,375,3,6.34,0,0,7,1
32.11,14,2851,92,1,96.47,1,1,1,0
142.3,4,623,267,3,0.0,0,1,4,0
132.36,11,572,99,0,32.54,0,0,5,0
423.52,0,2477,207,1,67.96,0,0,5,0
55.95,11,2109,8,1,4.51,0,0,6,0
130.15,21,1754,468,1,8.33,0,0,5,0
73.56,5,2876,370,1,7.67,0,1,2,1
243.68,18,1815,443,2,58.15,1,0,5,0
32.5,18,1978,405,0,89.59,0,0,6,0
140.47,15,2262,321,5,55.54,0,1,6,0
54.89,18,740,93,2,60.36,0,0,4,0
62.54,2,266,408,1,34.6,0,0,3,0
73.09,22,194,158,3,1.87,0,0,4,0
85.82,9,2202,360,3,2.16,0,0,6,0
59.37,17,2041,99,4,88.83,0,0,3,0
82.66,12,1723,225,1,10.26,1,0,5,1
323.15,17,255,340,4,99.98,0,0,2,0
178.65,2,2244,441,2,16.44,0,0,7,0
159.04,22,875,208,1,67.46,1,0,4,0
42.29,2,2097,73,3,94.9,0,1,6,0
27.41,22,610,479,6,36.23,0,1,7,0
173.35,11,971,401,4,73.44,0,0,2,0
160.14,19,1451,59,2,35.09,1,0,2,0
290.81,6,2066,287,0,30.49,0,1,6,0
36.45,23,2407,64,3,20.18,0,1,4,0
53.01,7,2141,256,2,82.09,0,1,6,0
12.94,8,542,48,2,25.74,1,0,1,0
45.04,13,998,279,3,28.32,0,0,2,0
180.65,4,2052,198,1,99.9,0,0,7,0
41.83,20,367,158,1,32.73,0,0,5,0
126.53,18,387,311,1,42.28,0,0,6,0
55.12,20,2229,7,4,99.01,0,1,7,0
92.21,15,1058,248,1,36.93,0,0,6,1
21.16,23,402,368,3,36.62,0,1,4,0
72.62,11,1136,232,4,82.77,0,0,7,1
3.35,20,711,106,1,31.19,0,0,3,0
55.32,3,1443,494,2,23.38,0,0,4,0
13.06,7,2606,459,1,42.32,0,0,7,0
222.74,6,793,98,2,70.06,0,0,3,0
145.1,14,1838,268,1,4.32,0,1,5,0
106.34,5,2389,60,2,37.39,0,1,4,0
305.21,4,2851,308,3,34.62,0,0,4,0
25.82,13,2706,493,0,24.48,0,0,6,1
382.74,20,992,495,1,65.43,0,0,7,0
169.39,12,2600,411,0,29.0,1,0,11,1
52.64,9,1052,140,4,60.67,0,1,5,0
207.6,17,1181,397,3,50.43,0,0,8,0
22.06,3,2548,328,1,21.72,0,0,8,0
29.24,7,2340,464,2,26.66,0,0,4,0
36.29,23,871,190,1,17.06,0,0,2,0
39.29,10,1886,125,2,5.66,0,0,5,0
23.18,16,1845,413,6,61.92,0,0,5,0
226.58,17,1708,163,6,67.28,0,0,3,0
51.48,20,122,60,2,16.6,0,0,9,0
94.87,10,1695,413,2,61.54,0,0,2,0
37.7,15,1632,31,3,98.21,0,0,9,0
10.8,11,1432,333,2,7.44,1,1,5,0
87.36,12,871,76,0,49.04,0,0,2,0
9.85,15,2667,243,2,73.3,0,0,12,0
62.26,22,1942,317,2,4.6,0,0,7,0
16.97,20,517,258,2,77.83,0,1,3,0
486.52,0,1677,417,4,97.95,1,0,4,0
165.9,15,475,456,4,8.85,1,0,0,0
74.13,14,2881,190,2,82.22,0,0,2,0
235.97,5,2666,489,0,37.86,0,1,7,0
28.61,11,1131,377,2,14.41,0,0,3,0
114.83,7,299,315,0,49.32,0,1,6,0
81.44,6,2925,296,3,7.15,0,0,5,0
86.84,1,1772,177,2,52.21,0,0,4,0
238.02,11,2839,489,1,1.94,0,0,3,0
138.72,20,2219,288,2,72.86,0,0,5,0
89.01,13,2681,294,3,48.8,0,0,3,0
12.74,15,1876,348,3,45.89,0,0,6,0
25.53,10,726,207,3,19.62,0,0,3,0
58.99,19,1410,215,1,36.13,0,0,2,0
73.21,8,576,344,2,18.19,1,0,1,0
21.54,9,1483,141,1,73.54,0,0,4,0
743.73,16,1003,85,2,19.9,0,0,3,0
303.81,11,1150,182,2,61.68,1,0,4,0
121.77,5,1997,332,1,27.96,0,0,3,0
71.67,18,2653,128,4,65.7,0,0,6,0
53.94,10,2003,269,1,54.05,0,0,4,0
25.74,8,1819,39,2,42.34,1,0,6,0
72.06,20,1214,23,0,67.3,0,0,5,0
86.29,5,968,242,0,41.57,0,0,4,0
19.26,23,1726,366,2,82.14,0,0,6,0
93.15,15,1022,107,0,72.96,0,0,8,0
57.1,19,1828,348,4,54.06,0,0,4,0
9.9,15,1320,142,2,87.71,0,1,7,0
28.21,5,484,145,0,82.89,0,0,7,0
44.1,4,627,280,0,53.18,1,1,3,0
440.4,20,650,245,5,6.84,0,0,8,0
116.34,3,2319,442,2,56.6,1,0,4,0
17.54,1,171,191,1,35.53,0,1,3,1
108.42,5,2013,290,2,54.01,0,0,6,0
14.19,8,1992,179,1,64.71,0,0,6,0
196.9,16,2238,112,2,64.48,0,0,6,0
41.63,13,734,214,1,67.35,0,0,4,0
60.73,6,478,138,3,67.93,0,0,6,0
251.09,21,1819,374,0,10.93,0,0,7,0
18.41,18,30,200,0,19.17,0,1,4,0
16.49,0,269,405,1,63.05,0,0,4,0
37.2,19,2523,421,3,40.82,0,1,6,0
188.36,14,1149,7,3,76.29,0,0,8,0
14.59,17,1446,346,2,12.49,0,0,5,0
3.93,2,546,13,2,19.15,0,0,3,0
42.47,17,961,80,3,55.85,0,0,2,0
115.79,1,2823,286,3,50.07,0,0,1,0
221.46,9,1989,159,2,26.64,0,0,7,0
41.97,10,1850,389,1,40.83,0,0,7,0
44.19,23,1866,416,1,3.5,0,0,7,0
211.43,2,2991,272,1,3.7,0,1,3,0
10.28,6,860,495,1,9.49,0,0,4,0
45.22,7,1981,201,0,57.68,0,0,5,0
80.67,18,1290,150,3,86.37,0,0,6,0
104.5,17,1201,448,2,26.02,0,1,8,1
40.05,12,542,428,3,3.39,0,0,10,0
69.02,12,2072,296,3,70.86,0,0,5,0
5.54,23,2107,493,2,85.54,0,0,5,0
34.53,18,313,293,4,13.82,0,0,5,0
104.95,22,425,334,0,38.57,0,0,4,0
24.97,11,314,272,0,15.87,0,0,3,0
70.74,16,2253,43,3,10.64,0,0,7,0
104.26,21,822,468,1,64.82,0,1,6,0
47.34,11,2857,319,1,96.75,0,0,2,0
79.08,12,2445,492,3,67.82,0,0,1,0
25.46,11,2814,15,0,98.48,0,0,4,0
54.24,18,1994,248,5,43.44,0,0,11,1
122.76,13,2512,172,1,89.79,1,0,3,0
78.02,6,722,218,1,20.51,0,0,2,0
37.09,12,2762,137,3,11.79,0,1,4,0
83.45,5,2905,321,2,70.25,0,0,4,0
136.27,23,1691,227,4,37.14,0,0,9,0
8.59,18,1343,44,5,31.77,0,0,3,0
212.53,18,184,20,0,67.13,0,0,2,0
47.64,3,1099,493,0,33.35,0,0,6,0
102.05,18,1426,119,1,57.26,0,0,5,0
220.8,8,1997,454,1,29.95,0,0,6,0
16.92,15,2336,234,3,78.38,0,1,4,0
32.8,3,767,458,2,31.24,1,0,1,1
49.97,5,2420,368,3,53.5,1,0,3,0
30.45,7,1782,379,0,2.32,1,0,5,0
378.02,23,180,417,2,79.17,0,0,7,0
28.31,15,1084,336,2,62.03,1,0,9,0
38.26,4,1361,356,3,19.22,0,0,2,0
81.81,20,674,262,2,21.54,1,0,5,0
20.04,21,601,83,3,26.25,0,0,4,0
44.89,9,2988,31,5,57.65,0,1,3,0
91.6,22,1178,322,4,54.83,0,0,4,0
47.81,12,2331,274,3,27.39,0,0,7,0
60.74,13,2565,234,1,69.41,0,0,5,0
39.28,6,2420,28,1,88.9,1,0,3,1
14.67,19,1358,252,3,4.35,0,0,6,1
91.98,5,857,324,2,41.72,0,0,2,0
385.65,6,2712,253,2,59.35,1,1,6,0
67.92,4,2355,449,2,58.64,0,0,4,0
83.53,20,503,239,2,1.95,1,0,4,0
133.32,17,555,490,1,21.06,0,0,6,0
18.74,22,2361,370,1,6.18,0,0,2,0
365.96,11,1500,464,2,56.9,0,0,4,0
81.64,5,913,429,4,64.54,0,1,1,0
340.99,0,2296,314,3,15.97,1,0,7,1
32.04,3,2707,175,0,33.3,1,1,4,0
410.78,18,1550,194,4,32.98,0,0,6,0
144.77,11,893,180,1,81.98,0,0,3,0
115.94,14,2467,420,3,19.47,0,0,11,0
84.27,2,2783,385,3,54.83,0,0,4,1
52.01,22,2375,295,1,78.29,0,0,7,0
221.52,19,2582,215,2,82.96,0,1,11,0
76.74,7,914,474,4,66.66,0,1,2,1
9.33,10,629,203,4,29.95,0,0,3,0
21.82,15,962,250,2,82.3,0,0,2,0
55.38,8,2858,362,0,74.22,0,0,3,0
90.92,2,2973,257,3,70.45,0,1,7,1
63.02,4,329,75,1,6.73,0,0,4,0
225.65,19,885,344,1,4.33,0,0,5,0
9.48,13,2386,202,0,69.54,0,0,5,0
76.98,14,1910,142,5,94.48,0,0,5,0
10.83,5,762,206,4,77.37,1,0,5,0
142.55,3,2714,199,3,83.15,0,0,7,0
60.68,7,1389,407,4,54.5,0,0,6,0
101.45,18,1047,171,1,30.46,0,0,3,0
28.11,4,80,406,1,67.77,0,0,7,0
239.72,12,2884,316,3,71.2,0,0,6,0
189.0,15,2922,228,2,67.54,0,0,5,0
119.53,0,1845,411,1,94.67,0,0,2,0
58.59,12,2985,440,2,36.72,0,0,6,0
119.09,21,1556,386,2,3.97,0,0,6,0
32.89,10,115,423,2,90.84,0,0,3,0
156.89,20,779,179,0,16.05,0,0,11,0
347.05,7,2019,366,3,69.73,0,0,5,0
194.53,7,2950,275,4,87.32,0,1,6,0
32.15,23,2253,62,5,31.01,0,0,7,0
95.72,13,2202,327,1,83.04,0,0,5,0
18.3,12,1383,204,3,33.21,0,1,5,0
118.2,2,2528,451,1,79.43,0,0,5,0
104.65,3,1719,447,3,6.98,0,0,5,0
10.28,19,225,367,1,65.52,0,0,4,0
20.87,14,1126,133,1,67.71,0,1,7,0
50.24,14,269,72,1,49.14,0,0,3,0
49.36,20,943,78,3,68.71,0,0,4,0
19.9,12,584,189,3,92.32,0,0,3,0
98.39,8,1574,356,1,73.39,0,0,2,0
85.75,9,1820,71,2,96.13,0,0,4,0
54.91,11,294,263,2,44.86,0,0,3,0
31.32,13,2541,306,0,52.83,1,0,7,0
190.32,0,1964,46,1,26.37,1,0,2,0
349.12,13,2429,224,1,98.56,0,0,4,0
41.12,13,79,328,2,5.51,0,0,6,0
36.16,7,388,250,3,35.86,1,0,4,0
108.98,15,1312,76,2,29.77,0,0,7,0
46.62,13,2359,74,2,38.65,0,0,6,0
58.01,0,264,142,1,91.77,0,0,5,0
139.72,15,1717,73,2,36.8,0,0,2,0
9.88,17,701,102,1,91.7,0,0,7,0
249.21,6,1297,94,0,42.33,0,0,7,0
71.71,14,843,69,2,85.48,0,0,6,0
44.19,23,2774,65,1,52.18,0,0,5,0
60.99,16,2481,193,2,31.14,1,1,4,0
64.23,18,2270,441,4,44.93,0,0,8,0
11.81,22,2045,62,1,42.44,0,1,7,0
297.36,12,1977,20,5,25.99,0,0,8,0
69.5,8,109,241,3,28.96,0,0,2,0
103.86,23,1862,203,0,18.65,0,1,7,0
172.7,23,2365,410,1,33.6,0,0,3,0
24.02,14,2735,300,1,62.44,0,1,3,0
107.07,2,2532,195,1,38.66,1,0,11,0
51.03,23,1581,454,3,71.23,0,0,9,0
155.52,0,121,62,0,98.7,0,0,4,0
7.95,15,192,107,0,37.71,1,0,4,0
60.39,7,2654,125,1,46.26,0,1,3,0
36.5,22,174,301,3,16.41,0,0,7,0
102.75,12,2872,267,5,39.22,1,0,5,0
106.7,7,2147,456,3,72.68,0,1,6,1
32.86,16,2033,477,2,21.74,0,1,5,0
32.71,21,464,202,1,18.21,0,0,9,0
59.7,22,2295,162,5,37.64,0,0,10,0
27.2,13,2032,344,0,81.86,0,0,5,0
154.78,20,2591,302,2,62.37,0,0,6,0
46.1,20,736,112,2,95.76,0,1,3,0
3.64,6,2115,337,4,90.45,1,1,8,0
45.84,14,551,32,4,15.11,0,0,3,0
23.6,15,1947,459,1,4.26,0,0,3,0
13.05,18,1031,98,4,39.91,0,0,2,0
19.35,5,2675,472,0,52.21,1,0,2,0
74.4,22,2459,247,2,51.56,0,0,4,0
251.8,0,851,261,3,13.41,0,0,2,0
91.21,11,1712,191,2,12.48,0,0,7,0
36.36,17,1699,29,3,4.69,1,0,9,0
105.2,15,2896,48,2,85.09,0,0,1,0
42.14,11,528,496,4,94.77,0,0,8,0
33.29,19,206,250,3,11.57,0,0,5,0
21.02,12,2103,226,3,21.31,0,0,4,0
11.57,7,2587,272,2,8.99,1,0,5,1
45.15,21,1430,153,1,87.75,1,0,3,0
78.1,0,1698,485,7,95.87,0,0,1,0
60.54,20,1009,328,1,26.18,0,0,3,0
43.99,6,2833,285,0,30.36,0,0,5,0
25.9,14,2131,180,0,36.27,0,0,5,0
122.52,21,1647,302,2,50.25,0,0,3,0
17.87,12,2392,153,0,68.25,1,0,7,0
144.9,12,1880,234,3,50.44,0,0,8,0
24.48,8,642,23,1,95.1,0,0,7,0
31.42,23,2745,418,2,9.99,1,0,8,0
15.38,14,584,451,1,79.86,0,0,4,0
40.39,3,2353,94,2,33.45,0,0,6,0
176.85,12,1117,370,2,37.75,0,0,4,0
111.68,11,1048,245,4,70.88,0,0,6,0
177.4,4,1900,290,1,92.94,0,0,6,0
112.41,6,487,160,2,71.62,1,1,5,0
22.12,7,2690,373,2,77.59,0,0,2,0
47.9,4,2376,285,3,75.08,1,0,4,0
30.56,8,2536,9,0,32.1,0,0,5,0
252.29,13,2425,450,3,75.69,0,0,7,0
20.15,11,376,185,3,78.45,0,0,3,0
162.99,3,1846,295,1,53.34,0,0,7,0
162.87,19,2435,135,2,53.68,0,1,3,0
415.56,7,1725,110,1,75.97,1,0,8,0
44.27,16,2520,69,0,81.7,0,1,4,0
135.95,7,1627,136,3,33.72,0,0,5,0
653.05,20,22,96,3,80.16,0,0,9,0
35.96,0,545,119,0,81.42,0,0,4,0
14.37,19,2327,374,2,23.41,1,0,6,0
10.18,1,385,274,2,71.7,1,0,4,0
136.01,3,1734,358,5,18.65,0,0,4,0
10.14,23,266,366,2,9.3,0,0,2,0
45.96,20,2274,338,0,57.45,0,0,9,0
103.27,0,459,177,0,90.87,0,0,2,0
80.25,6,903,361,2,3.55,0,0,7,0
102.05,0,1194,237,2,82.65,0,0,7,0
83.29,8,2089,272,2,50.65,0,0,5,0
239.57,2,1857,277,3,86.09,0,0,7,0
25.73,11,1293,138,1,84.35,1,0,4,0
33.89,18,1318,362,1,87.53,0,0,5,0
30.79,14,619,132,2,76.89,0,0,3,0
152.96,21,926,44,1,84.3,0,0,3,0
164.09,15,2599,123,2,17.6,1,1,3,1
104.71,9,1635,136,4,30.39,1,0,7,0
217.78,21,157,367,4,24.25,1,1,6,1
20.53,5,665,373,1,74.24,0,0,6,0
353.27,16,2124,126,3,15.36,0,1,5,0
305.89,20,2627,439,1,18.22,0,0,7,0
139.16,21,1826,275,2,87.9,0,0,7,0
396.15,23,1312,495,2,70.59,1,0,6,0
12.72,16,2805,64,3,87.54,0,1,4,0
39.47,20,452,296,1,13.94,0,1,5,1
31.97,18,2954,232,2,39.9,0,0,6,0
137.21,17,408,51,2,28.32,0,0,2,0
23.33,10,1161,137,2,0.97,1,0,5,0
142.24,23,2539,158,1,28.45,0,0,4,0
262.57,6,2243,56,0,37.96,0,0,7,0
133.65,9,2226,81,1,9.22,0,0,4,0
88.57,6,1717,232,2,56.65,0,0,6,0
24.83,4,1997,428,1,38.32,0,1,5,0
28.59,11,1680,443,3,4.65,0,0,7,0
232.67,15,1591,399,1,70.4,0,0,3,0
145.38,20,516,452,4,72.93,1,0,1,0
64.13,17,2578,326,2,83.45,0,0,3,0
43.91,2,170,128,2,48.55,0,0,4,0
8.8,19,349,126,0,96.87,1,0,4,0
22.85,14,1835,317,2,91.41,0,1,6,1
450.98,4,1508,80,6,55.14,0,0,8,0
18.53,12,1633,474,2,44.5,0,0,3,0
80.6,18,1496,377,2,0.3,0,0,4,0
182.63,11,1516,357,0,71.1,1,0,5,0
19.01,22,2761,407,4,56.5,0,0,9,0
80.21,20,1186,333,1,93.75,0,0,3,0
170.36,4,832,175,1,59.42,0,0,3,0
67.53,5,794,145,3,99.29,0,0,3,0
1174.27,6,140,441,2,85.38,0,0,6,0
12.57,9,1485,126,4,95.36,1,0,2,0
192.24,15,2573,182,1,32.77,1,0,3,0
56.1,7,1509,219,1,14.93,0,0,2,0
144.3,8,2593,436,4,79.69,0,0,9,0
103.68,3,2798,278,4,78.62,0,0,9,0
32.04,20,790,485,5,21.14,0,0,8,0
83.85,20,1717,83,1,76.47,0,0,7,0
10.4,7,1779,423,0,58.2,0,0,5,0
121.91,6,1328,483,4,10.95,0,0,3,0
89.85,14,1948,141,2,50.18,0,1,2,0
126.3,20,1468,334,1,93.11,0,0,5,0
192.12,2,2645,496,4,50.65,0,0,5,0
96.31,16,2783,95,0,78.87,1,0,4,0
77.33,10,385,365,3,2.89,0,1,3,0
27.63,8,2261,194,1,72.81,0,0,4,0
32.71,4,670,110,2,94.68,0,1,8,0
218.49,9,2132,52,1,49.95,0,0,4,0
280.43,14,1413,103,4,33.77,0,0,6,0
52.56,13,750,101,1,64.67,0,0,5,0
69.83,3,313,142,4,91.63,0,1,4,0
26.99,20,1095,201,0,17.68,0,1,5,0
215.46,19,2627,458,3,40.37,0,0,1,0
129.72,1,795,319,1,15.63,0,0,7,0
464.62,11,1220,199,2,49.67,0,0,3,0
27.71,0,238,284,0,54.04,1,0,4,0
45.7,23,1864,494,1,94.42,0,1,5,0
84.05,19,277,217,2,41.25,0,0,7,0
127.29,4,2784,46,1,56.7,0,0,4,0
53.75,5,2859,28,1,88.53,0,0,1,0
27.86,23,263,2,1,32.14,1,0,7,0
161.0,10,879,383,2,67.42,0,0,5,0
137.16,7,2144,17,1,75.72,0,1,5,0
26.67,6,1214,315,0,33.05,0,1,4,0
258.64,3,1058,436,3,16.43,0,0,3,0
214.91,5,2279,388,2,50.29,1,0,8,0
76.27,15,999,77,1,35.68,0,0,7,0
72.21,19,406,466,2,26.65,0,0,4,0
116.05,14,947,387,1,97.34,0,1,6,0
28.17,13,2568,371,2,50.22,0,0,4,0
68.72,22,2618,165,0,85.65,0,0,6,0
7.75,11,2903,97,3,19.53,0,1,3,0
160.21,11,449,105,2,93.94,1,0,3,0
13.99,15,1937,24,1,79.44,0,0,6,0
299.89,14,2368,200,3,80.87,0,0,4,0
47.94,12,2017,35,3,38.98,0,1,5,0
53.96,10,44,2,2,48.56,0,0,13,0
35.6,16,2274,289,2,59.34,1,1,5,0
50.0,20,730,332,2,78.98,0,1,6,0
275.48,14,528,342,2,84.91,0,0,4,0
5.54,13,278,461,3,7.8,0,0,2,0
239.12,9,647,138,2,90.41,0,0,6,0
93.51,11,2532,337,1,93.75,0,1,6,0
19.94,15,1358,62,2,59.29,0,0,6,0
22.75,14,1389,299,3,18.68,0,1,5,0
356.52,9,99,197,2,81.84,1,0,5,0
25.91,3,1075,377,2,54.86,0,1,10,0
21.04,22,1398,59,2,81.72,0,0,5,0
207.95,8,1704,265,3,81.48,0,0,6,0
93.56,20,1399,333,2,8.67,0,0,5,0
26.1,19,2345,188,4,60.7,0,0,6,0
82.82,8,490,63,2,48.31,0,0,4,0
23.91,20,2694,308,1,94.61,0,0,8,0
200.5,23,510,279,2,29.66,0,0,5,0
192.75,19,1671,30,2,20.6,0,0,9,0
113.52,10,2109,171,2,89.71,0,0,6,0
95.74,10,112,452,2,14.87,0,0,3,0
388.07,6,1457,21,3,68.65,0,1,6,0
66.67,20,2756,299,1,30.0,0,0,4,0
20.45,9,1973,201,3,56.78,0,0,8,0
104.53,3,1649,135,3,61.62,0,1,7,1
537.03,4,2527,272,3,41.74,0,1,2,0
24.17,4,1337,23,2,97.5,0,1,5,0
46.46,10,2484,442,3,13.18,0,1,5,1
101.13,8,1689,87,2,39.14,0,0,6,0
63.19,15,2167,31,3,43.04,0,0,6,0
24.97,8,1598,121,1,63.1,0,0,8,0
204.76,21,2572,69,1,40.73,0,0,5,0
678.61,3,77,134,2,9.7,0,0,2,0
81.14,1,2446,371,2,94.74,0,0,4,0
27.0,13,1683,449,3,41.61,0,0,8,0
14.17,2,317,315,3,34.27,0,0,4,0
86.31,17,1385,496,3,44.67,0,0,5,0
201.12,20,1832,412,2,21.66,0,0,5,0
107.25,5,1099,146,1,10.02,0,1,4,0
66.53,10,469,472,2,14.86,0,0,4,0
36.99,20,2404,333,2,16.67,0,1,2,0
22.37,17,2382,481,3,19.77,0,0,7,0
153.66,11,676,394,1,42.0,0,0,4,0
166.3,4,1632,263,2,62.39,0,0,5,0
14.21,8,1066,293,1,62.89,0,0,6,0
326.96,19,77,480,3,0.01,1,0,5,0
118.4,17,2244,429,1,92.1,0,1,6,0
270.32,18,2249,86,1,82.28,0,0,6,0
17.42,2,1246,16,6,96.39,0,1,3,0
17.02,8,1633,216,2,36.0,1,0,5,0
57.46,3,2485,116,1,66.48,0,0,6,0
110.25,16,1384,118,2,16.8,0,0,5,0
401.96,16,2273,270,2,81.7,0,0,3,0
135.11,22,186,395,0,16.14,0,0,3,0
52.32,22,1598,467,3,32.6,0,0,6,0
23.89,1,1363,343,2,49.08,0,1,3,0
228.15,8,2618,162,4,59.45,0,0,6,0
25.41,8,2938,188,3,55.96,0,1,7,0
339.84,4,635,104,3,10.21,0,0,7,0
50.18,14,2664,141,1,42.17,0,0,6,0
327.2,14,188,167,1,92.29,0,0,5,0
131.49,2,404,300,5,87.24,0,0,2,1
58.15,18,1178,28,1,59.08,1,0,3,0
39.67,2,885,424,1,57.23,0,0,7,0
47.42,5,971,272,3,11.17,0,0,7,0
102.34,3,207,50,2,20.03,0,0,1,0
72.04,23,978,371,6,25.26,0,0,7,0
36.83,12,678,156,1,48.82,0,0,3,0
56.51,12,2514,324,4,73.14,0,1,4,0
72.14,10,1286,348,1,46.07,0,0,5,0
7.93,4,1920,121,2,12.61,0,0,10,0
105.44,0,81,444,1,43.93,0,0,4,0
25.04,8,232,140,4,16.26,1,0,3,0
21.05,16,2333,16,0,75.11,1,0,4,0
12.34,21,1279,309,1,16.65,0,0,8,0
11.09,0,1374,438,2,48.25,0,0,5,0
17.19,2,2630,49,0,69.34,0,1,9,0
32.82,14,933,164,1,22.82,0,0,4,0
470.25,20,480,62,0,7.6,0,0,4,0
39.41,22,2511,340,2,56.33,1,0,6,0
79.66,9,2064,154,2,5.42,0,0,6,0
99.53,7,197,312,3,58.78,0,0,8,0
76.03,11,2061,376,2,75.35,0,1,2,0
61.72,21,1678,346,0,32.93,0,0,1,0
20.18,14,2964,150,1,48.83,0,0,6,0
284.56,8,1158,376,1,92.88,0,0,7,0
406.34,23,969,73,4,47.11,0,0,7,0
12.4,9,2582,69,0,99.66,1,0,2,0
23.95,19,639,465,2,15.7,1,0,7,1
50.41,8,784,177,0,70.89,0,1,6,1
25.42,14,369,354,1,65.26,0,0,1,0
110.61,22,527,2,1,87.23,0,0,6,0
32.19,20,1353,309,2,9.24,0,0,5,0
581.18,20,1979,119,3,28.02,0,1,8,0
219.32,0,930,7,1,13.22,0,0,6,0
82.48,1,2909,255,2,93.31,0,0,1,0
186.23,18,944,484,1,42.66,0,0,3,0
201.52,13,1996,461,0,91.01,0,0,5,0
37.94,7,910,404,2,29.44,0,0,1,0
29.48,5,1738,478,5,12.64,1,0,4,0
72.11,11,2456,414,3,29.65,1,0,5,0
157.85,14,1379,75,2,59.72,0,1,4,0
76.64,13,1228,351,3,84.52,0,0,8,0
13.78,20,2225,195,0,38.54,0,0,5,0
29.88,0,386,187,3,91.48,0,0,4,0
61.93,10,1784,450,0,24.42,0,0,5,0
61.83,2,1515,496,2,69.35,0,0,4,0
479.4,18,1277,3,0,73.57,0,0,6,0
16.68,17,2664,184,2,27.4,0,0,6,1
110.56,19,1020,335,2,2.7,0,1,6,0
295.63,1,2646,273,5,36.52,0,1,7,0
646.42,6,1204,368,1,4.52,0,0,4,0
44.51,7,1240,52,3,90.08,0,0,4,0
109.01,18,1187,263,0,95.35,0,0,1,0
117.89,21,2105,368,0,73.54,0,0,8,0
81.08,14,1682,133,2,72.67,0,0,8,0
60.41,9,1938,482,4,24.09,0,0,4,0
103.13,21,182,225,0,7.39,0,0,7,0
5.3,0,2563,310,0,80.21,0,0,7,0
131.9,5,2455,61,1,55.92,0,0,4,0
75.65,12,303,365,2,68.16,0,0,7,0
53.38,13,561,16,2,77.96,0,0,6,1
516.39,2,1480,229,0,40.94,0,1,4,0
33.96,10,2907,195,1,14.45,0,0,6,0
44.56,2,1049,251,3,79.5,0,0,6,0
488.6,18,1672,443,2,45.38,0,1,9,0
29.02,9,894,303,4,82.69,0,0,6,0
38.47,14,1382,48,1,43.77,0,1,7,0
57.57,10,1236,235,3,21.7,0,0,4,0
154.58,14,143,121,1,17.1,0,1,3,0
82.09,23,780,499,3,74.39,0,0,2,0
18.31,12,2565,320,1,57.49,0,0,3,0
39.17,4,1099,50,1,40.46,0,1,7,0
36.33,3,489,469,1,49.21,0,1,6,0
61.73,12,872,41,3,54.96,0,0,3,0
102.09,8,468,456,2,23.94,0,0,2,0
101.31,16,635,22,2,37.82,0,1,9,0
11.29,1,168,371,2,29.24,0,0,6,0
193.24,23,2218,182,1,38.84,0,0,7,0
85.85,4,1287,5,4,50.06,0,0,6,1
266.28,15,2017,145,4,17.34,0,0,6,1
103.98,6,1930,357,0,39.35,0,0,5,0
200.6,0,949,78,2,38.55,0,1,4,0
106.33,11,1582,231,2,28.6,0,0,10,0
256.27,20,2212,297,4,99.85,0,1,6,0
112.42,10,2543,348,4,7.36,0,0,8,0
60.47,11,441,479,1,64.3,0,0,3,0
647.06,18,1060,209,3,17.44,0,0,2,0
162.23,11,1013,163,2,83.95,0,0,8,1
118.36,11,2124,168,3,91.42,0,0,9,0
18.61,13,2599,278,0,40.15,0,0,2,0
18.39,1,2153,237,2,82.35,0,0,2,0
89.36,1,224,176,2,24.99,0,0,6,0
77.13,3,2251,53,4,14.01,0,0,6,0
36.09,19,1680,349,0,31.59,0,1,5,0
76.78,22,1323,10,3,34.17,0,0,3,0
326.56,15,894,146,6,39.74,0,1,7,0
133.67,9,2096,227,1,37.3,0,1,5,0
21.31,12,1897,236,3,41.11,0,0,3,0
59.65,1,948,464,1,71.0,0,0,6,0
29.82,2,948,242,3,24.56,1,0,4,0
45.25,18,215,305,1,1.86,1,0,8,1
44.1,5,951,71,3,48.97,0,1,6,0
41.36,18,564,158,2,44.83,0,0,6,0
19.01,20,2541,19,4,6.01,0,0,3,0
58.69,19,1529,55,2,13.38,0,0,7,1
38.07,18,780,444,2,50.99,0,0,7,0
3.56,7,258,215,1,23.48,0,0,1,0
519.55,13,1107,456,0,87.76,0,0,4,0
198.1,9,382,209,1,17.33,0,0,4,0
45.77,2,1864,21,3,2.01,0,0,6,0
67.95,5,2936,282,1,44.76,0,1,4,0
20.66,14,844,249,3,98.62,0,1,5,0
363.48,22,2928,28,2,63.39,1,0,5,0
444.65,22,711,423,2,35.4,0,0,6,0
78.0,17,2195,417,3,1.69,0,0,6,0
185.59,13,2514,296,3,48.49,0,0,3,0
79.46,18,2871,211,3,20.65,0,0,6,0
17.52,9,2880,285,0,64.78,1,0,7,0
44.18,14,951,20,1,58.3,1,0,4,1
76.09,3,2501,20,0,26.52,0,0,3,0
42.33,22,2410,330,2,6.89,0,0,8,0
53.59,1,1005,396,1,75.5,1,0,8,0
60.86,2,803,120,5,58.55,1,0,7,1
61.51,6,2468,97,3,84.21,0,0,1,0
70.26,22,687,120,2,25.98,0,0,3,0
23.09,15,1823,25,2,65.29,0,0,6,0
32.56,9,1571,153,1,11.87,0,0,11,0
18.46,18,462,245,1,29.18,1,1,6,0
177.3,16,2476,260,1,65.65,0,0,6,0
8.12,18,2507,4,0,82.56,0,0,5,0
211.37,4,1148,393,3,32.09,0,0,10,0
266.76,22,60,143,5,79.89,0,1,2,0
49.29,19,1402,282,1,67.78,0,0,2,0
4.94,12,1548,335,3,34.87,0,0,7,1
46.46,12,219,346,2,87.64,0,0,5,0
62.54,10,897,220,2,50.92,0,0,4,0
24.27,10,1936,327,0,64.82,0,0,6,0
39.84,15,859,160,0,49.56,1,0,2,0
308.03,14,1887,76,1,45.27,0,0,4,0
129.66,16,636,99,3,84.8,0,0,6,0
26.45,21,2736,180,3,29.47,0,0,3,0
13.5,17,1468,127,2,3.66,0,0,7,0
48.09,18,2834,32,2,87.98,0,0,6,0
53.87,3,1260,265,1,82.5,0,0,5,0
109.53,21,672,334,3,36.66,1,0,3,1
39.04,21,277,13,2,18.55,0,0,4,1
111.22,22,2173,440,1,67.55,0,0,8,0
461.81,4,1633,380,1,7.88,0,0,5,0
150.73,6,1863,428,2,42.38,0,1,3,1
63.56,1,763,481,5,8.59,0,0,6,0
55.53,0,1362,352,2,59.79,0,0,5,0
46.68,11,1878,339,2,2.72,0,0,6,0
217.16,9,1073,414,2,62.92,1,0,5,1
35.61,7,191,400,5,67.32,0,0,2,0
69.77,0,1523,396,0,48.71,0,0,3,0
70.19,11,912,202,1,17.5,0,0,4,0
40.38,1,1152,450,1,10.14,0,0,2,0
16.9,9,2315,18,0,31.33,0,0,4,0
92.11,21,1516,397,3,46.52,0,1,5,0
62.74,16,2566,93,1,64.22,0,1,5,0
109.97,2,2149,280,3,0.13,0,0,7,0
39.11,6,2012,358,1,71.11,0,0,7,0
226.06,11,1194,396,2,71.27,0,0,7,0
27.75,7,158,316,1,44.45,0,0,10,0
369.46,19,2174,60,5,34.34,1,1,10,1
11.62,11,2515,477,1,84.23,0,0,6,0
103.0,2,2622,214,5,78.46,0,0,5,0
107.28,16,2871,100,0,98.33,1,0,2,0
30.1,8,2102,1,2,37.19,1,0,4,0
101.94,9,1810,43,1,90.68,0,0,6,0
239.73,21,2031,311,2,8.74,0,0,4,0
7.27,5,2831,168,1,41.15,0,0,3,0
110.25,0,1852,192,2,46.54,0,0,2,0
5.51,21,2046,34,2,44.09,1,0,5,0
25.39,11,2291,34,1,62.51,0,0,6,0
340.08,4,1408,176,2,17.02,0,0,9,0
37.27,12,1580,417,5,86.65,0,0,7,0
20.62,14,1883,196,6,55.18,0,0,8,0
54.71,21,1982,486,2,90.42,0,1,4,0
527.37,10,2254,158,3,0.26,0,0,4,0
10.68,7,2082,245,2,63.0,0,0,2,0
23.31,4,2452,366,4,41.25,0,1,6,0
298.1,1,723,340,4,50.51,0,0,2,0
427.39,11,1818,346,2,74.38,0,0,3,0
60.13,1,232,335,1,22.72,0,0,3,0
19.32,15,873,71,2,20.49,0,1,2,0
542.31,20,539,327,2,70.3,0,0,8,0
328.47,2,1221,114,1,52.14,0,0,11,0
131.49,9,1435,285,4,23.36,0,0,8,0
29.59,18,2314,407,2,48.4,1,0,5,0
63.5,7,663,418,0,45.96,0,0,7,0
56.81,6,1169,468,3,69.14,0,1,5,0
92.84,0,1852,143,1,0.27,0,0,4,0
284.58,11,2648,97,4,58.68,0,0,3,0
160.68,4,453,309,2,60.57,0,0,6,0
22.71,15,2475,401,4,74.55,0,1,6,0
264.14,3,583,320,5,88.92,0,0,4,0
91.21,16,2186,212,2,44.02,0,0,4,0
132.56,23,1020,317,0,34.25,0,1,0,0
289.03,20,350,185,4,10.23,0,1,7,0
21.94,1,2867,205,1,33.68,1,0,4,1
64.34,11,1290,364,3,6.85,0,0,5,0
39.19,0,109,216,3,80.28,0,0,6,1
13.9,11,2096,246,1,80.7,0,1,7,0
94.32,11,2320,239,4,41.72,0,1,4,0
821.85,11,159,293,3,25.96,1,0,7,0
10.59,18,1666,391,1,11.8,0,0,3,1
64.57,16,2747,8,1,85.12,0,0,3,0
126.54,19,2870,471,4,87.75,1,0,7,0
75.42,23,1363,78,0,26.63,1,0,6,0
59.55,23,1153,324,2,62.18,0,0,8,0
18.19,10,1617,277,1,25.87,0,0,4,0
84.17,12,2276,445,1,22.51,0,0,8,0
31.29,7,2963,494,3,2.12,0,0,7,0
7.46,9,1847,202,4,57.72,0,0,3,0
220.21,7,253,214,1,14.99,0,0,6,0
173.88,19,2943,94,2,1.24,0,0,3,0
70.22,7,596,478,0,10.49,0,0,4,1
83.85,8,2575,464,2,31.38,0,0,6,0
195.26,6,2247,75,2,66.92,0,0,3,1
83.46,13,2972,470,3,20.26,0,0,5,0
164.68,1,2672,157,1,88.76,0,0,7,0
49.53,10,865,153,1,28.85,1,0,8,0
247.64,7,2523,442,2,33.12,0,0,3,0
91.91,12,2156,142,0,21.8,0,0,8,0
80.97,20,2045,78,1,25.38,0,0,4,0
18.73,14,839,322,5,7.41,0,0,3,0
88.85,2,1396,182,2,29.48,0,0,1,0
29.02,22,1726,461,3,85.96,0,0,6,0
35.22,13,1697,195,3,68.84,0,0,3,0
29.51,14,65,158,3,87.53,0,0,9,0
22.96,1,1735,146,2,10.49,0,0,1,0
558.23,18,1963,54,3,45.56,1,0,4,0
252.48,11,1055,356,2,22.93,0,0,5,0
455.03,19,2637,277,2,72.12,0,0,2,0
19.63,3,194,309,3,97.02,0,1,4,0
71.61,2,531,83,0,81.54,0,0,5,0
18.29,4,1611,400,0,3.53,0,0,2,0
33.26,2,2321,156,3,31.67,0,1,6,0
26.63,14,1258,4,1,2.86,0,0,6,0
230.35,18,1668,499,2,4.02,0,0,9,0
44.87,1,1071,311,2,7.95,0,0,5,0
194.1,11,1012,271,4,27.63,1,0,7,0
122.01,4,2180,64,2,30.42,0,0,6,0
667.57,21,2358,449,1,40.05,0,0,3,0
15.19,16,2890,112,1,40.49,0,0,5,0
234.92,13,2027,239,0,77.14,0,0,5,0
209.86,21,1938,144,0,14.14,0,0,6,0
25.19,9,2702,374,0,15.77,0,1,7,0
182.57,2,2931,20,1,62.66,0,0,8,1
93.33,3,403,64,0,57.17,1,0,3,0
53.12,5,1627,289,2,15.4,0,1,3,0
29.26,23,670,81,1,85.23,0,1,5,0
32.49,21,1438,197,2,32.91,0,0,5,0
517.92,15,1164,382,4,36.7,0,0,5,0
66.73,6,78,69,1,42.05,0,1,5,0
145.78,14,2819,186,3,32.27,0,0,4,0
30.24,20,329,167,2,55.75,0,0,3,0
30.57,19,2234,205,4,38.86,0,1,3,0
196.76,10,593,492,4,25.94,0,0,5,0
17.3,21,1874,164,4,90.45,0,0,5,0
44.03,20,1193,94,2,30.84,1,0,8,1
68.99,0,591,249,3,69.85,0,0,1,0
74.54,4,1777,68,2,34.72,0,0,5,0
55.75,12,1566,343,0,43.52,0,0,2,0
99.07,20,1808,21,2,23.59,0,0,1,0
133.33,13,120,319,2,75.23,0,0,9,0
139.02,8,1008,85,4,73.72,0,0,2,0
24.88,16,767,390,3,2.22,0,0,8,0
50.19,14,292,24,0,6.02,0,0,9,0
220.25,20,1752,111,1,92.24,0,0,7,0
163.15,6,2251,437,2,88.88,0,0,3,0
16.9,21,1080,351,3,50.61,0,1,5,0
94.77,21,2399,83,3,49.34,0,0,7,0
9.22,11,2579,358,2,81.24,0,0,6,0
69.89,22,1403,460,1,13.85,1,0,1,1
444.86,5,810,78,1,65.37,0,0,5,0
25.84,20,2960,434,2,47.6,0,0,7,0
28.95,15,140,380,3,74.33,0,1,4,0
143.17,4,1303,140,1,3.01,0,0,7,0
14.26,8,1973,440,1,59.27,0,0,4,0
35.42,13,2871,376,0,55.67,0,0,5,0
121.08,7,70,271,2,84.08,0,0,3,0
35.36,13,2221,339,5,67.68,0,0,5,0
52.67,11,1558,476,1,88.02,0,0,2,0
140.36,9,281,424,2,88.73,1,0,4,0
101.65,19,1791,169,1,40.82,0,0,8,0
87.08,19,2190,197,1,13.74,0,1,4,0
47.51,20,1277,453,1,63.03,0,0,2,0
96.55,12,1467,262,2,87.37,0,0,8,0
58.93,18,47,215,2,7.5,1,0,2,0
105.4,14,1904,67,1,55.79,0,0,4,0
40.57,7,1352,229,0,11.5,0,0,3,0
55.56,22,2674,161,0,2.7,0,1,10,0
24.78,20,483,427,4,67.96,0,1,4,0
64.39,9,68,122,3,68.18,0,0,5,0
29.64,2,2646,149,3,60.07,0,0,5,1
21.89,20,1973,340,2,85.92,0,0,5,0
86.37,2,2556,193,1,8.09,0,0,5,0
82.5,4,1928,231,3,10.53,0,0,9,0
145.89,15,2624,111,2,86.45,0,0,3,0
43.33,16,2624,145,2,50.33,0,0,2,0
100.29,5,913,221,3,27.31,0,0,2,0
115.68,19,392,392,2,73.82,0,0,4,0
104.04,19,1421,64,0,89.44,1,1,11,1
29.21,15,94,126,3,68.96,0,1,7,0
77.43,23,1543,218,3,79.19,0,0,3,0
95.98,1,2684,284,2,28.25,0,0,8,0
67.17,19,2883,354,4,28.88,0,0,1,0
8.28,14,2350,474,0,86.41,0,0,4,0
78.3,17,1100,397,2,61.49,0,0,7,0
609.43,0,2844,236,2,23.42,0,0,3,0
46.52,18,138,485,2,52.42,0,0,9,1
32.2,11,2086,13,3,68.59,0,0,4,0
96.87,7,1578,422,0,21.85,0,1,5,0
91.14,5,701,153,0,65.49,0,0,5,0
219.8,11,1970,239,0,4.21,0,0,4,0
18.96,6,142,190,2,30.37,0,0,9,1
138.57,17,1218,151,1,67.4,1,0,4,0
120.35,21,655,86,1,14.93,0,0,4,0
57.85,13,2746,21,2,22.22,0,1,2,0
93.57,7,2591,182,5,87.91,0,0,5,0
186.69,23,1622,319,4,67.43,0,1,3,0
159.54,19,525,158,3,49.89,0,0,7,0
21.26,21,2055,459,1,21.09,1,0,4,0
151.44,13,1873,452,1,34.14,0,1,8,0
62.51,4,2222,481,1,57.43,0,1,6,0
71.73,8,2984,367,3,15.53,0,1,1,0
71.75,7,942,76,1,48.17,0,0,3,0
57.38,1,1673,329,0,40.9,1,0,6,0
219.58,15,566,416,5,47.67,0,0,4,1
61.33,12,1681,203,1,10.56,0,0,2,0
21.77,6,2737,229,2,10.65,1,0,4,0
44.99,15,1002,152,1,96.41,0,0,3,0
79.73,6,1638,263,0,97.94,0,1,3,0
227.97,13,1701,72,0,42.62,0,0,4,0
121.89,13,766,225,0,78.9,0,0,14,0
28.49,11,1114,473,2,65.58,0,0,5,0
800.46,0,1280,385,2,11.69,1,0,7,0
86.9,0,2912,131,2,29.67,0,1,4,0
238.74,11,2550,360,2,31.37,0,0,4,0
57.3,19,658,28,1,59.58,0,1,2,0
113.68,20,1419,299,3,58.0,0,1,6,0
154.39,14,1001,97,2,92.35,0,1,4,0
225.47,3,1340,46,4,79.0,1,0,0,0
191.98,6,637,1,3,85.68,0,0,5,0
159.52,15,2682,166,1,89.12,0,0,2,0
48.66,2,2600,245,1,80.13,0,0,8,0
37.65,6,2064,219,2,33.29,0,0,6,0
93.0,23,1959,102,3,21.5,0,1,5,0
169.55,21,963,291,3,57.18,0,0,7,0
53.37,5,2572,458,2,68.96,0,0,4,0
193.48,15,1852,204,0,38.66,0,0,2,0
285.04,23,2812,202,1,84.83,0,0,4,0
26.67,7,2130,54,3,96.06,0,0,3,1
28.88,22,19,482,4,56.94,0,0,3,0
57.95,21,1606,280,2,45.66,1,0,11,0
90.71,5,2619,412,4,84.29,1,0,2,0
39.47,9,131,278,3,2.43,1,0,3,0
257.8,15,696,493,1,12.9,0,0,5,0
101.91,10,2019,16,2,84.57,0,0,7,0
69.37,12,2570,13,3,73.2,1,0,5,0
15.86,5,450,356,2,41.61,0,1,0,0
17.89,23,2759,356,2,88.89,1,0,5,0
88.32,0,600,318,2,35.15,0,0,9,0
7.9,20,1378,427,1,63.38,1,1,4,0
183.58,18,1999,87,3,63.43,0,0,9,0
56.93,11,1371,78,4,18.43,0,0,4,0
1708.02,23,1217,416,1,28.49,0,0,5,0
670.43,5,2124,67,1,91.6,1,0,8,0
55.62,17,2074,347,1,18.34,0,0,5,0
59.96,12,1416,211,2,17.36,1,0,1,0
180.47,6,2425,214,3,47.96,0,0,3,0
366.2,22,2961,185,2,9.22,0,0,8,0
12.96,12,1349,449,4,89.46,0,0,3,1
11.17,20,1530,453,2,10.01,0,0,6,1
35.8,7,2778,433,1,61.66,0,0,1,0
119.43,20,1586,33,4,33.98,0,0,2,0
109.6,16,917,115,1,80.43,0,0,2,0
194.37,8,2530,275,2,58.98,0,0,8,0
20.09,19,124,420,5,38.83,0,0,13,0
6.58,12,2157,499,0,98.39,1,0,4,0
157.28,1,2495,198,2,6.62,0,0,3,0
29.13,3,1378,380,2,57.78,0,0,3,0
8.86,1,2406,143,1,98.96,0,1,3,0
77.1,3,148,228,4,69.1,0,0,5,0
147.4,17,837,120,7,73.98,0,0,8,0
59.02,4,2381,353,5,3.21,0,0,3,0
42.19,18,855,24,2,2.14,0,0,6,0
56.86,9,2351,27,4,3.61,1,0,6,0
46.04,17,1990,433,3,99.17,0,1,6,0
17.32,20,1562,75,2,97.95,0,0,7,0
32.63,9,1325,241,2,33.45,0,1,4,0
112.31,4,83,23,1,29.1,1,0,7,0
91.99,16,493,161,2,14.6,0,0,4,0
78.89,21,25,41,5,32.91,0,1,5,0
24.65,12,1559,238,0,37.01,0,0,5,0
55.62,22,1369,239,0,74.83,1,0,5,1
7.56,16,2850,56,3,86.63,0,0,9,0
79.72,8,1906,413,2,74.67,0,1,4,0
278.34,23,2573,415,2,64.65,0,0,4,0
15.27,11,2982,449,4,76.59,0,0,4,0
37.12,13,1160,98,2,73.85,0,0,6,0
92.68,13,2881,146,1,47.57,0,0,4,0
233.42,7,2575,466,4,33.59,1,0,7,0
42.6,22,138,262,0,28.28,0,0,4,0
33.37,4,520,436,3,67.94,0,0,6,0
9.31,18,432,40,1,95.93,1,1,4,0
73.95,13,2442,193,3,58.11,0,0,8,0
513.92,8,1916,239,2,91.25,0,1,0,0
88.0,6,241,42,2,1.42,0,0,6,0
65.22,7,968,222,2,79.45,1,0,8,0
92.03,13,834,196,2,85.36,0,1,5,0
65.95,21,74,288,0,63.1,0,0,7,0
29.58,13,842,10,2,93.41,0,0,7,0
151.91,10,624,235,2,58.99,0,0,3,0
83.58,13,2038,325,2,24.05,1,0,2,0
67.87,20,810,265,0,21.57,0,1,5,0
25.14,7,1977,69,2,55.58,0,0,8,0
245.55,2,287,445,3,90.65,0,1,7,0
129.63,22,2023,139,2,7.24,0,1,1,0
38.36,17,1727,355,1,60.44,0,0,2,0
181.6,2,2423,219,0,76.98,0,0,6,0
40.55,12,2573,196,0,11.54,1,0,3,0
30.51,11,1248,74,1,11.68,1,0,11,0
31.2,14,2496,103,2,36.61,0,1,8,0
11.35,17,437,225,1,27.39,0,0,3,0
106.86,4,2786,123,0,19.83,0,0,6,0
10.69,6,2453,102,1,19.87,0,0,6,0
19.52,10,1534,264,3,13.07,0,0,10,0
8.37,10,1496,433,0,61.09,0,0,7,0
61.19,14,595,408,1,68.81,0,0,8,0
57.38,9,384,487,1,70.29,0,0,3,0
48.1,14,1533,161,2,53.24,1,1,4,0
23.51,12,102,233,2,95.29,0,0,1,0
20.65,13,1610,491,1,88.05,1,0,4,0
106.1,16,2378,275,1,95.76,0,0,6,0
38.45,12,923,258,2,38.88,0,0,3,0
91.5,9,1355,311,2,87.78,1,0,4,1
27.52,0,1850,139,0,76.29,0,1,6,0
79.92,0,1311,227,3,34.0,0,0,5,0
245.5,14,1631,273,3,10.66,0,0,4,1
119.84,15,1571,426,3,68.26,0,0,3,0
44.15,11,1763,317,1,13.65,0,0,9,0
86.25,23,1426,387,1,29.38,0,0,9,0
52.42,5,2974,86,1,50.04,0,0,8,1
67.21,5,104,291,3,67.99,1,0,2,0
48.15,11,1789,469,0,92.62,1,1,6,0
56.58,14,968,217,1,59.32,0,0,4,0
82.44,3,1140,359,2,67.14,0,0,6,0
24.7,23,1423,66,4,31.0,0,0,3,0
24.15,3,1793,257,4,68.73,0,0,4,0
16.63,1,2128,135,0,43.78,0,0,8,0
13.46,23,673,404,9,85.69,0,0,6,0
19.74,11,978,427,0,39.25,0,0,4,0
78.22,6,2644,375,0,46.83,0,1,3,1
27.31,19,2784,390,0,43.26,0,0,7,0
111.45,8,2425,55,0,81.11,0,0,3,0
69.04,8,2108,356,0,95.37,0,0,7,1
9.31,7,1176,243,4,32.73,0,0,4,0
128.38,13,1581,252,1,47.5,0,0,9,0
150.02,0,1533,21,2,70.59,0,0,6,0
24.68,22,997,307,2,89.54,0,0,4,0
101.51,20,2317,430,1,49.37,1,1,2,0
28.32,22,1235,163,3,10.89,0,0,2,1
73.53,11,1218,356,1,36.87,1,0,5,0
18.83,1,2215,264,0,55.04,0,0,6,0
11.1,12,108,498,3,41.75,0,0,5,0
45.48,3,2298,68,4,18.66,0,0,7,0
58.93,19,1524,107,1,3.7,0,1,8,1
44.81,17,211,400,2,68.74,0,0,3,0
20.41,18,643,67,2,99.27,1,1,5,0
44.71,15,755,199,2,91.92,0,0,6,0
87.3,13,499,192,0,68.33,0,0,9,0
63.76,7,588,2,2,84.15,0,0,2,0
80.04,11,2584,257,0,25.57,0,1,4,0
34.12,8,282,442,2,62.24,0,0,4,1
215.23,5,1252,1,4,6.06,0,1,9,0
20.57,17,795,358,1,70.72,0,1,7,0
108.59,1,462,115,1,96.99,0,0,9,0
217.43,22,1185,391,1,86.08,0,0,8,0
107.87,7,2404,88,2,53.44,0,0,6,1
54.46,23,825,197,3,78.87,0,1,5,0
39.32,13,423,469,1,94.39,0,0,10,0
187.93,5,1560,92,3,21.6,0,0,5,0
16.07,9,440,274,4,79.33,0,0,2,0
25.28,7,2436,344,1,26.98,0,0,3,0
44.81,16,904,160,2,87.69,0,0,2,0
229.9,11,2485,173,3,9.84,0,0,4,0
97.49,16,1956,33,3,17.82,1,1,6,1
25.33,12,1117,458,0,72.06,1,0,7,1
48.9,18,201,73,2,17.48,0,1,5,0
36.08,11,50,433,3,15.81,0,0,4,0
32.79,15,1897,417,4,55.55,0,0,6,0
177.49,4,1869,481,2,83.5,0,1,2,0
16.92,15,1806,455,1,26.85,0,0,9,0
333.21,5,1342,196,3,84.11,0,0,8,0
152.66,10,145,284,2,80.8,0,0,4,0
198.51,16,1823,87,1,57.91,0,0,3,0
41.97,22,115,309,4,64.66,1,0,6,0
57.4,13,528,224,5,4.04,0,0,5,0
15.91,5,1951,44,2,36.71,0,0,6,0
39.46,22,2871,336,1,26.34,1,0,3,0
109.25,10,1575,494,3,15.0,0,1,7,0
243.73,11,135,439,3,38.97,1,0,8,0
22.04,12,2457,138,2,35.49,0,0,6,0
46.27,3,2136,270,3,72.89,1,0,2,0
57.32,6,398,359,0,59.81,1,1,6,0
16.51,1,1568,36,4,91.31,0,1,9,0
120.46,5,1734,34,1,14.54,0,0,5,0
32.33,5,2131,88,0,5.97,0,0,8,0
54.85,17,1038,146,2,53.46,0,0,7,0
42.44,19,1952,16,2,0.1,0,1,1,1
30.29,7,91,233,0,78.77,0,0,3,0
66.22,7,1570,421,3,50.6,0,1,7,0
53.75,7,785,41,4,48.81,0,0,2,0
45.98,7,287,255,2,36.25,0,0,4,0
32.19,0,2897,281,0,37.5,0,0,4,0
91.79,1,1888,126,2,43.11,1,1,3,0
348.49,11,2281,8,3,1.6,0,0,6,1
76.7,14,1617,472,2,8.35,0,0,4,0
180.57,3,615,468,2,50.5,0,1,5,0
16.61,2,2076,368,3,15.01,1,0,4,0
78.08,13,649,350,2,77.88,0,0,2,0
22.26,21,1799,340,1,27.45,0,0,3,0
15.23,22,1766,402,1,9.79,0,0,4,0
31.84,7,1376,324,3,23.52,0,0,3,0
219.62,12,2154,176,1,35.71,0,0,1,0
172.43,22,184,228,4,3.53,0,0,6,0
85.03,18,1386,454,1,14.17,0,0,4,1
14.4,21,357,323,3,32.38,0,0,6,0
54.8,4,10,402,2,31.05,0,1,5,1
90.17,12,72,367,3,80.04,0,0,5,0
79.48,19,1793,488,1,84.33,0,1,9,0
10.55,0,235,18,1,19.34,0,1,6,0
27.38,15,2480,56,4,12.39,0,1,6,0
62.55,22,1052,407,1,63.42,0,1,4,0
114.01,23,2088,35,1,80.46,0,0,6,0
7.42,1,854,390,3,96.37,0,0,5,0
56.71,6,2690,118,0,0.68,0,0,10,0
76.94,5,33,282,2,41.37,0,1,12,0
155.96,4,2894,254,1,73.4,1,0,6,0
133.33,3,1244,213,3,82.86,0,0,1,0
119.41,1,1994,61,1,6.23,1,0,3,0
29.97,9,170,88,1,68.06,0,1,3,0
9.89,21,1288,271,3,28.89,0,0,3,0
45.01,4,1604,347,1,7.46,0,0,8,0
181.57,17,2171,32,3,48.91,0,0,9,0
268.66,9,2561,396,3,15.82,0,0,3,0
135.71,22,1962,133,4,73.7,1,0,3,0
102.45,21,1705,64,3,74.13,0,0,3,0
97.48,14,964,199,3,84.21,0,0,3,1
38.24,8,366,256,0,37.76,1,0,3,0
58.55,10,2226,342,3,1.33,0,0,9,1
353.92,20,978,155,2,25.97,0,1,3,0
25.98,16,251,463,4,46.78,1,0,2,0
335.22,20,148,231,1,69.4,0,0,7,0
48.33,8,2154,301,1,38.2,0,1,6,0
250.99,22,156,35,0,53.6,0,0,9,0
16.33,15,1090,26,2,52.43,0,0,5,0
119.81,5,1075,23,0,16.5,0,0,3,1
31.92,21,2923,141,2,62.3,0,0,6,0
16.2,10,552,474,2,43.93,0,0,6,0
82.97,22,701,387,1,80.79,0,1,5,0
183.0,16,1035,285,0,69.06,1,0,5,0
28.65,3,1171,450,4,11.15,1,0,1,0
14.89,14,1650,320,3,48.88,0,0,4,0
60.83,0,2961,156,2,70.25,0,0,7,0
61.1,21,739,471,0,8.7,0,0,3,0
115.39,19,2388,420,1,79.25,0,0,5,0
172.36,0,2674,113,0,22.2,1,0,8,0
62.84,8,413,390,3,50.31,1,0,4,0
426.45,11,2565,139,2,94.06,0,0,9,0
83.45,3,1949,422,0,57.13,0,0,4,0
47.16,21,1160,374,1,42.41,0,0,3,0
13.31,12,1745,418,3,0.68,0,0,7,0
51.28,6,1048,209,1,13.34,0,0,7,0
47.64,7,2283,323,2,57.87,0,0,3,0
174.22,12,2922,364,1,49.38,0,1,4,0
105.9,10,754,430,2,36.38,0,0,8,0
20.5,8,2550,482,3,92.32,0,0,7,0
79.22,23,328,86,1,33.25,0,0,7,0
130.52,15,1252,285,2,53.72,1,1,3,0
307.36,9,782,60,1,56.87,0,0,7,0
161.99,10,1926,54,2,52.75,0,0,6,0
142.71,11,2509,93,2,47.76,1,0,6,0
70.82,13,953,325,3,33.71,0,0,2,0
98.33,18,2905,458,1,90.88,0,0,5,0
232.64,11,2024,458,0,45.08,0,0,10,0
17.59,17,1223,373,2,52.84,0,0,7,0
47.02,20,2941,265,4,65.65,0,0,10,0
30.8,16,428,382,2,6.77,0,0,0,0
97.43,2,874,213,2,78.13,0,0,8,0
228.2,0,798,333,2,51.25,0,0,5,0
36.71,18,1881,10,2,65.72,0,0,4,0
6.11,3,504,358,1,77.2,0,0,5,0
44.16,22,1072,203,0,87.41,0,1,6,1
166.25,15,2219,196,0,39.22,0,0,7,0
114.16,11,2035,58,2,81.14,0,0,5,0
102.33,20,2178,494,2,25.88,0,0,2,0
50.4,20,2456,256,1,66.03,0,0,4,0
18.56,12,1995,223,0,10.27,0,1,5,0
111.64,16,737,369,1,2.0,0,0,3,0
28.95,7,570,180,2,9.58,0,0,3,0
592.35,12,2661,418,3,31.94,0,0,7,0
117.98,19,1162,362,1,3.11,0,0,11,1
37.31,4,549,35,4,63.05,0,1,6,0
36.18,17,2413,359,1,31.65,0,0,12,1
60.77,14,669,103,3,73.64,0,0,7,0
52.48,11,2489,161,1,4.59,0,0,3,0
203.74,16,1873,200,2,21.67,0,0,6,0
80.35,14,2620,160,1,40.8,0,1,3,0
32.08,1,1460,183,3,38.27,0,0,5,0
441.62,5,826,353,1,13.1,0,0,4,0
70.06,16,1954,136,3,99.41,0,0,6,0
143.86,15,2768,430,0,28.44,0,0,13,1
36.3,16,1225,398,0,72.1,0,0,3,0
95.88,19,21,226,3,22.0,0,0,4,0
91.02,8,2296,392,2,87.79,1,0,5,0
10.08,4,1905,243,2,38.78,0,1,3,0
500.33,22,2510,106,4,90.09,0,0,8,0
242.41,0,2440,71,1,34.18,0,0,4,0
44.83,5,2839,77,3,0.86,0,1,3,0
22.15,23,57,54,2,51.7,0,0,6,0
94.4,13,2374,277,6,52.48,0,1,6,1
72.73,16,2266,111,2,11.98,0,0,2,0
95.17,18,1580,224,1,23.5,0,0,5,0
80.77,0,586,75,1,78.35,0,0,4,0
110.64,0,2372,14,1,3.68,0,0,3,0
283.53,12,763,459,4,48.95,0,0,3,0
117.7,13,1069,258,2,53.04,0,0,4,0
23.34,5,2972,482,4,68.87,0,1,11,1
260.49,5,2812,189,4,3.75,0,0,5,0
343.99,0,563,364,0,58.56,0,0,6,0
1559.4,13,412,239,1,0.31,0,0,4,1
21.68,2,1140,401,1,26.52,0,0,3,0
85.02,22,2096,334,3,49.97,0,0,6,1
8.31,9,2638,473,2,91.13,1,0,5,0
115.95,18,2237,304,4,12.66,0,0,10,0
38.54,18,2069,91,1,16.93,0,1,6,0
456.43,18,557,392,1,66.93,0,1,6,0
30.73,22,1159,184,4,37.49,1,1,6,0
12.31,3,72,17,5,62.34,0,0,6,0
41.63,19,853,453,2,99.75,0,0,6,0
9.25,18,1018,12,2,98.69,0,1,5,0
141.33,9,1852,166,2,35.37,0,0,11,0
8.46,1,2041,146,1,50.39,0,0,6,0
68.61,3,1332,282,4,90.47,0,1,3,0
8.35,23,2091,479,2,9.22,0,1,2,0
48.41,5,761,37,1,45.23,1,0,4,0
344.94,6,58,70,3,37.76,1,0,9,0
95.65,15,667,169,1,29.49,0,0,8,0
28.12,6,1670,335,1,99.42,0,0,10,0
64.64,17,710,170,3,73.35,1,0,9,0
67.9,19,1090,497,1,38.87,1,0,3,0
106.98,21,2166,253,0,82.9,1,0,5,0
17.0,18,1550,346,1,48.97,0,0,4,0
120.61,8,2081,499,4,87.28,0,0,5,0
4.46,19,2278,460,2,26.64,0,0,6,0
35.52,9,1993,297,0,22.36,1,0,6,1
40.92,12,324,431,3,24.73,0,0,1,0
125.63,17,2351,142,3,53.85,0,0,6,0
68.21,15,1710,385,4,29.13,0,0,8,0
16.35,21,1027,273,2,14.71,0,0,6,0
24.9,16,647,225,2,99.46,1,1,3,0
81.34,21,2324,183,3,90.04,0,0,4,0
61.62,12,2145,221,1,63.5,0,0,5,0
37.37,11,2512,53,3,89.15,1,1,7,0
41.23,9,1659,118,1,93.55,0,0,7,0
133.78,0,2814,365,2,67.61,1,0,3,0
39.74,7,2488,159,3,51.87,0,0,5,0
61.06,20,1785,446,3,88.2,0,0,2,0
584.02,21,1976,136,0,56.78,0,0,4,0
16.06,17,2968,414,2,12.68,0,0,10,1
10.47,1,1973,77,2,36.69,0,0,2,0
146.0,15,1777,336,2,44.59,1,0,6,0
33.83,11,251,450,1,93.54,0,0,3,0
48.51,8,711,45,1,65.92,0,0,6,0
30.53,2,2959,18,0,87.53,1,0,7,0
51.43,21,750,355,1,75.76,0,0,4,0
329.82,20,2123,429,4,30.99,0,0,5,0
148.73,3,2435,403,3,71.87,0,0,3,0
157.94,1,2445,205,3,19.53,0,0,8,1
16.18,7,1824,499,4,40.81,0,0,4,0
21.09,9,790,324,1,80.61,1,1,5,0
3.9,15,2266,83,4,61.19,0,0,1,0
29.68,22,25,50,1,82.54,0,1,5,0
173.59,10,995,281,2,25.47,0,1,5,0
111.83,17,376,166,2,74.97,0,0,4,0
53.44,21,2837,243,0,20.23,0,1,3,0
65.22,13,1262,377,2,54.53,0,0,5,0
33.49,7,2497,479,2,43.35,1,1,7,0
81.84,22,699,164,2,55.65,0,0,7,0
143.43,14,1069,324,1,13.55,0,0,6,0
13.25,16,856,56,4,36.12,0,1,7,1
89.99,20,431,39,3,66.69,0,0,3,0
169.43,17,1653,319,3,55.85,0,1,5,0
44.03,5,1222,128,3,54.9,0,0,4,0
134.38,22,617,391,4,51.08,0,0,5,0
1112.82,13,1348,122,0,94.39,0,0,2,0
60.08,22,29,247,3,93.46,0,1,3,0
98.82,2,685,186,2,36.01,0,0,4,0
31.88,6,391,208,4,35.19,0,0,3,0
79.94,14,618,315,1,55.49,1,0,1,0
105.66,20,2200,304,1,9.56,0,1,3,0
81.03,23,71,389,1,30.3,0,0,3,0
24.05,15,1275,239,2,23.09,0,0,4,0
81.97,15,2295,215,3,22.34,0,0,8,0
287.78,7,1164,292,2,63.85,0,0,6,0
104.44,6,1638,224,1,38.44,0,1,7,0
174.51,5,1636,88,1,17.12,0,0,2,0
52.61,1,1156,25,0,88.76,0,0,4,0
141.16,21,1473,429,3,87.41,1,0,7,0
88.17,12,936,220,5,86.25,0,0,5,0
25.77,11,2399,275,1,39.07,1,0,5,1
91.7,14,1452,135,3,5.7,0,1,7,1
24.74,8,1663,492,2,10.67,0,0,4,0
35.41,1,2512,442,0,27.6,1,0,9,0
80.59,16,291,233,3,22.0,1,0,5,0
89.77,4,895,465,2,87.4,0,0,4,0
20.3,10,1034,66,1,98.64,0,0,3,0
191.33,21,732,80,1,81.67,0,1,4,0
118.16,18,1808,423,2,72.98,0,0,5,0
32.96,23,1245,255,3,58.86,0,0,6,0
14.33,6,96,125,2,76.99,0,0,4,0
57.69,1,674,146,1,94.7,0,0,5,0
42.69,15,871,103,4,60.13,0,1,4,1
74.67,11,1732,385,1,15.46,0,0,4,0
46.38,22,2118,447,5,16.39,0,0,4,0
8.96,14,2854,387,2,58.39,1,0,5,0
45.23,0,2152,383,0,33.35,0,0,3,0
49.13,12,795,277,1,91.02,0,0,2,0
125.67,22,1586,382,2,61.16,0,1,3,0
33.18,5,1677,124,3,67.65,0,0,1,0
357.34,12,2354,414,2,0.58,0,0,6,0
9.86,17,703,267,0,49.88,0,0,6,0
247.44,2,2456,278,0,43.12,0,1,10,0
53.29,0,1264,111,2,70.59,0,1,5,1
157.53,14,543,381,1,38.26,1,1,7,0
72.23,12,411,313,2,97.66,1,0,3,0
208.42,4,139,89,2,67.02,0,0,6,0
45.27,12,2349,387,2,65.99,0,0,1,0
22.23,21,285,158,0,91.93,0,0,4,0
276.03,4,2969,216,0,99.52,0,0,4,0
59.53,18,1868,384,2,19.78,0,0,4,0
83.23,20,2983,301,2,81.05,0,0,7,0
229.24,23,64,36,2,16.23,0,0,5,0
23.76,17,2796,87,3,45.7,0,0,4,0
120.96,20,774,118,1,10.02,0,0,5,0
36.97,21,1230,328,4,62.34,0,0,8,1
58.43,9,651,448,1,46.85,0,0,8,0
71.68,23,1857,182,0,62.87,0,0,5,0
14.88,7,733,68,3,67.8,0,0,4,0
30.6,14,1223,434,1,61.94,0,1,9,0
257.51,20,811,359,4,29.4,0,0,6,0
161.77,19,747,491,2,83.7,1,0,2,0
62.64,22,767,159,2,55.17,0,0,3,0
85.04,21,1601,285,3,48.99,0,1,3,0
49.69,3,2624,443,1,98.71,0,0,6,0
258.94,1,1309,164,3,28.35,0,0,3,0
54.58,23,1851,461,0,52.8,0,1,4,0
84.09,5,349,361,2,68.23,0,0,4,0
209.77,2,162,73,0,12.52,0,0,1,0
30.65,6,1598,119,0,35.42,0,1,4,0
316.96,9,1431,341,1,80.17,0,1,4,0
14.43,22,1477,499,1,23.68,0,0,6,0
340.24,5,436,195,1,49.33,0,1,3,0
45.94,15,2261,89,2,63.06,0,0,1,0
52.32,1,1145,345,1,67.12,0,0,7,0
10.07,23,2382,76,2,72.83,0,0,3,0
42.32,16,959,221,1,86.6,1,0,10,0
23.58,12,1383,139,1,39.29,1,0,3,0
36.32,0,2040,372,2,70.66,0,1,4,0
58.13,5,2996,395,1,73.22,0,0,3,0
173.78,4,966,241,1,30.03,0,0,2,0
82.07,12,1711,154,3,96.82,0,0,4,0
90.71,22,2951,53,1,86.52,0,0,5,0
22.3,17,2492,142,3,28.99,0,0,10,0
27.64,11,1313,320,1,67.51,1,0,3,0
402.91,6,380,464,2,71.78,1,1,5,1
31.97,14,2990,394,0,43.15,0,1,5,0
349.4,2,2306,31,1,86.37,1,0,3,0
52.3,15,2948,223,2,69.02,0,0,6,0
66.84,0,2238,292,1,65.82,0,0,5,0
194.49,15,712,266,0,22.08,0,0,2,0
237.91,23,1684,282,2,40.78,0,0,3,0
59.69,11,2135,276,2,43.39,0,0,5,0
45.23,18,2976,381,3,73.37,1,0,8,0
63.06,7,2942,44,1,61.84,0,0,11,0
93.5,22,2393,62,1,8.59,0,1,6,0
162.6,11,59,201,2,30.77,0,0,7,0
66.97,14,2142,335,2,47.3,0,0,10,0
123.83,1,2752,9,2,73.67,0,0,9,0
343.22,16,2061,71,2,74.36,0,0,5,0
97.64,6,1002,90,3,49.05,0,0,4,0
91.07,12,2374,24,3,11.69,1,0,5,0
14.6,0,1144,140,1,29.29,0,0,2,0
4.8,5,1367,316,1,25.47,0,1,5,0
98.33,12,1884,340,3,78.1,0,1,6,0
60.65,10,772,376,3,18.0,0,0,5,1
39.85,9,2669,78,2,46.49,0,0,3,0
85.07,15,1014,214,2,67.07,0,0,7,0
62.78,23,2971,16,3,96.48,0,0,6,0
205.98,22,2856,29,2,99.92,0,0,3,0
72.68,19,2176,416,2,95.29,0,0,2,0
31.6,16,359,467,3,71.82,0,0,10,0
179.5,16,2974,375,1,74.64,0,0,6,0
53.67,3,696,291,3,75.92,0,0,1,0
112.9,4,551,43,0,86.26,0,0,6,0
41.37,22,370,352,3,95.18,1,1,4,0
34.82,13,2765,375,1,44.57,0,1,6,0
72.54,19,2742,53,4,41.65,0,0,9,0
67.55,9,2387,276,2,46.05,0,0,8,0
107.75,13,2276,371,3,65.98,0,0,5,0
50.98,0,2265,232,2,77.54,0,0,3,0
10.63,10,1703,212,1,87.05,0,0,4,0
43.26,22,2902,8,2,45.62,0,0,4,0
147.5,17,94,122,3,36.34,1,0,5,0
49.53,15,694,483,3,98.34,0,0,3,0
52.12,17,254,42,1,23.19,0,0,4,0
178.82,7,2929,333,1,22.2,0,0,7,0
32.72,9,1368,233,1,71.54,0,0,7,0
14.26,9,605,70,6,17.97,0,0,4,0
56.79,4,2742,367,3,39.94,0,0,5,0
41.09,9,1166,16,2,29.24,0,0,5,0
25.37,17,1833,69,1,16.87,0,1,4,0
55.96,20,1807,53,0,57.97,0,1,7,0
109.02,23,359,173,2,37.35,1,0,3,0
66.07,5,2339,435,0,46.22,1,0,2,0
90.65,2,2350,482,2,19.59,0,0,0,0
408.87,7,1302,262,0,76.79,0,1,10,0
47.33,8,1894,379,2,31.47,0,1,3,0
88.09,4,1570,289,1,34.27,0,0,6,0
40.08,1,993,463,2,25.22,1,1,6,0
28.61,1,2077,15,3,43.44,0,0,2,0
37.15,6,2816,270,3,46.36,0,0,2,0
41.32,16,1873,167,1,52.97,0,0,5,0
95.53,9,1989,63,3,96.76,0,0,5,0
698.6,11,1746,261,2,90.47,0,1,3,0
32.59,1,2462,121,3,60.94,0,0,4,0
43.96,9,1148,346,1,3.89,0,1,5,0
62.61,19,1928,240,1,61.23,0,1,7,0
99.07,0,710,465,3,8.97,0,1,3,0
86.8,3,2083,107,2,71.03,0,0,5,0
240.83,12,575,495,5,39.01,0,0,9,0
5.89,11,404,180,4,83.77,0,0,6,0
6.13,10,1966,16,1,94.25,0,0,9,0
40.61,9,532,355,1,41.71,0,0,8,0
199.8,14,1572,422,1,46.06,0,0,6,0
13.93,4,2919,309,0,59.01,1,0,3,1
3.29,16,1116,215,2,19.71,0,0,5,1
118.06,4,2859,77,1,92.73,0,1,6,0
85.09,1,559,225,0,43.3,1,0,6,0
22.42,8,1478,93,2,16.68,0,0,3,0
24.89,5,2144,181,2,76.27,0,0,3,1
25.29,17,842,174,4,21.92,0,0,8,0
74.48,13,396,354,1,14.35,0,0,1,0
35.65,18,972,354,2,56.29,0,0,4,0
109.3,13,2725,219,0,67.15,0,1,3,0
3.84,7,1431,143,2,56.96,0,1,1,0
28.31,16,295,315,2,65.65,1,0,4,0
21.63,2,2755,434,2,11.55,0,0,2,0
51.61,9,378,393,3,47.6,0,0,5,0
38.94,16,2712,282,2,35.7,0,0,2,0
148.09,10,1455,259,1,97.34,0,0,6,0
10.39,7,1751,356,0,4.96,0,0,10,1
69.79,0,2711,47,2,29.83,0,0,4,0
116.55,12,2754,5,2,94.19,0,0,6,0
426.94,20,1476,62,1,98.35,0,1,5,0
41.19,3,1786,468,0,82.49,0,1,4,0
92.25,6,1553,84,4,7.6,0,1,6,1
10.98,13,924,133,1,56.14,0,0,6,0
6.1,4,297,394,1,40.01,0,0,8,0
155.21,23,104,336,2,80.65,0,0,6,0
66.32,10,2726,63,2,5.5,0,0,5,0
216.7,16,2098,281,0,19.71,0,0,9,0
16.89,4,340,44,1,48.92,1,0,2,0
112.16,19,1846,153,0,15.76,0,0,5,0
432.17,2,1814,414,2,69.27,0,0,4,0
101.46,4,1188,270,3,82.08,0,1,3,0
87.93,14,2561,342,3,70.45,0,0,7,0
67.26,18,284,171,2,44.03,0,0,5,0
13.86,15,1598,156,2,87.84,0,0,4,0
258.68,7,2236,478,2,13.77,0,1,2,0
36.2,12,1966,275,4,26.03,1,0,6,0
110.44,15,1785,358,1,48.95,0,0,7,0
13.97,2,2194,426,2,6.13,0,1,4,0
20.5,0,776,20,1,9.57,0,0,3,0
280.08,8,997,483,0,39.74,0,1,7,0
47.12,8,1769,214,2,94.39,0,0,9,0
285.22,21,1213,79,4,90.84,0,0,6,0
61.67,16,2300,139,0,46.6,1,0,3,0
10.57,23,1129,438,3,14.22,0,0,8,1
162.73,1,206,98,2,17.81,0,0,10,0
36.97,8,535,377,3,37.75,0,0,5,0
134.11,23,641,152,3,21.01,0,0,5,0
68.39,18,1420,198,3,8.3,0,0,7,0
14.25,12,417,273,3,67.38,0,0,1,0
78.59,4,1302,156,2,58.14,0,1,5,0
599.58,8,1204,50,0,29.13,0,0,5,0
109.18,12,1958,479,4,77.89,0,0,5,0
62.96,0,700,228,0,77.59,0,0,4,0
195.46,14,2227,439,3,49.1,0,0,6,1
82.32,3,168,457,2,9.65,0,1,7,1
82.23,3,2504,10,2,91.85,1,1,8,0
22.38,19,1699,149,2,66.87,0,1,6,0
84.26,9,1947,58,1,24.71,0,0,4,0
187.81,5,1027,162,3,61.05,0,0,2,0
28.9,23,1090,351,3,40.5,1,0,5,0
277.13,11,121,477,3,63.53,1,0,5,0
60.84,19,57,107,2,47.39,0,1,6,0
27.45,15,1920,427,0,48.55,1,1,4,0
180.84,2,385,395,0,73.59,0,0,7,0
50.06,13,837,289,4,61.37,1,0,5,0
142.52,0,2090,186,4,8.0,0,0,4,0
49.81,9,2561,46,4,6.54,1,0,3,0
62.81,14,636,445,4,30.5,1,0,3,0
109.24,6,1929,446,3,43.02,0,0,5,0
89.2,3,1036,129,2,27.52,1,1,4,0
9.07,13,1901,405,3,65.15,0,0,3,0
21.73,23,2099,318,2,19.51,0,0,4,0
168.92,15,2066,448,1,70.41,0,0,7,0
58.43,13,828,87,2,77.32,0,0,7,0
39.5,2,666,249,3,12.43,1,0,1,0
17.14,16,1821,329,2,65.08,0,0,4,0
22.65,20,799,440,2,96.14,0,0,9,0
8.83,13,1469,257,1,19.28,0,1,14,0
60.26,17,1164,277,3,90.93,0,0,3,0
36.66,2,1639,278,1,60.6,0,1,7,1
25.37,21,1553,438,0,59.09,0,0,4,0
62.29,18,2655,4,2,5.19,0,0,4,0
95.96,2,1683,65,4,74.83,0,0,4,0
540.88,11,1914,435,0,47.83,0,1,6,0
14.7,21,1446,202,1,72.12,0,0,11,0
212.59,4,945,63,1,80.92,0,0,7,0
176.46,9,30,143,2,52.38,0,0,8,0
30.6,8,1008,244,3,26.36,0,0,2,0
81.71,0,1441,292,2,14.16,1,1,5,1
42.2,12,466,285,2,16.05,0,1,5,0
80.29,2,1477,180,0,86.69,0,0,2,0
301.61,18,2037,174,0,12.36,0,1,3,0
122.19,10,274,325,1,38.47,0,0,6,0
110.9,15,2241,413,3,33.43,0,1,7,0
43.37,5,2284,111,1,86.55,0,0,4,0
15.12,23,2056,175,2,47.77,0,0,5,0
54.14,2,978,475,1,99.64,0,0,5,0
222.87,18,814,153,1,73.71,0,0,2,0
14.48,5,1263,464,2,85.09,1,0,3,0
23.22,7,732,400,2,9.87,1,0,6,0
75.66,21,1105,356,2,25.31,0,0,8,0
24.91,12,1011,217,0,13.54,0,0,8,0
30.19,11,2932,297,2,46.36,0,0,4,0
43.66,9,93,449,0,71.83,0,1,3,0
17.02,2,749,453,3,16.91,0,1,6,0
25.18,3,1767,489,1,13.02,0,1,6,0
134.75,0,2003,404,1,61.46,1,0,4,0
18.04,12,232,453,3,23.03,1,0,3,0
13.49,23,2850,420,3,47.93,0,1,4,0
35.52,3,2790,477,1,5.11,1,0,2,0
138.65,21,2462,240,1,68.06,0,0,7,0
54.77,10,1202,226,1,54.13,0,0,5,0
41.91,18,338,186,1,64.74,0,0,7,0
69.71,10,435,48,2,27.54,0,1,5,1
11.64,11,1587,466,3,27.86,1,0,6,1
109.37,10,779,386,3,80.14,0,0,5,0
97.85,5,1229,208,1,71.86,0,0,5,0
44.29,11,617,157,4,57.97,0,0,8,0
182.35,8,1862,225,3,62.81,1,0,7,0
21.6,9,2583,144,2,9.4,1,0,3,0
206.01,2,2682,419,2,85.62,0,0,5,0
77.83,2,2134,111,4,76.99,0,0,6,0
47.63,19,2056,318,4,59.05,1,0,5,0
65.37,22,1310,363,0,91.86,0,1,6,0
59.9,15,929,362,4,16.86,1,1,4,0
225.94,2,475,465,2,68.67,1,0,4,1
22.72,9,1974,132,2,96.3,0,0,7,0
31.11,23,1481,113,2,31.0,0,0,7,0
187.97,10,1955,324,1,1.53,0,0,5,0
36.76,7,1193,435,2,73.49,0,0,8,0
164.11,5,2549,89,1,0.7,0,0,7,0
364.83,19,2370,161,1,87.25,1,0,6,0
44.62,10,1664,334,2,5.63,1,0,6,0
131.81,20,2049,408,0,65.28,0,1,6,0
21.04,11,1194,75,2,37.72,0,0,6,1
141.84,15,2365,281,4,20.33,0,0,5,0
81.4,17,1708,412,2,89.83,1,0,4,0
107.02,12,2748,7,1,74.62,0,0,5,0
34.97,21,2146,113,1,34.04,1,0,6,0
12.67,2,2792,36,3,28.42,0,1,10,0
110.31,14,787,266,1,73.6,0,0,3,0
8.47,21,2808,113,0,83.66,0,0,4,0
48.55,20,2428,292,1,71.59,0,1,3,0
170.92,13,2508,223,4,64.0,0,0,7,0
80.79,17,176,211,4,22.79,1,0,3,0
467.94,13,2449,18,4,85.28,0,0,4,0
185.88,4,745,241,3,74.97,1,0,5,0
34.68,20,2548,134,2,51.73,0,0,4,0
68.53,13,934,220,3,51.16,0,0,3,0
63.6,7,1183,391,3,56.92,0,0,3,0
13.71,22,1501,102,2,82.83,0,0,6,0
26.04,14,1999,140,1,74.23,1,1,6,0
38.06,14,1076,169,1,85.62,0,0,5,0
8.7,18,954,498,2,50.73,0,0,3,0
69.93,19,38,191,5,62.46,0,0,4,0
51.98,5,1907,482,1,85.46,1,0,4,0
12.52,18,1665,25,2,23.23,0,0,6,0
99.9,7,1882,465,1,44.4,0,0,4,0
136.44,5,1064,437,1,62.07,0,1,4,0
83.68,19,2750,33,3,91.51,0,0,5,0
48.23,22,1707,343,4,1.58,0,0,4,1
120.47,14,2185,329,1,21.26,1,1,4,0
131.66,2,2824,6,1,23.45,0,0,6,0
90.69,9,2498,446,1,32.66,0,1,7,0
29.24,14,2926,194,3,28.18,0,0,5,0
87.94,23,1421,230,1,59.01,1,1,4,1
220.41,15,1799,137,0,88.56,0,0,11,0
36.72,16,1675,323,2,63.7,0,1,6,0
543.45,18,533,400,3,24.15,0,0,2,0
39.42,10,1580,473,0,86.38,0,0,8,0
68.88,15,1743,216,4,63.2,0,0,4,1
34.04,4,769,495,1,21.9,0,1,5,0
83.37,4,2167,349,2,36.17,0,0,5,0
11.68,13,1361,364,0,79.0,0,0,7,0
38.63,17,1278,183,4,73.89,0,0,4,0
22.37,7,1795,168,3,57.66,1,0,2,0
76.35,4,1862,282,2,14.48,0,0,5,0
180.27,6,2220,38,2,80.33,1,0,6,0
127.23,15,2617,163,0,30.75,0,0,3,0
6.22,22,408,471,0,77.16,0,1,5,0
513.92,13,2640,452,4,64.76,0,0,5,0
89.59,4,2456,443,1,26.42,0,0,5,0
30.68,23,1679,490,4,21.24,0,0,6,0
78.03,8,248,142,2,13.09,0,0,4,0
79.53,3,1613,248,0,24.19,1,1,4,0
34.23,3,1156,431,0,15.78,0,0,7,0
81.28,15,1567,103,2,61.71,0,0,7,0
36.33,23,2167,199,1,59.88,0,0,6,0
44.51,16,1304,200,2,58.62,0,0,5,0
33.57,14,309,42,1,64.19,0,0,3,0
15.92,3,1775,435,3,81.48,0,0,6,0
77.16,5,773,147,1,91.36,0,0,5,0
119.74,15,258,66,2,23.04,1,1,6,0
111.6,3,2578,431,2,58.78,0,0,4,0
151.4,5,43,193,2,7.83,0,0,12,1
92.24,4,237,298,1,12.01,0,1,5,0
39.15,15,594,38,1,65.43,0,1,4,0
154.42,15,2870,141,3,48.66,0,0,8,0
17.16,9,733,106,2,75.83,1,0,3,0
27.09,8,2641,428,2,42.57,0,1,5,0
25.43,3,579,152,3,12.76,0,0,7,0
196.38,13,229,352,1,87.21,0,0,3,0
171.19,3,1404,414,3,8.29,1,0,5,0
108.56,11,2844,326,1,18.9,0,0,5,0
194.79,23,2585,38,1,27.7,0,0,4,0
27.68,9,2132,97,2,99.53,0,1,3,0
94.5,3,1651,108,1,41.69,0,0,4,0
58.84,17,145,119,3,50.17,0,0,2,0
155.54,12,2131,151,1,76.97,0,0,4,0
59.43,12,263,74,2,63.64,0,0,5,0
45.38,13,1964,57,1,84.14,0,0,7,0
114.54,17,59,366,1,48.64,0,1,4,0
160.16,0,524,335,3,97.22,0,0,5,0
34.18,20,2801,252,4,79.68,1,0,4,0
62.74,15,2788,407,2,40.14,0,0,1,0
23.14,14,2628,292,3,38.13,0,0,10,0
5.48,21,1847,313,3,92.95,0,0,5,0
81.49,4,585,255,2,68.44,0,0,7,0
122.6,5,1175,254,2,62.14,0,0,5,0
86.67,5,912,385,3,75.78,0,0,6,0
9.49,2,2259,456,2,56.08,0,1,3,0
46.95,15,2264,259,1,15.92,0,0,5,0
7.25,11,424,270,6,31.92,0,0,2,0
262.36,3,2278,465,2,55.79,1,0,4,0
22.51,0,2815,34,2,1.82,1,0,3,0
234.02,3,1114,495,1,43.74,0,1,4,0
171.72,0,772,326,0,75.58,0,0,5,0
27.1,20,572,325,2,16.42,1,0,5,0
21.48,7,2426,238,2,6.46,1,0,5,0
94.67,23,1525,179,2,83.6,1,1,3,0
28.66,4,1944,489,2,61.73,0,0,5,0
73.88,1,2953,104,1,17.66,0,0,8,0
41.15,11,1379,29,7,80.63,0,0,7,1
11.23,21,213,227,4,65.81,1,1,3,1
7.17,16,1586,466,3,33.41,1,0,3,0
83.65,6,78,232,4,37.62,0,0,9,0
38.03,10,525,304,2,15.59,0,0,4,0
38.36,3,2297,350,2,83.53,0,0,3,0
133.74,4,370,335,0,50.9,0,0,2,0
215.6,5,1474,117,5,55.7,0,0,2,0
50.78,10,1064,207,1,88.35,0,0,7,0
47.44,0,1932,400,3,1.58,0,1,2,0
109.96,9,1662,185,3,6.69,0,0,7,0
17.17,19,716,481,1,16.16,0,0,4,0
83.36,23,1635,138,0,3.0,0,0,8,0
115.8,20,2747,403,1,65.82,0,0,14,0
131.66,10,666,485,0,63.39,0,0,4,0
9.61,23,1355,498,2,21.08,0,0,6,0
31.14,16,353,323,0,14.94,0,0,7,0
27.71,7,545,164,0,14.57,0,0,7,0
73.69,12,364,388,3,95.32,0,0,6,0
107.85,19,937,75,2,69.35,0,0,8,0
297.89,17,992,233,2,58.54,0,0,4,0
40.65,21,2027,417,2,32.25,0,0,4,0
40.55,15,2162,284,3,43.3,0,1,3,0
210.54,1,1355,480,1,8.94,0,1,3,0
89.71,4,1605,377,2,99.82,0,1,6,1
236.9,17,1916,255,0,75.51,0,1,5,1
89.01,2,536,464,0,62.15,0,1,8,0
20.97,21,2561,9,5,58.78,0,0,7,1
17.58,16,940,203,2,50.43,0,1,5,0
14.13,15,2766,390,1,25.74,0,0,5,0
129.29,5,2292,379,1,22.64,0,1,5,0
218.9,18,1956,305,0,54.95,0,0,4,0
423.84,6,1296,91,2,7.02,0,0,2,0
154.95,17,2551,381,1,7.45,0,1,1,0
213.33,13,1926,332,1,56.08,1,0,4,0
37.34,5,1603,150,4,91.98,0,0,5,0
20.98,7,2935,360,2,91.43,1,0,2,0
156.03,14,1383,176,1,1.08,0,0,4,0
101.26,14,1233,485,1,10.74,0,0,5,0
74.25,14,1969,405,1,58.31,0,0,6,0
98.24,15,975,33,3,84.85,0,0,7,0
92.13,0,973,465,3,95.44,0,1,9,0
240.76,10,906,184,0,86.06,0,0,5,0
243.47,4,1368,157,2,67.76,0,0,3,0
114.92,4,226,53,2,20.05,1,1,5,0
155.37,20,632,296,1,7.26,0,0,5,0
111.5,5,362,202,1,4.75,0,0,3,0
42.05,1,701,274,0,61.21,1,1,6,1
142.1,5,2732,175,0,3.62,0,1,5,0
16.54,13,640,244,2,73.92,0,0,12,0
191.31,10,2382,269,3,71.25,0,0,4,0
20.2,3,2958,411,1,7.96,0,0,3,0
88.75,23,1178,446,2,90.66,0,1,6,0
28.64,8,2365,74,2,52.19,0,1,4,0
115.98,23,663,96,2,90.44,0,0,5,0
64.46,2,2342,361,1,90.16,0,0,2,0
13.53,15,401,173,3,19.7,0,0,10,1
101.57,10,2417,387,0,38.06,0,1,3,0
37.42,3,778,406,3,13.46,0,0,3,1
160.96,0,806,155,2,77.5,0,0,7,0
66.77,20,941,183,1,50.41,0,0,2,0
99.03,21,1980,323,1,92.88,0,0,5,0
25.6,15,174,289,2,20.82,0,0,3,0
36.99,18,742,258,1,68.84,1,0,1,0
42.16,15,590,75,2,98.92,0,0,5,0
157.07,10,830,174,3,66.54,0,1,5,0
356.87,7,1257,330,1,6.88,1,0,3,0
29.81,22,133,231,2,58.84,1,0,9,1
195.75,0,1981,247,3,17.98,0,0,6,0
7.62,20,353,161,3,3.05,1,0,3,1
20.2,8,1884,186,4,33.5,0,0,4,0
25.56,11,533,391,1,26.61,0,0,6,0
17.24,21,138,143,2,78.88,0,1,2,0
13.69,7,1168,282,3,37.37,0,1,5,0
100.79,16,2714,395,1,73.3,0,0,5,0
53.84,9,2795,128,0,1.62,0,0,4,0
97.46,6,2996,166,0,1.48,1,1,4,1
133.02,18,2128,27,0,2.93,0,0,4,0
86.97,5,2330,246,0,21.94,0,0,5,0
128.74,20,1220,487,4,37.4,0,0,4,0
62.21,23,1036,135,1,60.78,1,0,3,1
20.35,23,1318,385,2,98.59,0,0,8,0
192.06,18,31,202,0,35.44,0,1,3,0
37.0,17,175,21,3,5.57,0,0,4,0
26.16,14,1343,79,0,19.49,0,0,6,0
55.82,1,2932,158,1,89.79,1,0,8,0
26.77,13,1510,94,0,69.94,0,0,3,0
43.93,20,507,8,0,79.02,0,1,5,0
94.07,9,443,472,1,12.42,0,0,3,0
94.48,15,2815,339,3,13.5,1,0,3,0
27.17,6,2291,259,0,11.22,1,0,5,0
40.95,7,846,55,1,85.72,0,1,4,0
195.26,9,1703,399,2,21.0,0,0,6,1
109.55,14,672,36,6,64.32,0,1,7,0
531.16,7,734,6,2,51.62,0,0,10,0
217.05,12,385,377,2,54.44,0,0,2,0
209.41,11,2787,42,2,19.54,0,0,5,0
16.65,7,312,50,2,63.52,0,0,8,0
143.15,14,2462,112,2,4.31,1,0,6,0
63.24,11,1696,146,4,99.35,0,0,5,0
38.44,10,717,230,2,2.68,1,0,3,1
78.89,18,926,211,1,5.02,0,0,1,0
171.61,13,2078,497,1,32.46,0,0,2,0
110.04,17,266,306,3,83.16,0,0,5,0
27.7,12,408,30,1,25.72,1,1,3,0
140.11,3,60,461,3,47.19,0,0,4,0
35.25,16,2504,295,3,1.8,0,0,6,0
82.82,18,2884,116,1,7.89,0,0,5,0
49.24,8,604,396,0,60.8,0,0,6,0
53.58,22,827,226,2,19.44,0,0,9,0
143.49,6,645,59,3,69.43,0,0,6,1
23.57,0,1082,76,0,78.54,0,1,8,0
466.47,6,1662,428,2,85.03,0,1,6,0
10.79,6,1151,216,2,13.38,0,0,6,0
36.68,19,1486,132,4,45.55,1,0,5,0
96.56,6,784,420,0,94.71,0,0,8,0
119.62,7,1980,498,2,77.21,1,0,5,0
60.31,15,1674,304,2,11.7,0,0,4,0
62.97,2,406,398,2,50.25,0,1,3,0
100.54,12,2740,81,2,92.24,0,0,5,0
52.93,9,2768,305,1,44.0,0,0,10,0
268.59,17,1405,67,0,83.74,1,0,2,0
154.37,6,1130,230,1,49.58,1,1,8,1
159.62,20,538,471,2,10.68,0,0,11,0
25.38,20,694,333,0,14.79,0,0,6,0
61.6,4,2670,393,1,4.67,0,0,4,0
49.38,22,2243,277,3,19.53,0,0,5,0
24.4,23,2753,361,2,89.36,0,0,3,0
95.6,21,2272,72,1,65.02,0,0,6,0
38.95,6,2273,209,2,73.89,0,0,9,0
128.43,21,2086,272,0,62.17,0,1,5,0
22.87,16,111,144,5,38.65,0,0,3,0
372.05,3,132,251,2,21.69,0,0,8,0
27.21,23,2111,284,1,92.56,0,0,7,0
83.04,22,1316,179,2,51.48,0,0,6,0
147.21,15,1647,440,1,48.11,0,0,7,0
37.69,18,1150,80,3,99.61,0,0,3,0
156.41,9,625,57,5,38.39,0,0,7,0
19.51,2,566,366,5,85.41,0,0,2,0
284.89,2,123,308,5,86.23,0,0,7,0
67.64,16,2912,174,1,23.27,0,0,3,0
36.73,9,1576,462,5,9.48,1,0,3,1
49.44,16,2733,238,2,97.56,0,0,2,0
149.74,21,986,492,3,42.59,1,0,9,0
37.17,16,710,166,2,0.22,0,1,2,0
31.52,20,1326,84,2,49.9,0,0,5,0
53.43,3,2349,493,1,61.93,0,0,7,0
20.55,20,270,48,1,77.61,0,0,5,0
411.8,22,2621,127,2,94.29,0,0,3,0
37.85,5,2106,169,0,91.52,0,0,10,0
153.18,11,1039,354,6,94.01,0,0,7,0
82.23,21,388,374,4,3.21,0,0,4,0
24.91,19,1919,443,0,71.18,0,0,3,0
66.29,16,2281,349,1,22.59,1,0,3,0
146.06,16,1056,67,0,18.76,0,1,4,0
55.24,9,1017,330,0,80.03,0,0,7,0
219.89,6,2714,340,3,41.71,0,0,4,0
185.21,15,119,194,4,91.66,0,1,5,0
167.15,12,2781,155,3,4.24,1,0,8,0
42.11,2,2610,160,0,80.22,0,0,8,0
22.65,1,1432,184,1,13.68,1,0,8,0
36.1,15,1015,266,1,17.66,0,0,9,0
81.15,5,707,168,2,47.74,0,0,6,0
115.1,5,2783,145,4,39.56,0,1,3,0
7.6,12,315,186,0,48.62,0,0,8,0
66.15,6,1615,374,1,94.0,1,0,8,1
78.11,4,1741,353,1,65.74,0,0,2,0
50.52,23,968,262,1,29.03,0,0,7,0
242.57,6,963,423,0,17.29,0,1,6,0
101.67,1,1184,495,4,42.0,0,0,2,0
247.2,16,2678,274,3,45.16,1,1,4,0
53.73,12,2687,457,2,60.13,1,1,6,0
170.29,20,2934,328,2,26.6,0,1,8,0
342.09,20,1640,345,3,76.75,0,0,3,0
247.57,15,1801,223,2,9.85,1,0,7,0
22.37,19,2613,42,2,56.05,0,0,4,0
51.74,1,1981,4,5,62.35,0,0,1,0
47.22,4,76,276,2,20.68,0,0,4,0
108.77,17,1189,284,2,82.6,0,0,1,0
132.47,6,844,424,3,61.54,0,1,5,0
28.82,10,215,193,1,64.57,0,0,6,0
71.37,10,2843,104,1,49.77,0,0,11,0
8.85,21,164,247,3,90.96,0,0,2,0
282.01,16,1724,300,0,69.39,0,0,5,0
39.95,15,1542,23,1,38.18,0,0,7,0
70.52,12,1605,441,4,23.86,0,0,5,0
48.93,21,2055,303,3,7.11,0,0,8,1
209.77,4,2840,13,2,16.54,0,0,1,0
3.91,19,1500,144,4,99.27,0,0,6,0
65.59,15,2642,218,2,40.68,0,0,7,0
59.99,21,717,183,1,89.87,0,0,2,0
42.37,21,1944,351,2,17.06,0,0,6,0
374.74,15,188,242,2,42.54,0,0,2,0
27.46,15,1081,193,1,96.05,0,0,2,0
144.29,13,1105,465,6,9.11,0,0,6,0
95.23,5,122,272,2,59.4,0,1,5,0
235.45,1,766,375,4,91.92,1,0,5,0
34.22,13,906,165,3,94.97,0,0,2,0
32.04,15,1936,180,4,84.6,0,1,6,0
199.55,22,2878,117,1,85.59,0,0,4,0
102.04,19,168,266,4,65.22,0,0,10,0
14.23,12,795,378,1,22.04,0,1,1,0
38.89,14,1813,38,1,73.07,0,0,8,0
98.14,11,1849,44,0,97.84,0,1,5,0
154.13,8,2308,351,1,52.59,0,0,1,0
33.81,17,1552,74,3,26.07,0,0,1,0
3.62,20,122,438,0,57.35,1,0,5,0
112.53,13,268,369,3,69.06,0,0,6,0
19.68,19,2164,226,0,20.83,0,0,10,1
8.87,3,584,307,2,71.92,1,0,2,0
3.93,7,1391,308,3,58.74,0,0,4,0
150.5,7,1816,454,5,61.23,0,1,5,0
75.84,21,1232,348,2,30.6,0,0,3,0
53.22,21,2484,476,1,15.53,0,1,4,0
267.47,15,1511,315,5,62.34,0,0,4,0
126.13,23,868,13,1,58.62,0,0,7,0
335.73,9,2975,425,5,33.8,0,0,4,1
16.56,20,1606,12,3,29.59,0,0,6,0
64.42,16,1571,50,0,34.72,0,0,6,0
13.24,0,2684,488,0,48.99,0,0,4,0
53.02,17,2532,313,2,97.48,0,0,1,0
52.01,9,2609,434,3,76.36,0,0,3,0
124.79,20,2401,249,2,85.17,1,0,3,0
69.8,3,2685,119,0,50.56,0,0,6,0
124.39,0,2193,57,1,52.61,0,0,3,0
134.75,3,286,182,3,20.43,0,0,6,0
575.32,3,2022,450,2,72.1,0,1,4,0
48.65,3,2088,264,5,42.16,1,0,2,0
26.02,16,256,106,4,74.24,1,1,4,0
85.29,8,420,191,1,40.91,1,1,9,0
29.9,18,2084,137,2,10.85,0,0,4,0
293.52,12,82,188,2,17.31,0,1,5,1
50.24,3,1130,120,3,81.16,0,0,7,0
37.88,4,682,242,1,25.86,0,1,2,0
41.62,12,1379,319,2,26.44,1,0,7,1
136.79,22,2533,72,3,92.94,1,0,3,0
56.95,15,1333,243,0,65.76,0,0,5,0
35.1,21,296,131,2,11.43,0,1,5,1
352.61,4,1918,457,2,14.36,0,0,9,0
28.33,7,221,269,2,27.24,0,0,3,1
69.1,15,410,393,1,59.4,0,0,6,0
128.04,0,664,479,1,75.28,1,0,5,0
13.05,22,507,473,4,27.45,1,0,6,0
107.8,5,2905,52,1,87.06,0,0,4,0
23.22,10,1361,492,2,10.92,0,0,2,0
151.83,15,107,62,0,20.76,0,0,6,0
25.47,4,2423,119,1,97.05,0,0,4,0
133.32,15,472,365,1,13.47,0,0,6,0
201.51,6,2085,264,1,88.81,0,1,7,0
157.82,18,2770,239,0,70.39,1,0,5,0
85.74,0,282,351,1,7.31,0,1,4,1
52.92,8,2883,381,2,48.37,0,1,4,0
37.47,17,1160,255,0,51.9,0,1,4,0
290.33,12,2259,173,1,93.21,1,1,9,0
33.13,14,2507,309,2,42.11,0,0,6,0
23.64,2,1121,237,2,44.68,1,0,1,0
129.72,23,28,319,1,11.25,0,0,5,0
30.08,9,1626,95,4,63.92,0,0,5,1
25.79,8,1491,337,2,21.09,1,1,6,1
15.74,12,2368,495,4,7.75,0,0,4,0
41.14,15,421,57,1,99.69,0,0,4,0
61.39,2,751,438,2,26.96,0,0,4,0
85.04,21,2681,403,4,14.11,0,0,6,0
172.66,22,2789,67,2,69.95,1,0,5,0
112.94,14,2692,46,5,82.17,0,0,5,0
55.1,16,2555,94,2,6.41,0,0,7,1
54.7,13,2301,138,1,10.54,1,0,3,0
111.07,6,2747,369,1,9.02,0,0,6,0
238.07,19,2634,93,1,4.7,0,0,8,0
75.66,15,1413,232,2,65.95,0,0,6,0
41.72,20,524,402,1,58.83,0,1,5,0
24.71,7,216,396,2,66.28,0,0,7,0
15.72,3,957,49,4,50.57,0,0,5,0
129.84,19,2451,23,2,81.75,0,0,5,0
118.86,23,1838,62,5,54.67,1,1,2,0
118.79,14,2775,267,3,91.87,0,0,5,0
58.64,4,2008,329,4,48.56,0,0,6,0
272.31,12,2259,118,1,79.07,0,0,6,0
41.09,5,2177,440,1,40.74,0,1,4,0
173.34,4,1682,88,2,43.52,0,0,5,0
64.15,16,1840,89,1,84.9,0,0,6,0
36.29,6,2446,55,3,10.77,0,0,2,0
120.61,5,1570,153,2,56.49,0,0,6,0
100.45,1,1857,239,0,72.63,1,0,5,0
95.29,10,2291,265,0,75.04,0,0,4,0
72.33,6,1666,268,0,59.15,0,0,2,0
64.21,21,611,395,2,44.81,0,0,9,1
726.6,20,1353,113,2,26.08,0,0,4,0
217.95,7,721,166,1,90.94,0,0,7,0
137.39,4,991,156,3,36.98,0,1,14,0
74.57,17,1213,8,1,79.9,0,0,7,0
182.57,21,2914,202,2,3.17,0,0,5,0
111.94,15,1401,217,1,23.22,0,1,6,0
68.46,13,2133,431,2,34.56,0,0,6,0
49.23,11,2706,292,2,67.16,0,0,2,0
61.5,16,2707,381,1,31.93,0,0,2,0
2.8,4,2553,50,2,4.14,0,0,9,0
82.32,13,839,107,0,17.39,0,0,7,0
40.92,5,2540,9,3,25.92,0,1,3,0
327.89,14,2676,233,1,17.6,0,0,7,1
67.99,6,559,188,3,20.37,0,0,4,0
20.31,13,655,456,4,76.9,0,1,3,0
63.44,17,1254,323,1,41.2,0,0,3,0
23.43,0,2559,309,5,40.52,0,0,2,0
107.06,5,855,338,0,96.66,0,0,3,1
89.21,2,2110,110,3,44.67,1,1,0,0
173.79,4,459,483,3,92.77,1,0,10,0
30.24,11,2119,145,2,29.91,0,0,7,0
68.99,10,53,228,1,40.06,0,0,4,0
17.03,12,2877,309,0,39.63,0,0,8,0
134.49,15,1591,412,5,54.61,0,0,4,0
112.04,17,668,114,0,58.42,0,0,6,0
109.49,16,737,63,0,24.81,0,0,5,0
66.79,16,2909,399,1,79.36,0,1,3,0
100.96,10,2104,275,2,49.65,0,1,4,0
331.74,19,2877,124,1,0.7,0,1,3,0
50.14,9,1057,86,5,59.13,1,0,3,0
76.6,15,1690,70,1,79.81,0,0,2,0
22.51,1,2146,47,2,25.05,0,0,2,0
27.99,16,1207,199,3,3.79,0,0,7,1
73.54,21,1152,364,1,80.72,0,0,3,0
201.13,19,2792,432,1,97.63,1,0,6,0
51.61,9,1701,201,1,7.66,0,0,5,0
52.67,12,2235,276,2,93.8,0,0,3,0
44.39,11,1865,37,1,35.93,0,0,6,0
39.07,14,1957,203,2,94.14,0,0,5,0
89.57,6,1375,130,2,64.88,0,1,5,0
14.92,21,2958,448,4,89.02,0,0,7,0
240.07,20,447,470,1,78.58,0,1,5,0
34.28,12,1461,496,3,2.8,0,1,6,0
137.26,11,435,292,3,6.54,0,0,9,0
18.73,11,977,389,3,52.57,0,1,7,0
130.17,1,1414,64,3,12.96,0,0,6,1
130.57,4,495,263,0,46.1,0,0,4,0
97.93,1,1765,454,0,95.46,0,1,6,0
24.67,22,2517,120,2,29.48,1,0,2,0
85.59,19,2978,278,2,48.89,0,0,6,0
20.43,12,1589,202,0,38.43,0,0,7,0
51.79,2,2805,46,1,62.98,0,0,10,0
186.68,10,1906,168,0,19.38,0,1,5,0
147.92,15,60,445,1,25.99,0,0,4,0
67.71,0,2366,110,1,85.88,0,0,7,0
25.16,18,1067,46,0,81.13,0,1,4,0
127.18,10,1669,212,1,78.92,0,0,5,0
67.99,8,1622,28,2,77.09,0,1,3,0
6.55,13,1937,87,5,45.94,0,1,4,1
145.86,8,2692,291,0,72.89,0,1,3,0
65.09,6,214,385,0,38.72,0,0,1,0
221.95,15,2797,157,3,10.07,0,0,9,0
22.3,2,1103,265,6,39.34,0,0,9,0
2.78,18,542,265,2,15.87,0,0,7,0
88.15,3,2165,22,1,39.09,0,0,6,0
89.26,6,2933,256,1,29.74,0,0,5,0
12.3,22,1274,191,1,59.92,0,0,4,0
25.07,11,260,450,2,36.15,0,0,3,0
1048.61,17,144,464,2,70.56,0,0,4,0
49.13,4,1624,232,1,51.21,0,0,4,0
138.51,22,2746,186,0,91.95,0,0,5,0
34.79,22,416,326,2,9.1,0,0,6,0
8.25,21,111,183,5,68.77,0,0,2,0
56.25,9,1394,397,4,67.24,0,0,8,0
51.13,11,2750,481,1,95.06,0,0,6,0
44.71,7,1561,403,3,37.16,0,0,9,0
59.46,18,1641,463,2,30.54,0,0,3,0
86.86,14,1326,417,2,17.24,0,0,7,0
57.39,0,413,202,3,26.53,0,0,6,0
18.84,2,823,65,1,50.19,0,0,4,0
108.44,17,2912,444,6,83.77,0,0,2,0
9.49,17,1639,396,5,28.43,0,0,6,0
8.58,1,1036,43,2,15.77,0,0,3,0
139.66,4,2999,221,3,27.21,0,1,4,0
110.72,0,1030,17,2,10.09,0,0,5,1
62.97,9,2234,324,0,92.67,0,0,4,0
16.52,19,1290,285,0,87.26,0,0,6,0
32.85,9,2930,183,1,30.85,0,0,10,0
51.28,4,2534,391,3,24.7,0,0,3,0
13.52,17,2455,44,2,90.54,0,0,5,0
31.85,20,1529,461,2,0.18,0,0,2,0
128.04,14,229,389,4,60.06,0,0,7,0
277.91,19,2014,188,0,91.6,0,0,8,0
43.84,7,182,390,2,50.86,0,0,4,0
142.09,16,2793,482,0,0.3,0,1,4,0
9.83,11,1423,263,7,21.89,0,0,6,1
128.95,20,511,174,1,92.24,1,0,5,0
29.85,11,1822,441,1,1.7,0,0,5,0
90.68,0,2818,54,4,39.48,1,0,7,0
52.05,3,2188,220,3,78.97,1,0,8,0
249.74,7,807,46,2,83.81,0,0,4,0
27.81,0,2856,394,1,47.76,1,0,8,0
124.91,14,939,260,1,23.25,0,0,4,1
50.43,17,732,195,2,59.97,0,0,4,0
56.92,0,2272,409,1,26.38,0,0,2,0
55.49,10,1343,471,3,25.53,0,0,7,0
28.63,22,1284,347,2,80.76,0,0,4,0
65.75,1,497,462,0,15.43,0,1,4,0
62.64,0,1967,61,2,0.55,0,0,3,0
84.88,11,1227,166,2,33.68,0,0,4,1
72.57,15,1474,160,3,49.1,0,0,1,0
148.12,21,322,151,1,70.51,0,0,6,1
167.92,21,88,111,5,78.11,0,0,6,0
23.32,9,2237,488,2,66.35,0,0,4,0
158.98,17,684,37,1,62.65,0,1,4,0
20.36,14,1747,3,2,66.57,0,0,6,0
120.04,16,23,483,2,27.15,0,0,6,1
123.93,9,2916,13,2,38.24,0,0,6,0
9.86,2,2303,162,1,61.64,1,0,7,0
73.18,20,2055,344,1,6.56,0,0,4,0
41.74,15,1047,449,2,29.53,0,0,3,0
31.23,5,2156,332,3,40.64,1,0,3,1
257.46,2,42,264,4,53.34,0,1,6,0
34.69,8,1469,83,1,48.65,0,0,2,0
29.77,10,266,265,1,71.81,0,0,4,0
71.93,20,43,412,2,47.34,0,1,4,0
132.37,12,2076,334,0,90.41,1,0,6,0
57.88,17,1293,380,3,38.03,0,0,4,0
214.08,21,2646,219,4,52.54,1,0,4,1
113.41,23,1859,146,2,0.32,0,0,8,0
7.55,21,2194,298,2,31.05,0,0,3,0
39.27,3,368,297,4,86.66,0,0,10,0
38.02,21,763,454,0,33.36,0,1,7,1
107.7,23,1612,161,2,25.32,0,0,5,0
4.83,7,413,229,1,54.35,0,0,6,0
853.21,12,1235,234,1,7.87,0,0,5,0
113.41,9,1409,89,0,53.16,1,0,4,0
77.39,1,2307,333,2,30.37,0,1,5,0
217.36,7,2503,310,4,38.31,0,1,5,0
694.82,5,287,215,2,79.14,0,0,7,0
159.29,15,121,420,2,66.2,0,0,7,0
172.23,17,1996,97,0,44.61,0,0,5,0
76.0,16,2803,213,3,57.75,0,0,5,0
57.89,5,2745,354,1,76.69,1,0,8,0
41.44,12,401,312,3,74.58,1,0,8,0
29.19,22,978,100,6,18.53,0,1,3,0
33.55,13,2200,145,4,30.09,1,0,6,1
17.28,20,1065,10,0,34.82,0,0,5,0
61.81,9,2238,471,1,18.75,0,1,9,0
12.37,23,2636,44,1,1.22,0,0,2,0
80.71,10,2855,251,2,17.4,0,0,7,0
64.31,12,278,386,3,80.82,1,0,3,1
77.24,11,2610,227,0,54.59,0,0,6,0
39.56,8,2690,398,5,34.17,0,0,4,0
1446.44,3,2039,249,0,60.83,0,0,6,0
259.85,6,284,495,6,73.98,0,0,4,0
19.21,23,752,493,0,35.44,0,1,5,1
84.17,21,95,169,2,46.61,0,0,3,0
36.31,1,413,130,4,6.42,1,0,3,0
24.18,6,2249,19,3,59.71,0,0,6,0
17.46,8,2055,336,1,35.64,0,0,6,0
102.74,4,1064,235,3,43.35,0,0,5,0
33.74,14,2164,492,3,42.26,0,0,6,0
175.53,17,1904,345,2,63.24,0,0,9,0
180.15,3,2679,1,3,57.25,1,1,5,0
263.46,18,285,130,1,42.21,0,0,4,1
28.43,19,660,496,1,1.7,0,0,3,0
107.27,6,1631,27,2,62.1,0,1,9,1
125.52,7,2613,2,0,87.96,1,0,1,0
41.51,16,1115,250,3,76.96,0,0,8,0
30.82,12,1923,222,1,98.16,0,1,3,1
333.46,23,2624,435,4,13.91,1,0,4,0
83.72,20,595,138,2,22.25,0,0,5,0
125.96,22,2942,275,4,53.93,1,0,9,0
29.31,10,138,490,1,23.59,1,0,2,0
19.7,0,265,464,0,3.45,0,0,7,0
37.73,1,2991,141,1,40.23,0,0,5,0
58.91,16,240,432,3,28.76,0,0,6,0
23.01,4,1170,256,2,26.38,1,0,2,0
66.03,5,2920,370,3,95.32,0,1,5,0
12.32,23,2412,312,2,23.85,0,0,6,0
21.76,6,1657,456,0,12.94,0,0,7,0
130.44,20,2203,440,2,12.53,0,1,6,0
121.97,14,2057,434,1,80.63,0,0,5,0
45.07,18,269,95,1,71.48,0,0,3,0
24.1,15,2144,173,2,12.95,0,0,4,0
23.87,12,852,473,2,21.98,0,1,3,0
45.91,4,1981,443,0,74.73,0,0,7,0
127.04,2,274,423,3,27.46,0,1,4,1
168.72,2,401,405,1,98.15,0,0,10,0
40.59,18,2289,439,2,54.06,0,0,4,0
21.04,13,910,57,2,19.2,0,0,10,0
87.17,15,597,498,2,85.88,0,1,4,0
29.27,21,2504,102,1,31.95,0,0,5,0
39.72,16,1162,169,2,28.88,0,0,4,0
250.96,3,1304,477,4,32.74,1,0,5,0
152.49,12,475,70,2,76.82,0,0,7,0
78.1,7,2991,338,5,17.32,0,0,6,0
18.69,18,1203,49,3,38.18,0,0,4,0
82.38,4,2185,428,2,3.08,0,0,5,0
192.99,1,1982,419,2,82.66,0,0,4,0
45.8,14,1059,347,2,34.07,0,0,4,0
257.52,1,2630,5,5,24.82,0,0,6,0
242.92,10,2568,455,2,57.99,0,0,6,1
352.04,12,497,202,0,70.5,0,0,2,0
90.49,22,2948,202,7,81.29,0,1,2,0
119.99,9,2636,179,4,34.78,0,0,4,0
274.29,2,959,57,1,81.23,0,0,2,0
104.31,4,415,186,5,46.49,0,0,2,0
40.4,2,1059,92,0,10.11,0,0,4,0
42.58,5,1116,292,3,84.63,0,0,3,0
84.65,12,373,394,0,54.76,0,1,9,0
18.35,9,1400,434,4,60.25,0,0,5,0
57.79,18,1093,483,2,93.75,0,0,7,0
199.65,7,560,227,4,55.92,0,1,6,0
7.45,17,1668,421,0,0.56,0,0,5,0
309.35,2,301,112,1,87.06,1,0,6,0
204.87,23,2846,148,1,28.48,1,0,5,0
42.11,23,1970,269,1,50.18,0,0,4,0
114.82,16,2873,203,2,20.49,0,0,4,1
66.9,7,1827,378,4,29.7,0,0,4,0
228.15,9,200,365,4,68.66,0,0,4,0
178.16,1,470,403,0,42.96,0,0,10,0
16.44,11,2721,348,2,62.71,0,0,4,0
119.97,22,1929,358,3,82.36,0,0,3,0
54.29,5,2290,56,1,34.08,0,0,4,0
72.45,1,2531,301,0,56.83,0,0,7,0
32.2,20,2715,316,0,77.76,1,0,4,0
383.04,22,280,452,0,71.51,0,0,5,0
188.68,23,1167,185,2,53.98,1,0,5,0
31.82,2,180,54,1,38.34,0,0,4,0
17.56,16,1448,37,1,40.75,0,1,9,1
45.35,6,37,211,1,43.31,1,1,3,1
102.98,20,145,293,1,34.88,1,0,4,1
84.79,4,2982,270,4,69.91,0,0,7,0
233.49,22,2462,351,1,12.54,0,0,6,0
146.92,0,897,220,1,96.75,0,0,1,0
175.84,7,1538,228,1,77.9,0,1,2,0
92.47,11,1274,428,1,29.82,0,0,4,0
16.62,13,865,358,3,4.25,0,0,1,0
54.83,15,2501,211,2,71.13,0,0,7,0
192.5,9,2491,298,2,73.44,0,0,3,0
63.34,14,1261,1,3,96.36,0,0,7,0
110.29,20,518,23,2,25.37,1,0,4,0
48.48,23,1336,448,1,8.27,0,0,9,0
23.81,14,2091,284,3,91.51,0,0,6,0
58.95,9,1035,496,0,25.86,1,1,4,1
90.84,20,371,388,4,72.15,0,0,4,0
34.62,6,1228,425,3,6.07,0,0,4,0
52.68,2,615,188,3,76.06,0,0,13,0
26.06,1,1873,18,1,12.7,0,0,4,0
204.23,5,1341,447,2,69.56,0,0,4,0
49.68,20,1680,445,4,53.23,0,0,0,0
285.08,8,725,49,3,95.55,0,0,8,0
307.58,9,2307,47,1,3.69,0,0,7,0
61.49,3,2204,115,0,29.2,0,0,7,0
24.33,2,357,39,1,6.95,0,0,4,0
8.28,8,1287,217,0,87.92,0,0,3,0
15.3,23,408,210,5,59.39,0,0,5,0
16.88,21,1367,262,2,53.5,0,0,2,0
264.67,16,1209,211,2,13.15,0,0,6,0
74.88,13,2182,53,2,48.9,0,0,8,0
98.46,9,2820,460,0,39.87,0,1,7,0
7.24,12,2455,281,1,31.58,0,0,6,0
20.13,11,2188,355,0,77.22,0,0,4,0
161.92,0,1595,321,2,6.13,1,0,7,0
88.83,21,2662,133,5,64.67,0,0,3,0
57.56,18,2949,449,1,82.3,0,0,3,0
117.31,18,831,264,1,90.73,0,1,4,1
342.34,5,911,295,3,74.59,0,1,7,0
53.46,12,954,111,1,28.25,0,0,8,0
71.48,18,2789,43,1,60.05,0,0,7,0
80.85,12,1879,338,1,14.14,0,0,4,0
729.32,21,343,238,2,11.71,0,0,5,0
8.17,20,1053,379,3,63.86,0,0,10,0
132.06,3,2262,457,2,85.11,0,1,4,0
59.45,23,364,389,2,6.72,1,0,7,0
117.54,1,1206,247,3,10.6,0,0,7,1
34.56,14,1222,4,2,56.56,0,0,5,0
63.5,11,833,364,2,21.82,1,0,2,0
135.83,6,1035,349,4,61.18,0,0,6,0
1499.53,19,1906,385,1,21.45,0,0,2,0
149.61,17,2998,350,3,11.65,0,0,4,0
28.56,22,177,312,4,54.56,0,0,6,0
