Product_ID,Sales_Amount,Quantity_Sold,Unit_Cost,Unit_Price,Discount,Region_and_Sales_Rep,Profit_Per_Unit,Total_Profit,Discounted_Revenue,Sale_Month,Sale_DayOfWeek,Region_North,Region_South,Region_West,Sales_Rep_Bob,Sales_Rep_Charlie,Sales_Rep_David,Sales_Rep_Eve,Product_Category_Electronics,Product_Category_Food,Product_Category_Furniture,Customer_Type_Returning,Payment_Method_Cash,Payment_Method_Credit Card,Sales_Channel_Retail
1052,0.01219694247815135,-0.5197172903296283,-1.6388755854736,-1.7348541171102352,-0.7158419346591353,North-Bob,-0.9833676874654923,-0.8136386444231641,0.01332777786606882,2,4,1.0,0.0,0.0,1.0,0.0,0.0,0.0,0.0,0.0,1.0,1.0,1.0,0.0,0.0
1093,-0.22325604030309787,-0.5903790565199245,0.9463167192515997,1.0439207441786083,-0.4863686425741423,West-Bob,0.9922241654662524,0.03565269502838324,-0.2225943404428323,4,4,0.0,0.0,1.0,1.0,0.0,0.0,0.0,0.0,0.0,1.0,1.0,1.0,0.0,1.0
1015,-0.13637443440213148,0.3282239039539257,-1.5620954502318325,-1.6614201725183375,0.5462611718083257,South-David,-1.0162020268978784,-0.5867255320317831,-0.13713810998748888,9,3,0.0,1.0,0.0,0.0,0.0,1.0,0.0,0.0,1.0,0.0,1.0,0.0,0.0,1.0
1072,-1.0020942313350718,0.9641797996665912,1.3087590376559874,1.2259971717801936,-1.5189984569566104,South-Bob,-0.8184868253050229,-0.2052327548066,-1.0011205980600892,8,3,0.0,1.0,0.0,1.0,0.0,0.0,0.0,0.0,0.0,0.0,0.0,0.0,1.0,1.0
1061,-0.4460111855324606,-0.8730261212811092,-1.2969107923400154,-1.4349365793447657,-0.8305785807016316,East-Charlie,-1.4026969511019851,-1.0600869333271745,-0.44506067812666783,3,4,0.0,0.0,0.0,0.0,1.0,0.0,0.0,1.0,0.0,0.0,0.0,0.0,1.0,0.0
1021,-0.4421628234734193,0.469547436334518,-1.111032442690292,-1.1432590378576535,0.6609978178508219,West-Charlie,-0.336254626298065,0.017493985797783267,-0.44293043387768205,2,5,0.0,0.0,1.0,0.0,1.0,0.0,0.0,0.0,1.0,0.0,0.0,1.0,0.0,0.0
1083,-1.5467095096503305,0.2575621377636295,-0.04692087622314581,-0.07355385803645519,-0.1421587044466529,West-Bob,-0.2684584524376736,-0.04497447328192343,-1.5467501245954085,4,1,0.0,0.0,1.0,1.0,0.0,0.0,0.0,0.0,0.0,1.0,1.0,1.0,0.0,0.0
1087,0.9417608902462912,1.4588121629986643,0.8659590149842303,0.8713742352839005,-0.37163199653164597,South-Eve,0.06385626587800236,1.0237301615009813,0.9427123440969578,1,4,0.0,1.0,0.0,0.0,0.0,0.0,1.0,0.0,0.0,1.0,0.0,0.0,0.0,0.0
1075,-0.2797092272933988,0.3282239039539257,-1.2258604126185415,-1.1510549624802913,-1.174788518829121,South-David,0.7393359269870156,0.7780721008096178,-0.2781827076182915,6,3,0.0,1.0,0.0,0.0,0.0,1.0,0.0,0.0,0.0,1.0,0.0,0.0,0.0,0.0
1075,1.1317750848436643,-0.5197172903296283,-0.17425975321725812,-0.032494851773467545,-0.2568953504891494,West-Charlie,1.4243893155763165,0.3094704461903997,1.1325089297823931,10,0,0.0,0.0,1.0,0.0,1.0,0.0,0.0,0.0,0.0,0.0,0.0,0.0,0.0,0.0
1088,1.2297835530998136,-0.8730261212811092,-0.024834503343196028,-0.14861606536599278,0.8904711099358149,North-Eve,-1.2456169039254552,-1.0071692091803115,1.2275464032737644,11,3,1.0,0.0,0.0,0.0,0.0,0.0,1.0,0.0,0.0,1.0,0.0,0.0,0.0,1.0
1100,-0.9912696147671751,1.2468268644277758,-0.969891346733502,-1.1214572341887399,-0.8305785807016316,West-Bob,-1.5353817223287525,-0.9028370322306406,-0.990745394111447,8,0,0.0,0.0,1.0,1.0,0.0,0.0,0.0,0.0,1.0,0.0,1.0,0.0,0.0,0.0
1024,0.5582883048708501,-0.30773199175873983,-1.3077493446542654,-1.4713222600880347,-1.748471749041603,West-Eve,-1.6598401795724609,-1.1186630590245914,0.5618847631448223,11,5,0.0,0.0,1.0,0.0,0.0,0.0,1.0,0.0,1.0,0.0,1.0,0.0,0.0,1.0
1003,-0.08563931596896292,0.3282239039539257,1.2101465581041355,1.0870661823478351,0.5462611718083257,South-Alice,-1.2251929519675127,-0.7492001280319294,-0.08642430501652484,12,6,0.0,1.0,0.0,0.0,0.0,0.0,0.0,0.0,0.0,1.0,0.0,1.0,0.0,0.0
1022,1.3334960319695,-0.30773199175873983,0.04367559067962522,0.09950016132193257,1.5788909861907932,South-Charlie,0.5621155938519594,0.0905184236064226,1.3293227022877132,8,3,0.0,1.0,0.0,0.0,1.0,0.0,0.0,0.0,1.0,0.0,0.0,0.0,0.0,1.0
1053,-0.9782343865690163,1.6001356953792567,-1.6611454234317855,-1.5794783789033622,0.3167878797233326,North-Bob,0.8036571923545622,2.0403017871295837,-0.9784869981300708,10,0,1.0,0.0,0.0,1.0,0.0,0.0,0.0,0.0,0.0,1.0,0.0,1.0,0.0,1.0
1002,0.6294742167483665,-0.5903790565199245,1.0933498667594308,1.1924450911258042,-1.2895251648716173,North-David,1.0088186264320844,0.04296322486537853,0.6322244567478443,5,1,1.0,0.0,0.0,0.0,0.0,1.0,0.0,0.0,0.0,1.0,1.0,1.0,0.0,0.0
1088,0.38570947481676776,1.0348415658568875,1.7144285510324433,1.6253797116704738,-0.6011052886166387,East-Bob,-0.8773475201838149,-0.24093636809798047,0.3868796018278129,10,2,0.0,0.0,0.0,1.0,0.0,0.0,0.0,1.0,0.0,0.0,0.0,0.0,1.0,1.0
1030,-0.7014159047604469,-0.4490555241393322,0.40505240036041174,0.3388900275371405,1.2346810480633041,West-David,-0.6612649451287861,-0.6340087452484756,-0.7025807784167232,7,0,0.0,0.0,1.0,0.0,0.0,1.0,0.0,0.0,0.0,0.0,1.0,1.0,0.0,0.0
1038,-1.253587327757841,-0.7317025889005169,0.048022301763986135,0.04346254762394975,-0.9453152267441279,South-Bob,-0.045355143897100596,-0.5121316642380269,-1.2532170654348296,3,5,0.0,1.0,0.0,1.0,0.0,0.0,0.0,0.0,0.0,0.0,1.0,1.0,0.0,0.0
1002,0.5384068581420862,-1.155673186042294,1.3568339445029833,1.2058165820924798,0.3167878797233326,North-Eve,-1.5046748778919863,-1.1245511780788213,0.5378209248268776,4,5,1.0,0.0,0.0,0.0,0.0,0.0,1.0,1.0,0.0,0.0,0.0,0.0,0.0,0.0
1064,0.8409619201865998,-1.0850114198519978,1.6156608317990069,1.653624078725545,-0.37163199653164597,East-Eve,0.3994331431869642,-0.6235905970217492,0.8418749521334952,1,2,0.0,0.0,0.0,0.0,0.0,0.0,1.0,1.0,0.0,0.0,0.0,1.0,0.0,0.0
1060,-0.6306939050215548,1.317488630618072,0.924138613832532,1.091535093930794,-1.0600518727866246,East-Eve,1.6941556810207945,2.786284570827842,-0.6296607610403958,12,5,0.0,0.0,0.0,0.0,0.0,0.0,1.0,0.0,0.0,0.0,0.0,0.0,0.0,1.0
1021,0.5147227376709641,0.3988856701442218,-0.1554616390472308,-0.20205268793761666,1.005207755978311,South-Alice,-0.47042864402176504,-0.1280991302922006,0.5127726032644093,11,0,0.0,1.0,0.0,0.0,0.0,0.0,0.0,0.0,0.0,1.0,1.0,0.0,0.0,0.0
1033,-0.3540722344233108,-0.16640845937814752,0.3571891839883037,0.4454531273970286,0.7757344638933183,South-David,0.8918773181728951,0.40923767690701424,-0.3550268914107842,11,1,0.0,1.0,0.0,0.0,0.0,1.0,0.0,0.0,0.0,1.0,1.0,0.0,0.0,1.0
1076,0.7526218026376861,0.3282239039539257,0.7369125014926905,0.7374478629239407,0.5462611718083257,East-Eve,0.013363717981980319,0.21368376037748626,0.7514846660595661,12,5,0.0,0.0,0.0,0.0,0.0,0.0,1.0,0.0,0.0,0.0,0.0,0.0,1.0,1.0
1058,-1.0357313758712214,0.5402092025248142,-1.0328057558701251,-1.1589284234237687,-0.9453152267441279,North-Alice,-1.2800823228544806,-0.7518299340140147,-1.0351689721992912,4,2,1.0,0.0,0.0,0.0,0.0,0.0,0.0,0.0,0.0,1.0,1.0,0.0,0.0,1.0
1022,1.3684932825484337,-1.155673186042294,-0.14935084067213905,-0.11946945748660129,-1.4042618109141138,East-David,0.2990153793937513,-0.7038814589066757,1.372431114872676,6,3,0.0,0.0,0.0,0.0,0.0,1.0,0.0,1.0,0.0,0.0,0.0,1.0,0.0,0.0
1089,-0.7288710686008397,1.5294739291889605,1.1871005217380284,1.1180172718758665,0.20205123368083638,West-Bob,-0.6821853125857011,0.16325249849041917,-0.7290748061690142,11,1,0.0,0.0,1.0,1.0,0.0,0.0,0.0,0.0,0.0,1.0,0.0,0.0,0.0,1.0
1049,-0.4492163966720456,-1.7209673155646632,0.5755055707399849,0.4153901811804376,0.20205123368083638,West-Alice,-1.604667142686076,-1.1873614568039994,-0.449453585962045,5,2,0.0,0.0,1.0,0.0,0.0,0.0,0.0,0.0,0.0,1.0,1.0,0.0,0.0,0.0
1091,-1.5267472297458973,1.317488630618072,-0.27508792640626784,-0.22687135936284922,-1.0600518727866246,South-Charlie,0.48212178201668593,1.40429671775134,-1.5265941207195588,9,0,0.0,1.0,0.0,0.0,1.0,0.0,0.0,0.0,1.0,0.0,1.0,0.0,0.0,1.0
1059,-1.3408801285089518,0.6815327349054066,0.6056714634114816,0.7303074726502228,-1.5189984569566104,North-Alice,1.2605012844138033,1.57916135702977,-1.3403749536856142,8,3,1.0,0.0,0.0,0.0,0.0,0.0,0.0,0.0,1.0,0.0,1.0,0.0,1.0,0.0
1042,0.06598966364316053,-1.0143496536617016,-1.2984420201083695,-1.3493435298938714,-1.5189984569566104,North-Alice,-0.5261690129069821,-0.8305679055740897,0.06844019702479574,1,1,1.0,0.0,0.0,0.0,0.0,0.0,0.0,0.0,1.0,0.0,1.0,1.0,0.0,0.0
1092,-0.7978217674468033,0.6108709687151104,-0.3089936841341138,-0.34524112625973347,1.6936276322332897,West-David,-0.3680252182326413,0.06511350543985726,-0.7992752951870457,2,3,0.0,0.0,1.0,0.0,0.0,1.0,0.0,0.0,0.0,1.0,0.0,0.0,1.0,0.0
1060,1.1780503206714232,-0.6610408227102207,1.058936051891854,1.1941649876971634,1.005207755978311,East-Bob,1.3719820221842376,0.12087788889227805,1.1755557759960635,8,3,0.0,0.0,0.0,1.0,0.0,0.0,0.0,0.0,0.0,0.0,0.0,1.0,0.0,0.0
1080,-1.6777471163821591,-1.155673186042294,-0.9411649492912415,-0.8305198121278274,1.4641543401482973,South-Charlie,1.1029957382381477,-0.5163713304858765,-1.677932394782517,2,6,0.0,1.0,0.0,0.0,1.0,0.0,0.0,1.0,0.0,0.0,0.0,0.0,1.0,1.0
1015,-0.40987172703645947,0.469547436334518,-1.0618355763263914,-0.9851342846391811,-1.0600518727866246,East-Eve,0.7601853779440815,0.9267195408284822,-0.40862170842288253,8,4,0.0,0.0,0.0,0.0,0.0,0.0,1.0,0.0,0.0,1.0,1.0,1.0,0.0,1.0
1062,-0.5551289437142984,-0.7317025889005169,1.6097264421529887,1.5225454039673445,1.5788909861907932,East-Eve,-0.8596893117201793,-0.8286731956037684,-0.5568064221572887,1,4,0.0,0.0,0.0,0.0,0.0,0.0,1.0,0.0,0.0,0.0,0.0,0.0,1.0,0.0
1062,-1.6616226550790714,-0.9436878874714054,-0.9782319514440772,-0.8341781167201864,-1.2895251648716173,East-Alice,1.4387144485468157,-0.1866642295494423,-1.6615814997416554,11,5,0.0,0.0,0.0,0.0,0.0,0.0,0.0,0.0,0.0,1.0,1.0,0.0,0.0,1.0
1047,-1.296147751990708,0.5402092025248142,-0.8000167969852885,-0.9172054188269214,-0.027422058404156683,North-David,-1.187678123544764,-0.6728089504894098,-1.2961899117580553,8,1,1.0,0.0,0.0,0.0,0.0,1.0,0.0,1.0,0.0,0.0,1.0,0.0,1.0,0.0
1062,-0.28966576584432463,1.3881503968083682,1.6753857711139892,1.7186841006667255,1.1199444020208076,West-David,0.45375518207510007,1.4302309050463748,-0.29110338579331013,3,3,0.0,0.0,1.0,0.0,0.0,1.0,0.0,0.0,0.0,1.0,1.0,0.0,1.0,0.0
1051,-0.014024636811809313,-0.802364355090813,0.8548805467984407,0.6925261381318343,-0.6011052886166387,North-Eve,-1.6241691801459162,-1.1302665495702866,-0.013086951265134093,1,2,1.0,0.0,0.0,0.0,0.0,0.0,1.0,1.0,0.0,0.0,0.0,0.0,0.0,1.0
1055,-0.32220639078008984,-1.2263349522325901,0.7322341419976723,0.7823977827418072,-0.2568953504891494,West-Charlie,0.512615876953892,-0.7138677382264904,-0.32188113683488373,12,4,0.0,0.0,1.0,0.0,1.0,0.0,0.0,0.0,0.0,1.0,1.0,0.0,0.0,0.0
1064,0.11844336568077744,-1.2263349522325901,1.2678039871143811,1.1907815846059642,-1.2895251648716173,South-Bob,-0.76118629342302,-0.977943629492602,0.12058934234355781,5,6,0.0,1.0,0.0,1.0,0.0,0.0,0.0,1.0,0.0,0.0,1.0,1.0,0.0,0.0
1003,0.34179597351291363,0.11623860538303717,-1.3068249629139224,-1.3214868444429997,-1.2895251648716173,South-Charlie,-0.16165820365760405,-0.0493740229123321,0.3442060512407994,4,4,0.0,1.0,0.0,0.0,1.0,0.0,0.0,0.0,0.0,1.0,1.0,1.0,0.0,0.0
1051,-1.69433900430977,-0.9436878874714054,0.7544475291625546,0.7015062538363914,0.4315245257658291,East-Bob,-0.5244670169104885,-0.797154116359356,-1.69444121156804,4,1,0.0,0.0,0.0,1.0,0.0,0.0,0.0,1.0,0.0,0.0,1.0,1.0,0.0,0.0
1007,-0.1141242241776655,-1.7209673155646632,0.04795173827235697,-0.06381247663637801,0.5462611718083257,West-Eve,-1.1239241901760497,-1.1749034171446284,-0.11489724691799767,3,4,0.0,0.0,1.0,0.0,0.0,0.0,1.0,0.0,1.0,0.0,1.0,0.0,1.0,0.0
1021,1.6234727489826815,1.2468268644277758,1.184757813815938,1.226927607630273,0.8904711099358149,West-Bob,0.4370898046094158,1.2951037184238776,1.6209519193966595,7,3,0.0,0.0,1.0,1.0,0.0,0.0,0.0,0.0,0.0,1.0,1.0,1.0,0.0,1.0
1073,0.07702163487907886,1.0348415658568875,0.0635039318274397,0.19668136636018357,0.20205123368083638,West-David,1.3405660127489292,2.058076408694039,0.07672149806839694,12,4,0.0,0.0,1.0,0.0,0.0,1.0,0.0,0.0,0.0,1.0,1.0,0.0,1.0,1.0
1039,0.6285323345275234,1.1761650982374796,0.4550536905288857,0.6144400142895377,0.4315245257658291,East-Alice,1.6084885491972059,2.512200347361564,0.6276869604116325,7,5,0.0,0.0,0.0,0.0,0.0,0.0,0.0,0.0,0.0,0.0,1.0,0.0,1.0,1.0
1018,-0.6437888794799911,-1.0143496536617016,-0.04268001037622881,-0.1475798981693129,-1.748471749041603,East-Alice,-1.0558443503162445,-0.9815547886503931,-0.6420953974564905,1,3,0.0,0.0,0.0,0.0,0.0,0.0,0.0,0.0,0.0,0.0,1.0,1.0,0.0,0.0
1004,0.9641095060759197,0.9641797996665912,-0.04121934609950391,0.03521550258915204,-1.174788518829121,South-Eve,0.7685535249268515,1.398711825801965,0.9669821880369263,6,3,0.0,1.0,0.0,0.0,0.0,0.0,1.0,1.0,0.0,0.0,1.0,1.0,0.0,0.0
1089,0.9603876655092305,1.2468268644277758,0.9710562794168084,1.0280892372143728,1.6936276322332897,North-David,0.5843124583062479,1.4591550953692594,0.9564345336909559,10,4,1.0,0.0,0.0,0.0,0.0,1.0,0.0,0.0,0.0,1.0,1.0,0.0,1.0,0.0
1060,0.08489759777799336,0.3988856701442218,0.4841329054292923,0.4308340065404728,-1.5189984569566104,West-Charlie,-0.5309913348970537,-0.17675145983080573,0.08737427623125815,5,5,0.0,0.0,1.0,0.0,1.0,0.0,0.0,1.0,0.0,0.0,1.0,0.0,0.0,0.0
1014,1.667017229267176,-0.5903790565199245,0.5005389172330887,0.33521762543190187,0.5462611718083257,West-David,-1.6578545175765493,-1.1318139266750498,1.6654959616774967,11,2,0.0,0.0,1.0,0.0,0.0,1.0,0.0,0.0,1.0,0.0,0.0,0.0,0.0,0.0
1009,-1.292035803489267,0.5402092025248142,-0.13858990819868117,-0.07157315747681582,-1.174788518829121,North-Alice,0.6727453336241437,0.9181630232515492,-1.2916049063685786,4,4,1.0,0.0,0.0,0.0,0.0,0.0,0.0,0.0,0.0,0.0,0.0,0.0,1.0,0.0
1090,-1.6699027838563327,0.469547436334518,0.1437275654607134,0.2987544083677928,0.7757344638933183,West-Alice,1.5612581602944695,1.5910111047394082,-1.670041087072795,11,0,0.0,0.0,1.0,0.0,0.0,0.0,0.0,1.0,0.0,0.0,1.0,1.0,0.0,1.0
1053,0.9507755465763739,0.2575621377636295,0.8933305933872094,0.93931719860904,0.6609978178508219,East-David,0.472335305036838,0.5117394647873896,0.9492832583261511,10,0,0.0,0.0,0.0,0.0,0.0,1.0,0.0,1.0,0.0,0.0,1.0,0.0,1.0,0.0
1002,1.0795006215868796,-0.30773199175873983,1.1735452749960529,1.151245109734016,-0.9453152267441279,East-David,-0.21165433605464962,-0.3305647870723405,1.081928586083513,7,0,0.0,0.0,0.0,0.0,0.0,1.0,0.0,0.0,0.0,0.0,1.0,0.0,1.0,1.0
1084,-1.3106274338932193,-0.30773199175873983,0.7216355055549617,0.7308643244089826,-0.8305785807016316,West-Alice,0.1006619293022104,-0.16060323819237812,-1.3103528893534828,8,6,0.0,0.0,1.0,0.0,0.0,0.0,0.0,0.0,0.0,1.0,0.0,1.0,0.0,0.0
1092,-0.8048155943851523,1.0348415658568875,1.5163074355850479,1.4122464631942573,0.5462611718083257,East-Charlie,-1.0305271598683812,-0.39971710663901466,-0.8052984625960692,1,4,0.0,0.0,0.0,0.0,1.0,0.0,0.0,1.0,0.0,0.0,0.0,0.0,0.0,1.0
1060,-1.6677976068030305,-0.16640845937814752,1.1539215679739638,1.24053170755947,-0.37163199653164597,East-Eve,0.8838637536893995,0.4044613905705788,-1.6678408476937803,4,6,0.0,0.0,0.0,0.0,0.0,0.0,1.0,0.0,0.0,0.0,0.0,0.0,1.0,0.0
1071,-0.7083464709526197,-1.3676584846131823,0.2511534251170566,0.3373111060945811,-1.0600518727866246,West-Eve,0.8695386207188955,-0.7779791368924908,-0.7073895913750016,5,5,0.0,0.0,1.0,0.0,0.0,0.0,1.0,0.0,0.0,1.0,1.0,0.0,0.0,1.0
1044,0.9611538234351401,-0.23707022556844368,0.6337698457782419,0.5119651931648487,0.7757344638933183,South-David,-1.218597717481092,-0.863599444862706,0.9593831877089705,2,3,0.0,1.0,0.0,0.0,0.0,1.0,0.0,0.0,1.0,0.0,1.0,0.0,0.0,1.0
1008,0.07329276534059244,0.893518033476295,1.5241188141084037,1.6543430518824245,-1.174788518829121,North-Eve,1.326666378777552,1.8818702191941408,0.07520133262165887,1,6,1.0,0.0,0.0,0.0,0.0,0.0,1.0,0.0,0.0,0.0,1.0,1.0,0.0,0.0
1047,-0.517724270294777,0.8228562672859988,0.45130676912337353,0.37241391316577066,1.2346810480633041,East-Alice,-0.7888437283660669,-0.22742897888181632,-0.5190767009585447,3,4,0.0,0.0,0.0,0.0,0.0,0.0,0.0,1.0,0.0,0.0,1.0,0.0,1.0,0.0
1035,-0.4354606988646599,1.3881503968083682,1.16957960676649,1.3362044787195608,-0.027422058404156683,South-Alice,1.6890496930313137,2.8707526157996233,-0.43543340234617206,5,0,0.0,1.0,0.0,0.0,0.0,0.0,0.0,0.0,1.0,0.0,0.0,0.0,1.0,1.0
1078,-1.7241594171599663,-1.2263349522325901,0.6945602938168255,0.6546813648054856,-1.4042618109141138,East-David,-0.39369699117977736,-0.9017582788333779,-1.7241882160573732,11,3,0.0,0.0,0.0,0.0,0.0,1.0,0.0,0.0,0.0,1.0,1.0,0.0,0.0,0.0
1081,-0.6857588700818819,1.1055033320471834,0.2164714689812889,0.10629516253009044,0.6609978178508219,East-David,-1.1061241487127063,-0.46022285936731133,-0.6863997493527819,2,1,0.0,0.0,0.0,0.0,0.0,1.0,0.0,0.0,0.0,1.0,0.0,0.0,0.0,0.0
1036,0.520381059967819,1.6707974615695529,-0.8666640148290983,-0.9156335461408021,0.08731458763833985,North-David,-0.5020574029566351,0.4496606065939173,0.5202566905175717,10,4,1.0,0.0,0.0,0.0,0.0,1.0,0.0,0.0,0.0,0.0,0.0,1.0,0.0,0.0
1050,1.6606841256777765,0.6815327349054066,-0.22341428148618112,-0.24251959865964437,-0.7158419346591353,East-Charlie,-0.19463437608969744,0.25936078880847435,1.6629386498763632,5,4,0.0,0.0,0.0,0.0,1.0,0.0,0.0,0.0,0.0,0.0,1.0,0.0,0.0,1.0
1004,1.2183439014996496,-1.0143496536617016,1.668844535439959,1.5196060725318654,-0.2568953504891494,North-Eve,-1.483399927935797,-1.1034318696608407,1.2191020735975606,12,4,1.0,0.0,0.0,0.0,0.0,0.0,1.0,0.0,0.0,0.0,0.0,1.0,0.0,0.0
1002,-1.6467739521571998,-0.09574669318785134,0.5861253762301843,0.6138267724792579,-0.7158419346591353,North-David,0.2850448289225185,0.10145665226147085,-1.646773951786094,11,2,1.0,0.0,0.0,0.0,0.0,1.0,0.0,0.0,0.0,1.0,0.0,0.0,1.0,1.0
1006,1.3975299650432274,1.6707974615695529,0.2599950306181995,0.29475071470987413,-0.8305785807016316,North-Bob,0.35248642028364036,1.5347542069591056,1.3999217654645035,9,5,1.0,0.0,0.0,1.0,0.0,0.0,0.0,0.0,1.0,0.0,0.0,1.0,0.0,1.0
1054,0.9961440450422766,-0.30773199175873983,1.5473412592035845,1.6295173317007525,-1.174788518829121,South-Bob,0.84351226527249,0.24365362477710578,0.9990513973994154,6,5,0.0,1.0,0.0,1.0,0.0,0.0,0.0,0.0,0.0,1.0,0.0,0.0,0.0,0.0
1004,0.9863245714413988,-1.650305549374367,0.33724088490471976,0.17557034082238973,-0.4863686425741423,West-Alice,-1.622892683148546,-1.1833698854601207,0.9875684810143058,6,1,0.0,0.0,1.0,0.0,0.0,0.0,0.0,1.0,0.0,0.0,1.0,0.0,1.0,1.0
1054,-0.1353446900338217,1.0348415658568875,0.1261713687433607,0.14159533478160008,-0.8305785807016316,South-Eve,0.1565441311871353,0.8307601074528057,-0.13415130144798762,1,1,0.0,1.0,0.0,0.0,0.0,0.0,1.0,0.0,0.0,1.0,1.0,1.0,0.0,0.0
1093,-0.34407352204160097,-0.4490555241393322,0.9408127669045198,0.786690475413766,0.6609978178508219,West-David,-1.5404167938183841,-1.066875544995815,-0.3448921635217546,9,0,0.0,0.0,1.0,0.0,0.0,1.0,0.0,1.0,0.0,0.0,0.0,0.0,1.0,0.0
1063,-0.6749201955703904,0.9641797996665912,0.7778816647326227,0.8478313887743074,0.6609978178508219,West-Bob,0.7121749075429475,1.3417326961901035,-0.6755667136746136,5,3,0.0,0.0,1.0,1.0,0.0,0.0,0.0,0.0,1.0,0.0,1.0,1.0,0.0,1.0
1018,-1.5002936943866245,0.18690037157333333,-1.036693804258896,-1.18770849596828,-0.027422058404156683,North-Eve,-1.5305594003386833,-1.0003126011305816,-1.500352328456537,6,2,1.0,0.0,0.0,0.0,0.0,0.0,1.0,0.0,0.0,0.0,0.0,0.0,0.0,1.0
1090,-0.9347601960024955,-0.5903790565199245,-0.06514742611097642,0.07844552583565899,0.8904711099358149,East-Alice,1.443962269536009,0.23466156281320252,-0.9354376452890891,1,4,0.0,0.0,0.0,0.0,0.0,0.0,0.0,0.0,0.0,0.0,1.0,0.0,0.0,1.0
1044,-0.8708492699352215,-1.3676584846131823,-0.0609347856607114,0.010241758522239353,1.1199444020208076,North-Charlie,0.7154370665362302,-0.8019395913959395,-0.8717516870499714,6,5,1.0,0.0,0.0,0.0,1.0,0.0,0.0,0.0,0.0,1.0,1.0,0.0,1.0,1.0
1034,-0.044600664130219174,-0.4490555241393322,-0.3902828264909892,-0.3859970359958013,0.20205123368083638,East-Eve,0.038893657929406945,-0.28927260635152546,-0.04488625272940111,5,2,0.0,0.0,0.0,0.0,0.0,0.0,1.0,0.0,0.0,0.0,1.0,0.0,1.0,1.0
1074,0.8717453021730311,0.893518033476295,0.09546919353548167,0.0764789227888996,0.4315245257658291,West-Eve,-0.1900248035991891,0.3883278708523868,0.8708221158193828,3,5,0.0,0.0,1.0,0.0,0.0,0.0,1.0,0.0,1.0,0.0,1.0,0.0,1.0,0.0
1062,-0.0803218988042785,0.18690037157333333,-0.2684408454947941,-0.3943991536722785,-0.8305785807016316,North-Charlie,-1.270154012874924,-0.8113635222667533,-0.07908549302587066,11,4,1.0,0.0,0.0,0.0,1.0,0.0,0.0,0.0,0.0,0.0,1.0,1.0,0.0,1.0
1100,-1.5276082787910708,-1.650305549374367,-1.0150872631220251,-1.084867139508711,1.3494176941058007,East-Eve,-0.7130339900221799,-1.136213476305458,-1.5279532526978008,11,2,0.0,0.0,0.0,0.0,0.0,0.0,1.0,0.0,0.0,1.0,0.0,0.0,0.0,0.0
1014,1.6036088746834116,0.893518033476295,-0.27103052563758695,-0.14199023431239471,-1.6337351029991065,South-Alice,1.295321285842099,1.851003537660168,1.6085228566270822,4,1,0.0,1.0,0.0,0.0,0.0,0.0,0.0,0.0,1.0,0.0,1.0,0.0,1.0,0.0
1095,1.5511903175047808,0.8228562672859988,-1.4589245691207322,-1.3163483009982413,-0.6011052886166387,East-Alice,1.4186450790881442,1.88916237163084,1.5530381601920433,11,5,0.0,0.0,0.0,0.0,0.0,0.0,0.0,1.0,0.0,0.0,0.0,0.0,1.0,1.0
1048,1.0030746112344495,-1.5089820169937747,0.2997787271987603,0.1283366239179641,0.7757344638933183,North-Charlie,-1.721608450945262,-1.1846746808810016,1.0012779674533532,9,5,1.0,0.0,0.0,0.0,1.0,0.0,0.0,0.0,0.0,1.0,0.0,0.0,1.0,1.0
1015,1.720300349976878,-0.23707022556844368,1.2703442728130336,1.3028074707068507,-1.5189984569566104,South-David,0.34035969880861217,0.025179414600776533,1.725038392458286,9,4,0.0,1.0,0.0,0.0,0.0,1.0,0.0,1.0,0.0,0.0,1.0,1.0,0.0,1.0
1072,0.16557262158191277,0.045576839192741,0.8219697343025669,0.8981454122430124,-1.174788518829121,East-Bob,0.7752905924129768,0.5395812262329538,0.1675810616650908,2,1,0.0,0.0,0.0,1.0,0.0,0.0,0.0,0.0,1.0,0.0,0.0,0.0,1.0,1.0
1078,1.6209317756779449,1.6707974615695529,-0.45256216420294954,-0.4097442964421542,0.3167878797233326,East-David,0.4258849976324915,1.627955192550635,1.6201079290752751,4,1,0.0,0.0,0.0,0.0,0.0,1.0,0.0,0.0,0.0,1.0,1.0,0.0,1.0,1.0
1087,-1.465813073234795,1.2468268644277758,-1.4072509242006455,-1.5489079222230915,0.20205123368083638,East-Eve,-1.4404245290242947,-0.797025474557297,-1.4659286593025131,4,2,0.0,0.0,0.0,0.0,0.0,0.0,1.0,0.0,0.0,1.0,0.0,1.0,0.0,0.0
1062,-0.45654058528486935,0.7521945010957027,-1.0052930504838875,-1.1003885011895862,0.7757344638933183,East-Bob,-0.967624224497912,-0.4202924440082875,-0.45743166993419376,11,2,0.0,0.0,0.0,1.0,0.0,0.0,0.0,0.0,1.0,0.0,0.0,1.0,0.0,0.0
1040,-0.9446921331521307,-0.8730261212811092,0.1939617151515638,0.10883976360492977,1.005207755978311,East-Charlie,-0.8542996577312764,-0.8753407659106076,-0.9454444876645813,3,4,0.0,0.0,0.0,0.0,1.0,0.0,0.0,0.0,0.0,0.0,1.0,0.0,1.0,0.0
1085,-1.0474978746599612,0.469547436334518,-0.9881531783671471,-0.8711981855430553,-1.2895251648716173,South-Charlie,1.1659695901084675,1.263217091173587,-1.0467305535965632,11,1,0.0,1.0,0.0,0.0,1.0,0.0,0.0,0.0,0.0,1.0,1.0,0.0,1.0,1.0
1080,-1.238967066419383,-0.5903790565199245,0.18866239693020864,0.17706467718766922,-1.6337351029991065,West-Bob,-0.11464056425442715,-0.45196589341517135,-1.2382683828510892,8,3,0.0,0.0,1.0,1.0,0.0,0.0,0.0,0.0,0.0,1.0,1.0,1.0,0.0,1.0
1082,0.4367222376359307,1.1055033320471834,-0.902425592386793,-0.9046868273894851,0.6609978178508219,South-Alice,-0.032519257423534995,0.680460539147501,0.4354973862319039,11,3,0.0,1.0,0.0,0.0,0.0,0.0,0.0,1.0,0.0,0.0,1.0,0.0,0.0,0.0
1053,0.9896176447284506,0.7521945010957027,1.2538183030734675,1.4039923694030205,-0.7158419346591353,South-Bob,1.5244524968702615,1.9045883614377102,0.9914147374689447,5,2,0.0,1.0,0.0,1.0,0.0,0.0,0.0,0.0,0.0,0.0,0.0,1.0,0.0,1.0
1024,0.28322706601161457,1.4588121629986643,-0.32375556658294924,-0.2747465131033149,0.4315245257658291,South-Eve,0.4895680145013519,1.5312000177422236,0.282492166990505,3,4,0.0,1.0,0.0,0.0,0.0,0.0,1.0,1.0,0.0,0.0,1.0,0.0,0.0,1.0
1026,-1.2175357314093067,-0.4490555241393322,-0.8536944450676454,-0.7137642104557027,-1.174788518829121,West-Alice,1.398575709629471,0.38019219574218693,-1.2170242042220019,2,5,0.0,0.0,1.0,0.0,0.0,0.0,0.0,1.0,0.0,0.0,0.0,0.0,1.0,1.0
1089,1.0933090366827454,0.6815327349054066,1.1259854816379506,1.111067198026028,-0.1421587044466529,North-Charlie,-0.13790117620652897,0.310817509631954,1.0937458874671413,1,6,1.0,0.0,0.0,0.0,1.0,0.0,0.0,0.0,0.0,0.0,0.0,0.0,1.0,0.0
1060,0.4838339211075727,1.4588121629986643,-0.5138818384287522,-0.633098241756367,-0.027422058404156683,West-Bob,-1.2049817495091317,-0.4887886903844604,0.48393540346359537,10,0,0.0,0.0,1.0,1.0,0.0,0.0,0.0,0.0,0.0,0.0,0.0,0.0,0.0,1.0
1041,-0.378308129180524,1.0348415658568875,-1.3219678882175554,-1.1707350904607652,0.3167878797233326,South-David,1.5072197874057451,2.2308239714585865,-0.3786925902960945,11,3,0.0,1.0,0.0,0.0,0.0,1.0,0.0,0.0,1.0,0.0,0.0,1.0,0.0,0.0
1029,0.6166604011618236,0.18690037157333333,0.2810017820762219,0.2677539775446821,-0.027422058404156683,East-David,-0.13024219422229807,0.01575180824990225,0.6167726024358683,3,2,0.0,0.0,0.0,0.0,0.0,1.0,0.0,0.0,0.0,0.0,0.0,0.0,1.0,1.0
1015,-0.824570519621564,-1.7209673155646632,0.3199598858047206,0.21096919566405894,-0.027422058404156683,East-Eve,-1.093075512739576,-1.174104000231835,-0.8245746237414772,11,3,0.0,0.0,0.0,0.0,0.0,0.0,1.0,0.0,0.0,1.0,0.0,0.0,0.0,1.0
1045,-0.5278284172534469,1.1761650982374796,0.7849732956413603,0.7171897369153867,-0.6011052886166387,South-David,-0.6734625831036666,0.02853880337453829,-0.5271895035644899,12,4,0.0,1.0,0.0,0.0,0.0,1.0,0.0,0.0,0.0,0.0,1.0,1.0,0.0,0.0
1065,1.4633773728406676,-0.5197172903296283,-0.8723161505085998,-1.0252135137570089,-1.5189984569566104,East-Bob,-1.5477211933033423,-1.0768838771959823,1.4677601533673563,11,4,0.0,0.0,0.0,1.0,0.0,0.0,0.0,0.0,1.0,0.0,0.0,0.0,0.0,1.0
1089,-0.7181061982932204,1.6001356953792567,-0.16133252155078268,-0.17079145312622612,-1.4042618109141138,South-Bob,-0.09691143929093599,0.9201036767226045,-0.7168446350012441,9,6,0.0,1.0,0.0,1.0,0.0,0.0,0.0,0.0,1.0,0.0,0.0,1.0,0.0,1.0
1071,-0.0936207134448375,1.0348415658568875,-0.7250995379225328,-0.6010404974672566,-0.2568953504891494,East-David,1.2402900819554223,1.9541338326306033,-0.09323122343433517,12,2,0.0,0.0,0.0,0.0,0.0,1.0,0.0,0.0,1.0,0.0,0.0,1.0,0.0,1.0
1009,1.3682367250778311,0.5402092025248142,-1.428617549465977,-1.2760153166485735,-0.4863686425741423,West-Bob,1.5198429243797507,1.6425725767445643,1.36966446114652,8,3,0.0,0.0,1.0,1.0,0.0,0.0,0.0,0.0,0.0,0.0,1.0,1.0,0.0,0.0
1088,0.7335346297220211,-0.9436878874714054,1.3505396810496557,1.4998202132047909,-0.027422058404156683,North-Eve,1.5165098488866118,-0.16247221980228888,0.7336562625888802,9,2,1.0,0.0,0.0,0.0,0.0,0.0,1.0,0.0,0.0,0.0,1.0,1.0,0.0,1.0
1001,-1.5124432721383194,-1.2263349522325901,0.8344876977175926,0.7054606061992303,-0.7158419346591353,North-Alice,-1.2890887183359332,-1.0873847237240317,-1.5123517054610842,11,6,1.0,0.0,0.0,0.0,0.0,0.0,0.0,1.0,0.0,0.0,0.0,0.0,0.0,1.0
1008,-1.2163513496614555,-0.09574669318785134,-0.6584029256345826,-0.6971150477444277,0.6609978178508219,West-Eve,-0.3966045676737889,-0.3224879196430829,-1.216716187562937,10,4,0.0,0.0,1.0,0.0,0.0,0.0,1.0,1.0,0.0,0.0,1.0,0.0,0.0,1.0
1088,-1.701585874232823,-0.6610408227102207,0.3821686600250519,0.22012553027961634,1.2346810480633041,West-Eve,-1.6261548421418286,-1.1222282746816474,-1.7017295316154084,10,2,0.0,0.0,1.0,0.0,0.0,0.0,1.0,0.0,0.0,1.0,0.0,0.0,0.0,1.0
1063,0.46632475236040977,-1.5089820169937747,-1.0083837314172481,-0.8833149978634116,-0.7158419346591353,South-Bob,1.247381731940819,-0.876919384595871,0.4677651432873567,8,1,0.0,1.0,0.0,1.0,0.0,0.0,0.0,1.0,0.0,0.0,1.0,0.0,0.0,1.0
1011,-0.17125922143230782,0.893518033476295,1.3981206434552471,1.3491459955433966,-1.0600518727866246,South-Alice,-0.47759121050701697,0.10515050972058519,-0.1697748558889277,6,2,0.0,1.0,0.0,0.0,0.0,0.0,0.0,0.0,0.0,1.0,0.0,0.0,0.0,0.0
1081,-1.261681188782473,1.317488630618072,-1.3100214890847266,-1.2620094376022977,-1.4042618109141138,South-Bob,0.4688603965439953,1.3891757927893544,-1.261116813871457,1,3,0.0,1.0,0.0,1.0,0.0,0.0,0.0,0.0,1.0,0.0,1.0,1.0,0.0,0.0
1008,1.6041114461669206,0.11623860538303717,-1.697979566062245,-1.6206149214871899,0.3167878797233326,East-Charlie,0.7599726284445202,0.595474251487432,1.6032912962735133,12,1,0.0,0.0,0.0,0.0,1.0,0.0,0.0,1.0,0.0,0.0,1.0,0.0,1.0,1.0
1035,0.1139975410189628,-1.155673186042294,0.04208085576880474,0.019116142880196783,-0.2568953504891494,South-Bob,-0.23058904151565868,-0.827399641763387,0.1144453749288113,3,6,0.0,1.0,0.0,1.0,0.0,0.0,0.0,0.0,0.0,0.0,1.0,0.0,1.0,1.0
1035,-0.8872408321666083,1.5294739291889605,0.32542150005682335,0.2595351275356444,-1.0600518727866246,West-Bob,-0.6593501996327291,0.19106485609550578,-0.8864596489306528,3,4,0.0,0.0,1.0,1.0,0.0,0.0,0.0,1.0,0.0,0.0,0.0,0.0,0.0,0.0
1033,0.012903354143783335,-0.6610408227102207,0.3108854207812016,0.4715053311992608,0.5462611718083257,North-Bob,1.6193387736748637,0.22343848445359518,0.012076968021772293,5,4,1.0,0.0,0.0,1.0,0.0,0.0,0.0,0.0,0.0,1.0,0.0,0.0,0.0,1.0
1005,0.6357616320210829,-0.9436878874714054,-1.520978103659479,-1.3575976236851088,-1.2895251648716173,East-Alice,1.6272814216585083,-0.1280256206910251,0.6385193065120868,3,3,0.0,0.0,0.0,0.0,0.0,0.0,0.0,1.0,0.0,0.0,0.0,0.0,1.0,1.0
1041,-1.4636059760904312,0.3988856701442218,-0.6144559830478968,-0.6852096981172713,0.20205123368083638,South-Bob,-0.7184945605109351,-0.327379983601373,-1.4637218261666114,8,4,0.0,1.0,0.0,1.0,0.0,0.0,0.0,0.0,1.0,0.0,1.0,1.0,0.0,1.0
1028,-0.773079786720182,-0.09574669318785134,0.032265474083178654,0.026510288385754727,0.08731458763833985,East-Alice,-0.05755278187198432,-0.11161827770845206,-0.773178985869458,2,5,0.0,0.0,0.0,0.0,0.0,0.0,0.0,0.0,0.0,0.0,1.0,0.0,0.0,1.0
1007,1.07883989823793,-0.802364355090813,-0.9548895484131272,-0.7892352456587599,0.7757344638933183,East-David,1.6562862700987795,0.05987594635603868,1.076996248953136,3,3,0.0,0.0,0.0,0.0,0.0,1.0,0.0,0.0,0.0,1.0,0.0,1.0,0.0,1.0
1073,-0.12953875932922235,1.3881503968083682,1.3366104478020455,1.165476548986372,-1.5189984569566104,South-Charlie,-1.7072833179747613,-1.0898344311832329,-0.12735859417437076,10,0,0.0,1.0,0.0,0.0,1.0,0.0,0.0,0.0,0.0,0.0,1.0,0.0,1.0,1.0
1072,0.17285815084985096,-0.02508492699755517,-1.40711685356655,-1.4344502151504057,1.3494176941058007,East-Alice,-0.2902298178928423,-0.2173305974202086,0.17060661222235493,11,4,0.0,0.0,0.0,0.0,0.0,0.0,0.0,0.0,0.0,0.0,0.0,0.0,1.0,1.0
1012,-0.22295379451581254,0.6108709687151104,-0.009000055821596301,-0.1456767339305136,0.6609978178508219,North-David,-1.3751813491586486,-0.8222723470813339,-0.22383544867846092,10,6,1.0,0.0,0.0,0.0,0.0,1.0,0.0,0.0,0.0,1.0,0.0,0.0,0.0,1.0
1034,-1.5761257566221798,-1.5796437831840708,0.7036629842369965,0.7073849167073497,-1.0600518727866246,West-Alice,0.04506339341670109,-1.049235078453508,-1.576021143403479,4,4,0.0,0.0,1.0,0.0,0.0,0.0,0.0,0.0,0.0,0.0,0.0,1.0,0.0,0.0
1033,-1.1521698081799843,-0.09574669318785134,-0.7971095811301641,-0.9591102758627088,-1.0600518727866246,West-Alice,-1.6384943131164185,-1.0948680011237901,-1.1516488178957243,1,5,0.0,0.0,1.0,0.0,0.0,0.0,0.0,0.0,0.0,0.0,0.0,0.0,0.0,0.0
1048,-0.17867830116439576,1.1761650982374796,0.4690252618714735,0.4376783490437108,-0.2568953504891494,North-Charlie,-0.3102991873515134,0.42380360438011894,-0.17831271363467152,10,6,1.0,0.0,0.0,0.0,1.0,0.0,0.0,1.0,0.0,0.0,1.0,0.0,1.0,1.0
1023,-1.0010398855654716,-1.155673186042294,1.185576350318837,1.0891455654976352,1.1199444020208076,East-Eve,-0.9573413320190852,-0.9968980801559375,-1.001822412170622,6,2,0.0,0.0,0.0,0.0,0.0,0.0,1.0,0.0,0.0,0.0,1.0,1.0,0.0,1.0
1062,-1.5549755804839969,0.045576839192741,-1.0465515240394996,-1.0326076592625668,1.1199444020208076,South-Eve,0.12895761274394316,0.10410299790382198,-1.555247996337865,5,4,0.0,1.0,0.0,0.0,0.0,0.0,1.0,0.0,0.0,0.0,1.0,0.0,0.0,1.0
1088,1.2064754826198483,-0.378393757949036,1.4923722992244124,1.663393655151382,0.08731458763833985,East-Alice,1.7367764974330289,0.6382384619718046,1.2063377620092952,12,1,0.0,0.0,0.0,0.0,0.0,0.0,0.0,0.0,0.0,0.0,0.0,0.0,0.0,1.0
1037,1.6850359984696452,1.0348415658568875,0.2221377173591164,0.3270128729357441,1.2346810480633041,North-Bob,1.0575382618317541,1.7646995903990101,1.6814344554528156,1,0,1.0,0.0,0.0,1.0,0.0,0.0,0.0,0.0,0.0,0.0,1.0,0.0,0.0,0.0
1099,1.030744158714661,-1.0850114198519978,-0.6661931351104498,-0.5447843723196335,-1.748471749041603,East-David,1.2142637265090168,-0.4124342676425306,1.0350885492187474,3,5,0.0,0.0,0.0,0.0,0.0,1.0,0.0,0.0,0.0,1.0,0.0,0.0,1.0,0.0
1044,1.2417398341270809,-0.4490555241393322,-0.2064367054001879,-0.1581812278550697,-1.6337351029991065,West-Bob,0.4832564460143515,-0.07048230489013597,1.2461171950585563,5,1,0.0,0.0,1.0,1.0,0.0,0.0,0.0,0.0,1.0,0.0,0.0,0.0,0.0,0.0
1086,-0.8869491298370187,-1.5796437831840708,-0.6209266552302974,-0.7772876034929637,1.3494176941058007,East-Bob,-1.57984636773719,-1.1755594903351279,-0.8880124114445894,6,4,0.0,0.0,0.0,1.0,0.0,0.0,0.0,1.0,0.0,0.0,0.0,1.0,0.0,0.0
1091,1.6134810655727687,-0.09574669318785134,0.8213558319253926,0.7205167499550659,0.8904711099358149,North-Alice,-1.005635468419638,-0.7012681925848553,1.6109674356721364,5,3,1.0,0.0,0.0,0.0,0.0,0.0,0.0,0.0,0.0,0.0,0.0,0.0,0.0,1.0
1035,-1.0436987154035013,-1.4383202508034785,1.0700145200776436,1.2169888610498765,-0.1421587044466529,West-Alice,1.4902707439406495,-0.7666035261104422,-1.0436483573453248,8,6,0.0,0.0,1.0,0.0,0.0,0.0,0.0,0.0,0.0,0.0,0.0,0.0,1.0,1.0
1065,1.5814816714653988,-1.5796437831840708,1.197981412147256,1.1517667177105757,0.8904711099358149,East-Alice,-0.4519903540597381,-1.087877238051914,1.5789910992979592,11,6,0.0,0.0,0.0,0.0,0.0,0.0,0.0,0.0,0.0,1.0,0.0,0.0,0.0,1.0
1099,1.7324464132426738,0.11623860538303717,1.73180128267156,1.5943510858216028,1.5788909861907932,East-Alice,-1.3641183751814305,-0.8907134612566244,1.7277458635907297,4,4,0.0,0.0,0.0,0.0,0.0,0.0,0.0,0.0,1.0,0.0,1.0,0.0,1.0,0.0
1047,0.7474590228525433,-0.6610408227102207,1.0524936051061053,1.1225848660489848,0.8904711099358149,West-Eve,0.7165717305338927,-0.15087240473665192,0.7455694205548505,4,4,0.0,0.0,1.0,0.0,0.0,0.0,1.0,0.0,0.0,0.0,1.0,0.0,1.0,1.0
1078,1.6848637886606106,1.6707974615695529,0.38918972744216035,0.32081701602498597,1.1199444020208076,South-Alice,-0.6836745590826379,0.2190444480432757,1.6816078552075175,2,2,0.0,1.0,0.0,0.0,0.0,0.0,0.0,0.0,0.0,1.0,1.0,1.0,0.0,1.0
1003,0.25275295878426607,-0.7317025889005169,-0.5265197597795477,-0.6044732418535355,0.8904711099358149,West-Eve,-0.7899783923637309,-0.8015757188701162,0.251219825749585,7,0,0.0,0.0,1.0,0.0,0.0,0.0,1.0,1.0,0.0,0.0,1.0,1.0,0.0,0.0
1001,-0.8258357345450844,0.6815327349054066,0.19083575247238893,0.3639413079248932,-1.174788518829121,South-Eve,1.7436553979188651,2.017379655742753,-0.8249002776089992,5,6,0.0,1.0,0.0,0.0,0.0,0.0,1.0,1.0,0.0,0.0,0.0,0.0,0.0,0.0
1005,-0.20841085186712516,-0.9436878874714054,-1.56793105098957,-1.441231118845684,1.1199444020208076,North-Alice,1.257735540919498,-0.24294318021009678,-0.20992329820046254,3,2,1.0,0.0,0.0,0.0,0.0,0.0,0.0,0.0,0.0,0.0,0.0,0.0,1.0,0.0
1090,0.3363309479404851,1.1055033320471834,0.8902116870571973,0.8587710587691841,-1.0600518727866246,North-Charlie,-0.30668244585896287,0.3891677180458251,0.33831382967642415,6,2,1.0,0.0,0.0,0.0,1.0,0.0,0.0,0.0,0.0,0.0,1.0,0.0,1.0,0.0
1014,-1.474592259009667,1.317488630618072,-0.15370460810566272,0.013653356639198427,1.3494176941058007,West-David,1.6820998760456218,2.772538275407856,-1.4749966745326437,2,5,0.0,0.0,1.0,0.0,0.0,1.0,0.0,0.0,1.0,0.0,1.0,1.0,0.0,0.0
1027,0.4364762236230241,0.045576839192741,-1.6414440965689039,-1.58651303783048,-0.1421587044466529,West-Bob,0.5348836579080364,0.3776028200407484,0.43679428162141254,1,6,0.0,0.0,1.0,1.0,0.0,0.0,0.0,0.0,1.0,0.0,1.0,1.0,0.0,1.0
1009,1.6849832811811654,1.5294739291889605,-1.493049073672629,-1.4065371396480142,0.5462611718083257,North-Eve,0.854220656750439,2.034540472137383,1.68345446618093,4,4,1.0,0.0,0.0,0.0,0.0,0.0,1.0,0.0,0.0,0.0,1.0,0.0,0.0,1.0
1079,-1.0674179807336104,0.6108709687151104,-0.35800002907061557,-0.5181118779506815,-0.027422058404156683,South-David,-1.6147372856653393,-1.0333404649391398,-1.0674416823165178,6,1,0.0,1.0,0.0,0.0,0.0,1.0,0.0,0.0,0.0,1.0,1.0,0.0,1.0,0.0
1015,1.028839307357583,-0.16640845937814752,0.3264517270346102,0.1967236588988235,-1.4042618109141138,North-Charlie,-1.3016409388100847,-0.898154470635704,1.032341500056763,10,0,1.0,0.0,0.0,0.0,1.0,0.0,0.0,0.0,1.0,0.0,1.0,1.0,0.0,1.0
1090,1.4300213871764116,0.3988856701442218,-0.0899646061169774,-0.04258867099554462,-0.7158419346591353,West-Bob,0.4756683805299762,0.6319368514109579,1.4321186804659964,8,5,0.0,0.0,1.0,1.0,0.0,0.0,0.0,0.0,0.0,0.0,1.0,0.0,0.0,1.0
1042,1.5545923398546913,-0.378393757949036,0.45143378340830603,0.590079512032905,1.6936276322332897,North-Bob,1.399781290126989,0.46357964957666997,1.5497944415374205,6,1,1.0,0.0,0.0,1.0,0.0,0.0,0.0,0.0,1.0,0.0,1.0,0.0,1.0,1.0
1077,1.611769510940118,-0.9436878874714054,-0.03376078503429396,0.01032634359951957,1.5788909861907932,West-Eve,0.4431886235968609,-0.4962425639437477,1.6072284379444628,2,1,0.0,0.0,1.0,0.0,0.0,0.0,1.0,0.0,0.0,0.0,0.0,0.0,1.0,1.0
1051,0.0854669444935775,-0.16640845937814752,0.5998782007487216,0.4741415661078198,-0.6011052886166387,West-Alice,-1.2585237068988748,-0.8724555140644337,0.08646248341873196,4,4,0.0,0.0,1.0,0.0,0.0,0.0,0.0,1.0,0.0,0.0,0.0,1.0,0.0,0.0
1063,1.6715192857033694,-1.5089820169937747,-0.9459985484678438,-1.0763804367549534,1.6936276322332897,North-Charlie,-1.3219939742681734,-1.1432520206180985,1.6665551551584719,10,0,1.0,0.0,0.0,0.0,1.0,0.0,0.0,0.0,0.0,0.0,0.0,0.0,0.0,1.0
1096,0.9060712859453196,-0.16640845937814752,-1.317233077929234,-1.1956242494503977,1.1199444020208076,South-Eve,1.209228655019386,0.5983870694340467,0.9035325303746006,9,0,0.0,1.0,0.0,0.0,0.0,0.0,1.0,1.0,0.0,0.0,0.0,1.0,0.0,1.0
1052,-1.166357787752906,1.6001356953792567,0.3719016719929985,0.24823597096232797,0.3167878797233326,East-Charlie,-1.240156333436697,-0.5019542599551525,-1.1665690542547393,7,5,0.0,0.0,0.0,0.0,1.0,0.0,0.0,0.0,1.0,0.0,1.0,0.0,0.0,1.0
1096,-0.06957108644025364,1.6001356953792567,-0.01841322560493597,-0.010093903807154464,-1.6337351029991065,North-Alice,0.08350013633755045,1.1445137871939295,-0.0671382880842769,3,0,1.0,0.0,0.0,0.0,0.0,0.0,0.0,0.0,0.0,0.0,0.0,0.0,1.0,0.0
1004,0.7704507896016277,-1.7209673155646632,-1.61753718560492,-1.7743553481999836,1.3494176941058007,East-Alice,-1.5952352482054994,-1.187117037380088,0.7675292294891005,11,5,0.0,0.0,0.0,0.0,0.0,0.0,0.0,0.0,1.0,0.0,1.0,0.0,0.0,1.0
1094,-0.8682872097150928,-0.02508492699755517,-0.38239382812684103,-0.5254989746997992,0.20205123368083638,North-Eve,-1.443899437517139,-0.964739467381291,-0.8684742706086445,1,1,1.0,0.0,0.0,0.0,0.0,0.0,1.0,1.0,0.0,0.0,0.0,0.0,0.0,0.0
1023,0.500049759044026,-1.650305549374367,-1.3406954388959538,-1.2784118938381728,1.2346810480633041,East-Alice,0.6121117262490035,-1.067533455926344,0.49765813760926453,1,3,0.0,0.0,0.0,0.0,0.0,0.0,0.0,0.0,0.0,0.0,1.0,0.0,0.0,0.0
1015,0.5904599087872552,0.3282239039539257,0.144595496407753,0.21109607327997912,1.1199444020208076,South-David,0.6706178386285266,0.7246489981546683,0.5882117948166211,5,2,0.0,1.0,0.0,0.0,0.0,1.0,0.0,0.0,1.0,0.0,1.0,0.0,0.0,0.0
1043,-1.1627800411080624,-1.5796437831840708,-0.32897020861434956,-0.3820567811458424,1.1199444020208076,South-Bob,-0.5376574858833236,-1.0945372079184958,-1.1634136237238415,11,6,0.0,1.0,0.0,1.0,0.0,0.0,0.0,1.0,0.0,0.0,0.0,0.0,0.0,0.0
1029,0.23725407597114123,-0.30773199175873983,0.43029296131618805,0.3329197308324624,0.6609978178508219,North-Eve,-0.9749995404827241,-0.7459748942803137,0.23613299811578023,12,1,1.0,0.0,0.0,0.0,0.0,0.0,1.0,0.0,1.0,0.0,0.0,1.0,0.0,1.0
1036,0.9558856090730369,-0.02508492699755517,1.1025019516237422,1.210983320562998,-0.7158419346591353,West-Charlie,1.1033503207374156,0.6855051355282311,0.9576597084221272,4,4,0.0,0.0,1.0,0.0,1.0,0.0,0.0,0.0,0.0,1.0,1.0,0.0,0.0,0.0
1013,0.006960358489136136,-0.378393757949036,-0.6646689636912585,-0.7603494417676487,-0.6011052886166387,East-David,-0.9698226359933861,-0.7645452572775034,0.007910246604708312,10,5,0.0,0.0,0.0,0.0,0.0,1.0,0.0,1.0,0.0,0.0,1.0,0.0,0.0,0.0
1032,-1.6867582582263436,1.6707974615695529,1.6491432085770774,1.6631962899710622,-0.7158419346591353,West-Eve,0.15923895818158673,1.2893699695321235,-1.6867855130973712,6,3,0.0,0.0,1.0,0.0,0.0,0.0,1.0,1.0,0.0,0.0,1.0,0.0,1.0,0.0
1071,-1.6974212084429017,-0.23707022556844368,0.15953378758566147,0.32238888871110555,-1.6337351029991065,West-Alice,1.6401882246319297,0.7662260285800411,-1.697402373378253,10,0,0.0,0.0,1.0,0.0,0.0,0.0,0.0,1.0,0.0,0.0,0.0,0.0,0.0,0.0
1059,-0.48664215700695895,-0.30773199175873983,0.4482443135866648,0.3274498958350239,0.20205123368083638,West-Alice,-1.2104423199978886,-0.8741021291307861,-0.4868748695037935,8,2,0.0,0.0,1.0,0.0,0.0,0.0,0.0,0.0,0.0,0.0,0.0,0.0,1.0,0.0
1086,1.4936757557730824,0.5402092025248142,0.6661373193885706,0.8190090236911562,0.6609978178508219,South-Alice,1.545231031327472,1.6642836374520162,1.4919010230424496,12,6,0.0,1.0,0.0,0.0,0.0,0.0,0.0,0.0,0.0,0.0,1.0,1.0,0.0,1.0
1028,-0.9332243656647776,0.893518033476295,0.6174414538152377,0.5085676925607696,1.2346810480633041,North-Alice,-1.0886786897486307,-0.49661011194963073,-0.9341525529778522,8,4,1.0,0.0,0.0,0.0,0.0,0.0,0.0,0.0,0.0,0.0,0.0,1.0,0.0,0.0
1066,0.4782986058171709,-0.7317025889005169,0.07338987700469496,0.0979212398793732,-1.2895251648716173,North-Charlie,0.24760091699962694,-0.398256103315631,0.4808700897221825,7,0,1.0,0.0,0.0,0.0,1.0,0.0,0.0,0.0,0.0,1.0,1.0,0.0,0.0,1.0
1042,-0.9561915310125717,1.4588121629986643,-0.2137541394821392,-0.2546928010315207,0.08731458763833985,South-David,-0.4141918596375722,0.4538727067413263,-0.9562871668705992,1,6,0.0,1.0,0.0,0.0,0.0,1.0,0.0,0.0,0.0,1.0,0.0,1.0,0.0,1.0
1045,-0.609670250375724,-0.7317025889005169,-1.5235254457072944,-1.3599871521182683,-1.748471749041603,South-Bob,1.6288415846552944,0.13864883497667238,-0.6079227560627221,6,1,0.0,1.0,0.0,1.0,0.0,0.0,0.0,1.0,0.0,0.0,0.0,0.0,0.0,0.0
1062,1.221759981793155,1.4588121629986643,-1.6342395640735592,-1.709379911336083,-1.4042618109141138,North-Charlie,-0.7736675973973189,0.025359513123658473,1.2255096142292927,5,1,1.0,0.0,0.0,0.0,1.0,0.0,0.0,0.0,0.0,1.0,0.0,1.0,0.0,1.0
1057,0.8070893050952395,-0.02508492699755517,-0.46105800859510904,-0.49390644833572883,-1.5189984569566104,West-Charlie,-0.3354745447996721,-0.24664255088929965,0.8105645989330964,9,0,0.0,0.0,1.0,0.0,1.0,0.0,0.0,0.0,1.0,0.0,0.0,0.0,0.0,1.0
1006,-1.3969432075645007,-0.30773199175873983,-0.5459388326759125,-0.37726362676664404,0.7757344638933183,East-Bob,1.6911062715270753,0.7049116702388024,-1.3972508574947442,6,1,0.0,0.0,0.0,1.0,0.0,0.0,0.0,1.0,0.0,0.0,0.0,0.0,0.0,1.0
1028,-0.23726829558108667,-0.09574669318785134,-0.3572026616152053,-0.34290798787809423,-1.5189984569566104,East-Bob,0.13994967022130816,0.01121626585731877,-0.23523709415869862,2,3,0.0,0.0,0.0,1.0,0.0,0.0,0.0,1.0,0.0,0.0,1.0,0.0,1.0,0.0
1028,-1.6273775044824523,-1.4383202508034785,-1.2280761062556993,-1.224531199610829,0.6609978178508219,East-Alice,0.022370113463434503,-0.9568004304542393,-1.62752850553737,11,0,0.0,0.0,0.0,0.0,0.0,0.0,0.0,0.0,1.0,0.0,1.0,0.0,1.0,0.0
1044,-0.05568886714051583,-1.3676584846131823,0.8669610165653652,0.7836806564138866,-0.9453152267441279,West-Charlie,-0.8284860517844341,-1.0419962204776616,-0.054262100167997686,11,1,0.0,0.0,1.0,0.0,1.0,0.0,0.0,1.0,0.0,0.0,0.0,0.0,1.0,0.0
1084,0.5759661689411493,1.6707974615695529,1.281902572741902,1.3513875000913163,1.2346810480633041,North-Eve,0.7129549890413421,1.9924746028641867,0.5734970336081571,6,3,1.0,0.0,0.0,0.0,0.0,0.0,1.0,0.0,0.0,1.0,1.0,0.0,1.0,0.0
1030,-1.3165563716042719,1.2468268644277758,1.5674518543179157,1.3993472389090618,1.005207755978311,South-Bob,-1.6743071455426703,-1.0576427390880594,-1.3170035274257548,5,2,0.0,1.0,0.0,1.0,0.0,0.0,0.0,0.0,0.0,0.0,1.0,0.0,0.0,0.0
1062,-0.7237399191887848,1.6001356953792567,0.008386788515846403,-0.14590229413659334,1.5788909861907932,North-Bob,-1.5521889327941414,-0.890084954166563,-0.7251945752517733,4,2,1.0,0.0,0.0,1.0,0.0,0.0,0.0,0.0,1.0,0.0,0.0,1.0,0.0,0.0
1075,-0.34466044118667855,1.317488630618072,0.736672585621151,0.7715145027984505,1.3494176941058007,West-David,0.35851432277122675,1.2633567594158228,-0.34633173743319123,4,1,0.0,0.0,1.0,0.0,0.0,1.0,0.0,0.0,0.0,1.0,1.0,0.0,0.0,0.0
1092,1.4704942067854698,1.5294739291889605,1.2769701846770183,1.2222260870847945,1.4641543401482973,South-Eve,-0.5369483208847846,0.34014600276131274,1.4664637944334047,8,3,0.0,1.0,0.0,0.0,0.0,0.0,1.0,0.0,1.0,0.0,0.0,0.0,1.0,1.0
1089,1.7270024745856376,-0.16640845937814752,-0.25033425354273325,-0.09217667255092964,1.2346810480633041,West-Eve,1.5884900962383899,0.8244364440116057,1.7233580820035663,10,3,0.0,0.0,1.0,0.0,0.0,0.0,1.0,0.0,1.0,0.0,1.0,0.0,1.0,1.0
1062,-1.5726077562376133,-1.5089820169937747,-0.6306361916784797,-0.4893881954576901,0.6609978178508219,East-Bob,1.4142482560971992,-0.8596225754390632,-1.5727872513192842,10,0,0.0,0.0,0.0,1.0,0.0,0.0,0.0,1.0,0.0,0.0,1.0,1.0,0.0,0.0
1097,0.9189378188203422,0.11623860538303717,1.560501350392436,1.6339509995015111,-1.174788518829121,East-Alice,0.755859471452992,0.5925963506013768,0.921761612289688,10,3,0.0,0.0,0.0,0.0,0.0,0.0,0.0,1.0,0.0,0.0,1.0,0.0,1.0,1.0
1001,-0.43551341615313977,-0.5197172903296283,0.0898241142051431,0.20092471773706197,-0.8305785807016316,West-David,1.1187392012057265,0.16689857470876396,-0.43455470151981657,10,1,0.0,0.0,1.0,0.0,0.0,1.0,0.0,0.0,0.0,1.0,1.0,0.0,0.0,0.0
1027,-0.3633715641111858,-0.30773199175873983,0.02547726618844628,0.0845567976691372,-1.0600518727866246,South-Eve,0.5946662672849302,0.10823239974990699,-0.36207587659861595,3,4,0.0,1.0,0.0,0.0,0.0,0.0,1.0,0.0,1.0,0.0,1.0,0.0,0.0,0.0
1062,0.8954751109608362,0.18690037157333333,-1.0881910404499098,-1.2150224271732717,0.3167878797233326,South-Bob,-1.287812221338562,-0.8241762457518013,0.8948107025172494,5,6,0.0,1.0,0.0,1.0,0.0,0.0,0.0,1.0,0.0,0.0,1.0,0.0,0.0,0.0
1077,1.466649359212327,0.6815327349054066,-1.3336038079872161,-1.2391362229545047,-0.027422058404156683,North-Eve,0.9359873810820604,1.28482891391945,1.4668301534503447,1,2,1.0,0.0,0.0,0.0,0.0,0.0,1.0,1.0,0.0,0.0,1.0,0.0,0.0,1.0
1003,1.579734971973761,-0.23707022556844368,1.2300101809977648,1.1299014752337027,1.2346810480633041,East-David,-0.9938633294438809,-0.7354758854922951,1.5762409458042437,9,0,0.0,0.0,0.0,0.0,0.0,1.0,0.0,0.0,1.0,0.0,0.0,0.0,0.0,0.0
1070,0.2791362044255654,1.0348415658568875,0.43372234700936885,0.37359105549125005,1.5788909861907932,North-David,-0.6002767552543771,0.046265643698225827,0.27635622986488223,11,6,1.0,0.0,0.0,0.0,0.0,1.0,0.0,0.0,0.0,1.0,0.0,1.0,0.0,0.0
1072,-0.4863223387901802,-0.16640845937814752,-0.5733104110788916,-0.46112268213329866,-0.37163199653164597,North-Charlie,1.122497775697988,0.546693280146771,-0.48591523252928154,12,1,1.0,0.0,0.0,0.0,1.0,0.0,0.0,0.0,0.0,1.0,0.0,0.0,0.0,0.0
1027,1.0112844502937375,-1.5796437831840708,-1.0416685304187567,-1.0266162162885686,-0.027422058404156683,West-Bob,0.14016241972086907,-1.0418418503151912,1.0114284971969854,2,1,0.0,0.0,1.0,1.0,0.0,0.0,0.0,0.0,1.0,0.0,0.0,0.0,1.0,0.0
1009,-0.8555507128183207,1.0348415658568875,0.22891181255552262,0.3542986091149759,1.5788909861907932,West-David,1.263976192906646,1.9786860394235217,-0.8568311785911231,5,6,0.0,0.0,1.0,0.0,0.0,1.0,0.0,0.0,0.0,1.0,1.0,0.0,1.0,1.0
1062,0.2337360755865747,-1.0850114198519978,0.3281875889286893,0.23003608183425334,-0.8305785807016316,North-Charlie,-0.9839350194643252,-0.9820785445587753,0.2352180140262983,7,2,1.0,0.0,0.0,0.0,1.0,0.0,0.0,1.0,0.0,0.0,1.0,0.0,1.0,0.0
1037,-0.48125093563840265,-0.02508492699755517,-0.9883719251911979,-0.948769750165232,1.005207755978311,East-Charlie,0.3877319207110594,0.22188926960880206,-0.48238364844346704,1,0,0.0,0.0,0.0,0.0,1.0,0.0,0.0,0.0,1.0,0.0,1.0,0.0,1.0,1.0
1097,0.5557754474533024,1.6707974615695529,1.2624905561947002,1.1186939524941062,-0.9453152267441279,West-Eve,-1.4330492130394794,-0.7325060976047639,0.5577415046182822,10,0,0.0,0.0,1.0,0.0,0.0,0.0,1.0,1.0,0.0,0.0,0.0,1.0,0.0,1.0
1051,-0.8924387568107379,-1.2263349522325901,-1.4170521931879458,-1.3648014527667867,0.5462611718083257,North-Eve,0.5103465489585648,-0.7143381996740195,-0.8928848151546779,12,1,1.0,0.0,0.0,0.0,0.0,0.0,1.0,0.0,0.0,0.0,0.0,0.0,1.0,0.0
1044,-1.0622516864625686,-1.0143496536617016,-0.467585131570813,-0.3750926097831244,-0.8305785807016316,North-Charlie,0.9254917391036743,-0.41676398315182034,-1.0617829600734736,10,6,1.0,0.0,0.0,0.0,1.0,0.0,0.0,0.0,0.0,0.0,0.0,1.0,0.0,0.0
1024,1.4659991793210734,-1.4383202508034785,0.6651282614582728,0.6950636904502334,1.3494176941058007,North-Eve,0.30837635737447255,-0.919742402761185,1.4622977696341533,12,4,1.0,0.0,0.0,0.0,0.0,0.0,1.0,0.0,0.0,1.0,1.0,0.0,1.0,1.0
1079,-1.3746578524810482,1.3881503968083682,-0.7539035552055853,-0.832521658956787,0.20205123368083638,North-David,-0.7991266208448937,-0.03079998443508608,-1.3747843423504673,8,6,1.0,0.0,0.0,0.0,0.0,1.0,0.0,0.0,0.0,0.0,0.0,1.0,0.0,1.0
1059,0.03153012940672267,0.8228562672859988,1.179599622577841,1.0177769065426558,-1.0600518727866246,North-Alice,-1.6153046176641737,-1.0198588040833898,0.0332136591206711,5,6,1.0,0.0,0.0,0.0,0.0,0.0,0.0,1.0,0.0,0.0,1.0,1.0,0.0,1.0
1032,-0.9604475734358584,1.3881503968083682,0.8729024625605466,0.7418392381860595,-0.9453152267441279,North-David,-1.3091580877946047,-0.6255661675533636,-0.9598187720767113,4,4,1.0,0.0,0.0,0.0,0.0,1.0,0.0,0.0,0.0,0.0,0.0,1.0,0.0,1.0
1096,-1.5934170272436254,0.893518033476295,1.0445904940436312,1.0870238898091955,-0.027422058404156683,West-Charlie,0.43822446860708464,1.0069883498330583,-1.5934831762410613,7,5,0.0,0.0,1.0,0.0,1.0,0.0,0.0,1.0,0.0,0.0,1.0,0.0,1.0,0.0
1088,-1.6035457756035858,0.2575621377636295,-1.2953513391750093,-1.1425964547522935,1.5788909861907932,East-Charlie,1.5228214173736179,1.3011903134012877,-1.6038377526991219,4,4,0.0,0.0,0.0,0.0,1.0,0.0,0.0,0.0,0.0,1.0,0.0,1.0,0.0,1.0
1052,-1.1192109594222777,-1.4383202508034785,-1.2204623055089052,-1.3191959986000004,0.8904711099358149,North-David,-1.0065573829177386,-1.090119280887794,-1.1197554994270293,4,4,1.0,0.0,0.0,0.0,0.0,1.0,0.0,0.0,0.0,1.0,1.0,0.0,0.0,1.0
1062,1.2869220648403548,-1.155673186042294,-0.7107539800743099,-0.6275015291430086,-0.027422058404156683,South-Eve,0.8298962973005298,-0.5800655621652008,1.2870883553278103,11,6,0.0,1.0,0.0,0.0,0.0,0.0,1.0,1.0,0.0,0.0,0.0,0.0,0.0,1.0
1058,-0.7460287887581359,1.6001356953792567,0.09820705701069594,0.22598304688125456,-0.6011052886166387,West-Eve,1.2865985563600613,2.6410222479431527,-0.7455167564445813,6,1,0.0,0.0,1.0,0.0,0.0,0.0,1.0,0.0,0.0,0.0,0.0,0.0,1.0,1.0
1052,1.5781042505167788,-1.650305549374367,0.9013607187346158,0.908915912083329,0.08731458763833985,West-Charlie,0.08576946433287846,-1.0948128689229075,1.577959298138862,12,4,0.0,0.0,1.0,0.0,1.0,0.0,0.0,0.0,0.0,1.0,1.0,0.0,0.0,0.0
1012,0.2947932391041306,-1.7209673155646632,1.2105346573080964,1.269008683577061,0.7757344638933183,North-Bob,0.6014033347710588,-1.1301930399691102,0.29343601981376705,11,0,1.0,0.0,0.0,1.0,0.0,0.0,0.0,0.0,1.0,0.0,1.0,0.0,0.0,0.0
1039,-0.2097393275368218,1.0348415658568875,0.7487883371338903,0.8581014269073844,1.005207755978311,West-Eve,1.1078889767280715,1.8168914072342592,-0.21109487700862273,5,5,0.0,0.0,1.0,0.0,0.0,0.0,1.0,0.0,0.0,1.0,0.0,0.0,0.0,0.0
1002,0.28945824950995275,0.3282239039539257,1.5321066013608333,1.4491114593754464,-0.6011052886166387,North-David,-0.8184159088051739,-0.4329618237710434,0.2905724073777427,10,4,1.0,0.0,0.0,0.0,0.0,1.0,0.0,0.0,0.0,0.0,1.0,0.0,1.0,1.0
1003,0.0688996579672577,-1.0143496536617016,0.8689720760767985,0.7992020180947622,0.7757344638933183,East-Eve,-0.6925391215643835,-0.8779926247730466,0.0676825852002348,11,4,0.0,0.0,0.0,0.0,0.0,0.0,1.0,0.0,1.0,0.0,0.0,0.0,1.0,1.0
1056,0.9111708049842866,0.18690037157333333,-0.6416158709759883,-0.8120873140372331,0.5462611718083257,East-David,-1.7220339499443886,-1.1392457473539848,0.9099670630985727,5,6,0.0,0.0,0.0,0.0,0.0,1.0,0.0,0.0,0.0,0.0,1.0,0.0,0.0,0.0
1081,-0.7459690424978587,1.317488630618072,-0.7854807177096667,-0.6233709578691699,1.5788909861907932,West-Charlie,1.622459099668437,2.7045345433595642,-0.7473943223820596,4,6,0.0,0.0,1.0,0.0,1.0,0.0,0.0,1.0,0.0,0.0,0.0,0.0,1.0,0.0
1059,-0.5004857169618115,-0.9436878874714054,0.7203441936581468,0.8651008420523023,1.4641543401482973,West-Eve,1.4641734719943884,-0.17874724550274385,-0.5021088545706215,4,6,0.0,0.0,1.0,0.0,0.0,0.0,1.0,0.0,1.0,0.0,1.0,1.0,0.0,1.0
1002,1.3819889083993186,0.9641797996665912,-1.037702862189194,-0.9438920107087535,1.005207755978311,South-David,0.9325833890890691,1.5644888406349586,1.3793269859995736,10,5,0.0,1.0,0.0,0.0,0.0,1.0,0.0,0.0,0.0,0.0,0.0,0.0,0.0,0.0
1002,1.5641763429003586,0.045576839192741,-1.387535484639438,-1.530108888797617,0.7757344638933183,West-Charlie,-1.4494309245057477,-0.9593640777952662,1.5620315862754288,2,0,0.0,0.0,1.0,0.0,1.0,0.0,0.0,0.0,1.0,0.0,0.0,0.0,1.0,1.0
1092,1.3766468898333433,-0.8730261212811092,0.14761561384948427,0.1306415672738434,-0.8305785807016316,South-Bob,-0.1691753526421231,-0.6445334823969062,1.3790223637243255,1,6,0.0,1.0,0.0,1.0,0.0,0.0,0.0,0.0,0.0,0.0,0.0,0.0,1.0,1.0
1054,-0.26946450089878227,-1.2263349522325901,1.1585293639773524,1.0210968708258956,1.1199444020208076,East-David,-1.3701462776690136,-1.1041890185529573,-0.27092072387792576,10,0,0.0,0.0,0.0,0.0,0.0,1.0,0.0,0.0,1.0,0.0,1.0,0.0,0.0,1.0
1087,0.9862894265824121,0.18690037157333333,-1.3572708030796605,-1.5216926736082594,-0.2568953504891494,East-Bob,-1.668917491553769,-1.1007046634571964,0.9869823878299464,10,1,0.0,0.0,0.0,1.0,0.0,0.0,0.0,0.0,0.0,0.0,0.0,0.0,1.0,1.0
1096,-0.07153568405760899,0.3282239039539257,1.0546105098549823,1.0949184970219932,-0.8305785807016316,North-Bob,0.416949518650892,0.5274411155986695,-0.07029240915672853,8,2,1.0,0.0,0.0,1.0,0.0,0.0,0.0,1.0,0.0,0.0,1.0,0.0,0.0,1.0
1097,0.002240403927225497,-1.155673186042294,1.1233534634001803,1.2826268810191368,-0.37163199653164597,East-Alice,1.6145873681846477,-0.3970542213363975,0.002833737395363461,9,6,0.0,0.0,0.0,0.0,0.0,0.0,0.0,0.0,1.0,0.0,1.0,0.0,1.0,1.0
1001,-1.0167180071594286,0.9641797996665912,-0.02684556285462908,0.11364701549700842,1.1199444020208076,South-Eve,1.4131845085993875,2.050209043628133,-1.017486096026664,9,3,0.0,1.0,0.0,0.0,0.0,0.0,1.0,0.0,1.0,0.0,1.0,1.0,0.0,0.0
1019,0.32787509486829025,0.3988856701442218,-1.5111980037196673,-1.4403006829956042,-1.2895251648716173,West-David,0.6969278600743458,0.8096830670555013,0.33026871199196384,10,6,0.0,0.0,1.0,0.0,0.0,1.0,0.0,0.0,1.0,0.0,0.0,0.0,0.0,0.0
1002,-1.0812369392871721,-0.30773199175873983,-1.101555765764486,-1.2383749572589846,-0.1421587044466529,North-Bob,-1.3884427346313384,-0.970969406080991,-1.081193370278063,4,1,1.0,0.0,0.0,1.0,0.0,0.0,0.0,0.0,1.0,0.0,1.0,1.0,0.0,0.0
1053,-0.5752423465123743,1.5294739291889605,0.7595845513531629,0.6820798810877573,-0.027422058404156683,South-Alice,-0.7715401024017023,0.054421533948746645,-0.5752263301845647,12,1,0.0,1.0,0.0,0.0,0.0,0.0,0.0,1.0,0.0,0.0,1.0,0.0,0.0,1.0
1044,1.2460731952401383,0.6108709687151104,0.7747839274500995,0.7131155556930681,-1.6337351029991065,West-Charlie,-0.6120488942301342,-0.1498910515609469,1.250456982177616,4,3,0.0,0.0,1.0,0.0,1.0,0.0,0.0,0.0,1.0,0.0,1.0,0.0,1.0,0.0
1090,-1.0083816466077886,0.3988856701442218,1.4264801107410352,1.5171460565343056,-1.0600518727866246,North-David,0.9276192340992897,0.9950062848413005,-1.0077194386026838,7,5,1.0,0.0,0.0,0.0,0.0,1.0,0.0,0.0,0.0,1.0,0.0,1.0,0.0,1.0
1032,-1.4812838401607304,-0.02508492699755517,0.32388321593930625,0.4292409875850335,1.1199444020208076,East-Bob,1.0634952478194881,0.6596848881150201,-1.481624117590165,11,3,0.0,0.0,0.0,1.0,0.0,0.0,0.0,1.0,0.0,0.0,1.0,0.0,1.0,1.0
1070,-1.488766180638994,-0.9436878874714054,-1.2778868749967742,-1.314882159658722,1.1199444020208076,South-Eve,-0.38603800919554887,-0.7541068939104539,-1.489099567697655,1,6,0.0,1.0,0.0,0.0,0.0,0.0,1.0,0.0,0.0,1.0,1.0,0.0,0.0,1.0
1032,1.544442504579339,-1.7209673155646632,-1.287292988430951,-1.3129578491506024,-0.7158419346591353,West-Alice,-0.27214611043008125,-1.1528303216513838,1.5466177928516207,11,2,0.0,0.0,1.0,0.0,0.0,0.0,0.0,0.0,1.0,0.0,1.0,0.0,0.0,1.0
1068,0.03487943446815332,-0.23707022556844368,0.8074618804235968,0.6505860373138469,1.2346810480633041,North-Bob,-1.5695634752583647,-1.0636889037848185,0.03296277181039414,2,4,1.0,0.0,0.0,1.0,0.0,0.0,0.0,0.0,0.0,0.0,1.0,0.0,0.0,0.0
1055,-0.3043844327879454,1.0348415658568875,-1.0694423207240227,-1.1398051472020545,0.8904711099358149,North-Eve,-0.7194873915088896,-0.07730399587930636,-0.30551611055495337,5,0,1.0,0.0,0.0,0.0,0.0,0.0,1.0,0.0,0.0,1.0,0.0,0.0,0.0,0.0
1075,1.092455016609369,0.8228562672859988,-0.564362960340305,-0.579266888824103,-0.2568953504891494,East-Bob,-0.1560558001691403,0.37930272956795374,1.0931778120085995,11,6,0.0,0.0,0.0,1.0,0.0,0.0,0.0,0.0,1.0,0.0,0.0,0.0,0.0,0.0
1056,1.1792557893346665,1.5294739291889605,-0.009599845500445032,-0.14056638551151515,0.7757344638933183,West-David,-1.3177389842769347,-0.6108293302575243,1.1773498410772567,5,2,0.0,0.0,1.0,0.0,0.0,1.0,0.0,0.0,0.0,1.0,1.0,1.0,0.0,1.0
1017,-0.5730633652552002,-1.7209673155646632,-1.6248757887343601,-1.6379548623295845,1.5788909861907932,East-David,-0.14917689968330655,-1.1496436804403867,-0.5747171430435892,7,4,0.0,0.0,0.0,0.0,0.0,1.0,0.0,0.0,1.0,0.0,1.0,0.0,0.0,0.0
1038,0.6844653776048213,-1.7209673155646632,-0.8422843284711985,-0.7180780493969813,-0.1421587044466529,East-David,1.2405028314549842,-1.1136313268240667,0.6848282861677908,11,3,0.0,0.0,0.0,0.0,0.0,1.0,0.0,0.0,1.0,0.0,1.0,0.0,1.0,0.0
1024,0.9541318806096017,1.1761650982374796,-0.2866673953826247,-0.25695545184876006,-0.9453152267441279,West-Alice,0.29582413690032094,1.0835044936975742,0.9564492742506076,4,3,0.0,0.0,1.0,0.0,0.0,0.0,0.0,0.0,1.0,0.0,1.0,1.0,0.0,0.0
1069,0.5488835406060151,1.1761650982374796,-0.734639721990805,-0.8779649917254532,1.4641543401482973,West-David,-1.4499273400047255,-0.8165606510699257,0.5459787460510052,6,5,0.0,0.0,1.0,0.0,0.0,1.0,0.0,0.0,0.0,0.0,0.0,0.0,1.0,1.0
1098,-1.2014182990780162,-0.30773199175873983,-1.2350548355778304,-1.3389043216062346,0.3167878797233326,West-Eve,-1.0581845948114255,-0.791243944424773,-1.2016218601114816,10,2,0.0,0.0,1.0,0.0,0.0,0.0,1.0,0.0,0.0,1.0,0.0,0.0,0.0,0.0
1070,1.3186262421322366,-0.7317025889005169,0.8314887493233502,0.823118448695675,-1.4042618109141138,South-Bob,-0.07521099033561997,-0.5237369925237517,1.3225001150731752,3,5,0.0,1.0,0.0,1.0,0.0,0.0,0.0,1.0,0.0,0.0,0.0,0.0,1.0,1.0
1086,0.14682635379841869,-0.5903790565199245,1.1288574157472602,1.0811170319124772,0.20205123368083638,West-Charlie,-0.4680883995265847,-0.6076739306270282,0.14651786708954537,9,4,0.0,0.0,1.0,0.0,1.0,0.0,0.0,1.0,0.0,0.0,0.0,1.0,0.0,0.0
1011,-0.746049875673528,-0.23707022556844368,-0.8120337596097468,-0.8586373015669791,-0.027422058404156683,North-Eve,-0.4776621270068709,-0.4411838726626218,-0.7460476432832426,1,2,1.0,0.0,0.0,0.0,0.0,0.0,1.0,1.0,0.0,0.0,1.0,1.0,0.0,1.0
1016,-0.24935461258660502,0.893518033476295,0.9935872022940224,1.0039401976509408,1.2346810480633041,East-Eve,0.11491614577285884,0.688614591657995,-0.25098106013768345,3,4,0.0,0.0,0.0,0.0,0.0,0.0,1.0,1.0,0.0,0.0,1.0,1.0,0.0,0.0
1097,-1.5981475252632322,0.6815327349054066,-0.36468239172790384,-0.3338291895833769,0.08731458763833985,South-David,0.30646161187841725,0.7138522754818838,-1.5982306688795138,3,3,0.0,1.0,0.0,0.0,0.0,1.0,0.0,0.0,1.0,0.0,0.0,0.0,1.0,0.0
1073,-1.2839770873236214,1.3881503968083682,0.058416304080972044,0.1621988498557139,-0.8305785807016316,West-Alice,1.0447732918580424,2.119438548276041,-1.2836817073616005,10,5,0.0,0.0,1.0,0.0,0.0,0.0,0.0,0.0,0.0,1.0,0.0,1.0,0.0,0.0
1059,0.9347284039630568,-0.6610408227102207,1.2785437505403505,1.2235512532955142,0.5462611718083257,South-Bob,-0.539430398379676,-0.6716438233107651,0.9335147656976561,7,5,0.0,1.0,0.0,1.0,0.0,0.0,0.0,0.0,0.0,1.0,1.0,0.0,1.0,1.0
1070,-1.728826654433397,-1.2263349522325901,0.9081277575818593,1.0139705780650574,0.08731458763833985,West-Alice,1.074700054796414,-0.5973403184416559,-1.7289072550789963,12,2,0.0,0.0,1.0,0.0,0.0,0.0,0.0,0.0,0.0,0.0,1.0,0.0,0.0,0.0
1080,-0.2794948436535802,1.5294739291889605,1.1008084278246404,1.0451965690942482,-0.9453152267441279,South-Bob,-0.5475857958628794,0.32718993555397163,-0.2782654657441146,1,1,0.0,1.0,0.0,1.0,0.0,0.0,0.0,0.0,0.0,1.0,1.0,0.0,0.0,0.0
1093,0.0891220098281922,-0.5903790565199245,-1.2333965935245434,-1.3843053618362609,0.20205123368083638,East-Bob,-1.5316231478364934,-1.076203913385101,0.08882042559532365,5,0,0.0,0.0,0.0,1.0,0.0,0.0,0.0,0.0,0.0,1.0,1.0,0.0,1.0,1.0
1003,-1.538777314977037,-0.5903790565199245,-1.467857907160993,-1.4462498334309624,1.1199444020208076,East-Alice,0.20150519209454912,-0.3126909275462976,-1.539064647561246,12,5,0.0,0.0,0.0,0.0,0.0,0.0,0.0,0.0,0.0,1.0,1.0,1.0,0.0,1.0
1020,1.6568006187597482,0.045576839192741,1.409184998942711,1.4393418829496096,-1.6337351029991065,North-Eve,0.31865924985329613,0.23191781694929187,1.6617934795362221,9,4,1.0,0.0,0.0,0.0,0.0,0.0,1.0,0.0,0.0,0.0,0.0,0.0,1.0,1.0
1059,-0.9421019570448126,-0.8730261212811092,-0.3567157735229636,-0.20493562932157589,0.4315245257658291,North-Bob,1.5231759998728864,-0.07440771759295686,-0.9424448309440864,6,2,1.0,0.0,0.0,1.0,0.0,0.0,0.0,1.0,0.0,0.0,0.0,0.0,1.0,1.0
1036,-0.6704567984790822,-0.5903790565199245,-0.7058498174060782,-0.6256970474943692,-0.6011052886166387,West-Alice,0.7987639538646387,-0.049574336575537996,-0.6699008217945698,7,5,0.0,0.0,1.0,0.0,0.0,0.0,0.0,0.0,0.0,1.0,1.0,0.0,1.0,0.0
1019,-0.6713494778973438,0.893518033476295,0.8199092803469933,0.9646363317415123,-0.7158419346591353,East-Bob,1.464953553492783,2.0180467553734283,-0.6706845808994707,6,3,0.0,0.0,0.0,1.0,0.0,0.0,0.0,0.0,0.0,0.0,1.0,0.0,0.0,0.0
1090,-0.9271724209472718,-0.5903790565199245,1.21013244540581,1.3511830861545562,-0.37163199653164597,South-Charlie,1.432190130560252,0.2294754604502077,-0.9269333550882152,1,2,0.0,1.0,0.0,0.0,1.0,0.0,0.0,0.0,0.0,0.0,0.0,0.0,1.0,1.0
1067,-1.7237411933380247,1.6001356953792567,1.3012016877024966,1.3372335971598004,-0.6011052886166387,South-Eve,0.37659803023399224,1.5090920051884278,-1.7237976911960062,6,3,0.0,1.0,0.0,0.0,0.0,0.0,1.0,0.0,1.0,0.0,1.0,0.0,0.0,0.0
1019,0.808769229354803,-0.802364355090813,-0.60763249340735,-0.5960781729334981,1.1199444020208076,South-David,0.10966832478366378,-0.501233865863626,0.8063200777320584,7,0,0.0,1.0,0.0,0.0,0.0,1.0,0.0,0.0,0.0,0.0,0.0,0.0,1.0,1.0
1020,1.6351162407649682,1.3881503968083682,1.2653060395107063,1.2851009945295755,-0.8305785807016316,North-Bob,0.21285183207118039,1.1493047754505998,1.637693787753206,12,6,1.0,0.0,0.0,1.0,0.0,0.0,0.0,1.0,0.0,0.0,0.0,0.0,0.0,0.0
1096,-0.9484737199790972,-1.3676584846131823,-1.5684038263834859,-1.400193258852016,0.7757344638933183,South-Charlie,1.6753628085594956,-0.6526856971673699,-0.9490596046391329,6,5,0.0,1.0,0.0,0.0,1.0,0.0,0.0,0.0,0.0,1.0,0.0,0.0,1.0,1.0
1071,0.5780994618816405,0.6815327349054066,-1.5379203979996574,-1.440603779522524,-1.4042618109141138,North-David,0.9624392355275897,1.3088206100033992,0.5810235364028319,6,0,1.0,0.0,0.0,0.0,0.0,1.0,0.0,0.0,0.0,0.0,0.0,0.0,1.0,0.0
1052,0.8524402311316491,1.4588121629986643,0.46650614522031014,0.33132671187702273,1.5788909861907932,North-David,-1.3549701467002693,-0.6675824178457704,0.8489026251811008,10,3,1.0,0.0,0.0,0.0,0.0,1.0,0.0,1.0,0.0,0.0,1.0,1.0,0.0,1.0
1033,1.2230919719487499,-0.802364355090813,-1.4909533379712405,-1.3918686774963787,0.4315245257658291,West-Bob,0.9807356924899117,-0.1852124149262084,1.2220563776471678,3,5,0.0,0.0,1.0,1.0,0.0,0.0,0.0,0.0,0.0,0.0,1.0,1.0,0.0,1.0
1040,-0.2583973848038775,1.5294739291889605,-0.5775512769258084,-0.6894107569555099,0.6609978178508219,South-Alice,-1.1316540886601314,-0.384184527910437,-0.2592605993964665,5,1,0.0,1.0,0.0,0.0,0.0,0.0,0.0,0.0,0.0,0.0,0.0,0.0,1.0,0.0
1039,-0.6748674782819104,-1.2263349522325901,0.6384834870190745,0.6209248702143358,-0.7158419346591353,South-Bob,-0.16974268464095432,-0.855329614730361,-0.6742049793237117,6,5,0.0,1.0,0.0,1.0,0.0,0.0,0.0,0.0,0.0,0.0,1.0,0.0,1.0,0.0
1082,-0.5970567604854052,-0.7317025889005169,-0.5333432494200945,-0.6314558815058475,-0.37163199653164597,East-Charlie,-0.9928704984459247,-0.8804423322322505,-0.5966918632598965,6,0,0.0,0.0,0.0,0.0,1.0,0.0,0.0,0.0,0.0,0.0,1.0,0.0,1.0,0.0
1001,0.7505834008164587,0.11623860538303717,-1.0840560198404365,-1.0160924229236517,-0.9453152267441279,West-David,0.6720361686256047,0.5339467153027828,0.7527212717997676,2,5,0.0,0.0,1.0,0.0,0.0,1.0,0.0,0.0,0.0,0.0,1.0,0.0,1.0,1.0
1011,1.1129866432293862,-0.8730261212811092,-0.7286488815514831,-0.5962332455751781,1.4641543401482973,East-Bob,1.32432613428237,-0.14139701714501327,1.1093928760799954,12,6,0.0,0.0,0.0,1.0,0.0,0.0,0.0,1.0,0.0,0.0,1.0,1.0,0.0,0.0
1092,-1.0969712926555077,1.6707974615695529,-0.11311648772052843,-0.1840854077720619,-0.027422058404156683,West-Alice,-0.7152324015176508,0.17897252670199054,-1.096997379150879,3,5,0.0,0.0,1.0,0.0,0.0,0.0,0.0,0.0,0.0,1.0,0.0,0.0,0.0,1.0
1057,-0.4382371427246073,0.3988856701442218,-0.05090771350019749,-0.19390432549297915,0.4315245257658291,South-Bob,-1.4392189485267768,-0.9063654930871085,-0.4387412203997698,12,2,0.0,1.0,0.0,1.0,0.0,0.0,0.0,0.0,0.0,1.0,1.0,0.0,1.0,0.0
1089,1.4092894348601697,0.6815327349054066,1.0235555171889572,0.9541689284281155,0.7757344638933183,North-Eve,-0.6870076345757727,-0.18721922703832275,1.4072407715441493,6,0,1.0,0.0,0.0,0.0,0.0,0.0,1.0,0.0,0.0,1.0,0.0,1.0,0.0,0.0
1050,1.0778945015311885,-1.3676584846131823,0.9088263361489889,0.9686964154509513,-0.4863686425741423,North-Alice,0.6121826427488581,-0.817994088292866,1.0791824866309072,5,6,1.0,0.0,0.0,0.0,0.0,0.0,0.0,0.0,0.0,1.0,0.0,0.0,1.0,1.0
1023,1.697790067795911,-1.4383202508034785,-0.11576261865662463,-0.17346998057342514,0.7757344638933183,North-Charlie,-0.5818384652923437,-1.035088155707109,1.6955624159469538,4,4,1.0,0.0,0.0,0.0,1.0,0.0,0.0,1.0,0.0,0.0,1.0,0.0,1.0,1.0
1031,0.8954188791864577,-0.23707022556844368,1.2424434682228354,1.1657796455132923,0.5462611718083257,North-David,-0.7578532179298819,-0.6009239114990036,0.894221754572675,12,4,1.0,0.0,0.0,0.0,0.0,1.0,0.0,0.0,1.0,0.0,0.0,0.0,0.0,0.0
1094,-0.36080950389105704,1.6707974615695529,-1.3123641970068172,-1.4186328056990505,0.6609978178508219,North-Bob,-1.0833599522595827,-0.2884731894387317,-0.36161943845672156,3,5,1.0,0.0,0.0,1.0,0.0,0.0,0.0,0.0,1.0,0.0,1.0,0.0,1.0,1.0
1042,0.3261600257497407,-0.16640845937814752,-0.8194570389291419,-0.8181210495498713,-0.027422058404156683,East-Alice,0.004570072000088639,-0.11961979779650357,0.32624878403479596,7,5,0.0,0.0,0.0,0.0,0.0,0.0,0.0,1.0,0.0,0.0,1.0,0.0,1.0,1.0
1099,0.5710248017676222,-0.02508492699755517,1.1806510186031163,1.1033065171855903,-0.4863686425741423,West-Eve,-0.765370366914405,-0.5251520523463978,0.5720688143206742,12,1,0.0,0.0,1.0,0.0,0.0,0.0,1.0,1.0,0.0,0.0,0.0,0.0,0.0,0.0
1007,-1.4558951940287543,0.6108709687151104,-0.39108725029556257,-0.3095603211604643,-0.9453152267441279,South-Alice,0.8159966633291525,1.1083323614949052,-1.4557033601855964,2,5,0.0,1.0,0.0,0.0,0.0,0.0,0.0,0.0,0.0,0.0,1.0,0.0,0.0,1.0
1016,0.16562182438449424,0.045576839192741,1.7157833700717247,1.5690178551762506,1.1199444020208076,East-Eve,-1.4580118209880781,-0.9651456079277907,0.16376493718692461,11,3,0.0,0.0,0.0,0.0,0.0,0.0,1.0,0.0,0.0,0.0,0.0,0.0,0.0,0.0
1090,0.739101575385511,1.5294739291889605,-0.08280946806577336,-0.02474826844591003,0.3167878797233326,West-Charlie,0.5832487108084411,1.7045062534757147,0.7384715341341411,9,3,0.0,0.0,1.0,0.0,1.0,0.0,0.0,0.0,0.0,0.0,0.0,0.0,0.0,0.0
1060,-1.1467012681216573,-1.4383202508034785,1.0547657495365665,0.9642979914323921,-0.2568953504891494,North-David,-0.8987643031397153,-1.0761524566642777,-1.1466077098250786,8,5,1.0,0.0,0.0,0.0,0.0,1.0,0.0,0.0,0.0,1.0,1.0,1.0,0.0,1.0
1002,0.9872137363737618,0.045576839192741,-0.30616408811978163,-0.3082210574368646,1.4641543401482973,West-Charlie,-0.024009277441058918,0.0010388615744451855,0.9837735831391607,5,6,0.0,0.0,1.0,0.0,1.0,0.0,0.0,0.0,0.0,0.0,1.0,1.0,0.0,0.0
1001,0.3022755795823943,-0.378393757949036,-0.22706241400341245,-0.29938896561754746,-1.6337351029991065,West-Bob,-0.7301248664869859,-0.6403140312893817,0.30525979492059124,8,3,0.0,0.0,1.0,1.0,0.0,0.0,0.0,0.0,1.0,0.0,1.0,1.0,0.0,1.0
1048,1.5842370284099543,-1.3676584846131823,-0.37401088532128834,-0.29535002817742867,1.2346810480633041,North-Alice,0.7873463973881495,-0.7907587810570087,1.5807384054484532,7,6,1.0,0.0,0.0,0.0,0.0,0.0,0.0,0.0,0.0,1.0,0.0,0.0,1.0,0.0
1012,-1.581267449491931,-1.3676584846131823,0.8002714606265781,0.9545284150065553,1.6936276322332897,North-Eve,1.5606199117957795,-0.6705264773728832,-1.5816071713424704,11,1,1.0,0.0,0.0,0.0,0.0,0.0,1.0,0.0,0.0,0.0,1.0,0.0,0.0,1.0
1069,-0.8057082738034139,-0.5197172903296283,0.20103923336197593,0.34619253920897836,1.3494176941058007,North-Eve,1.462542392497747,0.32726712063520585,-0.8068626427428475,2,2,1.0,0.0,0.0,0.0,0.0,0.0,1.0,0.0,0.0,1.0,0.0,0.0,0.0,1.0
1037,0.3641410748566435,-1.5089820169937747,1.585135065320201,1.613558947120597,1.005207755978311,South-Alice,0.30312853638528076,-0.9747974185622522,0.36231452675289116,6,2,0.0,1.0,0.0,0.0,0.0,0.0,0.0,0.0,1.0,0.0,0.0,1.0,0.0,1.0
1032,-0.6970368553307068,-0.5903790565199245,-0.8350445142300392,-0.845745126038223,-0.4863686425741423,North-Alice,-0.11669714275019186,-0.4528718992496704,-0.6966032012819348,10,3,1.0,0.0,0.0,0.0,0.0,0.0,0.0,0.0,0.0,0.0,1.0,0.0,1.0,1.0
1009,0.7568567581455808,-0.802364355090813,-1.3601215681414813,-1.247404414258622,-0.9453152267441279,South-Bob,1.119306533204559,-0.134939198681666,0.7590001620111866,11,2,0.0,1.0,0.0,1.0,0.0,0.0,0.0,0.0,1.0,0.0,1.0,0.0,1.0,1.0
1099,0.9119685932832841,-0.802364355090813,-0.33776241967135173,-0.27276581254367516,0.7757344638933183,North-Charlie,0.650264803170438,-0.30510657444492195,0.9102284725410763,10,4,1.0,0.0,0.0,0.0,1.0,0.0,0.0,0.0,1.0,0.0,1.0,0.0,1.0,0.0
1019,-1.3721801399224873,-0.8730261212811092,0.4427333048904218,0.3342801408253819,-0.7158419346591353,South-Eve,-1.0863384452534506,-0.9535108758015957,-1.3719929630919998,5,2,0.0,1.0,0.0,0.0,0.0,0.0,1.0,0.0,1.0,0.0,0.0,1.0,0.0,0.0
1048,0.05900638016250764,-1.296996718422886,1.29529552345313,1.4060576550399393,-1.174788518829121,West-Bob,1.1283838451858665,-0.661971797535979,0.06089948554996174,1,3,0.0,0.0,1.0,1.0,0.0,0.0,0.0,0.0,0.0,0.0,1.0,0.0,1.0,1.0
1080,0.04173619645645427,1.317488630618072,-0.5021541861199739,-0.5248645866201995,1.005207755978311,East-Charlie,-0.2339221170087952,0.5878476303653792,0.040174254455345754,1,2,0.0,0.0,0.0,0.0,1.0,0.0,0.0,1.0,0.0,0.0,0.0,0.0,1.0,0.0
1003,-0.4440149575420172,-0.7317025889005169,0.5722243683792255,0.4654997907123826,-0.7158419346591353,West-Bob,-1.067545572792146,-0.9094694359967815,-0.443195098310039,9,3,0.0,0.0,1.0,1.0,0.0,0.0,0.0,0.0,0.0,0.0,1.0,0.0,1.0,1.0
1020,1.5170962898018043,-0.4490555241393322,-0.48817555842822297,-0.5617013877756285,1.3494176941058007,West-Eve,-0.7450173314563179,-0.6752457937684083,1.5133375899817316,3,6,0.0,0.0,1.0,0.0,0.0,0.0,1.0,0.0,1.0,0.0,1.0,0.0,0.0,1.0
1024,1.1503069689873395,1.2468268644277758,0.44450444853031534,0.36504796268597267,1.1199444020208076,North-Alice,-0.7945879648542377,-0.07736464130027622,1.1475433005812328,6,5,1.0,0.0,0.0,0.0,0.0,0.0,0.0,0.0,0.0,0.0,0.0,1.0,0.0,0.0
1054,0.6969593749745855,1.5294739291889605,1.3791602332544726,1.3856233101203856,1.1199444020208076,South-Alice,0.07995431134485222,1.0915115270057132,0.6946131873047725,7,3,0.0,1.0,0.0,0.0,0.0,0.0,0.0,0.0,1.0,0.0,0.0,0.0,0.0,0.0
1033,0.75651585301341,1.317488630618072,-0.9032723542863439,-0.9927328440814988,0.8904711099358149,East-Charlie,-0.9098272771169318,-0.18283437932815233,0.7546197246554823,4,6,0.0,0.0,0.0,0.0,1.0,0.0,0.0,1.0,0.0,0.0,1.0,0.0,0.0,1.0
1024,-0.12240083846902823,0.6815327349054066,-0.2994041056217012,-0.42778206417210857,1.2346810480633041,North-David,-1.294832954824104,-0.7385136697609079,-0.12415691124791042,4,0,1.0,0.0,0.0,0.0,0.0,1.0,0.0,0.0,0.0,1.0,1.0,1.0,0.0,1.0
1075,1.4755866968526394,-0.5903790565199245,1.7579873944151678,1.6274379485509531,1.005207755978311,North-Charlie,-1.2944074558249774,-0.9717008266126945,1.472847956303797,8,3,1.0,0.0,0.0,0.0,1.0,0.0,0.0,1.0,0.0,0.0,1.0,0.0,0.0,1.0
1072,0.6878638854688331,0.6815327349054066,1.3223989605879178,1.3510562085386362,0.3167878797233326,North-David,0.30263212088630503,0.7103789468263001,0.6872451050457846,6,3,1.0,0.0,0.0,0.0,0.0,1.0,0.0,1.0,0.0,0.0,1.0,0.0,1.0,1.0
1036,0.8075040144312824,-0.4490555241393322,0.2608488488669129,0.3429642087594594,-0.7158419346591353,West-Bob,0.8289743828024292,0.09973836533397336,0.8091769696894101,11,2,0.0,0.0,1.0,1.0,0.0,0.0,0.0,0.0,0.0,1.0,1.0,0.0,1.0,1.0
1038,1.269247715255954,-0.378393757949036,0.09314765466087994,0.03272024280939282,1.3494176941058007,South-Bob,-0.606942906240647,-0.5764709426676741,1.2657669035141663,5,4,0.0,1.0,0.0,1.0,0.0,0.0,0.0,0.0,0.0,0.0,0.0,0.0,1.0,1.0
1084,-0.7752798548927481,0.7521945010957027,-0.7173022720975026,-0.8759419986271738,1.1199444020208076,South-Eve,-1.603816144687829,-1.0138016129464518,-0.7762702803928648,9,3,0.0,1.0,0.0,0.0,0.0,0.0,1.0,0.0,0.0,1.0,0.0,0.0,1.0,0.0
1099,1.0792054047713915,0.6815327349054066,0.0951798832198019,-0.03236092540110755,-0.1421587044466529,East-David,-1.2821389013502444,-0.727000228476654,1.0796397048157902,2,4,0.0,0.0,0.0,0.0,0.0,1.0,0.0,0.0,0.0,0.0,0.0,1.0,0.0,1.0
1089,-1.0495608778824792,0.469547436334518,1.2512286229306746,1.394427206913943,-1.6337351029991065,South-Eve,1.4542451620148327,1.5022703141992502,-1.0485813210445283,12,0,0.0,1.0,0.0,0.0,0.0,0.0,1.0,0.0,0.0,0.0,0.0,0.0,0.0,1.0
1099,-0.5273047588545454,1.6001356953792567,0.6818588653235637,0.6802119606311577,0.4315245257658291,South-Alice,-0.0091877289715825,1.029221328708857,-0.5277803407196782,5,3,0.0,1.0,0.0,0.0,0.0,0.0,0.0,0.0,1.0,0.0,1.0,0.0,0.0,0.0
1025,-0.5611668304882097,1.317488630618072,-0.6982854111034246,-0.7122557765775431,-1.5189984569566104,North-David,-0.14811315218549703,0.6856889095311731,-0.5595835019183175,10,6,1.0,0.0,0.0,0.0,0.0,1.0,0.0,0.0,1.0,0.0,0.0,0.0,1.0,1.0
1093,1.6757542412112638,1.0348415658568875,-1.0076851528501187,-1.1648423300769268,1.4641543401482973,North-Charlie,-1.5920440057120704,-0.9817661287537746,1.671473132598562,9,5,1.0,0.0,0.0,0.0,1.0,0.0,0.0,0.0,0.0,1.0,0.0,0.0,1.0,1.0
1018,1.2513168082009507,-0.09574669318785134,-0.7850361677124026,-0.7039100489525857,1.5788909861907932,West-Alice,0.8076994328462381,0.4265161086635273,1.2472520798138031,1,0,0.0,0.0,1.0,0.0,0.0,0.0,0.0,1.0,0.0,0.0,0.0,0.0,0.0,0.0
1082,0.7107396741832619,-0.5903790565199245,-1.1184274966130356,-1.1062178227654647,-1.0600518727866246,North-Alice,0.1107320722814739,-0.35268015058626134,0.7130902714974953,6,6,1.0,0.0,0.0,0.0,0.0,0.0,0.0,0.0,0.0,1.0,1.0,1.0,0.0,1.0
1066,0.8008089187943201,-1.296996718422886,-1.3773178910515251,-1.4774194344086329,0.5462611718083257,North-Charlie,-1.0220171798859035,-1.0520523339185934,0.7996515391516196,3,1,1.0,0.0,0.0,0.0,1.0,0.0,0.0,0.0,0.0,0.0,0.0,0.0,0.0,0.0
1054,0.22677387902131396,1.2468268644277758,-0.24738469959263146,-0.380477859703283,-1.4042618109141138,North-Alice,-1.3417087612275755,-0.6870257073569263,0.2292473439328104,2,4,1.0,0.0,0.0,0.0,0.0,0.0,0.0,0.0,1.0,0.0,1.0,0.0,1.0,1.0
1035,1.566383440044722,-1.7209673155646632,-1.3156383430184135,-1.3531851021536703,0.7757344638933183,North-David,-0.39199499518328135,-1.155936102301087,1.5642373141157602,10,6,1.0,0.0,0.0,0.0,0.0,1.0,0.0,0.0,0.0,1.0,0.0,0.0,1.0,0.0
1080,-0.002215964192285376,0.6815327349054066,-1.1109054284053594,-0.9919433833602189,-0.6011052886166387,West-Eve,1.1848333790696226,1.5105309556314501,-0.0012714120183293395,6,1,0.0,0.0,1.0,0.0,0.0,0.0,1.0,0.0,0.0,1.0,1.0,1.0,0.0,0.0
1061,-0.4049163019193379,0.469547436334518,0.20036888019149834,0.32763316350246396,0.5462611718083257,North-Alice,1.282556315868384,1.3598969186407917,-0.4055671649771922,12,4,1.0,0.0,0.0,0.0,0.0,0.0,0.0,0.0,1.0,0.0,0.0,0.0,0.0,0.0
1041,-1.1616132317897045,0.7521945010957027,-1.1364494123751414,-1.098393703117067,-0.4863686425741423,East-David,0.370570127746401,0.8281211127705734,-1.1614031931626845,1,6,0.0,0.0,0.0,0.0,0.0,1.0,0.0,0.0,1.0,0.0,1.0,1.0,0.0,1.0
1100,1.006610184048509,-0.8730261212811092,-1.4882578125910042,-1.406755651097654,-1.2895251648716173,East-Bob,0.8038699418541247,-0.31673028013094107,1.0098063647138262,11,4,0.0,0.0,0.0,1.0,0.0,0.0,0.0,0.0,1.0,0.0,0.0,1.0,0.0,1.0
1033,0.8265103541712778,-1.3676584846131823,-0.6027777251832589,-0.7337333374502166,-0.37163199653164597,East-David,-1.3240505527639381,-1.1190489844307676,0.8274178775630913,11,3,0.0,0.0,0.0,0.0,0.0,1.0,0.0,0.0,0.0,0.0,1.0,0.0,1.0,0.0
1068,-0.3915682844761976,-0.802364355090813,-0.9418282461125563,-0.9090641051387239,-1.4042618109141138,East-Eve,0.3194393313516923,-0.42512937576569515,-0.38988790419771613,9,0,0.0,0.0,0.0,0.0,0.0,0.0,1.0,0.0,1.0,0.0,1.0,0.0,0.0,0.0
1033,-1.6412140354655074,0.8228562672859988,0.08852574595916544,0.14741055884459833,0.20205123368083638,North-David,0.5933897702875568,1.097888484907767,-1.6413086404276502,11,6,1.0,0.0,0.0,0.0,0.0,1.0,0.0,1.0,0.0,0.0,0.0,0.0,1.0,1.0
1014,1.1902877605705846,1.6001356953792567,-1.353820248338991,-1.4544193421449196,-1.6337351029991065,East-Charlie,-1.0267685853761188,-0.2365257920273966,1.1945888224526882,9,1,0.0,0.0,0.0,0.0,1.0,0.0,0.0,0.0,0.0,1.0,1.0,0.0,0.0,1.0
1021,-1.6891410796656403,-0.7317025889005169,0.9144784718284902,1.046112907431448,0.08731458763833985,North-Eve,1.3342544442619273,0.024139253744130448,-1.6892224525788064,11,4,1.0,0.0,0.0,0.0,0.0,0.0,1.0,0.0,1.0,0.0,1.0,0.0,1.0,1.0
1048,0.7195434613594248,1.5294739291889605,1.4539998724764358,1.3484058761171966,1.3494176941058007,West-Bob,-1.0466252053352276,-0.28062236403309027,0.7166789785960079,2,3,0.0,0.0,1.0,1.0,0.0,0.0,0.0,0.0,1.0,0.0,0.0,0.0,1.0,1.0
1020,1.6469881741306676,-1.5089820169937747,0.8853569188331061,0.8212928207777154,1.1199444020208076,East-Charlie,-0.6349549236829649,-1.0720359189983988,1.6437671197409036,9,2,0.0,0.0,0.0,0.0,1.0,0.0,0.0,0.0,0.0,0.0,0.0,0.0,0.0,1.0
1008,-0.206094805659903,1.0348415658568875,0.14972546224919814,0.1925155513041446,1.2346810480633041,South-David,0.4321256496196428,1.1164184176243106,-0.20776542332224132,8,6,0.0,1.0,0.0,0.0,0.0,1.0,0.0,0.0,0.0,0.0,1.0,0.0,0.0,0.0
1007,-0.9113150605724827,-0.6610408227102207,1.2948439171067032,1.342548359515559,1.4641543401482973,East-Eve,0.4939648374922985,-0.24317105997374378,-0.9124364279244034,8,3,0.0,0.0,0.0,0.0,0.0,0.0,1.0,0.0,0.0,1.0,0.0,0.0,1.0,1.0
1067,0.7236167505159808,0.18690037157333333,0.7158986936855051,0.7853089191515265,-1.4042618109141138,East-Bob,0.706076088555509,0.6225809169212322,0.7267274652701481,3,2,0.0,0.0,0.0,1.0,0.0,0.0,0.0,1.0,0.0,0.0,0.0,0.0,0.0,0.0
1017,1.1141991408644267,-0.6610408227102207,-1.674524261444688,-1.8054121690746143,-1.2895251648716173,North-Charlie,-1.3349716937414493,-1.001496105709522,1.1175225390194536,2,0,1.0,0.0,0.0,0.0,1.0,0.0,0.0,0.0,0.0,1.0,0.0,0.0,1.0,1.0
1033,0.1723485503945442,-1.5089820169937747,-0.3348622601653904,-0.21248484746881363,0.20205123368083638,East-Bob,1.2275960284815615,-0.8789703024686929,0.1720370107725371,4,4,0.0,0.0,0.0,1.0,0.0,0.0,0.0,0.0,1.0,0.0,1.0,0.0,0.0,0.0
1048,1.6357769641139175,1.3881503968083682,1.2609028776330424,1.27220881900082,1.3494176941058007,South-David,0.12739744974715816,1.049653322355844,1.6318851993989807,4,6,0.0,1.0,0.0,0.0,0.0,1.0,0.0,1.0,0.0,0.0,1.0,0.0,1.0,0.0
1076,-1.5490958455755255,0.045576839192741,-0.503332596430182,-0.5113803155504835,1.5788909861907932,North-Bob,-0.08641579731254748,-0.04100863029845748,-1.5494597792146119,9,3,1.0,0.0,0.0,1.0,0.0,0.0,0.0,1.0,0.0,0.0,1.0,0.0,1.0,1.0
1059,0.027488470623254706,0.18690037157333333,-1.5883732945145583,-1.4191826087013704,-1.6337351029991065,North-Alice,1.6850074525396346,1.3328894911685822,0.03006520004798106,10,2,1.0,0.0,0.0,0.0,0.0,0.0,0.0,1.0,0.0,0.0,1.0,0.0,1.0,0.0
1086,0.7708760423953666,0.469547436334518,0.8949464973455188,0.9783250167479883,-0.4863686425741423,West-Charlie,0.8485473367621217,0.9999939112811214,0.7720162497222495,4,3,0.0,0.0,1.0,0.0,1.0,0.0,0.0,1.0,0.0,0.0,1.0,1.0,0.0,0.0
1022,1.2725513320007016,1.3881503968083682,1.0900545517003457,0.9582572071633141,-1.0600518727866246,West-Bob,-1.3141931592842395,-0.6314377469473328,1.2754536977011044,3,2,0.0,0.0,1.0,1.0,0.0,0.0,0.0,0.0,0.0,1.0,1.0,0.0,0.0,0.0
1030,-1.1051776172288972,-1.650305549374367,-1.150442152765218,-1.0592872023879587,0.8904711099358149,East-David,0.9046422881466083,-1.0523721006837108,-1.1057322692082387,3,6,0.0,0.0,0.0,0.0,0.0,1.0,0.0,0.0,0.0,0.0,1.0,0.0,1.0,0.0
1038,1.0546145469384127,0.3988856701442218,0.1654964026283318,0.026834531181994654,0.4315245257658291,West-David,-1.3932650566214075,-0.8694489713763186,1.0536328543904196,10,6,0.0,0.0,1.0,0.0,0.0,1.0,0.0,0.0,0.0,0.0,0.0,1.0,0.0,1.0
1051,0.19418756576886603,-1.5796437831840708,-1.0408993883599984,-1.201672082475916,-1.2895251648716173,West-Bob,-1.6287787526364244,-1.1793636121960067,0.1964231054061419,4,6,0.0,0.0,1.0,1.0,0.0,0.0,0.0,0.0,1.0,0.0,1.0,0.0,1.0,0.0
1054,-0.3491238382779866,-1.2263349522325901,0.8008289122104489,0.7679971733348914,-0.027422058404156683,West-David,-0.3216458273281503,-0.886821127874333,-0.3490895744911458,10,6,0.0,0.0,1.0,0.0,0.0,1.0,0.0,0.0,0.0,0.0,1.0,1.0,0.0,1.0
1008,-1.270586896049697,-0.09574669318785134,-0.7628862876899866,-0.5902770463833799,0.6609978178508219,North-Eve,1.7283374339504067,0.9990970941467691,-1.2709235178435776,6,2,1.0,0.0,0.0,0.0,0.0,0.0,1.0,0.0,0.0,0.0,0.0,0.0,1.0,0.0
1027,1.2817909154282996,-0.7317025889005169,-0.6068774640469172,-0.7172040035984216,0.8904711099358149,North-Eve,-1.1165488741912377,-0.9285176114016178,1.2795162907713014,7,5,1.0,0.0,0.0,0.0,0.0,0.0,1.0,0.0,0.0,0.0,0.0,0.0,1.0,1.0
1027,-1.1816633738416045,1.2468268644277758,1.2400160841107895,1.2996284815524115,-1.6337351029991065,North-Eve,0.6131754737468159,1.4913173836239701,-1.1808797137705784,8,4,1.0,0.0,0.0,0.0,0.0,0.0,1.0,0.0,0.0,0.0,0.0,1.0,0.0,1.0
1098,-0.6510111480017533,0.3988856701442218,-0.04763356748860089,-0.1590764199229494,1.3494176941058007,West-Alice,-1.1217257786805772,-0.6513110676253709,-0.6523389635187354,11,1,0.0,0.0,1.0,0.0,0.0,0.0,0.0,0.0,1.0,0.0,1.0,1.0,0.0,1.0
1021,-0.7197017748912156,-1.155673186042294,0.6279977521629708,0.70627826194627,0.20205123368083638,North-Bob,0.7943671308736904,-0.5883519319578115,-0.7199066092716133,1,5,1.0,0.0,0.0,1.0,0.0,0.0,0.0,0.0,0.0,1.0,0.0,0.0,0.0,0.0
1030,1.3030781565165304,0.9641797996665912,-0.3059312285974052,-0.3024410771560665,1.005207755978311,West-Alice,0.03180200794401048,0.6541128603458485,1.300480998231448,11,6,0.0,0.0,1.0,0.0,0.0,0.0,0.0,1.0,0.0,0.0,1.0,0.0,0.0,1.0
1097,0.6116944325870061,1.3881503968083682,-0.670476339052344,-0.606277723502175,1.005207755978311,North-David,0.6386344971943855,1.6458253765966189,0.6096647109782173,9,2,1.0,0.0,0.0,0.0,0.0,1.0,0.0,0.0,0.0,0.0,1.0,1.0,0.0,1.0
1028,1.043058917303593,-1.650305549374367,0.4733508039083455,0.3715328186107709,-1.0600518727866246,North-Alice,-1.0192514363915965,-1.1520841991994433,1.0457358931290552,6,5,1.0,0.0,0.0,0.0,0.0,0.0,0.0,0.0,0.0,1.0,1.0,0.0,0.0,0.0
1064,-0.8574063613728172,-1.2263349522325901,-1.17048218438792,-1.0830697066165114,-1.4042618109141138,South-David,0.8667728772245918,-0.6404463485714985,-0.856323464238895,5,2,0.0,1.0,0.0,0.0,0.0,1.0,0.0,0.0,0.0,0.0,0.0,1.0,0.0,1.0
1097,0.44528001079918694,-1.296996718422886,-0.4085305454263088,-0.23559771983556665,0.7757344638933183,East-David,1.735429083935803,-0.5518544149737267,0.44382942808629666,3,6,0.0,0.0,0.0,0.0,0.0,1.0,0.0,0.0,0.0,0.0,0.0,0.0,0.0,0.0
1069,0.2604321104728553,1.317488630618072,-0.9812379561874824,-0.9216531841405601,-1.174788518829121,West-Charlie,0.588851114296904,1.5259918624988775,0.26254321524742175,5,5,0.0,0.0,1.0,0.0,1.0,0.0,0.0,1.0,0.0,0.0,1.0,0.0,1.0,0.0
1061,1.168831824159218,0.9641797996665912,0.7189611492222139,0.7172531757233468,1.1199444020208076,South-Eve,-0.009400478471142589,0.6124715090194456,1.1660510965025956,4,5,0.0,1.0,0.0,0.0,0.0,0.0,1.0,1.0,0.0,0.0,1.0,0.0,0.0,1.0
1048,1.4237163994742013,1.1761650982374796,1.5866380676919036,1.732408029455401,0.7757344638933183,North-David,1.483746425954081,2.3764317894688043,1.4216587855323024,2,6,1.0,0.0,0.0,0.0,0.0,1.0,0.0,1.0,0.0,0.0,1.0,0.0,1.0,0.0
1019,-1.686571990473714,-0.6610408227102207,1.7658340546843385,1.5980305366832819,1.1199444020208076,West-Charlie,-1.6691302410533275,-1.140047002006806,-1.6867232212438588,10,3,0.0,0.0,1.0,0.0,1.0,0.0,0.0,0.0,0.0,0.0,0.0,0.0,1.0,0.0
1004,0.6162773221988689,0.6815327349054066,-0.13861107724617006,-0.05773644858509991,-0.7158419346591353,North-Eve,0.8121671723370403,1.1725246207222015,0.6178199280696599,7,4,1.0,0.0,0.0,0.0,0.0,0.0,1.0,0.0,0.0,0.0,1.0,0.0,0.0,0.0
1035,-1.5485159554022454,0.3282239039539257,-0.8293147587097457,-0.692836452585349,-0.7158419346591353,East-David,1.364110290700445,1.2637867905827045,-1.5484489776153383,3,3,0.0,0.0,0.0,0.0,0.0,1.0,0.0,0.0,0.0,0.0,0.0,1.0,0.0,1.0
1064,0.18079737449494157,-1.0850114198519978,-0.16462078026070479,-0.3145226456942228,0.5462611718083257,South-David,-1.5099226988811814,-1.1183837225401216,0.17990045728977552,1,0,0.0,1.0,0.0,0.0,0.0,1.0,0.0,1.0,0.0,0.0,1.0,0.0,1.0,0.0
1049,-0.7280978817031328,0.893518033476295,1.2480391531090331,1.2307621311336319,-1.6337351029991065,East-Alice,-0.16031079016038075,0.41758836760065143,-0.7266416225804886,10,0,0.0,0.0,0.0,0.0,0.0,0.0,0.0,0.0,1.0,0.0,0.0,0.0,1.0,0.0
1017,-0.661487830465682,-0.5197172903296283,-0.9918224799318672,-1.091429531754349,0.7757344638933183,South-Alice,-1.0128689514047422,-0.827399641763387,-0.6622517638974476,7,6,0.0,1.0,0.0,0.0,0.0,0.0,0.0,0.0,0.0,1.0,1.0,0.0,0.0,0.0
1044,-0.5008055351785903,-1.4383202508034785,1.6141860548239557,1.63673525829531,1.1199444020208076,North-Eve,0.2443387580063443,-0.9280397989939713,-0.5020487198034962,1,2,1.0,0.0,0.0,0.0,0.0,0.0,1.0,0.0,1.0,0.0,0.0,1.0,0.0,1.0
1092,0.43282115828840967,0.2575621377636295,-0.5172759423761183,-0.4637518682854179,-0.37163199653164597,East-David,0.5328979959121252,0.5572529343557608,0.4335786177620009,8,1,0.0,0.0,0.0,0.0,0.0,1.0,0.0,0.0,0.0,0.0,0.0,1.0,0.0,0.0
1030,-0.5665967112016513,0.9641797996665912,1.7319282969564922,1.6632103874839423,0.8904711099358149,East-Bob,-0.6726115851054133,-0.05780373642723014,-0.5675394472425968,7,4,0.0,0.0,0.0,1.0,0.0,0.0,0.0,0.0,0.0,0.0,0.0,0.0,0.0,1.0
1093,0.8204408370242787,0.6108709687151104,1.2177885842475813,1.2039698079052004,-1.174788518829121,North-Alice,-0.1258453712313498,0.27849350025466457,0.8231580290101352,4,5,1.0,0.0,0.0,0.0,0.0,0.0,0.0,0.0,1.0,0.0,0.0,1.0,0.0,0.0
1046,-0.3213804865939031,1.2468268644277758,1.1128677285440765,1.0367733051484507,-0.6011052886166387,East-Eve,-0.7535273114387924,-0.03161042778805356,-0.32062152545859934,1,4,0.0,0.0,0.0,0.0,0.0,0.0,1.0,0.0,0.0,0.0,0.0,0.0,0.0,1.0
1006,-1.491043567501331,1.3881503968083682,-0.6009712997975505,-0.6441224968285235,1.5788909861907932,West-David,-0.44064371408310116,0.387239928754975,-1.4914842182504904,9,0,0.0,0.0,1.0,0.0,0.0,1.0,0.0,0.0,0.0,1.0,0.0,0.0,0.0,1.0
1099,0.998098099201936,-0.16640845937814752,-1.6807197360097348,-1.7951914722366173,1.6936276322332897,South-David,-1.1698780820814194,-0.819620488218894,0.9940913553667562,10,4,0.0,1.0,0.0,0.0,0.0,1.0,0.0,0.0,0.0,0.0,1.0,0.0,0.0,1.0
1037,-0.7346172530451616,-1.4383202508034785,-0.3766287908607329,-0.24174423545124468,-0.027422058404156683,South-Bob,1.352976400223373,-0.7843928495951319,-0.7346140980576298,9,2,0.0,1.0,0.0,1.0,0.0,0.0,0.0,0.0,0.0,1.0,1.0,0.0,1.0,0.0
1024,-0.2231260043248472,0.3282239039539257,-0.6571892335785597,-0.8244014915379094,1.4641543401482973,South-Eve,-1.6894123600115656,-1.1100955150074825,-0.22508789780985008,8,3,0.0,1.0,0.0,0.0,0.0,0.0,1.0,0.0,1.0,0.0,1.0,0.0,1.0,0.0
1093,0.6560226432269031,-1.3676584846131823,-1.5807524374186015,-1.4456577378900024,0.08731458763833985,West-David,1.3420552592458619,-0.7045099659967343,0.655895634238332,8,0,0.0,0.0,1.0,0.0,0.0,1.0,0.0,0.0,1.0,0.0,1.0,0.0,1.0,0.0
1046,-0.5721390554638505,1.4588121629986643,0.05380850807758304,0.07982003334145844,-0.7158419346591353,South-Alice,0.26228063246939554,1.2602620052062947,-0.5714065318306439,2,2,0.0,1.0,0.0,0.0,0.0,0.0,0.0,0.0,0.0,0.0,0.0,0.0,0.0,1.0
1053,-1.531987328220811,1.317488630618072,-0.30363791511945515,-0.3601421973738889,-0.8305785807016316,North-Bob,-0.5717683223130803,0.20262791636055705,-1.5318858443526533,12,3,1.0,0.0,0.0,1.0,0.0,0.0,0.0,0.0,0.0,1.0,1.0,0.0,1.0,0.0
1095,-0.4278694093235373,-1.5089820169937747,0.5050549806973597,0.5828686341947874,1.4641543401482973,East-Eve,0.7883392283861073,-0.9245021494373569,-0.4295812375380809,12,4,0.0,0.0,0.0,0.0,0.0,0.0,1.0,0.0,0.0,0.0,0.0,0.0,1.0,0.0
1099,1.5571895449338073,0.2575621377636295,0.4583560619371337,0.46185558363290363,-1.174788518829121,West-Bob,0.04017015492678037,0.18696302034986467,1.5607041065830762,12,5,0.0,0.0,1.0,1.0,0.0,0.0,0.0,1.0,0.0,0.0,0.0,0.0,1.0,1.0
1060,0.5039438094197499,-0.16640845937814752,-1.2896215836547156,-1.28722988814461,0.20205123368083638,South-Alice,0.010101558988697686,-0.11632289218374195,0.5035926050487619,10,5,0.0,1.0,0.0,0.0,0.0,0.0,0.0,1.0,0.0,0.0,0.0,0.0,0.0,0.0
1097,0.6074348756778207,-1.3676584846131823,1.7010567693687033,1.5658882073168914,0.20205123368083638,North-Eve,-1.3414960117280121,-1.1217614887141767,0.6070712919164368,3,2,1.0,0.0,0.0,0.0,0.0,0.0,1.0,1.0,0.0,0.0,1.0,0.0,0.0,0.0
1063,0.47105525038001667,0.469547436334518,-1.0584485287281882,-1.0941574004966281,0.7757344638933183,East-Bob,-0.3707200452270911,-0.011086547139601822,0.46958867646366975,7,4,0.0,0.0,0.0,1.0,0.0,0.0,0.0,1.0,0.0,0.0,0.0,0.0,0.0,1.0
1085,-1.036508077254827,1.1761650982374796,-0.15608259777356778,-0.24403508129424398,-0.027422058404156683,East-Charlie,-0.8865666651648316,-0.20340236573731021,-1.0365292844501597,6,2,0.0,0.0,0.0,0.0,1.0,0.0,0.0,0.0,0.0,0.0,1.0,0.0,1.0,1.0
1032,-0.2733409788450128,-0.5197172903296283,-0.00643860107545542,-0.17239152083810563,-0.8305785807016316,West-Alice,-1.669697573052162,-1.1337803085065188,-0.2722554766967361,4,6,0.0,0.0,1.0,0.0,0.0,0.0,0.0,1.0,0.0,0.0,1.0,1.0,0.0,0.0
1087,0.8839054233824218,-0.7317025889005169,1.1285610490824174,1.0803416687040772,-1.174788518829121,West-Alice,-0.47291072151665636,-0.6783276837977293,0.8866913019303581,2,1,0.0,0.0,1.0,0.0,0.0,0.0,0.0,0.0,0.0,1.0,1.0,0.0,1.0,1.0
1033,-1.3761585379597792,1.0348415658568875,-1.3647787585890108,-1.503669003391185,0.4315245257658291,West-Alice,-1.4121288455825627,-0.7952722705692398,-1.3763625421507422,8,3,0.0,0.0,1.0,0.0,0.0,0.0,0.0,0.0,1.0,0.0,1.0,0.0,1.0,0.0
1067,-0.7621251341740346,0.469547436334518,-0.21417046408275178,-0.29661175558018826,0.7757344638933183,North-Charlie,-0.8317482107777168,-0.3933952809378424,-0.762826631266697,5,0,1.0,0.0,0.0,0.0,1.0,0.0,0.0,0.0,1.0,0.0,1.0,0.0,0.0,0.0
1018,-0.7674601237682123,-1.155673186042294,0.48391415860524173,0.34396513217393915,0.20205123368083638,North-Charlie,-1.4027678676018398,-1.100783686278461,-0.7676592453922652,8,5,1.0,0.0,0.0,0.0,1.0,0.0,0.0,1.0,0.0,0.0,0.0,0.0,0.0,0.0
1025,-0.22572672388986156,0.8228562672859988,-0.9598642745729881,-1.095348640334988,0.7757344638933183,West-David,-1.3734793531621516,-0.7879911445727167,-0.22676100765113283,7,4,0.0,0.0,1.0,0.0,0.0,1.0,0.0,1.0,0.0,0.0,0.0,0.0,1.0,0.0
1095,1.6821681779763324,-1.0850114198519978,0.4803013078338248,0.37714362873700896,-1.2895251648716173,South-Bob,-1.032654654863998,-0.9947038185608224,1.6861631654586755,4,1,0.0,1.0,0.0,1.0,0.0,0.0,0.0,1.0,0.0,0.0,1.0,0.0,1.0,0.0
1054,-1.4940027646280094,-0.378393757949036,1.5148820530541378,1.6872114031621352,1.2346810480633041,East-David,1.7501797159054304,0.645185119282976,-1.4943583732350287,7,4,0.0,0.0,0.0,0.0,0.0,1.0,0.0,0.0,0.0,0.0,0.0,1.0,0.0,1.0
1058,0.07586888350431592,-1.3676584846131823,1.7728410094031215,1.6003072850134008,0.20205123368083638,East-Bob,-1.7166442959554888,-1.1800913572476535,0.0755688845834039,1,5,0.0,0.0,0.0,1.0,0.0,0.0,0.0,0.0,1.0,0.0,1.0,1.0,0.0,1.0
1067,-1.104798052751841,1.6001356953792567,-1.5980334365186004,-1.547103440574452,-1.2895251648716173,North-Charlie,0.49509950148996174,1.656493457467345,-1.10409848571295,1,0,1.0,0.0,0.0,0.0,1.0,0.0,0.0,1.0,0.0,0.0,0.0,0.0,0.0,0.0
1046,1.6484466857786153,-1.5796437831840708,-0.8884963591391826,-1.0101362237318536,-0.1421587044466529,East-Charlie,-1.2334192659505732,-1.1486274102041232,1.648983937070785,2,3,0.0,0.0,0.0,0.0,1.0,0.0,0.0,0.0,0.0,1.0,0.0,1.0,0.0,1.0
1024,-1.3346489450106138,1.1761650982374796,-0.6275102289993048,-0.48023890959857285,1.1199444020208076,South-David,1.4748818634723386,2.3667836543144047,-1.33512425623046,8,4,0.0,1.0,0.0,0.0,0.0,1.0,0.0,1.0,0.0,0.0,0.0,1.0,0.0,1.0
1032,-0.32460327016298135,-1.0143496536617016,-0.31727783805138565,-0.4559770899321001,1.3494176941058007,East-Eve,-1.3988674601098705,-1.0793354223952154,-0.3262970545304035,10,6,0.0,0.0,0.0,0.0,0.0,0.0,1.0,0.0,1.0,0.0,0.0,0.0,0.0,0.0
1047,0.8384842076280392,1.2468268644277758,-0.8652033505523731,-0.705785018165625,-0.8305785807016316,North-David,1.594517998725976,2.584835184283969,0.8404389422722662,12,0,1.0,0.0,0.0,0.0,0.0,1.0,0.0,1.0,0.0,0.0,0.0,1.0,0.0,1.0
1086,0.7225167164296977,-0.5903790565199245,-1.0006146909888696,-0.9599138340968687,0.6609978178508219,North-Bob,0.3986530616885697,-0.22583933375637733,0.7211431801077073,7,3,1.0,0.0,0.0,1.0,0.0,0.0,0.0,0.0,1.0,0.0,0.0,0.0,1.0,1.0
1023,-0.25805296518580784,0.469547436334518,1.6227736317552335,1.4500841877641661,-1.4042618109141138,South-David,-1.7198355384489161,-1.129843869363523,-0.2562013383803189,9,6,0.0,1.0,0.0,0.0,0.0,1.0,0.0,1.0,0.0,0.0,0.0,1.0,0.0,0.0
1066,-0.523192810353104,-1.5089820169937747,1.4969165880853352,1.6327033696116318,-1.6337351029991065,South-Alice,1.3823358311629166,-0.8629305074920012,-0.5214326944356847,10,3,0.0,1.0,0.0,0.0,0.0,0.0,0.0,0.0,0.0,1.0,0.0,0.0,0.0,0.0
1027,-0.3454406570561827,-1.5089820169937747,-1.547241835243879,-1.536762914876975,0.20205123368083638,East-Bob,0.08867704082689079,-0.9970267219579966,-0.3456902597886248,8,2,0.0,0.0,0.0,1.0,0.0,0.0,0.0,1.0,0.0,0.0,0.0,0.0,1.0,0.0
1002,-0.8093598246521297,-0.5903790565199245,-0.5279451423104583,-0.6080328638557345,0.6609978178508219,East-Bob,-0.811466091819482,-0.7589456634078904,-0.8099364003792102,1,2,0.0,0.0,0.0,1.0,0.0,0.0,0.0,0.0,0.0,1.0,0.0,1.0,0.0,0.0
1090,-1.0144441347829904,1.1055033320471834,-0.29623580484754886,-0.20228529690013652,1.005207755978311,North-Eve,0.9420152835696491,1.715883701997794,-1.0151392420062726,6,5,1.0,0.0,0.0,0.0,0.0,0.0,1.0,0.0,0.0,1.0,0.0,0.0,1.0,0.0
1017,-0.04821004114815084,-0.4490555241393322,-0.8765287909588649,-0.7269030924598588,-0.6011052886166387,South-Charlie,1.4958731474291107,0.42809840282884914,-0.047292234078725445,1,6,0.0,1.0,0.0,0.0,1.0,0.0,0.0,1.0,0.0,0.0,0.0,0.0,1.0,0.0
1033,-0.7945497810751436,-1.4383202508034785,0.48520547050205665,0.48036561804433825,-1.748471749041603,South-Bob,-0.04344039840104368,-0.9653275441907019,-0.793094964604047,4,2,0.0,1.0,0.0,1.0,0.0,0.0,0.0,0.0,0.0,1.0,0.0,1.0,0.0,0.0
1009,-0.7286918298200078,0.469547436334518,0.5253984353340673,0.46244063041742345,-0.1421587044466529,South-Charlie,-0.6277214406978606,-0.2242055828702322,-0.7285845005740252,4,5,0.0,1.0,0.0,0.0,1.0,0.0,0.0,0.0,0.0,0.0,1.0,1.0,0.0,1.0
1043,0.5562112437047375,-0.23707022556844368,1.2593434244680364,1.3590988396366737,-1.748471749041603,East-David,1.0172576899147034,0.4110864433766,0.5598044138387123,8,3,0.0,0.0,0.0,0.0,0.0,1.0,0.0,1.0,0.0,0.0,0.0,0.0,0.0,0.0
1048,1.6410030046452369,-1.3676584846131823,0.8763953553961937,0.9395498075715598,-1.4042618109141138,South-Alice,0.6448751491815334,-0.8129108993715181,1.6452903574869218,10,4,0.0,1.0,0.0,0.0,0.0,0.0,0.0,1.0,0.0,0.0,0.0,0.0,0.0,1.0
1039,0.3713914592655952,0.6815327349054066,0.18377234696030265,0.31916055826158657,-0.6011052886166387,North-Eve,1.3641102907004465,1.6731341934336559,0.3725532604910626,3,3,1.0,0.0,0.0,0.0,0.0,0.0,1.0,0.0,0.0,1.0,0.0,0.0,1.0,1.0
1093,-1.4610298579267078,-0.23707022556844368,0.5715257898120962,0.6387159314688904,-0.2568953504891494,North-Charlie,0.6821772281047205,0.22005336731942143,-1.461024630762922,11,2,1.0,0.0,0.0,0.0,1.0,0.0,0.0,0.0,0.0,1.0,0.0,0.0,0.0,0.0
1042,-1.4658868774386669,-1.7209673155646632,-0.7543692742503383,-0.8408250940431045,-0.8305785807016316,East-Bob,-0.8779857686825016,-1.1685301347226342,-1.4657337157883223,5,4,0.0,0.0,0.0,1.0,0.0,0.0,0.0,1.0,0.0,0.0,0.0,0.0,1.0,1.0
1026,1.5814570700641082,-0.378393757949036,0.36010345619259104,0.5101184189775693,0.20205123368083638,West-Charlie,1.51317677339348,0.5223505757172054,1.58097697575322,5,0,0.0,0.0,1.0,0.0,1.0,0.0,0.0,0.0,0.0,0.0,0.0,0.0,1.0,1.0
1099,-0.6944923675400714,-0.23707022556844368,-0.0025646653850104097,-0.137732785422636,-1.5189984569566104,East-Bob,-1.3599343016900456,-0.9441769941922219,-0.6930933957429171,12,3,0.0,0.0,0.0,1.0,0.0,0.0,0.0,0.0,0.0,1.0,1.0,0.0,0.0,1.0
1050,-1.4085374965442057,1.6001356953792567,-1.2456181902747265,-1.3231151071806393,-1.2895251648716173,West-Charlie,-0.7931696348571596,0.0540429595026906,-1.4081970831834327,2,5,0.0,0.0,1.0,0.0,1.0,0.0,0.0,0.0,0.0,1.0,1.0,0.0,0.0,0.0
1025,0.3554110918843526,-1.0143496536617016,-0.8642013489712381,-0.8549789969746203,0.6609978178508219,South-Bob,0.08342921983769654,-0.6567985593531899,0.35422854270074194,12,4,0.0,1.0,0.0,1.0,0.0,0.0,0.0,0.0,1.0,0.0,1.0,0.0,0.0,1.0
1024,0.44101693940410286,-0.8730261212811092,-0.6925274301864791,-0.6677640259282766,-1.2895251648716173,East-David,0.24164393101189127,-0.5061351185220628,0.44354433997422915,2,4,0.0,0.0,0.0,0.0,0.0,1.0,0.0,0.0,0.0,0.0,0.0,1.0,0.0,1.0
1013,0.5275014083985201,1.1761650982374796,1.51713302843711,1.3494067995316765,0.4315245257658291,North-Bob,-1.6710449865493877,-1.0572237343613535,0.5266883575691748,2,4,1.0,0.0,0.0,1.0,0.0,0.0,0.0,0.0,0.0,0.0,0.0,0.0,1.0,0.0
1060,-0.7984860052816515,-1.5796437831840708,-0.9066664582337098,-0.8074703785690344,-1.5189984569566104,South-Bob,0.9881819249745785,-0.9759147645001337,-0.7972308313784583,1,1,0.0,1.0,0.0,1.0,0.0,0.0,0.0,1.0,0.0,0.0,0.0,0.0,1.0,1.0
1007,-1.6762921192201106,-1.155673186042294,-0.7010797253719422,-0.7468087806464127,-0.37163199653164597,North-Alice,-0.4676629005274613,-0.8826917260282481,-1.676338597994526,6,2,1.0,0.0,0.0,0.0,0.0,0.0,0.0,0.0,0.0,0.0,1.0,0.0,1.0,1.0
1057,1.628747992316582,-0.9436878874714054,-0.42126725566538514,-0.45181832363250163,-1.174788518829121,South-Bob,-0.31193026684815633,-0.7310616339416516,1.6323400003658122,6,4,0.0,1.0,0.0,1.0,0.0,0.0,0.0,1.0,0.0,0.0,0.0,0.0,0.0,1.0
1036,-0.855926762809478,-0.16640845937814752,0.6070051134032742,0.7145182582246276,-1.4042618109141138,East-Alice,1.0882451062685203,0.5262778261600526,-0.8548419679448932,3,4,0.0,0.0,0.0,0.0,0.0,0.0,0.0,0.0,1.0,0.0,0.0,0.0,0.0,1.0
1045,0.6232570911936229,-0.802364355090813,-1.2983855693150663,-1.337367692702315,0.20205123368083638,West-Eve,-0.40624921165392813,-0.688407687859043,0.6228916148110702,3,1,0.0,0.0,1.0,0.0,0.0,0.0,1.0,0.0,0.0,0.0,1.0,0.0,0.0,1.0
1020,0.7297389849514602,0.5402092025248142,1.6206496706571933,1.4638363115786022,1.4641543401482973,South-Alice,-1.5601315807777847,-0.991318701426647,0.7266133009099022,4,3,0.0,1.0,0.0,0.0,0.0,0.0,0.0,0.0,0.0,1.0,1.0,0.0,0.0,0.0
1065,0.39355380734259415,-0.5197172903296283,1.3119696765251176,1.2001211868889614,-1.5189984569566104,West-David,-1.1110883037024826,-0.8732145006965802,0.39645728222165294,12,3,0.0,0.0,1.0,0.0,0.0,1.0,0.0,0.0,1.0,0.0,0.0,0.0,0.0,1.0
1008,-0.6401584155466671,1.6707974615695529,0.3047746224061099,0.4632230423822633,-0.2568953504891494,South-Alice,1.5974255752199908,3.115568991557517,-0.6399225109747989,12,4,0.0,1.0,0.0,0.0,0.0,0.0,0.0,1.0,0.0,0.0,0.0,1.0,0.0,0.0
1016,-0.7856335303502234,1.1055033320471834,0.6429642687375307,0.4952102991069734,0.6609978178508219,North-Eve,-1.479570436943683,-0.8570019581571245,-0.7862224497101717,1,4,1.0,0.0,0.0,0.0,0.0,0.0,1.0,0.0,1.0,0.0,0.0,0.0,0.0,1.0
1014,0.3506243620903671,-1.155673186042294,-1.6531858615760084,-1.700195381694766,-0.1421587044466529,North-David,-0.4908525959797082,-0.8881001949348021,0.350926893182041,11,3,1.0,0.0,0.0,0.0,0.0,1.0,0.0,1.0,0.0,0.0,0.0,0.0,1.0,0.0
1076,1.2845743882600444,-0.16640845937814752,-0.5274794232657053,-0.5244980512853197,1.005207755978311,South-Charlie,0.024284858959490615,-0.10786928804845555,1.2819924165007581,10,5,0.0,1.0,0.0,0.0,1.0,0.0,0.0,0.0,1.0,0.0,1.0,0.0,0.0,0.0
1087,1.5651393120365935,-1.0850114198519978,1.067777657392997,1.0656238652573615,-1.174788518829121,West-Charlie,-0.010109643469684815,-0.7297200837201826,1.5686624775735256,5,6,0.0,0.0,1.0,0.0,1.0,0.0,0.0,1.0,0.0,0.0,0.0,0.0,1.0,0.0
1015,-1.360385525246558,-0.4490555241393322,-1.4407403573278792,-1.6092029848108331,1.5788909861907932,East-Alice,-1.710474560468192,-1.1506066562157977,-1.3609988429046165,8,0,0.0,0.0,0.0,0.0,0.0,0.0,0.0,0.0,0.0,0.0,0.0,0.0,0.0,1.0
1092,-1.1901684297163806,1.5294739291889605,-0.7252900593499316,-0.7227936674553399,-0.37163199653164597,East-Alice,0.017264125473948053,1.0151571042637837,-1.1900296109861896,6,5,0.0,0.0,0.0,0.0,0.0,0.0,0.0,0.0,0.0,1.0,1.0,0.0,0.0,1.0
1098,1.558191173414927,-1.4383202508034785,0.33300001905780274,0.29381323010335414,-0.6011052886166387,North-Eve,-0.3906475816860548,-1.0103154201106608,1.56004308703122,4,5,1.0,0.0,0.0,0.0,0.0,0.0,1.0,1.0,0.0,0.0,0.0,0.0,1.0,1.0
1066,0.8337888544674189,1.5294739291889605,-0.8157595119677702,-0.6505157189196017,1.2346810480633041,East-Eve,1.653662359604182,3.0082321096597586,0.8310564711563605,9,0,0.0,0.0,0.0,0.0,0.0,0.0,1.0,0.0,1.0,0.0,0.0,0.0,1.0,1.0
1032,1.3433682228588577,-0.16640845937814752,1.5509047155308602,1.432828831999051,0.20205123368083638,North-Bob,-1.1711545790787925,-0.8203813125910706,1.3429166082505661,8,4,1.0,0.0,0.0,1.0,0.0,0.0,0.0,1.0,0.0,0.0,1.0,0.0,1.0,1.0
1087,-1.0238418700760283,0.3282239039539257,-1.2536059775271555,-1.301313303511726,-0.027422058404156683,East-Eve,-0.49354742297415904,-0.18040121152921293,-1.023862055125503,11,6,0.0,0.0,0.0,0.0,0.0,0.0,1.0,1.0,0.0,0.0,1.0,0.0,1.0,0.0
1063,0.31554276384986524,-0.02508492699755517,1.073832004974785,1.0461833949958474,0.7757344638933183,South-Bob,-0.2665437069416199,-0.20198546817463553,0.3141726713572646,6,3,0.0,1.0,0.0,1.0,0.0,0.0,0.0,1.0,0.0,0.0,0.0,1.0,0.0,0.0
1086,0.7106342396063018,0.18690037157333333,0.0628335786569618,0.026327020718314626,0.20205123368083638,North-David,-0.3666068882355617,-0.15575344225476434,0.7102583113473603,7,6,1.0,0.0,0.0,0.0,0.0,1.0,0.0,0.0,1.0,0.0,1.0,0.0,1.0,0.0
1051,0.6374731866537342,0.6108709687151104,0.9094472948753258,0.9670611039568713,-1.174788518829121,North-Alice,0.5894893627955875,0.9087611452610859,0.6399923560950987,5,1,1.0,0.0,0.0,0.0,0.0,0.0,0.0,0.0,0.0,1.0,1.0,0.0,0.0,1.0
1025,-0.308770511189483,1.3881503968083682,-0.6260848464683942,-0.72235664455606,0.5462611718083257,South-David,-0.9753541229819935,-0.2363052632238664,-0.30946176440981465,2,2,0.0,1.0,0.0,0.0,0.0,1.0,0.0,0.0,0.0,0.0,0.0,0.0,0.0,1.0
1058,-1.675304548682585,1.6001356953792567,0.08567498089734417,-0.009438369458234458,-1.2895251648716173,North-Eve,-0.9559939185218594,-0.1484906936585326,-1.675279571363901,3,6,1.0,0.0,0.0,0.0,0.0,0.0,1.0,0.0,0.0,1.0,1.0,1.0,0.0,0.0
1063,0.2993304403993106,1.5294739291889605,1.2814509663954747,1.3605508834633133,1.005207755978311,East-David,0.8096850948421522,1.9802977374293185,0.29755708407565407,5,2,0.0,0.0,0.0,0.0,0.0,1.0,0.0,1.0,0.0,0.0,0.0,0.0,1.0,1.0
1062,-0.8482405821490916,-0.02508492699755517,-0.08062199982526691,-0.07912237562405358,1.6936276322332897,East-David,0.01421471598022712,-0.020095148763771487,-0.849622430672696,11,0,0.0,0.0,0.0,0.0,0.0,1.0,0.0,0.0,1.0,0.0,0.0,0.0,0.0,1.0
1022,-0.16227970996121152,-1.0850114198519978,-0.45491898482336596,-0.4824169753385323,-0.4863686425741423,North-David,-0.28157800491065804,-0.800068772046,-0.16158866024908689,12,4,1.0,0.0,0.0,0.0,0.0,1.0,0.0,0.0,0.0,1.0,0.0,1.0,0.0,0.0
1058,1.6028813761023868,-0.802364355090813,0.16135432566969563,0.04824160449026814,-0.2568953504891494,East-Eve,-1.136263661150638,-0.9532554299375064,1.603747609101643,7,2,0.0,0.0,0.0,0.0,0.0,0.0,1.0,1.0,0.0,0.0,0.0,0.0,0.0,0.0
1058,-0.3404887464249599,1.1761650982374796,0.7942947328855819,0.686830742928316,-1.6337351029991065,West-David,-1.0725806442817778,-0.40585883381729854,-0.3384576959186999,11,4,0.0,0.0,1.0,0.0,0.0,1.0,0.0,0.0,0.0,0.0,1.0,1.0,0.0,1.0
1086,1.1930888058318232,1.4588121629986643,-0.16205932551456392,-0.3296210819886983,-1.748471749041603,North-Bob,-1.687568531015361,-1.0640564517906996,1.1976901998061336,6,4,1.0,0.0,0.0,1.0,0.0,0.0,0.0,0.0,0.0,0.0,0.0,1.0,0.0,1.0
1049,-1.0728724628483426,0.3282239039539257,1.568016362250949,1.4265272437416932,1.4641543401482973,South-Eve,-1.4065264420940982,-0.8901731656879756,-1.0737965105576843,10,3,0.0,1.0,0.0,0.0,0.0,0.0,1.0,0.0,0.0,0.0,0.0,0.0,1.0,0.0
1052,0.6108509559713255,1.1055033320471834,-0.6811667080341728,-0.6594887858677191,-1.2895251648716173,West-David,0.2107243370755634,0.9389019194834414,0.6135791750817047,10,0,0.0,0.0,1.0,0.0,0.0,1.0,0.0,1.0,0.0,0.0,0.0,1.0,0.0,1.0
1042,1.6704719689055665,-0.02508492699755517,-0.05063957223200633,0.08607932906017664,-0.2568953504891494,North-Eve,1.3749605151781013,0.8614687433442481,1.6713571958933495,1,6,1.0,0.0,0.0,0.0,0.0,0.0,1.0,0.0,1.0,0.0,0.0,0.0,0.0,0.0
1070,-1.3743485777219655,-0.802364355090813,0.9324862748922702,0.859285617989304,1.005207755978311,South-Charlie,-0.7263662919947245,-0.8045455067576429,-1.3747483019707627,5,0,0.0,1.0,0.0,0.0,1.0,0.0,0.0,0.0,0.0,1.0,1.0,0.0,0.0,0.0
1015,-1.6999200079168544,0.6815327349054066,0.6956469715879156,0.636721133396371,1.3494176941058007,East-Bob,-0.5853133737851897,-0.09498305496223254,-1.7000717857345593,9,6,0.0,0.0,0.0,1.0,0.0,0.0,0.0,0.0,0.0,0.0,1.0,0.0,1.0,0.0
1054,-0.22028629971872363,1.6001356953792567,1.3052238067253634,1.1723702327846899,0.08731458763833985,South-David,-1.322490389767154,-0.604367836314123,-0.22039625603817498,10,0,0.0,1.0,0.0,0.0,0.0,1.0,0.0,1.0,0.0,0.0,1.0,0.0,1.0,1.0
1060,-1.4065939858422425,0.6108709687151104,1.7703712871960984,1.731315472207202,0.20205123368083638,West-Charlie,-0.37376945472081047,0.06005236939886372,-1.4067166555764858,1,2,0.0,0.0,1.0,0.0,1.0,0.0,0.0,1.0,0.0,0.0,0.0,1.0,0.0,0.0
1097,0.875017288544691,-1.0850114198519978,-0.220408276742776,-0.37869452432396344,0.5462611718083257,East-Charlie,-1.594880665706228,-1.1403998480924535,0.8738287344939517,6,1,0.0,0.0,0.0,0.0,1.0,0.0,0.0,0.0,0.0,1.0,1.0,0.0,1.0,0.0
1008,1.4531572478473416,0.6815327349054066,-1.3231392421786008,-1.1761696816760034,1.5788909861907932,North-Eve,1.4643153049940978,1.764019626588131,1.448825783756803,4,6,1.0,0.0,0.0,0.0,0.0,0.0,1.0,0.0,0.0,0.0,1.0,0.0,0.0,1.0
1053,-0.21876101283870175,-1.0143496536617016,-1.605139180125664,-1.5423102861952533,0.3167878797233326,East-Charlie,0.6147356367436005,-0.5053467280494455,-0.21918053862422943,7,3,0.0,0.0,0.0,0.0,1.0,0.0,0.0,1.0,0.0,0.0,0.0,0.0,0.0,0.0
1060,-0.8287211274678906,-1.0143496536617016,0.8275230810937874,0.9974482929697026,0.20205123368083638,North-Bob,1.718550956970562,-0.19069806891399693,-0.8289129211755517,10,6,1.0,0.0,0.0,1.0,0.0,0.0,0.0,0.0,0.0,1.0,1.0,0.0,1.0,1.0
1005,-0.21743253716900543,-0.30773199175873983,1.3414581596769737,1.4735494979529191,-1.748471749041603,North-Bob,1.3434735892429406,0.5157310361312692,-0.2150641018195303,8,6,1.0,0.0,0.0,1.0,0.0,0.0,0.0,0.0,1.0,0.0,0.0,0.0,1.0,1.0
1068,0.7882516606783803,-0.30773199175873983,-0.9404522580257862,-0.9474516327109523,-1.5189984569566104,South-Alice,-0.08060064432452282,-0.2592457720109937,0.7917009066381827,8,1,0.0,1.0,0.0,0.0,0.0,0.0,0.0,0.0,1.0,0.0,1.0,0.0,1.0,1.0
1006,-1.6973649766685228,-0.23707022556844368,-1.1579359955762425,-1.1485738002134118,0.20205123368083638,South-Bob,0.08165630734134824,-0.12231024919956,-1.6974528649695337,11,0,0.0,1.0,0.0,1.0,0.0,0.0,0.0,0.0,1.0,0.0,1.0,1.0,0.0,0.0
1096,0.32204104827650193,1.3881503968083682,-1.4941004696979043,-1.5980518521227565,1.4641543401482973,South-Charlie,-1.0620140858035394,-0.33736258744112835,0.31941330991871775,4,5,0.0,1.0,0.0,0.0,1.0,0.0,0.0,0.0,0.0,0.0,1.0,1.0,0.0,0.0
1094,0.404982915485062,-1.296996718422886,1.162233947287887,1.1491868728535366,1.2346810480633041,West-Bob,-0.11868280474610429,-0.8881884064562142,0.40268836135955205,2,4,0.0,0.0,1.0,1.0,0.0,0.0,0.0,0.0,0.0,1.0,1.0,0.0,0.0,1.0
1047,0.48986477890968655,-0.5903790565199245,-0.6237562512446296,-0.48257204798021225,1.5788909861907932,West-Eve,1.4136809240983663,0.22132140793971466,0.48680632281855263,4,4,0.0,0.0,1.0,0.0,0.0,0.0,1.0,0.0,0.0,1.0,0.0,1.0,0.0,1.0
1099,-0.8867909779715787,-1.650305549374367,-0.3082951055669844,-0.46177821648221834,0.08731458763833985,South-Alice,-1.5475084438037807,-1.1794628501575948,-0.8868879643403791,6,3,0.0,1.0,0.0,0.0,0.0,0.0,0.0,1.0,0.0,0.0,0.0,1.0,0.0,1.0
1055,0.755563427334871,-0.9436878874714054,0.044670535911597614,0.17150320835651098,1.005207755978311,West-Charlie,1.2765284133807977,-0.237099166916573,0.7534156286852497,9,6,0.0,0.0,1.0,0.0,1.0,0.0,0.0,1.0,0.0,0.0,1.0,1.0,0.0,0.0
1040,-1.4108851731245158,1.1761650982374796,1.2207381381976834,1.165800791782612,1.1199444020208076,East-Alice,-0.539501314879525,0.17434142182787832,-1.4112902795896316,3,4,0.0,0.0,0.0,0.0,0.0,0.0,0.0,1.0,0.0,0.0,0.0,1.0,0.0,1.0
1052,-1.0355380791467945,-0.5197172903296283,0.5619079859030318,0.7006040130120719,0.4315245257658291,East-Charlie,1.4014832861234858,0.2987858256594094,-1.0358510595999315,11,2,0.0,0.0,0.0,0.0,1.0,0.0,0.0,0.0,0.0,1.0,1.0,0.0,0.0,1.0
1016,1.324147499479044,-1.0143496536617016,0.43697532397347655,0.5900936095457853,-0.6011052886166387,West-Eve,1.545231031327472,-0.2401038718646579,1.3258633189950002,10,0,0.0,0.0,1.0,0.0,0.0,0.0,1.0,1.0,0.0,0.0,1.0,0.0,1.0,1.0
1013,0.8414012309239333,-0.6610408227102207,-1.0977735626131593,-1.0362659638549254,-0.1421587044466529,West-Alice,0.6069348217596655,-0.19633074210413895,0.841792522428299,9,3,0.0,0.0,1.0,0.0,0.0,0.0,0.0,0.0,0.0,1.0,1.0,0.0,0.0,0.0
1030,-1.6810437041551096,1.6707974615695529,0.08113774838558466,0.1391564650533608,1.2346810480633041,East-David,0.5845961243056668,1.8294854396558071,-1.681208335971062,2,6,0.0,0.0,0.0,0.0,0.0,1.0,0.0,0.0,0.0,1.0,1.0,1.0,0.0,1.0
1019,-0.8646848616689582,-0.5197172903296283,0.7873724543567543,0.7715215515548902,-0.7158419346591353,North-Charlie,-0.15094981217965625,-0.42535358004928353,-0.8641517514448402,8,6,1.0,0.0,0.0,0.0,1.0,0.0,0.0,0.0,1.0,0.0,1.0,0.0,1.0,0.0
1017,-0.9828770224411564,0.6815327349054066,1.6881154250039025,1.80350178690922,1.4641543401482973,East-David,1.179160059081304,1.5053852835491004,-0.9839109869223991,5,6,0.0,0.0,0.0,0.0,0.0,1.0,0.0,1.0,0.0,0.0,1.0,0.0,1.0,0.0
1063,-0.7866421878031411,0.045576839192741,-1.0078897869758434,-0.8460552713215828,-0.9453152267441279,East-Alice,1.617282195179099,1.106887897831789,-0.7858600961576573,8,1,0.0,0.0,0.0,0.0,0.0,0.0,0.0,0.0,1.0,0.0,0.0,0.0,1.0,1.0
1019,-0.8675245662750818,-0.6610408227102207,-1.678045379676987,-1.5799154018026422,0.7757344638933183,West-David,0.9691053865138616,-0.04616532882098242,-0.8681606725589541,9,4,0.0,0.0,1.0,0.0,0.0,1.0,0.0,0.0,0.0,0.0,0.0,0.0,0.0,1.0
1092,-1.5113186366507454,-1.3676584846131823,-1.448361214423836,-1.4033722480064552,0.4315245257658291,East-David,0.4369479716097112,-0.8452404219688999,-1.5114793984527992,12,6,0.0,0.0,0.0,0.0,0.0,1.0,0.0,0.0,0.0,0.0,1.0,0.0,1.0,1.0
1058,-0.1320586457185672,1.317488630618072,-0.3985669804082611,-0.359937783437129,0.7757344638933183,West-Alice,0.3843279287180706,1.2927900037268556,-0.1331510420452228,12,6,0.0,0.0,1.0,0.0,0.0,0.0,0.0,0.0,0.0,0.0,0.0,0.0,0.0,0.0
1055,0.8205603295448335,1.2468268644277758,1.154697766381885,1.2754723932325385,-0.2568953504891494,West-Eve,1.2275960284815615,2.175971107060753,0.8212067183858072,7,3,0.0,0.0,1.0,0.0,0.0,0.0,1.0,0.0,0.0,1.0,1.0,0.0,0.0,0.0
1090,0.3821563295732147,1.5294739291889605,-1.6864353788317026,-1.6690751220121753,1.4641543401482973,South-David,0.1564022981874275,1.1846224633358065,0.3794551688550068,6,5,0.0,1.0,0.0,0.0,0.0,1.0,0.0,0.0,0.0,1.0,0.0,1.0,0.0,0.0
1090,0.6122813517320836,1.5294739291889605,-0.11606604167063021,-0.009678027177194487,0.4315245257658291,East-David,1.069097651307951,2.2962530297256727,0.611441176867488,3,1,0.0,0.0,0.0,0.0,0.0,1.0,0.0,0.0,0.0,1.0,0.0,1.0,0.0,1.0
1062,-1.4465220601370072,1.6001356953792567,-0.561413406390203,-0.55642891795851,-0.7158419346591353,North-Eve,0.04407056241874649,1.0954681812890337,-1.4463855583646945,7,3,1.0,0.0,0.0,0.0,0.0,0.0,1.0,1.0,0.0,0.0,0.0,0.0,1.0,0.0
1023,1.581692540619319,1.1761650982374796,-1.5280697345682166,-1.6762366585552129,0.4315245257658291,South-David,-1.5072278718867291,-0.8789261967079868,1.5805422175967336,10,0,0.0,1.0,0.0,0.0,0.0,1.0,0.0,0.0,1.0,0.0,1.0,0.0,1.0,1.0
1009,1.1885305176212506,-0.9436878874714054,-0.1387522042294284,-0.17737499164118392,-0.7158419346591353,West-David,-0.3900802496872236,-0.75536390809057,1.190463199022576,1,1,0.0,0.0,1.0,0.0,0.0,1.0,0.0,0.0,0.0,1.0,0.0,1.0,0.0,1.0
1012,1.072313497924104,-0.8730261212811092,-0.821566887328856,-0.8385553944694252,-0.7158419346591353,West-David,-0.1798128276202194,-0.6481170754542565,1.0741669601686326,5,1,0.0,0.0,1.0,0.0,0.0,1.0,0.0,0.0,1.0,0.0,1.0,0.0,0.0,1.0
1001,1.1345726156190044,-1.5089820169937747,-0.4822835068771822,-0.6042335841345756,-0.37163199653164597,North-Bob,-1.2321427689531999,-1.1339383541490482,1.1355975642043272,8,5,1.0,0.0,0.0,1.0,0.0,0.0,0.0,0.0,1.0,0.0,1.0,0.0,0.0,0.0
1058,1.5163477043053883,0.9641797996665912,0.7532620625031837,0.6164700561442571,1.2346810480633041,West-Eve,-1.368089699173252,-0.7606896786958022,1.5129183992445459,3,3,0.0,0.0,1.0,0.0,0.0,0.0,1.0,0.0,1.0,0.0,1.0,1.0,0.0,0.0
1001,0.16477483328291503,-1.650305549374367,0.11034397757092373,0.12379017601416528,-0.027422058404156683,East-David,0.13647476172846384,-1.092184900680851,0.1648505680003253,4,4,0.0,0.0,0.0,0.0,0.0,1.0,0.0,1.0,0.0,0.0,0.0,0.0,0.0,0.0
1034,-1.0320200787622282,0.045576839192741,-1.2760028297702737,-1.4166027638443313,0.5462611718083257,South-Eve,-1.4283687240491205,-0.9451730492881616,-1.0324074999861272,2,5,0.0,1.0,0.0,0.0,0.0,0.0,1.0,1.0,0.0,0.0,0.0,1.0,0.0,1.0
1096,0.4171324932367565,0.11623860538303717,1.6467369935125207,1.5782164823304474,-0.37163199653164597,West-Charlie,-0.6715478376076128,-0.40613449482171454,0.41788397260580357,1,2,0.0,0.0,1.0,0.0,1.0,0.0,0.0,0.0,0.0,0.0,0.0,1.0,0.0,0.0
1048,0.8558703693687486,0.11623860538303717,0.5097897909856812,0.5950347878102237,-0.8305785807016316,West-Charlie,0.8631561357320381,0.6676698685428067,0.8578386966325248,2,2,0.0,0.0,1.0,0.0,1.0,0.0,0.0,0.0,0.0,0.0,1.0,0.0,1.0,0.0
1089,0.8385966711767965,-0.7317025889005169,0.9637176762873685,1.124403445210504,1.5788909861907932,North-David,1.6270686721589438,0.13795968246564294,0.8350773597350615,10,2,1.0,0.0,0.0,0.0,0.0,1.0,0.0,0.0,1.0,0.0,1.0,0.0,1.0,1.0
1001,0.08543179963459101,-1.2263349522325901,-1.4346930660952537,-1.3565826027577492,0.3167878797233326,East-Eve,0.770326437423199,-0.6604409600914805,0.08494541948768519,5,3,0.0,0.0,0.0,0.0,0.0,0.0,1.0,0.0,0.0,0.0,0.0,1.0,0.0,1.0
1016,-1.4906780609678696,-1.296996718422886,-1.5470089757215026,-1.373880251061504,1.4641543401482973,West-Eve,1.7250752749571243,-0.5537325852837838,-1.4910918179067034,8,3,0.0,0.0,1.0,0.0,0.0,0.0,1.0,0.0,1.0,0.0,1.0,0.0,1.0,0.0
1061,-0.43763968012183385,1.5294739291889605,-1.6434480997311742,-1.5718586731917243,-1.0600518727866246,North-Eve,0.7024593470629544,1.849700579979316,-0.43641693306527773,4,1,1.0,0.0,0.0,0.0,0.0,0.0,1.0,1.0,0.0,0.0,0.0,1.0,0.0,1.0
1064,1.4747924230395404,1.4588121629986643,-1.051942574799973,-1.12071711476254,-1.2895251648716173,West-Bob,-0.7033184295421859,0.10921926614569968,1.478542201127252,6,2,0.0,0.0,1.0,1.0,0.0,0.0,0.0,1.0,0.0,0.0,0.0,0.0,0.0,0.0
1063,0.3046267706486029,1.0348415658568875,-0.2638965566338715,-0.2028703436846563,1.2346810480633041,North-Charlie,0.611118895251048,1.3019566509935514,0.302434684434948,4,2,1.0,0.0,0.0,0.0,1.0,0.0,0.0,1.0,0.0,0.0,0.0,0.0,0.0,1.0
1069,0.14417291694492443,-0.9436878874714054,1.5573612750149353,1.6268247067406734,0.5462611718083257,North-Eve,0.715720732535649,-0.41149334474747146,0.14329138541374223,12,2,1.0,0.0,0.0,0.0,0.0,0.0,1.0,0.0,0.0,1.0,0.0,0.0,0.0,1.0
1022,-0.793435689045266,-0.8730261212811092,-0.11491585675707397,-0.15777944873799002,-1.0600518727866246,East-Eve,-0.43248831659989456,-0.733239355876502,-0.7925623775814349,1,3,0.0,0.0,0.0,0.0,0.0,0.0,1.0,0.0,1.0,0.0,1.0,0.0,0.0,0.0
1093,-0.44691089392251954,1.2468268644277758,-0.6975515507904806,-0.862062997196818,-0.8305785807016316,West-Bob,-1.6626768395666194,-1.0446829964006585,-0.44596108991486805,10,0,0.0,0.0,1.0,1.0,0.0,0.0,0.0,1.0,0.0,0.0,0.0,1.0,0.0,1.0
1067,1.3863468709136666,-0.5903790565199245,0.2514003973377588,0.32262854643006555,1.005207755978311,East-Bob,0.7193374740281996,-0.08456490673550565,1.383681371820287,4,1,0.0,0.0,0.0,1.0,0.0,0.0,0.0,0.0,1.0,0.0,0.0,0.0,0.0,1.0
1076,0.5899819387050361,-0.5903790565199245,-1.3204013787033866,-1.4828681231367513,-0.1421587044466529,North-Eve,-1.6488481220950968,-1.1278462459515537,0.5903277592804459,2,0,1.0,0.0,0.0,0.0,0.0,0.0,1.0,0.0,0.0,0.0,0.0,0.0,0.0,1.0
1026,1.010718618064052,0.7521945010957027,0.41755625107711186,0.463730552845943,0.5462611718083257,South-Alice,0.4690731460435554,0.9200154652011929,1.0094730568504815,11,2,0.0,1.0,0.0,0.0,0.0,0.0,0.0,0.0,0.0,0.0,0.0,0.0,0.0,0.0
1016,-0.14804604207160693,-0.30773199175873983,0.27409361624571976,0.15892822686755465,-0.6011052886166387,West-Eve,-1.155694782110626,-0.8443086877739888,-0.1471862886572899,1,1,0.0,0.0,1.0,0.0,0.0,0.0,1.0,1.0,0.0,0.0,0.0,0.0,0.0,1.0
1051,0.4639770757800996,-1.2263349522325901,1.0549703836622912,1.0778111651421185,-0.4863686425741423,South-Eve,0.2412184320127727,-0.7701319869669089,0.4649695628497066,11,6,0.0,1.0,0.0,0.0,0.0,0.0,1.0,0.0,1.0,0.0,0.0,1.0,0.0,1.0
1086,-0.8646567457817689,-1.4383202508034785,1.7350119215406903,1.7358125788159207,1.6936276322332897,West-Bob,0.026837852954234246,-0.956221542344975,-0.8660152558402323,2,6,0.0,0.0,1.0,1.0,0.0,0.0,0.0,1.0,0.0,0.0,0.0,0.0,0.0,0.0
1057,0.7256692102808029,0.045576839192741,-0.8351080213725057,-1.0009234990647764,-0.9453152267441279,East-Bob,-1.6772856385365373,-1.1128852043721267,0.7277851078172753,11,1,0.0,0.0,0.0,1.0,0.0,0.0,0.0,0.0,0.0,0.0,1.0,0.0,1.0,0.0
1029,-0.24109908521063445,-0.6610408227102207,0.06879619369963211,0.02266871612595601,-0.027422058404156683,East-Eve,-0.4633369940363686,-0.6400935024858514,-0.24105610397173124,10,0,0.0,0.0,0.0,0.0,0.0,0.0,1.0,1.0,0.0,0.0,1.0,0.0,1.0,1.0
1078,-0.1891022663398444,0.7521945010957027,1.4631872390865621,1.4978395126451518,1.1199444020208076,East-Eve,0.36447130875895756,0.8224314696395173,-0.19063249364877133,1,3,0.0,0.0,0.0,0.0,0.0,0.0,1.0,0.0,1.0,0.0,1.0,0.0,1.0,1.0
1092,0.5303446274905423,0.18690037157333333,1.031204599681566,1.151816059005656,-0.9453152267441279,East-Eve,1.2246175354876976,0.9988324595825352,0.5322882555595555,11,1,0.0,0.0,0.0,0.0,0.0,0.0,1.0,0.0,0.0,0.0,1.0,0.0,1.0,1.0
1069,1.5287714119571791,0.2575621377636295,-0.008922435980804378,0.12663082485948457,-0.37163199653164597,East-Bob,1.363684791701323,1.1815975432473984,1.5299466187069517,3,1,0.0,0.0,0.0,1.0,0.0,0.0,0.0,0.0,0.0,1.0,0.0,0.0,1.0,0.0
1047,-1.5061699148091972,1.5294739291889605,1.5907025248097475,1.5847295332810059,0.3167878797233326,South-Eve,-0.04287306640221248,0.941912137651617,-1.5063064986695893,8,4,0.0,1.0,0.0,0.0,0.0,0.0,1.0,0.0,0.0,0.0,1.0,0.0,1.0,1.0
1094,1.140694850054483,-0.9436878874714054,-1.5114590886386954,-1.4296218169890074,-0.1421587044466529,East-Eve,0.8069902678476988,-0.38311128773326303,1.1411402708930476,12,1,0.0,0.0,0.0,0.0,0.0,0.0,1.0,0.0,0.0,1.0,1.0,1.0,0.0,0.0
1062,-0.7115692545216982,0.8228562672859988,1.5404966005155485,1.4767566821331182,-0.1421587044466529,North-David,-0.6246011147042826,-0.06994936028160494,-0.7114588285387944,9,3,1.0,0.0,0.0,0.0,0.0,1.0,0.0,1.0,0.0,0.0,1.0,0.0,1.0,0.0
1069,-0.18432256551765608,0.3282239039539257,-1.534963787700393,-1.58650598907404,-0.4863686425741423,North-Alice,-0.5351754083884359,-0.21276381344712428,-0.18364212573468747,5,0,1.0,0.0,0.0,0.0,0.0,0.0,0.0,1.0,0.0,0.0,0.0,0.0,0.0,1.0
1076,-1.6526255711784819,-0.16640845937814752,0.20029831669986886,0.0958700517553336,0.3167878797233326,South-Charlie,-1.0484690343314322,-0.7472576368208425,-1.6527299675611453,3,2,0.0,1.0,0.0,0.0,1.0,0.0,0.0,0.0,1.0,0.0,1.0,0.0,1.0,1.0
1016,-0.6814255089688245,-0.6610408227102207,1.3988333347207025,1.4200353390604556,0.4315245257658291,West-Alice,0.22845346203905778,-0.35325903869552444,-0.6818517822770682,8,3,0.0,0.0,1.0,0.0,0.0,0.0,0.0,0.0,0.0,1.0,1.0,1.0,0.0,0.0
1090,0.01995692734240983,-0.802364355090813,-0.793722533531961,-0.8555992875413401,0.5462611718083257,North-David,-0.6311254326908511,-0.7699923187246749,0.01912757806449379,7,0,1.0,0.0,0.0,0.0,0.0,1.0,0.0,1.0,0.0,0.0,0.0,0.0,1.0,1.0
1090,-1.5334142094956698,-1.0850114198519978,-0.06186622375021706,-0.20404043725369586,-1.5189984569566104,West-Charlie,-1.4310635510435703,-1.0979480534130808,-1.5331752624528283,7,2,0.0,0.0,1.0,0.0,1.0,0.0,0.0,0.0,0.0,1.0,1.0,0.0,0.0,1.0
1048,-0.020178501620376387,-1.296996718422886,-0.5785321094594547,-0.5126984330047633,0.4315245257658291,South-Eve,0.656079956158461,-0.7476472377070774,-0.020816330709754596,1,2,0.0,1.0,0.0,0.0,0.0,0.0,1.0,1.0,0.0,0.0,0.0,0.0,0.0,0.0
1085,1.4968669089690727,1.3881503968083682,1.6143554072038657,1.6856888717710952,1.5788909861907932,West-David,0.7351518534956338,1.7583777646978425,1.492477681789905,3,3,0.0,0.0,1.0,0.0,0.0,1.0,0.0,0.0,0.0,0.0,1.0,1.0,0.0,1.0
1039,-1.3621708840830813,0.8228562672859988,1.1655292623469724,1.1172348599110262,0.08731458763833985,West-Eve,-0.4732653040159275,0.07515491696055153,-1.3622586197232314,9,0,0.0,0.0,1.0,0.0,0.0,0.0,1.0,1.0,0.0,0.0,0.0,1.0,0.0,0.0
1100,0.9308800419040156,0.2575621377636295,0.7650885037002428,0.6193811925539763,0.6609978178508219,West-Bob,-1.457657238488807,-0.9386692873240786,0.9293981043137932,5,1,0.0,0.0,1.0,1.0,0.0,0.0,0.0,0.0,1.0,0.0,1.0,1.0,0.0,1.0
1033,-0.30348472439788665,-1.5796437831840708,0.34113598964265335,0.31663005469962724,0.20205123368083638,West-David,-0.2428575959903947,-1.0716187520117229,-0.30373934581347295,2,1,0.0,0.0,1.0,0.0,0.0,1.0,0.0,0.0,0.0,0.0,1.0,1.0,0.0,0.0
1094,0.5507040443015251,-0.7317025889005169,1.1548600624126326,1.1350118236527011,1.2346810480633041,South-Bob,-0.1871881436050331,-0.5672638651203308,0.5482607026771796,12,6,0.0,1.0,0.0,1.0,0.0,0.0,0.0,0.0,1.0,0.0,1.0,0.0,1.0,0.0
1023,-0.8234177682468009,0.7521945010957027,-0.34123414345951003,-0.28129480783607286,1.4641543401482973,North-David,0.5993467562752893,1.0415488888261413,-0.8246464897778619,1,3,1.0,0.0,0.0,0.0,0.0,1.0,0.0,0.0,0.0,0.0,0.0,0.0,1.0,1.0
1010,-1.1739420483222311,1.5294739291889605,-0.14813009226695334,-0.21041251307545392,-1.0600518727866246,East-David,-0.6282178561968363,0.22898294612232692,-1.1734424410648976,2,3,0.0,0.0,0.0,0.0,0.0,1.0,0.0,0.0,0.0,1.0,1.0,0.0,0.0,0.0
1069,-1.1705646273736117,1.4588121629986643,0.8384392532488298,0.9019164969384118,-0.2568953504891494,West-Bob,0.6477118091756991,1.7197153899591175,-1.1704777750453204,10,6,0.0,0.0,1.0,1.0,0.0,0.0,0.0,0.0,1.0,0.0,0.0,1.0,0.0,0.0
1100,-1.4836034008538512,-0.4490555241393322,-0.46177775620972716,-0.3316581725998576,-0.37163199653164597,North-Charlie,1.3041149318239906,0.3336826710778768,-1.4835764317806301,9,5,1.0,0.0,0.0,0.0,1.0,0.0,0.0,1.0,0.0,0.0,0.0,1.0,0.0,1.0
1034,-1.082941464948026,-0.8730261212811092,-1.4881801927502118,-1.5759328544140434,-0.37163199653164597,North-Alice,-0.8989770526392746,-0.8903918567514764,-1.082761774132341,1,0,1.0,0.0,0.0,0.0,0.0,0.0,0.0,0.0,0.0,1.0,0.0,0.0,1.0,1.0
1052,0.5821762655240953,1.1761650982374796,-1.4517341493237135,-1.2834447059363312,-1.2895251648716173,South-Eve,1.6774193870552607,2.587224246322202,0.584870578532539,7,1,0.0,1.0,0.0,0.0,0.0,0.0,1.0,1.0,0.0,0.0,0.0,1.0,0.0,1.0
1095,1.3388345360495764,-0.30773199175873983,-1.308426754173906,-1.3449521546317529,1.005207755978311,North-David,-0.381641186204603,-0.4230711069327562,1.3362080315701068,10,0,1.0,0.0,0.0,0.0,0.0,1.0,0.0,0.0,0.0,0.0,1.0,0.0,0.0,0.0
1010,1.1037505742876874,0.8228562672859988,1.3263222907225034,1.2458253236459078,-1.6337351029991065,South-Eve,-0.79550987935234,-0.23382063870410488,1.1079233088820402,3,0,0.0,1.0,0.0,0.0,0.0,0.0,1.0,0.0,0.0,0.0,1.0,0.0,0.0,0.0
1019,0.6549472105419105,0.11623860538303717,-0.0619438435910093,-0.08767251718577108,0.08731458763833985,West-Bob,-0.2595229734560757,-0.11784821640815235,0.6548202224808879,9,3,0.0,0.0,1.0,1.0,0.0,0.0,0.0,1.0,0.0,0.0,1.0,1.0,0.0,0.0
1058,-1.3446371139346278,0.2575621377636295,0.7786437504422183,0.6390260767522503,0.5462611718083257,West-Eve,-1.3962435496152747,-0.8925162842254745,-1.3448932069667465,9,2,0.0,0.0,1.0,0.0,0.0,0.0,1.0,1.0,0.0,0.0,0.0,0.0,0.0,1.0
1096,-0.7226855734191845,-0.378393757949036,-0.33899022442570037,-0.46658546837429704,-1.0600518727866246,East-Bob,-1.2873867223394395,-0.9291332543114708,-0.7217427766099053,12,4,0.0,0.0,0.0,1.0,0.0,0.0,0.0,0.0,0.0,1.0,1.0,0.0,0.0,0.0
1001,-0.6509443727696786,-0.02508492699755517,-0.8077293866203636,-0.8351015038138263,1.3494176941058007,East-Eve,-0.28413099890540167,-0.21337945635697708,-0.65227226315512,4,3,0.0,0.0,0.0,0.0,0.0,0.0,1.0,1.0,0.0,0.0,0.0,0.0,1.0,0.0
1069,-0.859184691237543,-1.3676584846131823,-0.4986754059826528,-0.40617762568351534,1.1199444020208076,East-Alice,0.9252080731042571,-0.7693233813539694,-0.8600978500810845,1,5,0.0,0.0,0.0,0.0,0.0,0.0,0.0,0.0,1.0,0.0,0.0,0.0,0.0,1.0
1004,0.06301289408698912,0.7521945010957027,1.062612409805737,1.2010445739826008,-0.1421587044466529,North-Alice,1.4042490296177863,1.7924494648431017,0.0632634086428074,5,2,1.0,0.0,0.0,0.0,0.0,0.0,0.0,0.0,1.0,0.0,0.0,1.0,0.0,0.0
1016,0.13450456623768922,-1.650305549374367,0.47243347851716566,0.530165082292923,-0.37163199653164597,West-Alice,0.5859435378028892,-1.0688897080680488,0.1351483153094155,6,6,0.0,0.0,1.0,0.0,0.0,0.0,0.0,1.0,0.0,0.0,1.0,1.0,0.0,1.0
1024,-0.4871412140045698,-0.23707022556844368,1.56369787656324,1.4269783641538534,-0.9453152267441279,South-Alice,-1.3585868881928165,-0.9434088188599263,-0.4860949729493047,11,4,0.0,1.0,0.0,0.0,0.0,0.0,0.0,0.0,1.0,0.0,1.0,0.0,0.0,1.0
1080,-0.4979166277698852,0.469547436334518,0.6627573281395304,0.7227723520158651,0.7757344638933183,East-Alice,0.6109770622513402,0.80298818012836,-0.4987820423294503,11,5,0.0,0.0,0.0,0.0,0.0,0.0,0.0,1.0,0.0,0.0,0.0,1.0,0.0,1.0
1002,1.1539585198360558,-0.6610408227102207,0.28020441462081147,0.32799265008090406,-1.2895251648716173,South-Alice,0.48382377801318277,-0.24737580916103358,1.1573289310724892,8,3,0.0,1.0,0.0,0.0,0.0,0.0,0.0,0.0,0.0,1.0,1.0,0.0,1.0,0.0
1092,1.017350452954838,-0.5197172903296283,0.41996952249083136,0.5264362901361641,0.5462611718083257,South-Bob,1.075692885794372,0.1468194271474303,1.0161021057546242,3,3,0.0,1.0,0.0,1.0,0.0,0.0,0.0,0.0,1.0,0.0,1.0,0.0,0.0,0.0
1032,-0.6579417141939263,-1.4383202508034785,1.5802238463028062,1.6921737276958932,1.1199444020208076,East-David,1.1434181431549062,-0.8115454585296661,-0.6590401945597162,8,4,0.0,0.0,0.0,0.0,0.0,1.0,0.0,0.0,1.0,0.0,0.0,0.0,0.0,0.0
1091,1.4505143544515433,0.7521945010957027,1.0417185599343217,1.169085512283651,-0.9453152267441279,West-Eve,1.292697375347503,1.6883819224576704,1.453269540116489,4,3,0.0,0.0,1.0,0.0,0.0,0.0,1.0,1.0,0.0,0.0,0.0,0.0,0.0,1.0
1084,1.5863000316324727,0.3282239039539257,-1.6274090180838496,-1.6540048807434597,1.2346810480633041,East-Alice,-0.2851947464032106,-0.01842280533700757,1.5827993022565345,9,5,0.0,0.0,0.0,0.0,0.0,0.0,0.0,0.0,1.0,0.0,1.0,1.0,0.0,1.0
1024,-0.5920205021926143,1.3881503968083682,0.15431208920509823,0.22379793238485526,-1.6337351029991065,South-Bob,0.7007573510664616,1.7182690885559682,-0.5903624518887804,1,5,0.0,1.0,0.0,1.0,0.0,0.0,0.0,0.0,0.0,0.0,0.0,1.0,0.0,1.0
1012,-0.4957025016537246,-0.4490555241393322,0.6929161644618644,0.6134390908750582,1.3494176941058007,East-Bob,-0.7921058873593495,-0.6984307219794456,-0.4972044493857247,6,3,0.0,0.0,0.0,1.0,0.0,0.0,0.0,0.0,0.0,1.0,0.0,0.0,0.0,0.0
1050,0.030405493919149044,-0.16640845937814752,0.9037457647516839,1.0765494377393583,-1.2895251648716173,South-Bob,1.7483358869092225,0.9197085626162814,0.03244737107788712,6,3,0.0,1.0,0.0,1.0,0.0,0.0,0.0,0.0,0.0,1.0,1.0,1.0,0.0,0.0
1035,1.5456128283835953,0.6108709687151104,-0.9668994546884225,-1.0766835332818734,0.4315245257658291,South-David,-1.1149887111944503,-0.5930216293725414,1.5444740485084576,4,1,0.0,1.0,0.0,0.0,0.0,1.0,0.0,0.0,1.0,0.0,1.0,1.0,0.0,0.0
1033,1.320144500040461,-0.8730261212811092,1.3175794741096414,1.148277583272777,-0.8305785807016316,East-Eve,-1.6890577775122944,-1.1565572584310275,1.3224757999786458,7,4,0.0,0.0,0.0,0.0,0.0,0.0,1.0,0.0,1.0,0.0,0.0,0.0,0.0,0.0
1033,-1.3720009011416552,1.2468268644277758,1.6272755825211784,1.5055438034340696,1.1199444020208076,North-David,-1.2071092445047504,-0.5370403925966513,-1.3724418155270337,10,5,1.0,0.0,0.0,0.0,0.0,1.0,0.0,0.0,0.0,0.0,1.0,0.0,0.0,0.0
1061,-0.36242616740444417,0.2575621377636295,-0.8845589163062715,-0.7870078386237206,-0.027422058404156683,East-Charlie,0.9718711300081669,0.887145647035166,-0.36239297709764556,4,5,0.0,0.0,0.0,0.0,1.0,0.0,0.0,0.0,0.0,0.0,0.0,1.0,0.0,1.0
1051,0.19649658300429068,0.7521945010957027,1.3715040944127006,1.3529593727774354,-1.2895251648716173,North-Bob,-0.17172834663686673,0.32220598459421135,0.19873485291598422,5,3,1.0,0.0,0.0,1.0,0.0,0.0,0.0,0.0,1.0,0.0,0.0,0.0,0.0,0.0
1043,0.02170011234814907,-0.23707022556844368,-1.3726465879056702,-1.38798481269794,0.20205123368083638,South-Charlie,-0.16917535264212472,-0.26531215184807644,0.021406592985228252,10,4,0.0,1.0,0.0,0.0,1.0,0.0,0.0,0.0,1.0,0.0,1.0,0.0,0.0,1.0
1012,-1.0543546366482621,1.5294739291889605,-1.5168007449550285,-1.3566953828607893,-0.37163199653164597,South-Alice,1.5943761657262683,2.9360236284241785,-1.054164049289037,6,1,0.0,1.0,0.0,0.0,0.0,0.0,0.0,0.0,0.0,0.0,0.0,0.0,0.0,1.0
1067,1.2592490028742445,0.7521945010957027,-1.26001314256709,-1.1124066309197826,0.5462611718083257,North-Alice,1.4714069549794935,1.8551016979257529,1.2578990358146471,7,6,1.0,0.0,0.0,0.0,0.0,0.0,0.0,1.0,0.0,0.0,0.0,0.0,0.0,0.0
1065,0.6264377009319174,-1.155673186042294,-1.5096950013479646,-1.5719644045383245,1.2346810480633041,South-David,-0.6428266551667543,-0.9235446868820344,0.6239170320082353,12,5,0.0,1.0,0.0,0.0,0.0,1.0,0.0,0.0,0.0,0.0,0.0,1.0,0.0,1.0
1033,1.186499144771821,0.9641797996665912,1.2401572110940484,1.1396499053902196,-0.37163199653164597,North-Eve,-0.9977637369358502,-0.386419219786204,1.187543886377897,2,2,1.0,0.0,0.0,0.0,0.0,0.0,1.0,1.0,0.0,0.0,1.0,0.0,0.0,0.0
1040,1.2590662496075136,-0.4490555241393322,-1.5051224870903903,-1.3818241995693816,-0.7158419346591353,North-Charlie,1.224192036488572,0.2943311438281184,1.2610470115845285,1,6,1.0,0.0,0.0,0.0,1.0,0.0,0.0,0.0,0.0,1.0,1.0,0.0,1.0,0.0
1074,0.8749153684536296,0.893518033476295,-0.7624840757876999,-0.6201144323938907,-1.748471749041603,South-Eve,1.4241056495768993,1.9778223016097,0.8790130705662659,1,2,0.0,1.0,0.0,0.0,0.0,0.0,1.0,0.0,0.0,1.0,1.0,0.0,0.0,1.0
1043,-0.20070709877724532,-1.3676584846131823,-1.3489725364640626,-1.3318414676533568,0.20205123368083638,West-David,0.1577497116846524,-0.8886515169436251,-0.2009740142429125,12,4,0.0,0.0,1.0,0.0,0.0,1.0,0.0,0.0,0.0,0.0,0.0,0.0,1.0,0.0
1044,0.3954305428124828,1.5294739291889605,-0.679501409631723,-0.632752852690807,-0.37163199653164597,North-Alice,0.46297432705611674,1.5580163202513773,0.3961737499715028,7,5,1.0,0.0,0.0,0.0,0.0,0.0,0.0,1.0,0.0,0.0,0.0,0.0,0.0,0.0
1029,-1.1709020180198837,-0.7317025889005169,-1.395064609196277,-1.4762070483009533,-0.4863686425741423,East-Eve,-0.8314645447783003,-0.81770188762819,-1.1706964503818238,6,5,0.0,0.0,0.0,0.0,0.0,0.0,1.0,0.0,0.0,0.0,1.0,0.0,1.0,1.0
1013,0.614973447930463,-0.378393757949036,0.6218869537878792,0.7264236078517842,-1.174788518829121,East-Eve,1.0584601763298596,0.28667879434565624,0.6174682663157619,1,0,0.0,0.0,0.0,0.0,0.0,0.0,1.0,0.0,0.0,0.0,1.0,0.0,1.0,1.0
1012,-1.1051846462006947,-1.155673186042294,-1.2456816974171927,-1.197393487316837,-0.2568953504891494,South-Alice,0.4723353050368396,-0.6634585292197718,-1.1050794210994954,4,1,0.0,1.0,0.0,0.0,0.0,0.0,0.0,1.0,0.0,0.0,1.0,0.0,0.0,1.0
1095,0.6856181289795846,0.469547436334518,1.2640288403122175,1.2651953063430224,1.6936276322332897,West-Charlie,0.025419522957156243,0.31741315859751085,0.6820556304050832,11,1,0.0,0.0,1.0,0.0,1.0,0.0,0.0,0.0,0.0,0.0,0.0,0.0,0.0,1.0
1046,-0.9300191545251927,-1.5089820169937747,1.1429842267714325,0.9911326071994645,-0.7158419346591353,South-Alice,-1.5153832693699334,-1.1632980888589035,-0.9295305793235994,8,1,0.0,1.0,0.0,0.0,0.0,0.0,0.0,0.0,0.0,1.0,1.0,0.0,0.0,1.0
1002,-1.319867017320817,-0.5197172903296283,-1.6636574837337863,-1.516892470472621,0.3167878797233326,West-Eve,1.458571068505926,0.3254146786855612,-1.3200445461369208,6,0,0.0,0.0,1.0,0.0,0.0,0.0,1.0,0.0,1.0,0.0,0.0,0.0,1.0,1.0
1035,-1.1537864716933717,-1.4383202508034785,1.4172998004800728,1.4569637740496042,0.8904711099358149,North-Charlie,0.4143965246561484,-0.9060052960413447,-1.154306097697118,2,4,1.0,0.0,0.0,0.0,1.0,0.0,0.0,0.0,1.0,0.0,1.0,1.0,0.0,0.0
1087,-1.721938262072008,-0.378393757949036,-1.6102832586654352,-1.7133765562375618,0.7757344638933183,North-Charlie,-1.0546387698187272,-0.8085039987809924,-1.722044281983537,9,4,1.0,0.0,0.0,0.0,1.0,0.0,0.0,0.0,0.0,0.0,0.0,1.0,0.0,0.0
1081,0.7718706419046898,-0.16640845937814752,-0.8743201536708699,-0.835320015263466,-0.6011052886166387,North-Alice,0.38290959872099095,0.10588009251226171,0.7732653178460103,9,0,1.0,0.0,0.0,0.0,0.0,0.0,0.0,1.0,0.0,0.0,0.0,0.0,0.0,0.0
1090,0.8194040636841717,-1.0143496536617016,-1.598245126993488,-1.533915217275216,0.3167878797233326,North-Eve,0.6299117677123485,-0.5010206880202144,0.8187563738515333,9,1,1.0,0.0,0.0,0.0,0.0,0.0,1.0,1.0,0.0,0.0,1.0,1.0,0.0,1.0
1008,0.06275985110228495,0.8228562672859988,-0.5383109192307923,-0.5275149190416387,1.2346810480633041,East-David,0.10278942429782902,0.6274895205397844,0.06081472134787906,5,6,0.0,0.0,0.0,0.0,0.0,1.0,0.0,0.0,0.0,1.0,0.0,1.0,0.0,0.0
1093,-1.1674332204378985,-0.23707022556844368,0.08350162535516387,0.16005602789795456,-1.748471749041603,East-Eve,0.7711065189215951,0.27075293925078864,-1.1665687057698304,10,6,0.0,0.0,0.0,0.0,0.0,0.0,1.0,1.0,0.0,0.0,1.0,0.0,0.0,1.0
1026,-1.4381540692122792,-1.5089820169937747,1.0712140994353405,1.099507237464432,-0.2568953504891494,South-Bob,0.2962496358994476,-0.9755104616936632,-1.438142413602605,4,3,0.0,1.0,0.0,1.0,0.0,0.0,0.0,1.0,0.0,0.0,0.0,0.0,1.0,0.0
1074,-1.6623114943152102,0.2575621377636295,-0.5308453018164196,-0.37430314906184475,-0.9453152267441279,West-David,1.5692008082781113,1.33604489079908,-1.6623017124473711,8,1,0.0,0.0,1.0,0.0,0.0,1.0,0.0,0.0,0.0,1.0,0.0,0.0,0.0,1.0
1090,-1.152173322665883,1.317488630618072,0.7528245688550822,0.5991794565969422,-0.37163199653164597,North-Charlie,-1.5376510503240806,-0.8986929284643222,-1.152020021204906,2,2,1.0,0.0,0.0,0.0,1.0,0.0,0.0,0.0,0.0,0.0,1.0,1.0,0.0,0.0
1034,1.3707214666081893,0.6108709687151104,-1.056444525565918,-1.1899922930548394,-0.37163199653164597,North-David,-1.3550410632001209,-0.8045271293573486,1.3718364288952696,10,6,1.0,0.0,0.0,0.0,0.0,1.0,0.0,0.0,1.0,0.0,0.0,0.0,1.0,1.0
1007,-0.8884814456888379,-0.8730261212811092,0.9103787329648318,0.7980037294999625,0.7757344638933183,West-Charlie,-1.1207329476826227,-0.9650978266870262,-0.8891045501256674,1,6,0.0,0.0,1.0,0.0,1.0,0.0,0.0,0.0,0.0,1.0,1.0,1.0,0.0,1.0
1068,-0.49623670351032206,1.1761650982374796,-0.8870709766082722,-0.8191219729643511,-1.4042618109141138,West-Charlie,0.6740218306215139,1.4951325319250215,-0.4946905707724393,11,1,0.0,0.0,1.0,0.0,1.0,0.0,0.0,0.0,0.0,0.0,1.0,0.0,1.0,1.0
1058,-1.3623360649203187,-1.155673186042294,-1.2099906833511271,-1.1570886979929291,-0.027422058404156683,South-David,0.5191401949404573,-0.6525423534450756,-1.3623835659953631,9,5,0.0,1.0,0.0,0.0,0.0,1.0,0.0,0.0,0.0,1.0,1.0,1.0,0.0,1.0
1075,-0.9551969315032487,1.1761650982374796,-1.0637690159970323,-0.9258965355174388,0.20205123368083638,West-Charlie,1.3755987636767881,2.2587245405850913,-0.9553735964330318,8,3,0.0,0.0,1.0,0.0,1.0,0.0,0.0,0.0,0.0,0.0,0.0,0.0,0.0,0.0
1029,0.07768938719982561,0.3988856701442218,-1.075454330210833,-0.9925495764140586,-0.027422058404156683,North-Charlie,0.8224500648158639,0.9105198624692333,0.0777580942390418,7,1,1.0,0.0,0.0,0.0,1.0,0.0,0.0,0.0,0.0,1.0,0.0,1.0,0.0,0.0
1036,0.38570947481676776,-1.296996718422886,0.07999461982119117,0.08410567725697742,0.7757344638933183,North-Bob,0.042226733422545085,-0.8589995815690931,0.3842958502302194,9,4,1.0,0.0,0.0,1.0,0.0,0.0,0.0,0.0,0.0,0.0,0.0,1.0,0.0,1.0
1089,-0.875203717963671,-1.5089820169937747,1.2394092380827784,1.4092648392201386,-0.37163199653164597,North-Eve,1.7223095314628203,-0.8276900046880337,-0.8749448430083115,8,3,1.0,0.0,0.0,0.0,0.0,0.0,1.0,0.0,0.0,1.0,1.0,0.0,1.0,1.0
1021,-1.5279983867258229,-0.4490555241393322,-1.4333241343576468,-1.5112534653206227,1.4641543401482973,North-Eve,-0.7995521198440159,-0.7020970133381187,-1.5283665621361366,8,6,1.0,0.0,0.0,0.0,0.0,0.0,1.0,0.0,0.0,0.0,1.0,1.0,0.0,1.0
1036,-0.36833050371420617,1.1761650982374796,0.7579404219982016,0.8735170572416597,-0.1421587044466529,North-Bob,1.1710046615981007,2.036045581221472,-0.3681580006141678,9,5,1.0,0.0,0.0,1.0,0.0,0.0,0.0,0.0,0.0,1.0,0.0,0.0,0.0,0.0
1010,-0.9139966133131661,0.3282239039539257,0.5741789770973555,0.5495914550415575,0.20205123368083638,South-David,-0.24115559999389785,0.01581429141090289,-0.9141782065410308,12,0,0.0,1.0,0.0,0.0,0.0,1.0,0.0,0.0,1.0,0.0,0.0,0.0,0.0,1.0
1073,-0.9649672023015453,0.3988856701442218,1.3362364612964108,1.3874841818205454,1.1199444020208076,North-Alice,0.5300613359179676,0.6756327960902416,-0.9657829476787109,12,2,1.0,0.0,0.0,0.0,0.0,0.0,0.0,0.0,1.0,0.0,1.0,0.0,0.0,1.0
1024,1.6108205997474774,0.6815327349054066,-0.858598607735877,-0.7778656015210433,-0.8305785807016316,South-Alice,0.8029480273560237,1.1641629035883843,1.6133791522382532,3,0,0.0,1.0,0.0,0.0,0.0,0.0,0.0,1.0,0.0,0.0,0.0,0.0,1.0,0.0
1064,0.41544905449129466,-0.30773199175873983,-0.13919675422669264,-0.09153523571488993,-1.5189984569566104,North-Alice,0.4780086250251565,0.04474767043393456,0.418382805168913,6,0,1.0,0.0,0.0,0.0,0.0,0.0,0.0,0.0,0.0,0.0,1.0,0.0,1.0,1.0
1099,0.2087023925303641,0.3988856701442218,1.5224394030076285,1.3979515851339424,0.6609978178508219,East-Bob,-1.235972259945312,-0.7430896424341382,0.2075961687223172,1,1,0.0,0.0,0.0,1.0,0.0,0.0,0.0,0.0,0.0,1.0,0.0,1.0,0.0,1.0
1049,-0.282246686112237,-0.4490555241393322,0.5939085293568885,0.5748823931482696,-0.1421587044466529,East-Bob,-0.18498973210955735,-0.39950576653562975,-0.2820586141546145,5,0,0.0,0.0,0.0,1.0,0.0,0.0,0.0,0.0,0.0,0.0,1.0,1.0,0.0,0.0
1099,-0.2364248189654062,0.3988856701442218,-0.35345574020969295,-0.330544469082338,1.3494176941058007,East-Charlie,0.22668054954270545,0.43191538886993364,-0.23821746910356906,6,2,0.0,0.0,0.0,0.0,1.0,0.0,0.0,0.0,1.0,0.0,0.0,1.0,0.0,1.0
1036,0.1531243125288314,0.469547436334518,-1.252371116423644,-1.1291544762212178,1.5788909861907932,East-Alice,1.2261067819846294,1.313086004611659,0.15051086490734608,11,0,0.0,0.0,0.0,0.0,0.0,0.0,0.0,0.0,0.0,0.0,0.0,0.0,1.0,1.0
1082,0.6942497063467126,-1.650305549374367,-0.7945481263840231,-0.8118406075618331,-0.37163199653164597,South-David,-0.18257857111452314,-1.108720885465483,0.695106815474567,5,4,0.0,1.0,0.0,0.0,0.0,1.0,0.0,0.0,0.0,1.0,1.0,0.0,1.0,0.0
1096,0.7141381820472736,-1.0850114198519978,0.318746193748698,0.46435084341266286,-0.37163199653164597,South-David,1.4683575454857734,-0.3465880423887668,0.7150028721365116,10,4,0.0,1.0,0.0,0.0,0.0,1.0,0.0,0.0,0.0,0.0,1.0,1.0,0.0,1.0
1024,-1.1314870586663244,-1.650305549374367,0.7971031598524254,0.7769631915265688,-0.37163199653164597,West-Alice,-0.19399612759101073,-1.109312637754953,-1.1313258721481458,6,4,0.0,0.0,1.0,0.0,0.0,0.0,0.0,0.0,0.0,1.0,1.0,0.0,1.0,0.0
1023,0.011195313997030899,-1.650305549374367,-1.2767860845273584,-1.257251527005299,-0.6011052886166387,North-Alice,0.18271231963324783,-1.0897884876825001,0.012147664697684312,7,2,1.0,0.0,0.0,0.0,0.0,0.0,0.0,0.0,1.0,0.0,0.0,0.0,1.0,1.0
1062,-0.2955244138374039,-0.09574669318785134,0.38295191478213647,0.48618789086377634,0.8904711099358149,East-Alice,1.04278762986213,0.5727267054033932,-0.29666247584882494,3,1,0.0,0.0,0.0,0.0,0.0,0.0,0.0,0.0,1.0,0.0,1.0,0.0,0.0,1.0
1096,1.2999924378974999,-0.5903790565199245,0.210939291237557,0.24071494784085018,0.8904711099358149,South-Bob,0.30185203938791055,-0.26848409113883726,1.297704697809397,11,2,0.0,1.0,0.0,1.0,0.0,0.0,0.0,0.0,1.0,0.0,1.0,0.0,0.0,1.0
1037,0.4680538794225544,0.469547436334518,0.08381210471833253,0.24399261958544927,-0.1421587044466529,North-Bob,1.6124598731890305,1.6334702503788976,0.4683776484597847,12,6,1.0,0.0,0.0,1.0,0.0,0.0,0.0,1.0,0.0,0.0,0.0,1.0,0.0,1.0
1012,0.12389433330961128,-0.6610408227102207,0.6991469207727256,0.7550838515368155,-1.6337351029991065,North-Bob,0.5703419078350184,-0.2115031237869492,0.12661402442991876,5,5,1.0,0.0,0.0,1.0,0.0,0.0,0.0,0.0,1.0,0.0,1.0,1.0,0.0,1.0
1055,-1.327370444714473,-0.6610408227102207,1.2137452961772266,1.2215987477616352,-0.7158419346591353,South-Eve,0.09215194931973593,-0.4097732200799442,-1.3271527234225982,7,3,0.0,1.0,0.0,0.0,0.0,0.0,1.0,0.0,0.0,0.0,1.0,0.0,0.0,0.0
1013,0.37835365583085595,1.4588121629986643,-0.5832104689544728,-0.7458149059883731,-0.7158419346591353,East-David,-1.6422528876086784,-1.0100379213662205,0.3797340813920782,10,4,0.0,0.0,0.0,0.0,0.0,1.0,0.0,1.0,0.0,0.0,1.0,0.0,1.0,1.0
1023,-1.3210760004699589,0.9641797996665912,1.3938444958625154,1.3638637989901117,1.005207755978311,West-David,-0.2865421599004391,0.33237787565699256,-1.3215194469140108,3,3,0.0,0.0,1.0,0.0,0.0,1.0,0.0,0.0,1.0,0.0,0.0,1.0,0.0,1.0
1089,-0.5556104282824159,0.3988856701442218,-1.1503010257819597,-1.2170877128101911,-1.4042618109141138,North-Charlie,-0.6843837240811776,-0.29997744202283894,-0.5541404481854193,7,0,1.0,0.0,0.0,0.0,1.0,0.0,0.0,0.0,0.0,0.0,0.0,1.0,0.0,0.0
1099,-1.2318713193899726,1.2468268644277758,-1.1070244363657515,-1.0188273404223709,1.005207755978311,West-Bob,0.8753537737069201,1.7834647538393174,-1.2323879784451839,10,6,0.0,0.0,1.0,1.0,0.0,0.0,0.0,0.0,0.0,0.0,0.0,1.0,0.0,0.0
1030,0.6790917286657583,-0.09574669318785134,-0.7795745534603,-0.8781764544186532,0.5462611718083257,East-Eve,-1.0004585639302983,-0.6980484720533287,0.6779854815484475,11,2,0.0,0.0,0.0,0.0,0.0,0.0,1.0,0.0,0.0,0.0,1.0,0.0,1.0,1.0
1017,-1.011245952615203,-1.7209673155646632,-1.2938695058507954,-1.3929753322574583,0.7757344638933183,East-Eve,-1.0110960389083923,-1.1719795727578368,-1.0117928927858821,10,6,0.0,0.0,0.0,0.0,0.0,0.0,1.0,0.0,0.0,1.0,0.0,0.0,0.0,0.0
1062,-0.36545565424909593,-1.0143496536617016,-0.9068993177560865,-1.0118490715467732,-0.2568953504891494,West-David,-1.0657017437959462,-0.9843646931553613,-0.36514255400723894,12,6,0.0,0.0,1.0,0.0,0.0,1.0,0.0,1.0,0.0,0.0,1.0,1.0,0.0,1.0
1084,1.3874890788307337,-0.30773199175873983,-1.3396934373148186,-1.4662471554512362,0.5462611718083257,East-Bob,-1.287741304838709,-0.9161679984039824,1.3860852390278298,1,2,0.0,0.0,0.0,1.0,0.0,0.0,0.0,0.0,0.0,0.0,1.0,0.0,0.0,0.0
1089,-1.017983222082949,-1.5089820169937747,1.1589104068321503,1.0936990621578737,0.3167878797233326,North-Charlie,-0.6435358201652916,-1.072925385172633,-1.0182270977932377,3,4,1.0,0.0,0.0,0.0,1.0,0.0,0.0,0.0,0.0,1.0,1.0,0.0,0.0,0.0
1086,0.03795812411538639,-1.296996718422886,-1.225973314205148,-1.0900479754921095,0.8904711099358149,West-Bob,1.354252897220744,-0.6209993835802811,0.0365797653233808,11,2,0.0,0.0,1.0,1.0,0.0,0.0,0.0,0.0,1.0,0.0,0.0,0.0,1.0,1.0
1013,-0.27007953593104916,0.045576839192741,0.8988486584326152,0.9941494749557834,-0.2568953504891494,East-Alice,0.9685380545150304,0.6697851073166584,-0.26973963354377606,8,0,0.0,0.0,0.0,0.0,0.0,0.0,0.0,0.0,0.0,0.0,0.0,0.0,1.0,0.0
1059,-1.6658084077843847,1.5294739291889605,-1.544024140025586,-1.459797543308638,-0.1421587044466529,West-Bob,0.8306763787989232,2.0058643767184687,-1.6658705625941566,6,4,0.0,0.0,1.0,1.0,0.0,0.0,0.0,0.0,0.0,1.0,1.0,0.0,1.0,1.0
1019,1.0294086540731675,-0.9436878874714054,1.601703373154745,1.70399449224577,0.4315245257658291,North-Alice,1.046475287854536,-0.308638710781449,1.0284350257618289,7,1,1.0,0.0,0.0,0.0,0.0,0.0,0.0,0.0,0.0,0.0,1.0,0.0,1.0,0.0
1049,-1.4886361446607435,0.3988856701442218,0.7726246846062447,0.6934636227383539,-1.4042618109141138,East-Alice,-0.7880636468676724,-0.38326749563576157,-1.4883628617995976,2,1,0.0,0.0,0.0,0.0,0.0,0.0,0.0,1.0,0.0,0.0,0.0,0.0,1.0,0.0
1100,-0.07877552500886478,-0.5903790565199245,-1.6876420145385624,-1.550691257602411,-0.2568953504891494,North-Charlie,1.3595716347097913,0.19748408201823658,-0.07838186327376075,9,6,1.0,0.0,0.0,0.0,1.0,0.0,0.0,1.0,0.0,0.0,0.0,0.0,1.0,0.0
1012,0.22192388848115233,0.5402092025248142,0.9566895525210969,0.8317038340395922,1.5788909861907932,East-David,-1.2471061504223888,-0.7236298132627184,0.21921952100576267,2,1,0.0,0.0,0.0,0.0,0.0,1.0,0.0,0.0,1.0,0.0,0.0,1.0,0.0,1.0
1061,0.45764045770480166,-1.0143496536617016,0.08425665471559676,0.028956206870433848,-1.6337351029991065,South-Bob,-0.5554575273466703,-0.8389167585277001,0.4608550659443351,3,0,0.0,1.0,0.0,1.0,0.0,0.0,0.0,0.0,0.0,0.0,1.0,0.0,0.0,1.0
1019,0.6671143607230985,0.18690037157333333,1.0108611450448584,1.0410519003075291,-0.7158419346591353,East-Alice,0.31468792586147454,0.33859127469642997,0.668691619584789,5,6,0.0,0.0,0.0,0.0,0.0,0.0,0.0,0.0,0.0,1.0,0.0,0.0,1.0,0.0
1076,-0.8476466340322167,0.469547436334518,0.11364634897917202,-0.02231644747411057,-0.7158419346591353,West-Bob,-1.366671369176171,-0.8369816182767306,-0.8471019097258395,12,4,0.0,0.0,1.0,1.0,0.0,0.0,0.0,0.0,1.0,0.0,0.0,1.0,0.0,1.0
1009,-1.6941492220712417,-1.7209673155646632,0.5276494107170399,0.6078776220438996,0.4315245257658291,East-David,0.8128763373355761,-1.1247128992014097,-1.6942514900474122,3,5,0.0,0.0,0.0,0.0,0.0,1.0,0.0,0.0,0.0,0.0,0.0,0.0,0.0,1.0
1071,0.7882376027347856,1.5294739291889605,1.0351914369586177,0.9964473695552228,-1.4042618109141138,North-David,-0.3785917767108821,0.5330186565879301,0.791431200086797,11,0,1.0,0.0,0.0,0.0,0.0,1.0,0.0,0.0,1.0,0.0,1.0,0.0,1.0,1.0
1028,0.1348630437993535,0.18690037157333333,-0.29638398817996997,-0.19651941413221807,0.4315245257658291,North-Eve,1.0015142269471247,0.8369496158718592,0.13417561155883065,8,3,1.0,0.0,0.0,0.0,0.0,0.0,1.0,0.0,0.0,1.0,0.0,0.0,1.0,0.0
1078,1.1802714757593813,1.1761650982374796,-1.701917008895156,-1.7012245001350057,-1.4042618109141138,East-David,-0.011457056966907103,0.7490615367053506,1.1839678951065133,1,0,0.0,0.0,0.0,0.0,0.0,1.0,0.0,0.0,1.0,0.0,1.0,1.0,0.0,1.0
1095,1.1290197278991088,-1.296996718422886,1.2573958720990694,1.1471356847294973,-1.4042618109141138,West-Charlie,-1.0956994232341717,-1.0654182171524929,1.132650411839467,11,6,0.0,0.0,1.0,0.0,1.0,0.0,0.0,0.0,1.0,0.0,1.0,0.0,0.0,0.0
1052,1.205350847132275,-1.650305549374367,-0.38096844559593057,-0.2981624819969877,0.7757344638933183,South-Alice,0.8289743828024275,-1.056293837906472,1.2034287092531488,4,0,0.0,1.0,0.0,0.0,0.0,0.0,0.0,0.0,1.0,0.0,1.0,0.0,1.0,0.0
1083,-0.04105806234436206,1.1761650982374796,0.021243456690692355,-0.06307235721017843,-0.6011052886166387,West-Eve,-0.8480590057441267,-0.16149086662658152,-0.040136096469425786,8,0,0.0,0.0,1.0,0.0,0.0,0.0,1.0,0.0,0.0,0.0,0.0,0.0,0.0,0.0
1016,-0.5680622518213959,-0.09574669318785134,-1.684254966940359,-1.6843004359225706,1.5788909861907932,South-Charlie,-0.01869053995201157,-0.08744832084165051,-0.5697226386694553,11,3,0.0,1.0,0.0,0.0,1.0,0.0,0.0,0.0,0.0,1.0,0.0,1.0,0.0,0.0
1069,1.0252334448255502,-1.5089820169937747,0.007448294077177667,-0.1378526142821157,-1.6337351029991065,North-Bob,-1.4617703954803365,-1.1577407630099674,1.029289745194356,8,6,1.0,0.0,0.0,1.0,0.0,0.0,0.0,1.0,0.0,0.0,0.0,0.0,1.0,0.0
1099,-0.15866330397148237,1.317488630618072,1.7343133429735604,1.7744679591328685,-0.2568953504891494,West-Alice,0.4227646716389183,1.336616427948226,-0.15829209192196528,8,1,0.0,0.0,1.0,0.0,0.0,0.0,0.0,0.0,0.0,0.0,1.0,0.0,0.0,1.0
1012,-1.0906100731789192,-0.4490555241393322,-0.7394239267232668,-0.6800288621338728,-1.4042618109141138,South-David,0.589560279295443,-0.018141631112508043,-1.089826282738853,9,5,0.0,1.0,0.0,0.0,0.0,1.0,0.0,1.0,0.0,0.0,0.0,1.0,0.0,1.0
1025,1.245876384029813,0.045576839192741,-0.33022623876534984,-0.37046157680204606,-0.4863686425741423,East-Alice,-0.40837670664954756,-0.25793546337002443,1.247245224165227,9,1,0.0,0.0,0.0,0.0,0.0,0.0,0.0,1.0,0.0,0.0,1.0,1.0,0.0,0.0
1052,1.341856993922431,-1.0143496536617016,0.688901101788161,0.846428686242748,1.6936276322332897,North-Bob,1.5923195872305036,-0.2266810186898468,1.3373615363316556,1,3,1.0,0.0,0.0,1.0,0.0,0.0,0.0,0.0,0.0,0.0,0.0,0.0,1.0,1.0
1085,-0.10641695660188691,1.0348415658568875,1.1346083403150427,1.2639335789402621,1.3494176941058007,East-Eve,1.313404993304858,2.0299222314434733,-0.10835537168987973,9,0,0.0,0.0,0.0,0.0,0.0,0.0,1.0,0.0,0.0,0.0,0.0,0.0,0.0,1.0
1100,-1.46548271156032,1.2468268644277758,-0.2534743289202339,-0.18006761660126322,-1.6337351029991065,North-Eve,0.7357901019943173,1.6279478415905178,-1.4651199314298744,2,3,1.0,0.0,0.0,0.0,0.0,0.0,1.0,0.0,0.0,1.0,0.0,0.0,1.0,1.0
1053,-0.3794889964424764,-1.0143496536617016,-0.6297400353347885,-0.5539548044480708,0.20205123368083638,West-Eve,0.7556467219534287,-0.46517924422662915,-0.3797345263819632,2,3,0.0,0.0,1.0,0.0,0.0,0.0,1.0,0.0,0.0,1.0,0.0,0.0,1.0,1.0
1023,1.0669117330978517,1.3881503968083682,1.564347060686229,1.4784624811915978,0.4315245257658291,West-David,-0.8471370912460244,-0.08678673443106047,1.0659261062548147,8,3,0.0,0.0,1.0,0.0,0.0,1.0,0.0,0.0,1.0,0.0,1.0,0.0,0.0,1.0
1016,1.4087095446868896,-1.5796437831840708,0.6538169337501066,0.7085902540585894,-1.0600518727866246,North-Charlie,0.5581442698601379,-1.009346931115162,1.4117456345566508,6,0,1.0,0.0,0.0,0.0,1.0,0.0,0.0,1.0,0.0,0.0,1.0,0.0,0.0,1.0
1057,-1.0209178178083367,-0.9436878874714054,-1.2956477058398521,-1.3971763910956971,-1.2895251648716173,North-Charlie,-1.0354913148581566,-0.9560671721825047,-1.0201190674216223,1,0,1.0,0.0,0.0,0.0,1.0,0.0,0.0,0.0,0.0,1.0,1.0,0.0,0.0,1.0
1039,-1.4958443552389111,-1.5796437831840708,-1.4706239960328589,-1.5906859016429589,1.3494176941058007,North-Alice,-1.2238455384702867,-1.147883125492212,-1.4962249428896013,4,6,1.0,0.0,0.0,0.0,0.0,0.0,0.0,0.0,1.0,0.0,1.0,1.0,0.0,0.0
1053,1.3237327901430012,1.1761650982374796,-0.022393006532824573,0.15145654504115727,1.5788909861907932,West-David,1.7488323024082046,2.6649496231260743,1.3195723627576057,1,4,0.0,0.0,1.0,0.0,0.0,1.0,0.0,0.0,0.0,1.0,0.0,1.0,0.0,0.0
1042,-0.3739958549828586,0.11623860538303717,-0.9426256135679666,-0.8980328013101272,1.6936276322332897,South-Eve,0.43843721810664477,0.3705017925671083,-0.37605192583276303,8,1,0.0,1.0,0.0,0.0,0.0,0.0,1.0,0.0,0.0,0.0,1.0,0.0,0.0,0.0
1058,0.15610108208500312,1.6707974615695529,-0.8242412436616039,-0.8458790524105828,1.005207755978311,East-Eve,-0.22661771752383544,0.7994119380311288,0.15444527783585532,3,3,0.0,0.0,0.0,0.0,0.0,0.0,1.0,0.0,0.0,1.0,1.0,1.0,0.0,1.0
1039,1.6393617397305589,-1.650305549374367,1.3543077715026568,1.280998618281497,0.5462611718083257,East-Bob,-0.7228913835018818,-1.1367243680336339,1.6378520900152271,6,1,0.0,0.0,0.0,1.0,0.0,0.0,0.0,1.0,0.0,0.0,1.0,0.0,1.0,1.0
1014,-1.4972677220278716,1.6707974615695529,-1.3985363329844354,-1.3598250307201483,-0.6011052886166387,West-Bob,0.37432870223866016,1.5624893794829608,-1.4971925277840763,12,0,0.0,0.0,1.0,1.0,0.0,0.0,0.0,0.0,0.0,1.0,0.0,0.0,0.0,0.0
1095,0.5268512285072667,-0.6610408227102207,0.7873089472142882,0.6322099292747723,-1.174788518829121,East-Eve,-1.551905266794729,-1.0914424537089702,0.5292506738248071,3,4,0.0,0.0,0.0,0.0,0.0,0.0,1.0,1.0,0.0,0.0,1.0,0.0,1.0,1.0
1005,-1.4710320847943164,-1.650305549374367,-0.764311670220897,-0.9021704213404058,-1.5189984569566104,North-Eve,-1.3952507186173184,-1.171571594471308,-1.470706878453813,5,3,1.0,0.0,0.0,0.0,0.0,0.0,1.0,0.0,0.0,0.0,1.0,0.0,0.0,1.0
1035,-0.4224852169267783,0.3282239039539257,0.9443621105334699,0.7833141210790068,0.6609978178508219,South-David,-1.6100567966749786,-1.0484025822201857,-0.4232630646292823,8,4,0.0,1.0,0.0,0.0,0.0,1.0,0.0,1.0,0.0,0.0,0.0,0.0,1.0,0.0
1087,1.0678747022340864,-0.378393757949036,0.8119285494437272,0.8120800961106384,1.005207755978311,East-Charlie,0.010314308488261,-0.2565571583479662,1.0654705815657883,1,1,0.0,0.0,0.0,0.0,1.0,0.0,0.0,0.0,0.0,1.0,0.0,0.0,0.0,0.0
1093,-0.2206693786816785,0.893518033476295,-1.6855603915354997,-1.6476821462167817,1.1199444020208076,South-Bob,0.36284022926231785,0.9327546790850649,-0.2221705363286569,6,4,0.0,1.0,0.0,1.0,0.0,0.0,0.0,0.0,1.0,0.0,1.0,0.0,1.0,0.0
1075,1.740670310245557,0.18690037157333333,0.06697565561559765,-0.08289346031945238,1.3494176941058007,North-Charlie,-1.5070860388870189,-0.9832804265380075,1.7366609390023808,8,1,1.0,0.0,0.0,0.0,1.0,0.0,0.0,0.0,0.0,0.0,1.0,0.0,0.0,1.0
1018,0.2162901675855876,-0.02508492699755517,-1.2247525657999625,-1.1457120050987728,1.2346810480633041,East-David,0.781956743399249,0.4772891901960693,0.21418827681807084,9,1,0.0,0.0,0.0,0.0,0.0,1.0,0.0,0.0,0.0,1.0,0.0,0.0,0.0,1.0
1076,-0.6114345222968551,0.469547436334518,1.3142559336539046,1.2210348472464352,1.6936276322332897,West-Eve,-0.9236559945884519,-0.46961003543753504,-0.6131530323022003,4,6,0.0,0.0,1.0,0.0,0.0,0.0,1.0,0.0,0.0,0.0,1.0,1.0,0.0,1.0
1009,-0.9630272060854806,-1.0850114198519978,1.3329764279831402,1.3968237841035425,-0.9453152267441279,South-Charlie,0.6567891211570016,-0.5568990113544573,-0.9624006798723312,3,3,0.0,1.0,0.0,0.0,1.0,0.0,0.0,0.0,0.0,0.0,0.0,0.0,1.0,0.0
1074,-0.5092895041379742,1.1761650982374796,-0.2501437321153343,-0.08211809711105268,0.8904711099358149,North-Eve,1.6877731960339404,2.598493268182546,-0.5102735339073595,11,5,1.0,0.0,0.0,0.0,0.0,0.0,1.0,0.0,0.0,1.0,1.0,1.0,0.0,0.0
1058,-0.43269831294830696,1.0348415658568875,-0.1591521096594393,-0.09166211333080979,0.3167878797233326,South-Eve,0.6772839896147965,1.3705411088911352,-0.43307082039221956,3,3,0.0,1.0,0.0,0.0,0.0,0.0,1.0,0.0,0.0,1.0,1.0,0.0,1.0,1.0
1017,-1.4897888960355063,0.5402092025248142,-0.6520451550387888,-0.5176819038078416,-0.8305785807016316,East-Alice,1.3447500862403126,1.4928390323683187,-1.4896544211459366,12,5,0.0,0.0,0.0,0.0,0.0,0.0,0.0,0.0,1.0,0.0,1.0,1.0,0.0,0.0
1007,-0.4429957566314035,-0.8730261212811092,0.7916486019494857,0.9469157580513577,1.5788909861907932,East-Charlie,1.5706900547750464,-0.05840100193679377,-0.44482142106022704,4,5,0.0,0.0,0.0,0.0,1.0,0.0,0.0,0.0,0.0,0.0,1.0,0.0,0.0,0.0
1046,-0.11362516718005465,1.1055033320471834,-0.4586165117847377,-0.46138348612157853,1.3494176941058007,West-Charlie,-0.032802923422948986,0.6801591497826799,-0.1155555004148874,9,6,0.0,0.0,1.0,0.0,1.0,0.0,0.0,0.0,0.0,0.0,1.0,1.0,0.0,1.0
1013,0.7857809770916169,1.1761650982374796,-0.7760110971330237,-0.7039805365169856,-1.2895251648716173,North-Eve,0.7162880645344787,1.5411348403412168,0.7887160404620438,4,5,1.0,0.0,0.0,0.0,0.0,0.0,1.0,0.0,0.0,1.0,0.0,1.0,0.0,0.0
1040,0.5561163525854733,1.5294739291889605,-0.20164544431856307,-0.07855142635241379,-1.6337351029991065,North-David,1.236247841463747,2.499836032443694,0.5594769922022873,11,6,1.0,0.0,0.0,0.0,0.0,1.0,0.0,1.0,0.0,0.0,0.0,0.0,0.0,0.0
1042,0.7371686081412436,0.8228562672859988,-1.3918257449304954,-1.4385384938856047,0.6609978178508219,West-Alice,-0.48503744299168294,0.06386751769991726,0.73578744915514,5,2,0.0,0.0,1.0,0.0,0.0,0.0,0.0,0.0,0.0,1.0,1.0,1.0,0.0,0.0
1009,-1.6997688850232116,-0.6610408227102207,0.8964283306697326,0.8143638931971975,0.3167878797233326,West-Eve,-0.8159338313102825,-0.7862893973054834,-1.6998629204242508,1,6,0.0,0.0,1.0,0.0,0.0,0.0,1.0,0.0,0.0,0.0,1.0,0.0,0.0,1.0
1050,-0.9715287474743581,1.3881503968083682,-1.6673832360918097,-1.510026981700063,1.4641543401482973,North-Bob,1.5650876512865801,2.726195985086222,-0.9725765722772499,5,2,1.0,0.0,0.0,1.0,0.0,0.0,0.0,0.0,0.0,1.0,1.0,0.0,1.0,1.0
1027,0.573354905918439,-0.23707022556844368,0.5397369368331271,0.6186340243713365,-0.9453152267441279,South-Bob,0.7996149518628887,0.2870059120708914,0.5753364675524658,7,4,0.0,1.0,0.0,1.0,0.0,0.0,0.0,0.0,1.0,0.0,0.0,1.0,0.0,0.0
1066,-0.044906424403403235,-0.378393757949036,-1.0726529595931529,-1.1670062983040064,-1.4042618109141138,South-Alice,-0.9608871570117858,-0.7599141524033896,-0.04278141619833656,8,0,0.0,1.0,0.0,0.0,0.0,0.0,0.0,1.0,0.0,0.0,0.0,0.0,0.0,1.0
1005,-1.7103826324371882,1.2468268644277758,-0.8996171654199496,-0.9149216217403621,-0.8305785807016316,West-David,-0.16371478215336957,0.6256223766699041,-1.710420619231718,11,1,0.0,0.0,1.0,0.0,0.0,1.0,0.0,0.0,0.0,1.0,0.0,0.0,0.0,1.0
1029,1.0702434657297886,0.11623860538303717,0.5088160148011978,0.6119729495355387,-1.6337351029991065,South-Eve,1.0433549618609643,0.7937516987405462,1.0743665121317432,6,0,0.0,1.0,0.0,0.0,0.0,0.0,1.0,0.0,1.0,0.0,0.0,1.0,0.0,1.0
1037,0.9599975575744785,1.1055033320471834,1.756865434898263,1.7725436486247492,-1.6337351029991065,North-Charlie,0.17675533364551782,0.9028105430458605,0.9639571186704404,1,0,1.0,0.0,0.0,0.0,1.0,0.0,0.0,0.0,0.0,0.0,0.0,0.0,1.0,0.0
1038,0.17926857312902128,-0.6610408227102207,1.005103164127913,1.0571301137471647,1.3494176941058007,East-Alice,0.5343163259092081,-0.22644027474599285,0.17700984712943144,2,3,0.0,0.0,0.0,0.0,0.0,0.0,0.0,0.0,0.0,1.0,0.0,1.0,0.0,1.0
1083,-1.4976191706177384,0.6108709687151104,-0.9225432438502871,-0.8325850977647468,-0.4863686425741423,East-David,0.8950685606663238,1.1780010860098424,-1.4975708623617172,1,2,0.0,0.0,0.0,0.0,0.0,1.0,0.0,0.0,0.0,0.0,0.0,0.0,0.0,0.0
1008,0.9380987959398792,0.469547436334518,-1.0965457578588105,-1.051914203151721,-0.37163199653164597,South-Charlie,0.4371607211092721,0.6588505541416674,0.9390488538969671,9,0,0.0,1.0,0.0,0.0,1.0,0.0,0.0,0.0,1.0,0.0,0.0,0.0,1.0,0.0
1065,0.30206822491437285,0.045576839192741,1.3142771027013938,1.3280208724927234,-1.6337351029991065,West-Bob,0.15250189069546138,0.11996636983769113,0.30505213276323145,8,0,0.0,0.0,1.0,1.0,0.0,0.0,0.0,0.0,0.0,0.0,1.0,1.0,0.0,1.0
1086,0.9918352853305098,-0.02508492699755517,-0.15989302632154637,-0.07219344804353571,-0.8305785807016316,West-Bob,0.8806015946961137,0.5411965997188047,0.9939099108907277,5,3,0.0,0.0,1.0,1.0,0.0,0.0,0.0,0.0,1.0,0.0,0.0,0.0,0.0,0.0
1017,0.8867170121013561,-1.650305549374367,-1.2326697895607623,-1.151428546571611,1.005207755978311,West-Charlie,0.8040117748538329,-1.0575876068871766,0.8844615722799107,2,1,0.0,0.0,1.0,0.0,1.0,0.0,0.0,0.0,1.0,0.0,0.0,1.0,0.0,1.0
1071,1.0650490555715577,-0.9436878874714054,1.3002349678671763,1.345008375513118,0.3167878797233326,West-Alice,0.4645344900529058,-0.489604646957518,1.064347378799107,11,4,0.0,0.0,1.0,0.0,0.0,0.0,0.0,0.0,1.0,0.0,0.0,0.0,1.0,1.0
1089,0.0734579461778296,1.0348415658568875,1.1391455728268023,1.0908090720174743,0.8904711099358149,West-Bob,-0.4739744690144633,0.1771862433934034,0.07205400735694058,9,4,0.0,0.0,1.0,1.0,0.0,0.0,0.0,0.0,0.0,1.0,0.0,0.0,1.0,0.0
1045,-1.2406329327353516,-1.155673186042294,1.7253023850925078,1.6922301177474137,-0.2568953504891494,South-Eve,-0.3140577618437717,-0.8468668218949272,-1.2405657706706448,6,6,0.0,1.0,0.0,0.0,0.0,0.0,1.0,0.0,0.0,0.0,1.0,0.0,1.0,0.0
1004,0.6063172691620442,-0.9436878874714054,1.4662567509724334,1.6284741157476323,-0.7158419346591353,East-Charlie,1.647918123116013,-0.12160823250832473,0.6078530857776532,3,4,0.0,0.0,0.0,0.0,1.0,0.0,0.0,0.0,0.0,0.0,0.0,0.0,1.0,1.0
1036,0.4299709102245899,0.045576839192741,1.2638312625356554,1.129908523990142,-0.1421587044466529,East-Charlie,-1.33369519674408,-0.8813850928673389,0.4302877916917711,2,0,0.0,0.0,0.0,0.0,1.0,0.0,0.0,1.0,0.0,0.0,1.0,0.0,1.0,1.0
1070,0.8536843591397775,-1.155673186042294,-1.527745142506722,-1.6047411219843146,-0.6011052886166387,South-Bob,-0.7911839728612484,-0.9581456561557675,0.8551266089550468,11,6,0.0,1.0,0.0,1.0,0.0,0.0,0.0,1.0,0.0,0.0,1.0,1.0,0.0,1.0
1031,-1.1377955608544332,-1.0850114198519978,-1.3466651102877867,-1.3465240273178722,1.1199444020208076,West-Alice,-0.01315905296340252,-0.7305103119328282,-1.1384521512888262,6,6,0.0,0.0,1.0,0.0,0.0,0.0,0.0,1.0,0.0,0.0,1.0,0.0,1.0,1.0
1019,-1.0504851876738288,0.469547436334518,0.2760199995671978,0.39334167103612405,-0.7158419346591353,South-Eve,1.183344132572689,1.2776249730041622,-1.0500787279626649,10,2,0.0,1.0,0.0,0.0,0.0,0.0,1.0,1.0,0.0,0.0,0.0,0.0,1.0,0.0
1061,1.369168063840978,0.6108709687151104,0.14501887735752864,0.030013520336433532,0.5462611718083257,East-Alice,-1.155482032611066,-0.6286995143035106,1.3677719205660923,3,2,0.0,0.0,0.0,0.0,0.0,0.0,0.0,0.0,0.0,0.0,0.0,0.0,0.0,0.0
1054,0.88055963280689,1.6001356953792567,-0.11176166868124712,-0.18736307951666098,-1.2895251648716173,North-David,-0.7618245419217068,0.09303245196665565,0.8836067662541637,4,0,1.0,0.0,0.0,0.0,0.0,1.0,0.0,0.0,1.0,0.0,0.0,0.0,1.0,0.0
1039,1.4311671095793768,-0.378393757949036,-0.32543497768372504,-0.4737399561608949,0.6609978178508219,South-David,-1.495597565910679,-1.0370453488384308,1.4294248970463719,2,3,0.0,1.0,0.0,0.0,0.0,1.0,0.0,0.0,1.0,0.0,1.0,0.0,0.0,1.0
1091,0.9109599358303664,0.9641797996665912,-0.2052089006458394,-0.1325308031699175,1.3494176941058007,West-Bob,0.7289821180083397,1.3587189272819433,0.9078808367176714,10,5,0.0,0.0,1.0,1.0,0.0,0.0,0.0,0.0,0.0,1.0,1.0,0.0,0.0,0.0
1074,0.3488390032538439,-1.650305549374367,0.277113733687451,0.18770829941206593,0.3167878797233326,East-Bob,-0.8964949751443873,-1.1457219432176258,0.3482947324545025,8,5,0.0,0.0,0.0,1.0,0.0,0.0,0.0,0.0,1.0,0.0,1.0,0.0,0.0,0.0
1090,0.5470806093399984,-1.7209673155646632,-1.7041256461831507,-1.739428760039794,0.20205123368083638,East-Bob,-0.3736276217211045,-1.1554601276334697,0.5467242450329313,11,1,0.0,0.0,0.0,1.0,0.0,0.0,0.0,0.0,0.0,0.0,1.0,1.0,0.0,0.0
1019,1.3647116957214678,0.7521945010957027,-0.8007506572982326,-0.8180223669597112,1.5788909861907932,East-David,-0.18243673811481534,0.31221602979433816,1.36049711398909,12,4,0.0,0.0,0.0,0.0,0.0,1.0,0.0,0.0,0.0,0.0,0.0,1.0,0.0,0.0
1039,0.2849983669045431,-0.09574669318785134,0.09891269192698826,0.23527330786917197,0.4315245257658291,East-Alice,1.3729748531821921,0.7780831272497958,0.28426290118303305,4,1,0.0,0.0,0.0,0.0,0.0,0.0,0.0,0.0,0.0,0.0,0.0,0.0,0.0,1.0
1067,0.4714348148570727,0.11623860538303717,0.8112440835749235,0.7810585190182076,-0.8305785807016316,West-Alice,-0.2949103068832025,-0.14260808782439338,0.4731025877885259,7,2,0.0,0.0,1.0,0.0,0.0,0.0,0.0,0.0,0.0,1.0,0.0,1.0,0.0,0.0
1045,-1.1844327887297548,-1.650305549374367,-1.1030658244853517,-1.2231003020535094,-0.7158419346591353,North-Bob,-1.219590548479049,-1.1624674303656104,-1.1841176341995205,11,6,1.0,0.0,0.0,1.0,0.0,0.0,0.0,1.0,0.0,0.0,1.0,0.0,1.0,0.0
1013,-0.07993530535542523,0.3988856701442218,0.19881648337565505,0.20831181448617975,0.6609978178508219,East-Eve,0.09768343630834336,0.328287066351528,-0.08089136505738936,2,5,0.0,0.0,0.0,0.0,0.0,0.0,1.0,0.0,1.0,0.0,1.0,1.0,0.0,0.0
1092,0.763720549105679,-0.802364355090813,0.7841547591384613,0.9445262296181982,0.7757344638933183,South-Alice,1.6219626841694597,0.047423419916755555,0.762072402858182,2,3,0.0,1.0,0.0,0.0,0.0,0.0,0.0,0.0,0.0,0.0,0.0,0.0,1.0,0.0
1058,-0.7861677322068209,-1.650305549374367,-0.1583406295057034,-0.11965977391048153,-0.7158419346591353,North-David,0.3874482547116438,-1.0791773767526864,-0.7855811008994203,12,2,1.0,0.0,0.0,0.0,0.0,1.0,0.0,0.0,0.0,0.0,0.0,0.0,1.0,1.0
1020,-1.0251562878021299,0.2575621377636295,-1.6167892125936503,-1.4467784901639622,-0.6011052886166387,East-Charlie,1.6929501005232794,1.4290437249873773,-1.0248065653909233,2,3,0.0,0.0,0.0,0.0,1.0,0.0,0.0,1.0,0.0,0.0,1.0,1.0,0.0,1.0
1092,-0.6369567188929809,-0.7317025889005169,-0.1421321954784686,-0.022852152963550563,1.6936276322332897,North-Charlie,1.1985202635414365,-0.028622262500233888,-0.6386389446050579,12,2,1.0,0.0,0.0,0.0,1.0,0.0,0.0,0.0,0.0,0.0,0.0,1.0,0.0,0.0
1072,-0.8886044526952913,-0.9436878874714054,-0.6759308969552837,-0.8341640192073064,-1.4042618109141138,South-Charlie,-1.5992774886971761,-1.1313875709882273,-0.8875615701815387,8,4,0.0,1.0,0.0,0.0,1.0,0.0,0.0,0.0,1.0,0.0,0.0,0.0,0.0,1.0
1061,-0.9811127505200252,0.8228562672859988,1.5357900156238793,1.5901641244962443,-0.37163199653164597,East-Eve,0.5636757568487453,1.069398001231822,-0.9808942452892269,10,0,0.0,0.0,0.0,0.0,0.0,0.0,1.0,0.0,0.0,1.0,1.0,1.0,0.0,1.0
1039,-0.2506690303127067,0.18690037157333333,-1.2761157313568805,-1.347073830320192,-1.5189984569566104,South-Bob,-0.7277137054919501,-0.41777106468793734,-0.24865635884535983,9,1,0.0,1.0,0.0,1.0,0.0,0.0,0.0,0.0,0.0,0.0,1.0,1.0,0.0,1.0
1001,1.4298105180224914,-0.378393757949036,0.5676518541216515,0.5889446622460656,1.1199444020208076,West-David,0.2203689810557035,-0.14768943900571305,1.426789459152668,8,4,0.0,0.0,1.0,0.0,0.0,1.0,0.0,0.0,1.0,0.0,1.0,1.0,0.0,1.0
1003,0.03536443352216952,0.9641797996665912,-1.5272370853669919,-1.6004907218509958,-1.4042618109141138,East-Eve,-0.7535273114387931,-0.13958132999595593,0.03759239699643483,5,5,0.0,0.0,0.0,0.0,0.0,0.0,1.0,0.0,0.0,0.0,0.0,0.0,1.0,0.0
1077,-1.0750303571901247,-0.09574669318785134,-0.15295663509439292,-0.2036739019188163,0.5462611718083257,East-David,-0.5119147964363369,-0.3942038865507831,-1.075399710102133,12,5,0.0,0.0,0.0,0.0,0.0,1.0,0.0,1.0,0.0,0.0,1.0,0.0,1.0,1.0
1092,-1.4610579738138971,-0.30773199175873983,0.22361249433416713,0.37084204047965114,-1.5189984569566104,East-David,1.4836755094542318,0.5920284889322894,-1.4607189757051255,6,5,0.0,0.0,0.0,0.0,0.0,1.0,0.0,0.0,0.0,0.0,0.0,0.0,1.0,1.0
1062,0.6932972806681735,-1.0850114198519978,-0.6706527477814171,-0.7699357505260457,0.5462611718083257,East-Bob,-1.0061318839186153,-0.9878306708508288,0.6921850658995582,4,6,0.0,0.0,0.0,1.0,0.0,0.0,0.0,0.0,0.0,0.0,0.0,0.0,0.0,0.0
1063,-0.396980592760146,1.4588121629986643,-0.12185224798422743,0.008803812208479811,1.1199444020208076,West-Charlie,1.3131922438052979,2.5130016020143873,-0.39831938815696055,12,1,0.0,0.0,1.0,0.0,1.0,0.0,0.0,0.0,0.0,1.0,1.0,0.0,0.0,0.0
1025,1.1305625872086238,-0.802364355090813,-1.1401046012415355,-1.2997414308256063,-0.37163199653164597,East-Bob,-1.6184249436577463,-1.128182552376936,1.1315860072770818,2,1,0.0,0.0,0.0,1.0,0.0,0.0,0.0,1.0,0.0,0.0,0.0,0.0,0.0,0.0
1056,0.5657952467504045,0.8228562672859988,-0.6491097137870127,-0.7884034923988401,0.08731458763833985,North-Eve,-1.4084411875901568,-0.8215133604491865,0.5656699935557805,2,1,1.0,0.0,0.0,0.0,0.0,0.0,1.0,1.0,0.0,0.0,1.0,0.0,1.0,0.0
1033,1.041526601451774,-0.5197172903296283,0.45808086431977973,0.5814024928552676,-0.37163199653164597,East-Eve,1.2456797359443237,0.22611055845635727,1.04251608335524,10,1,0.0,0.0,0.0,0.0,0.0,0.0,1.0,0.0,0.0,1.0,1.0,1.0,0.0,1.0
1038,-0.7826743332235452,-0.09574669318785134,-0.6572245153243743,-0.6101122470055338,-0.7158419346591353,West-Eve,0.4668747345480845,0.21454382271125041,-0.7820853206459782,6,6,0.0,0.0,1.0,0.0,0.0,0.0,1.0,0.0,0.0,0.0,0.0,0.0,0.0,0.0
1006,0.6800828136891828,-0.802364355090813,1.4313278226159634,1.5164975709418258,1.005207755978311,East-Bob,0.8723752807130515,-0.22452534963534984,0.6779969639502016,9,1,0.0,0.0,0.0,1.0,0.0,0.0,0.0,0.0,1.0,0.0,0.0,0.0,0.0,1.0
1058,-0.810108410148546,0.6108709687151104,0.4835754538454214,0.3840020687531272,-0.8305785807016316,North-David,-0.996558156438329,-0.4886747505026364,-0.8094425564303762,12,4,1.0,0.0,0.0,0.0,0.0,1.0,0.0,1.0,0.0,0.0,1.0,0.0,1.0,1.0
1044,1.5384713930375025,-0.9436878874714054,-0.17922742302795605,-0.16491279025526778,0.7757344638933183,West-David,0.1420771652169268,-0.5898790939222506,1.5363425840076208,2,1,0.0,0.0,1.0,0.0,0.0,1.0,0.0,1.0,0.0,0.0,1.0,0.0,0.0,0.0
1045,0.4852959472414184,-0.23707022556844368,-1.5760035144319542,-1.4910587781200286,-1.0600518727866246,West-Alice,0.8375552792847575,0.3086361122170469,0.48742513099177137,12,0,0.0,0.0,1.0,0.0,0.0,0.0,0.0,0.0,0.0,0.0,1.0,1.0,0.0,0.0
1032,-0.5997804870568728,-1.3676584846131823,0.03348622248836439,0.07873452484969912,-0.9453152267441279,North-Eve,0.4555990110713047,-0.8423404682024908,-0.5988335899106362,6,4,1.0,0.0,0.0,0.0,0.0,0.0,1.0,0.0,0.0,0.0,1.0,0.0,1.0,1.0
1045,-0.7911442442393345,0.7521945010957027,0.9599001913902269,0.9504048924891566,-0.6011052886166387,North-David,-0.08513930031517566,0.40298568532696133,-0.7906584461205424,6,0,1.0,0.0,0.0,0.0,0.0,1.0,0.0,1.0,0.0,0.0,1.0,0.0,1.0,1.0
1061,-1.0645712471556894,1.3881503968083682,-0.7838154193072168,-0.6228563986490501,0.3167878797233326,North-Alice,1.6108997101922415,2.7796190877411737,-1.0648048839236481,12,4,1.0,0.0,0.0,0.0,0.0,0.0,0.0,0.0,0.0,0.0,1.0,1.0,0.0,0.0
1047,0.6880255518201719,0.7521945010957027,1.1065946341382378,1.1675629808926116,-0.1421587044466529,North-David,0.6253731117216964,1.0658291100947097,0.6883891042654282,7,0,1.0,0.0,0.0,0.0,0.0,1.0,0.0,0.0,1.0,0.0,0.0,1.0,0.0,0.0
1021,-0.9678842255974395,-0.23707022556844368,-0.8318479880592351,-0.6888045639016701,0.7757344638933183,North-Eve,1.4301335520644856,0.6464715373035617,-0.9684580677954229,6,6,1.0,0.0,0.0,0.0,0.0,0.0,1.0,1.0,0.0,0.0,0.0,1.0,0.0,0.0
1080,0.3423934361156871,-0.802364355090813,1.1658750234559554,1.245296666912908,-1.0600518727866246,West-Charlie,0.8116707568380614,-0.24654882614779902,0.3443822719632398,7,4,0.0,0.0,1.0,0.0,1.0,0.0,0.0,0.0,1.0,0.0,0.0,0.0,0.0,1.0
1085,-0.8081121821581028,-0.6610408227102207,-1.413545187653973,-1.3293814516557974,-1.748471749041603,West-Eve,0.8314564602973169,-0.10323818317434183,-0.8066788359615411,1,5,0.0,0.0,1.0,0.0,0.0,0.0,1.0,0.0,1.0,0.0,0.0,1.0,0.0,1.0
1075,0.5743459909418632,0.7521945010957027,1.314107750321483,1.1689515859112907,0.8904711099358149,East-Bob,-1.4461687655124655,-0.8667309538728213,0.5725811283216982,5,5,0.0,0.0,0.0,1.0,0.0,0.0,0.0,0.0,0.0,0.0,1.0,0.0,1.0,0.0
1036,1.1065832499220134,-0.02508492699755517,0.032223135988200834,-0.015035082071592812,1.1199444020208076,East-David,-0.47510913301212565,-0.3371053038370094,1.1038598460075906,8,2,0.0,0.0,0.0,0.0,0.0,1.0,0.0,0.0,1.0,0.0,0.0,1.0,0.0,1.0
1099,0.9781463627551987,0.469547436334518,-0.6756063048937895,-0.549788989392032,-1.5189984569566104,South-David,1.2585156224178926,1.3399611148017532,0.9818581868767623,2,1,0.0,1.0,0.0,0.0,0.0,1.0,0.0,0.0,0.0,0.0,0.0,0.0,1.0,0.0
1019,0.918393073506049,0.5402092025248142,-0.78536781612306,-0.875561365779414,0.3167878797233326,East-Bob,-0.915926096104372,-0.4404156973303282,0.9177236282381612,11,4,0.0,0.0,0.0,1.0,0.0,0.0,0.0,0.0,0.0,1.0,1.0,0.0,1.0,1.0
1020,-1.0757191964262638,1.3881503968083682,-0.2024145863773218,-0.3336811656981369,-0.4863686425741423,East-Bob,-1.3228449722664186,-0.6415269397087888,-1.0754678142615237,9,2,0.0,0.0,0.0,1.0,0.0,0.0,0.0,0.0,0.0,0.0,0.0,0.0,0.0,1.0
1057,-1.4213477976448496,0.7521945010957027,1.7781967784177803,1.7175351533670058,1.005207755978311,North-Charlie,-0.5910576102733605,-0.06899005998625583,-1.4217089484065684,1,1,1.0,0.0,0.0,0.0,1.0,0.0,0.0,0.0,1.0,0.0,1.0,1.0,0.0,0.0
1018,0.7030113196920915,-0.378393757949036,-0.9418000207159047,-1.0360333548924057,1.2346810480633041,North-David,-0.9582632465171875,-0.7585542247816254,0.7004124658318485,1,0,1.0,0.0,0.0,0.0,0.0,1.0,0.0,0.0,0.0,1.0,1.0,0.0,0.0,0.0
1047,-0.44726234251238633,-0.5197172903296283,-1.350856581690563,-1.2011998157944361,1.2346810480633041,East-David,1.4910508254390415,0.3405650074880177,-0.4486867178150889,6,4,0.0,0.0,0.0,0.0,0.0,1.0,0.0,0.0,0.0,0.0,1.0,1.0,0.0,0.0
1049,-0.22458803045869327,0.893518033476295,0.3320826936666229,0.4601286383051043,0.8904711099358149,South-Charlie,1.2918463773492561,1.8475816657254085,-0.22577720694422382,12,4,0.0,1.0,0.0,0.0,1.0,0.0,0.0,0.0,1.0,0.0,1.0,1.0,0.0,1.0
1014,-1.6204891121210634,-1.5796437831840708,-0.004949711402078533,-0.003742974254716222,-0.8305785807016316,North-Alice,0.012087220984610117,-1.051798725794535,-1.6204568195497497,6,2,1.0,0.0,0.0,0.0,0.0,0.0,0.0,1.0,0.0,0.0,1.0,1.0,0.0,1.0
1015,-0.825712727538631,-0.16640845937814752,0.11958073862519032,-0.030739711419908226,1.005207755978311,East-Charlie,-1.5110573628788437,-1.0229719356932085,-0.8265627315561712,2,2,0.0,0.0,0.0,0.0,1.0,0.0,0.0,1.0,0.0,0.0,0.0,1.0,0.0,0.0
1031,-1.6116958684025966,0.469547436334518,0.6181541450806928,0.6929138197360339,0.08731458763833985,East-Eve,0.7588379644468558,0.9256021948906005,-1.6117787483728039,3,3,0.0,0.0,0.0,0.0,0.0,0.0,1.0,0.0,0.0,0.0,0.0,1.0,0.0,1.0
1001,1.3301186110208805,1.3881503968083682,-0.7782761852143222,-0.7335007284876968,-1.5189984569566104,West-David,0.44205395959919686,1.4165856853280063,1.3343171271087273,12,4,0.0,0.0,1.0,0.0,0.0,1.0,0.0,0.0,0.0,0.0,0.0,0.0,1.0,0.0
1054,-0.8820077626634918,-0.6610408227102207,1.4694744461907265,1.6317306412229113,-0.1421587044466529,South-Bob,1.648343622115133,0.23546465520605386,-0.8819281616710917,9,4,0.0,1.0,0.0,1.0,0.0,0.0,0.0,1.0,0.0,0.0,1.0,0.0,1.0,1.0
1003,0.21029796912835927,-1.4383202508034785,-0.18962142534494195,-0.1677393415877071,1.4641543401482973,West-Eve,0.21809965306037546,-0.9314396180483802,0.20780670922422445,7,1,0.0,0.0,1.0,0.0,0.0,0.0,1.0,0.0,1.0,0.0,0.0,1.0,0.0,0.0
1016,-1.5932448174345908,-1.5089820169937747,-1.2604929743101685,-1.314332356656402,1.3494176941058007,South-David,-0.5553156943469617,-1.0637807907862886,-1.593516199586265,3,5,0.0,1.0,0.0,0.0,0.0,1.0,0.0,0.0,1.0,0.0,0.0,0.0,1.0,1.0
1087,0.5913209578324288,-0.30773199175873983,0.8813912506035433,0.8883264945220951,-1.4042618109141138,North-Charlie,0.07931606284616549,-0.17221959291828012,0.594261990222391,1,3,1.0,0.0,0.0,0.0,1.0,0.0,0.0,0.0,1.0,0.0,0.0,0.0,0.0,1.0
1057,-0.6049467813279146,1.0348415658568875,0.5349174503548505,0.7011890597965916,0.7757344638933183,South-Eve,1.6786249675527791,2.4084966775019545,-0.6057457933636086,10,6,0.0,1.0,0.0,0.0,0.0,0.0,1.0,0.0,0.0,0.0,0.0,0.0,0.0,1.0
1075,1.3952982664975733,-0.802364355090813,-0.6085215934018783,-0.5387294905376753,1.005207755978311,East-David,0.6955804465771205,-0.2886661521418198,1.392625420760091,8,5,0.0,0.0,0.0,0.0,0.0,1.0,0.0,0.0,0.0,1.0,1.0,0.0,0.0,1.0
1012,1.3611972098228,0.9641797996665912,0.45952035954901604,0.5197399715181662,-0.8305785807016316,East-Alice,0.6108352292516324,1.23931360661105,1.3635606050488263,1,4,0.0,0.0,0.0,0.0,0.0,0.0,0.0,0.0,0.0,1.0,0.0,1.0,0.0,0.0
1074,-0.5970708184289999,0.3988856701442218,-0.943422981023377,-1.0306622024851273,-0.1421587044466529,South-Alice,-0.8879140786620556,-0.463481172439454,-0.5969396846069831,2,2,0.0,1.0,0.0,0.0,0.0,0.0,0.0,0.0,0.0,1.0,1.0,1.0,0.0,1.0
1096,1.4058803835384621,-0.802364355090813,-0.1576067691927594,-0.07198198535033565,0.6609978178508219,South-Bob,0.8597521437390508,-0.22910499778863797,1.4041513264547956,6,6,0.0,1.0,0.0,1.0,0.0,0.0,0.0,0.0,0.0,1.0,1.0,0.0,1.0,0.0
1016,1.7371031070584086,-1.3676584846131823,1.4301705813532444,1.5163847908387864,-0.2568953504891494,South-David,0.8828709226914416,-0.7759061661393161,1.7380070584133136,4,6,0.0,1.0,0.0,0.0,0.0,1.0,0.0,0.0,0.0,1.0,0.0,0.0,1.0,0.0
1072,1.1430354976629964,-0.9436878874714054,-1.2449619498025746,-1.3054156797598047,-1.4042618109141138,West-Alice,-0.6216935382102727,-0.8273886153232103,1.1466841582063996,8,0,0.0,0.0,1.0,0.0,0.0,0.0,0.0,0.0,0.0,0.0,1.0,0.0,1.0,0.0
1076,1.2107280105572364,-0.6610408227102207,-0.36068849810168924,-0.3646111089568477,0.6609978178508219,South-Charlie,-0.043369481901191394,-0.46596395921918743,1.2091004817280329,1,1,0.0,1.0,0.0,0.0,1.0,0.0,0.0,0.0,0.0,0.0,1.0,0.0,0.0,0.0
1024,-0.8624812790104935,-0.5903790565199245,1.1567864457341102,1.085917235048116,1.3494176941058007,North-David,-0.7004817695480234,-0.7100525899254333,-0.8635719939977332,12,1,1.0,0.0,0.0,0.0,0.0,1.0,0.0,0.0,0.0,1.0,1.0,0.0,0.0,1.0
1028,0.2776741782917197,1.3881503968083682,1.6749482774658873,1.591122755372084,0.5462611718083257,West-Charlie,-0.8252238927911483,-0.06123295932211201,0.27673656383068884,8,4,0.0,0.0,1.0,0.0,1.0,0.0,0.0,0.0,0.0,0.0,1.0,0.0,0.0,0.0
1008,-1.4948638136731829,-0.16640845937814752,-0.12586731065793078,-0.28816734536507077,0.8904711099358149,West-Charlie,-1.6342393231251795,-1.0963914876081704,-1.4951376703250727,12,2,0.0,0.0,1.0,0.0,1.0,0.0,0.0,0.0,0.0,0.0,1.0,0.0,0.0,1.0
1092,-1.3986161028522666,-0.802364355090813,0.059517094550388026,-0.013420916846833324,-0.4863686425741423,South-Alice,-0.7331742759807053,-0.8070154293571702,-1.3985201412632846,7,4,0.0,1.0,0.0,0.0,0.0,0.0,0.0,0.0,0.0,1.0,1.0,0.0,1.0,1.0
1036,1.7466203348720017,-1.296996718422886,0.28715491854629077,0.3068040882222701,-1.174788518829121,North-David,0.2007960270960077,-0.8302352746287668,1.7503399140036107,12,6,1.0,0.0,0.0,0.0,0.0,1.0,0.0,0.0,1.0,0.0,1.0,1.0,0.0,1.0
1090,-0.5923789797542784,1.4588121629986643,1.5452102417563813,1.3727170370787494,0.4315245257658291,West-Eve,-1.7187008744512537,-1.1011677739446097,-0.5928337421261186,12,6,0.0,0.0,1.0,0.0,0.0,0.0,1.0,0.0,0.0,0.0,0.0,1.0,0.0,1.0
1008,0.8743179058508561,0.469547436334518,1.2862422274770995,1.2113005146027978,-0.6011052886166387,East-Alice,-0.7400531764665417,-0.31735694948097154,0.8757721538711151,6,0,0.0,0.0,0.0,0.0,0.0,0.0,0.0,0.0,1.0,0.0,0.0,0.0,0.0,0.0
1058,1.0777925814401268,-0.7317025889005169,-1.1154849990120965,-0.9812363223278623,1.2346810480633041,West-Alice,1.3385803507530167,0.025820785871039944,1.0748110598981364,11,2,0.0,0.0,1.0,0.0,0.0,0.0,0.0,0.0,0.0,0.0,1.0,1.0,0.0,1.0
1060,1.2564866169578914,1.317488630618072,-0.18583216584445225,-0.1519712734314316,-1.2895251648716173,South-David,0.33865770281211854,1.2407158022534928,1.2599782615209287,3,2,0.0,1.0,0.0,0.0,0.0,1.0,0.0,0.0,0.0,0.0,1.0,1.0,0.0,0.0
1050,1.7422201985268695,-0.5903790565199245,-0.09067729738243248,-0.05201285835582171,-0.2568953504891494,North-David,0.388015586710475,-0.23052557083137304,1.7431255878626024,8,0,1.0,0.0,0.0,0.0,0.0,1.0,0.0,0.0,0.0,1.0,0.0,1.0,0.0,1.0
1028,-0.888618510638886,1.1055033320471834,1.0448515789626596,1.0116656347091784,-0.37163199653164597,South-Charlie,-0.3225677418262494,0.37228991361572455,-0.888364749048008,8,5,0.0,1.0,0.0,0.0,1.0,0.0,0.0,0.0,0.0,0.0,0.0,0.0,0.0,1.0
1092,-1.5884756600700982,1.5294739291889605,0.3944608202668642,0.45630116355818523,1.4641543401482973,East-David,0.6264368592195033,1.757107886337517,-1.5887699709976193,11,2,0.0,0.0,0.0,0.0,0.0,1.0,0.0,1.0,0.0,0.0,0.0,0.0,1.0,0.0
1041,-0.2981919086344928,1.317488630618072,0.573741483449254,0.467346564899662,-1.174788518829121,East-Charlie,-1.064212497299011,-0.35886782126528377,-0.2966853924276533,3,2,0.0,0.0,0.0,0.0,1.0,0.0,0.0,1.0,0.0,0.0,0.0,0.0,1.0,1.0
1100,-1.2762733342337416,0.6108709687151104,1.7752260554201895,1.8847246073673154,-1.748471749041603,East-Alice,1.1208666962013434,1.3769474706336573,-1.275581121439753,12,4,0.0,0.0,0.0,0.0,0.0,0.0,0.0,0.0,0.0,1.0,1.0,1.0,0.0,1.0
1064,-1.6508402123419583,-1.4383202508034785,-1.4495537374323701,-1.5790695510298423,-0.9453152267441279,South-Bob,-1.3187318152748913,-1.1305679389351102,-1.6508203132036336,8,3,0.0,1.0,0.0,1.0,0.0,0.0,0.0,0.0,1.0,0.0,1.0,0.0,1.0,1.0
1027,-0.4748194264438405,1.3881503968083682,-0.9324291890275426,-0.8762309976412138,1.1199444020208076,West-Eve,0.5553076098659769,1.5486548725415605,-0.4760865412714237,2,0,0.0,0.0,1.0,0.0,0.0,0.0,1.0,0.0,1.0,0.0,0.0,0.0,1.0,1.0
1063,0.998024294998064,0.11623860538303717,-0.2866462263351361,-0.3398911201217753,-1.0600518727866246,South-Alice,-0.5387921498809892,-0.3132477627752098,1.0006570412662974,10,3,0.0,1.0,0.0,0.0,0.0,0.0,0.0,0.0,1.0,0.0,0.0,0.0,0.0,1.0
1017,0.2410672931711956,-0.16640845937814752,-0.49661495202707917,-0.40927907851711415,-0.9453152267441279,North-David,0.873297195211157,0.3981634554897893,0.24275578872376177,7,5,1.0,0.0,0.0,0.0,0.0,1.0,0.0,1.0,0.0,0.0,0.0,0.0,0.0,0.0
1073,-0.6406082697416966,1.0348415658568875,-1.6357707918419138,-1.6155116218246315,-1.2895251648716173,West-Eve,0.18611631162623826,0.8614136111433658,-0.6393598261201952,12,0,0.0,0.0,1.0,0.0,0.0,0.0,1.0,0.0,1.0,0.0,0.0,1.0,0.0,1.0
1033,0.5478116224069213,-0.802364355090813,-1.3908096306510345,-1.4044577564982148,0.6609978178508219,East-Bob,-0.15236814217673467,-0.5963001575850095,0.5465289766181637,8,2,0.0,0.0,0.0,1.0,0.0,0.0,0.0,0.0,1.0,0.0,1.0,1.0,0.0,1.0
1084,-0.9215984463119846,-0.7317025889005169,0.6671181519222168,0.5535387586479559,-1.5189984569566104,South-Bob,-1.1354835796522469,-0.9358777602194054,-0.9205135069551064,11,0,0.0,1.0,0.0,1.0,0.0,0.0,0.0,0.0,0.0,1.0,0.0,1.0,0.0,0.0
1077,-1.6788295780389488,1.2468268644277758,1.3600093016262988,1.407114968505939,-0.6011052886166387,East-Charlie,0.4886461000032512,1.3525533094832698,-1.6788599602332337,8,0,0.0,0.0,0.0,0.0,1.0,0.0,0.0,0.0,1.0,0.0,0.0,0.0,0.0,1.0
1092,0.9305777961167303,0.5402092025248142,0.08475765550616433,0.24996291629012732,-0.8305785807016316,East-Eve,1.6630233375849048,1.7650156816840696,0.932604530155068,7,1,0.0,0.0,0.0,0.0,0.0,0.0,1.0,1.0,0.0,0.0,0.0,0.0,1.0,0.0
1029,0.44134730107857784,0.3988856701442218,0.17196001846156933,0.2855520875556768,0.20205123368083638,North-Charlie,1.1446946401522795,1.1693912739720564,0.4410035843743246,1,1,1.0,0.0,0.0,0.0,1.0,0.0,0.0,1.0,0.0,0.0,1.0,0.0,0.0,1.0
1013,0.9234433897424346,0.6815327349054066,-0.820367307971159,-0.9701415796913055,0.7757344638933183,West-Alice,-1.515737851869206,-0.9388732764673448,0.9216961499275127,1,3,0.0,0.0,1.0,0.0,0.0,0.0,0.0,1.0,0.0,0.0,1.0,0.0,0.0,1.0
1046,-1.5933889113564361,-0.5903790565199245,0.9707316873553139,0.9282506509982433,0.08731458763833985,North-Eve,-0.41688668663202044,-0.585117509506048,-1.5934721475736993,7,2,1.0,0.0,0.0,0.0,0.0,0.0,1.0,0.0,0.0,1.0,1.0,0.0,1.0,0.0
1035,1.183754331284961,0.18690037157333333,0.9145560916692824,1.0618809755877232,1.4641543401482973,North-Alice,1.4921145729368508,1.1929272105287099,1.180074131358634,1,6,1.0,0.0,0.0,0.0,0.0,0.0,0.0,0.0,0.0,1.0,0.0,0.0,1.0,1.0
1006,0.4266743224516398,-0.4490555241393322,0.3437186134362831,0.3457132237710586,1.5788909861907932,North-Charlie,0.023788443460514928,-0.2967099402505468,0.4236993736639999,4,6,1.0,0.0,0.0,0.0,1.0,0.0,0.0,0.0,0.0,0.0,0.0,1.0,0.0,1.0
1082,0.23137434106266985,1.4588121629986643,-0.9685647530908723,-0.9102201011948836,-0.4863686425741423,East-Eve,0.5765116433223124,1.6348412044408347,0.2322548690201478,7,5,0.0,0.0,0.0,0.0,0.0,0.0,1.0,0.0,1.0,0.0,0.0,0.0,1.0,0.0
1069,0.44437678792322943,-0.16640845937814752,-1.3725054609224117,-1.2272097270580282,0.8904711099358149,North-Charlie,1.4469407625298754,0.740069474741447,0.4427055769264815,11,3,1.0,0.0,0.0,0.0,1.0,0.0,0.0,0.0,0.0,1.0,1.0,0.0,1.0,0.0
1047,1.278789544470837,0.469547436334518,-1.4870017824400037,-1.3549825350458697,0.7757344638933183,North-Eve,1.3121284963074893,1.3844197215932417,1.27682184452634,9,2,1.0,0.0,0.0,0.0,0.0,0.0,1.0,1.0,0.0,0.0,1.0,0.0,1.0,1.0
1025,0.3132829494170217,1.0348415658568875,0.35884742604159053,0.36040283219201397,1.3494176941058007,West-Charlie,0.01953345346927447,0.688739557979993,0.31087396636004305,7,1,0.0,0.0,1.0,0.0,1.0,0.0,0.0,1.0,0.0,0.0,0.0,0.0,1.0,0.0
1066,0.2924561059815163,-0.8730261212811092,1.1703769742219006,1.1488978738394968,-0.2568953504891494,West-Bob,-0.20342802207159075,-0.6560726520415731,0.29295408947276114,6,5,0.0,0.0,1.0,1.0,0.0,0.0,0.0,0.0,0.0,1.0,0.0,1.0,0.0,1.0
1010,1.7180405355440347,-0.378393757949036,1.2866797211252008,1.2312414465715518,0.08731458763833985,North-Charlie,-0.543827221370621,-0.5437591701441759,1.7178928600543826,10,3,1.0,0.0,0.0,0.0,1.0,0.0,0.0,0.0,0.0,1.0,1.0,1.0,0.0,0.0
1056,0.9040539710394843,0.6815327349054066,-0.09199683467589936,-0.014936399481432931,-0.37163199653164597,West-Bob,0.7742977614150222,1.138177259572526,0.9049910520089556,7,6,0.0,0.0,1.0,1.0,0.0,0.0,0.0,0.0,0.0,1.0,0.0,0.0,1.0,1.0
1030,-0.18997737332861261,-1.4383202508034785,1.0279939608124358,0.9546270975967155,1.2346810480633041,West-Charlie,-0.7270045404934079,-1.053897424908121,-0.19166444757802045,6,1,0.0,0.0,1.0,0.0,1.0,0.0,0.0,0.0,0.0,0.0,0.0,0.0,1.0,0.0
1005,0.7324064797485488,-1.155673186042294,1.5959736176344514,1.5091809617571084,-0.9453152267441279,North-Eve,-0.8559307372279209,-0.9732463659774309,0.7345283193216393,9,4,1.0,0.0,0.0,0.0,0.0,0.0,1.0,1.0,0.0,0.0,0.0,1.0,0.0,0.0
1033,-0.37460386104332816,0.2575621377636295,-0.7502413099900282,-0.7977712897075974,-0.9453152267441279,East-Eve,-0.48631393998905315,-0.20869505702200947,-0.3734583659689991,8,1,0.0,0.0,0.0,0.0,0.0,0.0,1.0,0.0,0.0,0.0,1.0,1.0,0.0,0.0
1065,-0.9325320119427402,-1.3676584846131823,-0.32134935151839233,-0.4311725160197478,-0.4863686425741423,North-Eve,-1.1083934767080343,-1.0855175798541516,-0.9322117092209721,1,5,1.0,0.0,0.0,0.0,0.0,0.0,1.0,0.0,0.0,0.0,0.0,0.0,1.0,0.0
1018,0.34778114299834484,-0.02508492699755517,1.5421760116163243,1.609223961909998,-0.9453152267441279,West-David,0.691254540086026,0.41852745275568043,0.34956375644338317,1,6,0.0,0.0,1.0,0.0,0.0,1.0,0.0,0.0,1.0,0.0,0.0,0.0,0.0,0.0
1096,1.5005922640216607,0.3988856701442218,-0.5299773708693801,-0.48794320038749056,0.20205123368083638,East-Alice,0.4171622681504554,0.5849366501587949,1.5001218425940408,2,3,0.0,0.0,0.0,0.0,0.0,0.0,0.0,1.0,0.0,0.0,0.0,1.0,0.0,0.0
1049,1.5039239966535976,-0.23707022556844368,1.4806940413597742,1.4745010800723184,-1.2895251648716173,South-Eve,-0.046277058395206135,-0.19524647548678872,1.5077082210801918,5,6,0.0,1.0,0.0,0.0,0.0,0.0,1.0,1.0,0.0,0.0,0.0,1.0,0.0,0.0
1011,-0.5392645543677119,-1.650305549374367,1.7153035383286457,1.6768920237339782,-0.6011052886166387,East-Bob,-0.3678833852329319,-1.11832491485918,-0.5386322906802941,3,0,0.0,0.0,0.0,1.0,0.0,0.0,0.0,0.0,0.0,1.0,1.0,1.0,0.0,0.0
1085,0.10710211968577661,1.3881503968083682,0.6002521872543567,0.7422057735209393,1.3494176941058007,West-Eve,1.4346722080551402,2.5741138089523914,0.10492430678847399,2,0,0.0,0.0,1.0,0.0,0.0,0.0,1.0,0.0,0.0,1.0,1.0,0.0,1.0,0.0
1026,-0.9925137427753036,-1.4383202508034785,1.1419328307461571,0.9793823302139879,-0.37163199653164597,East-David,-1.6230345161482538,-1.1699966512661035,-0.9922995833014815,1,3,0.0,0.0,0.0,0.0,0.0,1.0,0.0,0.0,1.0,0.0,1.0,0.0,1.0,1.0
1063,1.7352720599052032,0.11623860538303717,0.9067023750509488,0.9999858452881014,0.7757344638933183,North-Bob,0.9483268520566479,0.7272622644764863,1.7330211538723266,8,0,1.0,0.0,0.0,1.0,0.0,0.0,0.0,0.0,0.0,0.0,0.0,1.0,0.0,0.0
1089,1.684775926513144,-0.02508492699755517,0.7320153951736218,0.8713601377710205,-1.4042618109141138,South-David,1.4098514331062524,0.8840729457059924,1.6891194224317934,10,3,0.0,1.0,0.0,0.0,0.0,1.0,0.0,0.0,0.0,1.0,1.0,0.0,1.0,1.0
1086,0.530994807381796,-1.2263349522325901,-0.6393013884505495,-0.6558304812753601,-0.9453152267441279,South-Bob,-0.17321759313380025,-0.8560500088218901,0.5329390088867895,1,2,0.0,1.0,0.0,1.0,0.0,0.0,0.0,0.0,0.0,1.0,0.0,0.0,1.0,0.0
1059,1.069962306857895,-1.7209673155646632,-1.5119530330801003,-1.4915028497757485,1.005207755978311,South-Charlie,0.1893784706195209,-1.140870309539983,1.0675564728379687,4,6,0.0,1.0,0.0,0.0,1.0,0.0,0.0,1.0,0.0,0.0,1.0,1.0,0.0,1.0
1027,0.7592079492117895,-0.378393757949036,-0.5131338654174825,-0.3577526689407297,0.8904711099358149,West-Alice,1.5577123353017697,0.5454325904865959,0.7573098810160117,2,2,0.0,0.0,1.0,0.0,0.0,0.0,0.0,1.0,0.0,0.0,0.0,0.0,1.0,1.0
1049,0.33493218255281554,1.317488630618072,0.6181541450806928,0.5194298262348063,-0.37163199653164597,West-Alice,-0.986558929958921,-0.27032550664830723,0.3356523293355756,9,3,0.0,0.0,1.0,0.0,0.0,0.0,0.0,0.0,0.0,1.0,1.0,0.0,0.0,0.0
1077,-1.5432512555260414,-0.16640845937814752,-1.353255740405957,-1.3435283058308733,1.5788909861907932,South-David,0.08321647033813565,-0.07274456286634036,-1.5436229128940322,10,3,0.0,1.0,0.0,0.0,0.0,1.0,0.0,1.0,0.0,0.0,1.0,0.0,1.0,0.0
1033,-0.14658753042365993,0.469547436334518,-1.669754169410552,-1.6753767102695334,1.3494176941058007,East-Alice,-0.07464365833678957,0.23443552078958516,-0.1484809062227103,6,1,0.0,0.0,0.0,0.0,0.0,0.0,0.0,0.0,1.0,0.0,1.0,0.0,1.0,1.0
1098,0.618941302510059,-1.0143496536617016,-1.2234471412048218,-1.304266732460085,1.5788909861907932,South-David,-0.8263585567888148,-0.9161385945635117,0.6157122695148411,3,3,0.0,1.0,0.0,0.0,0.0,1.0,0.0,0.0,0.0,1.0,0.0,1.0,0.0,1.0
1099,0.6284936751826382,0.9641797996665912,0.7886073154602659,0.899111091875292,-0.2568953504891494,East-David,1.1202993642025154,1.7542042570910517,0.6290860903613309,10,6,0.0,0.0,0.0,0.0,0.0,1.0,0.0,1.0,0.0,0.0,0.0,1.0,0.0,0.0
1001,-0.4306493676693836,1.5294739291889605,1.6864854083472671,1.8239995706367338,-1.0600518727866246,East-David,1.4017669521229015,2.7014324381899235,-0.42941975526326237,5,2,0.0,0.0,0.0,0.0,0.0,1.0,0.0,0.0,1.0,0.0,0.0,0.0,0.0,0.0
1021,1.5475985129163425,-0.09574669318785134,1.7223598874915689,1.819199367501095,0.4315245257658291,West-Alice,0.9929333304647914,0.5417203556271853,1.5464590977520651,6,5,0.0,0.0,1.0,0.0,0.0,0.0,0.0,1.0,0.0,0.0,1.0,0.0,1.0,0.0
1055,-1.1465782611152038,-1.0143496536617016,0.014038924195347729,-0.08987877795149049,0.6609978178508219,East-David,-1.0453487083378574,-0.9785629478825136,-1.1469793985490988,3,5,0.0,0.0,0.0,0.0,0.0,1.0,0.0,1.0,0.0,0.0,0.0,0.0,0.0,1.0
1006,0.012052848556306022,0.2575621377636295,1.325172105808947,1.182330125634407,-1.2895251648716173,South-Alice,-1.4227663205606558,-0.9124484125844551,0.014073024812444962,1,6,0.0,1.0,0.0,0.0,0.0,0.0,0.0,1.0,0.0,0.0,0.0,0.0,0.0,0.0
1092,0.6749516642771277,0.045576839192741,0.8622756007211843,0.899082896849532,1.005207755978311,West-David,0.3796474397277083,0.2730096840069032,0.6728700258064584,1,4,0.0,0.0,1.0,0.0,0.0,1.0,0.0,0.0,0.0,1.0,0.0,1.0,0.0,0.0
1081,0.6967028175039829,-0.6610408227102207,0.038700864519764545,-0.11299869907468335,-1.6337351029991065,North-Eve,-1.525807994848468,-1.0806218404158028,0.7002719348921739,7,4,1.0,0.0,0.0,0.0,0.0,0.0,1.0,0.0,0.0,0.0,0.0,0.0,1.0,0.0
1069,0.5279688350230429,0.6815327349054066,0.2892083161527013,0.3499001850964174,-0.1421587044466529,North-David,0.6137428057456471,0.9925547396420714,0.5283034400970206,12,6,1.0,0.0,0.0,0.0,0.0,1.0,0.0,1.0,0.0,0.0,0.0,1.0,0.0,0.0
1095,-0.7710484138707521,-0.378393757949036,-1.232062943532751,-1.2189133407281507,-0.6011052886166387,West-Bob,0.11895838626453356,-0.20024880384684188,-0.7705509302237483,8,3,0.0,0.0,1.0,1.0,0.0,0.0,0.0,0.0,1.0,0.0,0.0,0.0,0.0,0.0
1005,-1.1853711564646991,1.4588121629986643,1.5637684400548697,1.6196279264154356,0.7757344638933183,South-David,0.5789228043173515,1.6377154298468375,-1.185810067705018,4,6,0.0,1.0,0.0,0.0,0.0,1.0,0.0,0.0,0.0,1.0,1.0,0.0,0.0,1.0
1003,0.48378471830499153,-1.5796437831840708,-0.4821282671955978,-0.44915389369818226,-0.7158419346591353,North-Charlie,0.32653098133708874,-1.027353107923322,0.48523701079148107,1,5,1.0,0.0,0.0,0.0,1.0,0.0,0.0,0.0,0.0,1.0,1.0,1.0,0.0,1.0
1053,0.35630728578851295,-1.7209673155646632,-0.15302719858602207,-0.17824903743974382,1.1199444020208076,North-David,-0.2554098164645463,-1.1523966150044431,0.35427479932036426,10,0,1.0,0.0,0.0,0.0,0.0,1.0,0.0,0.0,1.0,0.0,0.0,1.0,0.0,0.0
1023,-1.1048296831249291,1.5294739291889605,0.63465894577277,0.5319766126980026,0.3167878797233326,East-Bob,-1.026201253377285,-0.25574671499499435,-1.1050544720440354,12,5,0.0,0.0,0.0,1.0,0.0,0.0,0.0,1.0,0.0,0.0,1.0,1.0,0.0,0.0
1053,0.7245516037650264,-1.7209673155646632,-0.5450920707763617,-0.6103025634294138,1.005207755978311,East-Bob,-0.6619741101273251,-1.1629323785930512,0.7224292573288189,3,5,0.0,0.0,0.0,1.0,0.0,0.0,0.0,0.0,0.0,0.0,1.0,1.0,0.0,1.0
1037,-0.14517119260649688,-0.5903790565199245,-0.8232815801754464,-0.812615970770233,1.6936276322332897,South-Alice,0.09839260130688399,-0.35811618559325636,-0.14755257797724788,9,1,0.0,1.0,0.0,0.0,0.0,0.0,0.0,1.0,0.0,0.0,0.0,1.0,0.0,0.0
1074,0.5944980530848244,-1.650305549374367,0.4928051585505249,0.5460459305522384,0.5462611718083257,West-Eve,0.5409824768954778,-1.0712199624253407,0.5934273431686259,5,5,0.0,0.0,1.0,0.0,0.0,0.0,1.0,0.0,1.0,0.0,0.0,0.0,0.0,1.0
1074,1.184615380330135,0.2575621377636295,-1.6241137030247645,-1.5245192249406987,1.6936276322332897,South-David,0.9844233504823185,0.8965787666061279,1.1803434693608283,9,3,0.0,1.0,0.0,0.0,0.0,1.0,0.0,0.0,0.0,1.0,1.0,1.0,0.0,0.0
1083,-1.138326248225132,-0.378393757949036,0.8060364978926864,0.8987586540532921,-1.6337351029991065,West-Alice,0.9415897845705226,0.22610688297629802,-1.1374783228823981,2,0,0.0,0.0,1.0,0.0,0.0,0.0,0.0,0.0,0.0,0.0,0.0,0.0,1.0,1.0
1017,-1.6622587770267303,-1.3676584846131823,0.08405202058987202,0.24853906748924776,-0.6011052886166387,North-Eve,1.6557898545998007,-0.655728994656073,-1.6622795234627925,1,6,1.0,0.0,0.0,0.0,0.0,0.0,1.0,0.0,0.0,1.0,1.0,0.0,0.0,1.0
1085,0.9818963192090774,-1.2263349522325901,0.40445261068156335,0.33136195565922283,-1.4042618109141138,East-David,-0.7309758644852328,-0.9716806114723728,0.9853383029095409,6,6,0.0,0.0,0.0,0.0,0.0,1.0,0.0,0.0,1.0,0.0,1.0,0.0,0.0,0.0
1078,0.39247486017170324,0.2575621377636295,0.4957123744056492,0.34835650743605784,-0.8305785807016316,South-Charlie,-1.4771592759486474,-0.9533252640586241,0.39408090167331805,6,0,0.0,1.0,0.0,0.0,1.0,0.0,0.0,1.0,0.0,0.0,1.0,0.0,1.0,1.0
1073,0.7054152280467803,1.6001356953792567,0.12955135999240092,0.07741640739541927,1.1199444020208076,South-David,-0.5231196034132628,0.38995243303838334,0.703061253513613,11,3,0.0,1.0,0.0,0.0,0.0,1.0,0.0,0.0,0.0,0.0,0.0,0.0,1.0,0.0
1001,1.1873566793310955,0.5402092025248142,0.3233469334029239,0.4083414247404397,-1.6337351029991065,West-Bob,0.8586174797413852,1.077114671615316,1.1916533946689933,10,6,0.0,0.0,1.0,1.0,0.0,0.0,0.0,0.0,0.0,1.0,1.0,0.0,0.0,1.0
1051,1.0643848177367092,-1.5796437831840708,0.6770182097977983,0.6562250424658451,0.08731458763833985,West-Bob,-0.2018678590748017,-1.0684321108007255,1.064249862161379,10,5,0.0,0.0,1.0,1.0,0.0,0.0,0.0,0.0,0.0,1.0,0.0,1.0,0.0,0.0
1045,1.614500266483383,0.6815327349054066,0.91918505672016,1.0292734282962928,0.20205123368083638,South-Charlie,1.1175336207082085,1.4494904205545924,1.6140162196126924,1,3,0.0,1.0,0.0,0.0,1.0,0.0,0.0,0.0,0.0,1.0,0.0,0.0,0.0,0.0
1077,0.13583304190738588,-1.4383202508034785,0.8295341406052205,0.8469925867579476,0.20205123368083638,West-Alice,0.18462706512930557,-0.9357766845177878,0.13552587019607298,10,6,0.0,0.0,1.0,0.0,0.0,0.0,0.0,1.0,0.0,0.0,0.0,0.0,0.0,0.0
1004,-0.029224788323547548,0.11623860538303717,1.3260964875492902,1.4744305925079195,-0.1421587044466529,South-Eve,1.5067233719067703,1.1179621192490157,-0.0289909555945971,9,3,0.0,1.0,0.0,0.0,0.0,0.0,1.0,0.0,0.0,0.0,0.0,0.0,1.0,1.0
1062,-0.3305673527330207,1.317488630618072,-1.0496774867186747,-0.8925488687998088,1.005207755978311,South-David,1.569484474277527,2.6441317040729158,-0.33182373548936756,7,3,0.0,1.0,0.0,0.0,0.0,1.0,0.0,1.0,0.0,0.0,0.0,0.0,0.0,0.0
1065,-1.1941257408382806,-0.9436878874714054,-0.31021443253929953,-0.4573234024121399,-1.2895251648716173,South-Bob,-1.4833999279357986,-1.0953531644915544,-1.1935317984338905,1,4,0.0,1.0,0.0,1.0,0.0,0.0,0.0,1.0,0.0,0.0,1.0,1.0,0.0,0.0
1032,0.2634264524585204,-0.378393757949036,1.5991701438052555,1.5837074635972064,-0.7158419346591353,North-Alice,-0.13825575870579362,-0.3335584655802482,0.26472853806430563,3,0,1.0,0.0,0.0,0.0,0.0,0.0,0.0,1.0,0.0,0.0,0.0,0.0,1.0,0.0
1034,-0.765049186441726,1.3881503968083682,-0.32613355625085444,-0.2865813751660713,0.3167878797233326,West-Charlie,0.39439807169733243,1.361012426838645,-0.7653486510506677,3,2,0.0,0.0,1.0,0.0,1.0,0.0,0.0,0.0,1.0,0.0,0.0,0.0,0.0,1.0
1092,1.476672672995328,-0.378393757949036,-1.2752195750131892,-1.3568504555024692,0.6609978178508219,East-Bob,-0.8350812862708525,-0.6947111361599198,1.4749067861387601,5,3,0.0,0.0,0.0,1.0,0.0,0.0,0.0,0.0,1.0,0.0,0.0,0.0,0.0,0.0
1095,0.3002512357047616,-1.155673186042294,0.12394156240787675,0.09302940291001463,-0.37163199653164597,East-Charlie,-0.3096609388528267,-0.8458413629585166,0.30095816302702827,4,0,0.0,0.0,0.0,0.0,1.0,0.0,0.0,0.0,1.0,0.0,0.0,1.0,0.0,1.0
1072,0.333825119494735,0.9641797996665912,-1.3289395611905237,-1.2648289401782968,1.2346810480633041,West-David,0.6306209327108883,1.259310055871061,0.3316032205193327,11,6,0.0,0.0,1.0,0.0,0.0,1.0,0.0,0.0,0.0,0.0,0.0,0.0,0.0,1.0
1039,-0.4939663456197827,-1.5089820169937747,-1.0028374409751906,-1.0948270323584282,-0.37163199653164597,South-Eve,-0.9363500480623146,-1.1032774994983703,-0.49356215305229434,1,6,0.0,1.0,0.0,0.0,0.0,0.0,1.0,1.0,0.0,0.0,1.0,0.0,0.0,1.0
1026,-1.5479817535456477,-0.4490555241393322,1.775642380020802,1.8102685930916182,-0.37163199653164597,East-Bob,0.3675916347525356,-0.1274320306615249,-1.5479793237992734,3,0,0.0,0.0,0.0,1.0,0.0,0.0,0.0,1.0,0.0,0.0,0.0,0.0,0.0,0.0
1034,-1.6184225944126467,0.893518033476295,0.17954559381171178,0.2488633102854877,-1.6337351029991065,East-Bob,0.6993390210693804,1.264117583787998,-1.6182866111217844,1,4,0.0,0.0,0.0,1.0,0.0,0.0,0.0,0.0,1.0,0.0,0.0,0.0,0.0,0.0
1054,-0.2559407591607084,0.11623860538303717,-0.719193373673166,-0.8585456677332592,0.20205123368083638,West-David,-1.4097886010873826,-0.9226680848880062,-0.25620106768850553,6,4,0.0,0.0,1.0,0.0,0.0,1.0,0.0,1.0,0.0,0.0,1.0,1.0,0.0,1.0
1003,-1.4346360688277129,1.3881503968083682,1.7632655435890348,1.7618295388359526,0.6609978178508219,East-Alice,0.004640988499942539,0.906502562764942,-1.4348873438440783,2,6,0.0,0.0,0.0,0.0,0.0,0.0,0.0,1.0,0.0,0.0,0.0,0.0,0.0,0.0
1050,0.38255698096566265,1.2468268644277758,1.6647095148304862,1.5824034436558065,-1.4042618109141138,South-Eve,-0.810047761822404,-0.09459161633596867,0.3852302530252545,7,1,0.0,1.0,0.0,0.0,0.0,0.0,1.0,0.0,0.0,1.0,1.0,0.0,0.0,0.0
1012,1.3363357365756234,-0.8730261212811092,-0.17192410164433058,-0.09292384073356938,-0.7158419346591353,West-Bob,0.7929488008766157,-0.3204094356698195,1.3383691691822903,12,4,0.0,0.0,1.0,1.0,0.0,0.0,0.0,1.0,0.0,0.0,1.0,0.0,0.0,1.0
1065,1.343094092958762,-0.8730261212811092,-0.8018161660218339,-0.9068648931294445,0.8904711099358149,South-Eve,-1.0655599107962368,-0.9465109240295719,1.3407752952056533,6,4,0.0,1.0,0.0,0.0,0.0,0.0,1.0,0.0,0.0,1.0,1.0,0.0,1.0,1.0
1054,0.5641750687511187,-0.23707022556844368,1.2170617802838004,1.3525434961474754,-0.4863686425741423,East-Bob,1.3762370121754715,0.6157445240118246,0.5652157843092848,1,1,0.0,0.0,0.0,1.0,0.0,0.0,0.0,1.0,0.0,0.0,1.0,1.0,0.0,0.0
1005,-0.9939195371347707,0.18690037157333333,0.7882051035579795,0.7648181841804524,-0.9453152267441279,East-Eve,-0.22675955052354485,-0.05428078879085801,-0.9933202568798228,11,6,0.0,0.0,0.0,0.0,0.0,0.0,1.0,0.0,0.0,0.0,0.0,0.0,1.0,1.0
1094,1.2737919455229316,1.5294739291889605,0.6880331708411215,0.5842995317521068,0.5462611718083257,South-Charlie,-1.0362004798566964,-0.2679254181698978,1.2724358690766198,2,2,0.0,1.0,0.0,0.0,1.0,0.0,0.0,0.0,1.0,0.0,0.0,0.0,1.0,0.0
1094,1.3541541800818695,1.3881503968083682,1.4081688846632496,1.3865607947269054,-1.0600518727866246,North-Bob,-0.20215152507421733,0.6653543161057516,1.357136689850424,1,6,1.0,0.0,0.0,1.0,0.0,0.0,0.0,0.0,0.0,1.0,1.0,1.0,0.0,1.0
1057,-1.044644112110243,-0.23707022556844368,0.6966771985657024,0.6657197173905222,1.3494176941058007,East-Eve,-0.3039167023646591,-0.3421296850774191,-1.0455305859404866,6,4,0.0,0.0,0.0,0.0,0.0,0.0,1.0,0.0,1.0,0.0,1.0,0.0,1.0,0.0
1017,0.8368886310300441,1.2468268644277758,-0.7201036427151831,-0.742565429269534,-1.4042618109141138,North-Alice,-0.2337802840090858,0.5475478292604469,0.8401446281102304,8,3,1.0,0.0,0.0,0.0,0.0,0.0,0.0,0.0,0.0,1.0,0.0,0.0,1.0,0.0
1047,-0.7319708451634648,-0.4490555241393322,0.7122082230732962,0.7423115048675394,0.6609978178508219,East-Charlie,0.3105747688699483,-0.15550534735079324,-0.7325876825992919,7,1,0.0,0.0,0.0,0.0,1.0,0.0,0.0,0.0,0.0,1.0,1.0,0.0,1.0,1.0
1023,1.0637908696198346,-1.2263349522325901,-0.643203549537646,-0.6338806537212066,-0.027422058404156683,North-Charlie,0.08683321183068858,-0.8021380673191156,1.0639391537203955,9,5,1.0,0.0,0.0,0.0,1.0,0.0,0.0,0.0,0.0,1.0,1.0,1.0,0.0,0.0
1079,1.7408636069699834,-1.2263349522325901,0.9405587383346544,0.8198971670025957,1.2346810480633041,North-Alice,-1.2037761690116155,-1.0696983136809894,1.7372050615794952,8,3,1.0,0.0,0.0,0.0,0.0,0.0,0.0,0.0,0.0,0.0,1.0,0.0,0.0,0.0
1085,-1.6243972204403818,1.1761650982374796,0.4533319413331324,0.30411146326219113,-1.2895251648716173,North-Eve,-1.496377647409072,-0.8671168792789968,-1.6243120482587816,12,2,1.0,0.0,0.0,0.0,0.0,0.0,1.0,1.0,0.0,0.0,0.0,1.0,0.0,1.0
1014,1.3933723282251034,0.045576839192741,-1.4409873295485813,-1.3588875461136285,0.5462611718083257,South-David,0.8103942598406891,0.5632329404114614,1.3919660169109962,8,2,0.0,1.0,0.0,0.0,0.0,1.0,0.0,0.0,0.0,1.0,1.0,1.0,0.0,0.0
1066,0.4374743376182458,1.6001356953792567,0.07990288728207309,0.10175576338273208,0.20205123368083638,North-Alice,0.2207235635549746,1.3152030811255417,0.43713108418998725,1,0,1.0,0.0,0.0,0.0,0.0,0.0,0.0,0.0,0.0,0.0,0.0,1.0,0.0,0.0
1075,1.657861993501146,0.045576839192741,-0.5122659344704429,-0.5591003966492692,-0.1421587044466529,North-Eve,-0.4767402125087686,-0.3039965794671584,1.6584009476172508,6,3,1.0,0.0,0.0,0.0,0.0,0.0,1.0,0.0,0.0,1.0,0.0,0.0,1.0,0.0
1051,-0.11094361443937108,-0.16640845937814752,-0.5637208325664789,-0.4552933605574204,-0.027422058404156683,North-Alice,1.0847701977756776,0.5242066931469084,-0.11089012982929712,11,2,1.0,0.0,0.0,0.0,0.0,0.0,0.0,1.0,0.0,0.0,0.0,0.0,0.0,1.0
1038,1.219482594930818,1.2468268644277758,0.3922380702805433,0.35446777926953604,0.7757344638933183,East-Alice,-0.37575511671672285,0.38934414108865034,1.2175516895811302,8,2,0.0,0.0,0.0,0.0,0.0,0.0,0.0,0.0,0.0,1.0,1.0,1.0,0.0,1.0
1064,-1.511779034303471,-0.8730261212811092,-0.5855320078290746,-0.4813667106289726,1.4641543401482973,North-Bob,1.0416529658644675,-0.23662502998898488,-1.5121670193713908,4,3,1.0,0.0,0.0,1.0,0.0,0.0,0.0,0.0,0.0,0.0,1.0,1.0,0.0,1.0
1098,-0.5623195818629726,0.18690037157333333,1.0022241736694402,0.9353698950026411,-1.4042618109141138,East-Eve,-0.6617613606277617,-0.3699163143220977,-0.5608582069152273,12,6,0.0,0.0,0.0,0.0,0.0,0.0,1.0,1.0,0.0,0.0,0.0,0.0,0.0,1.0
1038,-1.495696746831167,-1.155673186042294,-1.4641109857554808,-1.6087589131551132,-1.6337351029991065,North-David,-1.4711313734610614,-1.1167279187736228,-1.495378771545492,3,0,1.0,0.0,0.0,0.0,0.0,1.0,0.0,0.0,0.0,0.0,0.0,0.0,0.0,1.0
1050,1.66468361063046,-0.378393757949036,0.5952845174436587,0.7453847626753782,1.005207755978311,North-Bob,1.5165807653864674,0.5241148061454375,1.6617896733066029,3,6,1.0,0.0,0.0,1.0,0.0,0.0,0.0,1.0,0.0,0.0,0.0,0.0,0.0,0.0
1098,1.1136614245219305,-0.4490555241393322,1.1150481404354198,1.0787416009921982,-1.4042618109141138,South-Alice,-0.35320366976316325,-0.4823290341810844,1.117272409927858,7,0,0.0,1.0,0.0,0.0,0.0,0.0,0.0,1.0,0.0,0.0,1.0,0.0,1.0,0.0
1082,1.2374345889012128,1.6001356953792567,0.6387516282872656,0.7404717794366998,1.6936276322332897,East-Alice,1.0303063258878338,2.3222258095613273,1.233087586133018,7,4,0.0,0.0,0.0,0.0,0.0,0.0,0.0,0.0,1.0,0.0,1.0,0.0,0.0,0.0
1030,1.5346335744361572,0.9641797996665912,0.025385533649328523,-0.04960923240978222,0.4315245257658291,North-Alice,-0.7542364764373314,-0.14029804860742445,1.5334983072039794,3,0,1.0,0.0,0.0,0.0,0.0,0.0,0.0,0.0,1.0,0.0,0.0,0.0,1.0,1.0
1079,-1.4327663623296214,-0.9436878874714054,1.6079411858147692,1.6580788927956243,0.5462611718083257,East-Eve,0.5218350219349087,-0.47178591963235794,-1.4329854328916491,10,2,0.0,0.0,0.0,0.0,0.0,0.0,1.0,0.0,1.0,0.0,0.0,1.0,0.0,0.0
1091,-0.3872419523349376,-0.7317025889005169,-0.6637234129034266,-0.5327591938329972,-1.0600518727866246,East-Eve,1.3104265003109925,0.014877043995902674,-0.38596970848966117,10,6,0.0,0.0,0.0,0.0,0.0,0.0,1.0,1.0,0.0,0.0,1.0,0.0,1.0,1.0
1051,-1.481712607440368,0.3988856701442218,-1.6444289322648205,-1.7996533350631359,-0.9453152267441279,West-Bob,-1.5794917852379193,-1.0190520362104767,-1.481543543655111,11,3,0.0,0.0,1.0,1.0,0.0,0.0,0.0,0.0,0.0,1.0,0.0,0.0,0.0,0.0
1063,-0.9954483385006911,-0.802364355090813,-0.20248514986895097,-0.08675617884857123,0.5462611718083257,South-David,1.162140099116355,-0.11939926899297372,-0.9958511232524165,12,0,0.0,1.0,0.0,0.0,0.0,1.0,0.0,0.0,0.0,0.0,1.0,0.0,1.0,1.0
1098,-0.9308274862818863,-1.0143496536617016,-1.596071771451308,-1.5684047825361254,1.3494176941058007,South-Bob,0.26107505197187925,-0.6061596328427945,-0.9318415714308002,1,0,0.0,1.0,0.0,1.0,0.0,0.0,0.0,0.0,0.0,0.0,1.0,0.0,0.0,0.0
1052,-0.09668534514847592,0.045576839192741,1.6206214452605416,1.6573105783436637,1.5788909861907932,South-Charlie,0.38666817321324926,0.2777400268426037,-0.09896866489830589,4,2,0.0,1.0,0.0,0.0,1.0,0.0,0.0,0.0,0.0,0.0,0.0,0.0,1.0,0.0
1038,-0.7944478609840823,1.1761650982374796,-0.978161387952448,-0.9677943437967862,-1.0600518727866246,West-Alice,0.09371211231652335,0.8635270121771884,-0.7935755435980164,6,3,0.0,0.0,1.0,0.0,0.0,0.0,0.0,0.0,1.0,0.0,0.0,1.0,0.0,1.0
1097,-1.3775327019461583,0.11623860538303717,1.044258845632974,1.1737870328291296,-1.2895251648716173,West-Alice,1.3144687408026714,0.9834450623162849,-1.3771556272750196,2,2,0.0,0.0,1.0,0.0,0.0,0.0,0.0,1.0,0.0,0.0,1.0,0.0,1.0,0.0
1088,-1.1461108344906812,-1.0143496536617016,0.9941164284812416,0.8366661585733507,-1.5189984569566104,South-Alice,-1.5733220497506262,-1.1290646675910532,-1.145336341131168,1,2,0.0,1.0,0.0,0.0,0.0,0.0,0.0,0.0,1.0,0.0,1.0,1.0,0.0,0.0
1079,-1.2164462407807197,0.893518033476295,-0.9508744857394239,-1.031078079115087,1.2346810480633041,West-Bob,-0.8172103283076527,-0.22928509631152041,-1.2170852464579107,10,5,0.0,0.0,1.0,1.0,0.0,0.0,0.0,0.0,0.0,1.0,1.0,0.0,0.0,1.0
1030,1.6567971042738494,0.6108709687151104,0.4584971889203923,0.5890997348877454,-0.7158419346591353,West-Bob,1.3189364802934687,1.5514629393064996,1.6590489788901381,8,5,0.0,0.0,1.0,1.0,0.0,0.0,0.0,1.0,0.0,0.0,1.0,1.0,0.0,0.0
1051,0.9129702217644045,1.2468268644277758,-1.5434455193942263,-1.4533126873838402,-1.748471749041603,West-Alice,0.8901044056765451,1.7999015006623615,0.9171281674978401,10,0,0.0,0.0,1.0,0.0,0.0,0.0,0.0,0.0,0.0,0.0,1.0,0.0,0.0,0.0
1081,1.6383038794750597,-0.4490555241393322,-0.02230833034286957,-0.18756749345342089,-0.9453152267441279,South-Bob,-1.662889589066181,-1.1271773085808483,1.6412246889494002,4,2,0.0,1.0,0.0,1.0,0.0,0.0,0.0,0.0,1.0,0.0,0.0,0.0,0.0,1.0
1005,-0.19886199368044472,-1.3676584846131823,-1.6602210416914427,-1.6512488169754207,-0.6011052886166387,South-Eve,0.07229532936062495,-0.9019383773562599,-0.19803178924346432,9,6,0.0,1.0,0.0,0.0,0.0,0.0,1.0,0.0,1.0,0.0,1.0,1.0,0.0,1.0
1029,-0.7603292318798153,1.4588121629986643,1.5060757292988092,1.5159830117217061,1.6936276322332897,South-Eve,0.11597989327066573,1.0858641518953354,-0.7618360618564365,8,2,0.0,1.0,0.0,0.0,0.0,0.0,1.0,0.0,0.0,1.0,1.0,1.0,0.0,1.0
1004,1.0486645223119684,0.893518033476295,1.697987257482832,1.6632385825097025,0.08731458763833985,West-Bob,-0.3312195548084317,0.24928813570727942,1.0485298726481531,6,2,0.0,0.0,1.0,1.0,0.0,0.0,0.0,0.0,0.0,1.0,1.0,0.0,1.0,1.0
1010,-0.5937215133675696,1.6707974615695529,-0.934969474726195,-1.0026292981232559,-1.0600518727866246,South-Alice,-0.6908371255678882,0.20994947263772537,-0.5926520579347134,3,2,0.0,1.0,0.0,0.0,0.0,0.0,0.0,0.0,1.0,0.0,0.0,0.0,1.0,1.0
1056,-0.6872103527580317,1.1761650982374796,-0.9844909331515901,-0.9193482407846809,-0.6011052886166387,West-Bob,0.6447333161818273,1.463255093374875,-0.6866641181009738,2,4,0.0,0.0,1.0,1.0,0.0,0.0,0.0,0.0,0.0,1.0,0.0,1.0,0.0,0.0
1017,-0.9199009496229281,0.18690037157333333,0.921280792421548,0.8206795789674356,-0.6011052886166387,North-Bob,-1.002160559926792,-0.6169085742748134,-0.9194900222651647,3,4,1.0,0.0,0.0,1.0,0.0,0.0,0.0,0.0,0.0,0.0,1.0,1.0,0.0,1.0
1074,-1.2776720996214115,-1.7209673155646632,-0.826351092061318,-0.7208975519729804,-1.6337351029991065,West-Bob,1.0520067748431468,-1.1185160398222387,-1.2770308123257086,2,2,0.0,0.0,1.0,1.0,0.0,0.0,0.0,0.0,0.0,1.0,1.0,1.0,0.0,1.0
1017,-0.8365478875642238,0.6815327349054066,1.4150276560496113,1.5194862436723853,-1.2895251648716173,East-Charlie,1.066260991313792,1.4029864091103699,-0.8355311307910004,6,4,0.0,0.0,0.0,0.0,1.0,0.0,0.0,0.0,0.0,1.0,0.0,1.0,0.0,0.0
1084,-0.4925886671475049,1.0348415658568875,0.29329394231803385,0.26502610880240274,0.6609978178508219,South-Eve,-0.28122342241138854,0.37698533939086687,-0.49333004344654074,3,1,0.0,1.0,0.0,0.0,0.0,0.0,1.0,0.0,1.0,0.0,0.0,0.0,0.0,0.0
1088,0.6161859455655034,-1.2263349522325901,-0.48615038621846407,-0.5590722016235092,-1.2895251648716173,South-David,-0.7389185124688761,-0.9733272265387242,0.6189204729811574,11,0,0.0,1.0,0.0,0.0,0.0,1.0,0.0,0.0,1.0,0.0,0.0,1.0,0.0,0.0
1069,-1.511185086186596,1.5294739291889605,1.1971275938985424,1.122507329728145,-0.9453152267441279,East-David,-0.7377838484712104,0.09553545388671501,-1.5110420160993456,3,0,0.0,0.0,0.0,0.0,0.0,1.0,0.0,1.0,0.0,0.0,0.0,1.0,0.0,0.0
1034,-0.996442938010014,-1.296996718422886,0.012034921033077755,0.007217842009480608,-0.4863686425741423,West-Charlie,-0.048333636890967625,-0.8754271396919899,-0.9961533976545893,4,6,0.0,0.0,1.0,0.0,1.0,0.0,0.0,1.0,0.0,0.0,1.0,1.0,0.0,0.0
1006,1.0859989060135162,-1.0143496536617016,1.4728544374397667,1.5484213888585767,0.8904711099358149,North-Bob,0.7762125069110791,-0.45931685353281076,1.0838653627751,5,6,1.0,0.0,0.0,1.0,0.0,0.0,0.0,0.0,1.0,0.0,0.0,1.0,0.0,1.0
1053,-1.2176763108452535,0.9641797996665912,1.5300743728019113,1.4810000335099973,0.20205123368083638,East-Charlie,-0.4771657115078904,0.13972391289388003,-1.2178215785267017,6,5,0.0,0.0,0.0,0.0,1.0,0.0,0.0,0.0,0.0,1.0,1.0,0.0,0.0,0.0
1066,-0.5366884362039884,-1.5089820169937747,-1.1335845346149946,-1.0930436969791086,0.6609978178508219,East-Charlie,0.39560365219484955,-0.9652117665688494,-0.5374068695456514,7,4,0.0,0.0,0.0,0.0,1.0,0.0,0.0,0.0,0.0,1.0,1.0,0.0,1.0,1.0
1077,1.2795732748262403,-0.02508492699755517,-1.7032647715852742,-1.7407045849554337,0.20205123368083638,West-Alice,-0.39511532117685577,-0.2852810350076464,1.2791292912395968,8,2,0.0,0.0,1.0,0.0,0.0,0.0,0.0,1.0,0.0,0.0,0.0,0.0,1.0,0.0
1043,-1.1898310390701083,-0.9436878874714054,1.7253870612824629,1.6573317246129842,0.6609978178508219,South-Eve,-0.666016350618999,-0.8411716655437854,-1.1902096741947599,12,1,0.0,1.0,0.0,0.0,0.0,0.0,1.0,1.0,0.0,0.0,0.0,0.0,1.0,1.0
1075,-1.4410008027902002,0.045576839192741,1.4536611677166158,1.289302053367815,-1.748471749041603,West-David,-1.63785606461773,-1.0863188345069725,-1.4405693656473462,1,0,0.0,0.0,1.0,0.0,0.0,1.0,0.0,1.0,0.0,0.0,0.0,0.0,1.0,0.0
1023,-0.042994544074527775,0.893518033476295,-1.5177180703462085,-1.6861119663276503,1.4641543401482973,East-Bob,-1.7106163934678997,-1.1090553541508354,-0.04517644280134017,8,6,0.0,0.0,0.0,1.0,0.0,0.0,0.0,0.0,0.0,0.0,0.0,0.0,1.0,1.0
1055,-0.676649322632535,1.4588121629986643,1.1983201169070767,1.1041241729326305,-1.4042618109141138,East-David,-0.9347189685656733,-0.1666218367886965,-0.6753345868206171,10,0,0.0,0.0,0.0,0.0,0.0,1.0,0.0,0.0,0.0,0.0,1.0,0.0,0.0,1.0
1080,0.23142002937935258,-0.9436878874714054,-0.11231912026511802,-0.14320966917651434,-0.37163199653164597,South-David,-0.3120011833480102,-0.7310836868220044,0.2321007200646344,8,0,0.0,1.0,0.0,0.0,0.0,1.0,0.0,1.0,0.0,0.0,1.0,0.0,1.0,1.0
1095,1.0678430718609984,1.2468268644277758,-0.8068543993241611,-0.6833488264171118,0.8904711099358149,South-Eve,1.2338366804687126,2.1829251153320426,1.0657226111321565,3,5,0.0,1.0,0.0,0.0,0.0,0.0,1.0,0.0,0.0,1.0,1.0,0.0,0.0,1.0
1075,-1.251682476400763,0.8228562672859988,1.357991185765703,1.4609392726817632,-0.2568953504891494,South-David,1.050446611846361,1.5361251610210453,-1.2516184194265267,4,2,0.0,1.0,0.0,0.0,0.0,1.0,0.0,1.0,0.0,0.0,0.0,0.0,0.0,1.0
1016,0.2915809989927481,1.4588121629986643,-1.0244439821120612,-1.1024467380700655,1.4641543401482973,West-David,-0.7958644618516094,-0.0011002678197873806,0.2889904633007219,6,5,0.0,0.0,1.0,0.0,0.0,1.0,0.0,0.0,0.0,0.0,1.0,0.0,1.0,1.0
1008,0.029969697667714314,-0.09574669318785134,1.5974342819111762,1.5087932801529085,-0.1421587044466529,South-Charlie,-0.8745108601896588,-0.6197166410397542,0.0302142361314687,4,3,0.0,1.0,0.0,0.0,1.0,0.0,0.0,0.0,0.0,1.0,0.0,0.0,1.0,1.0
1004,-1.2275695886500033,-0.6610408227102207,-0.9931631862728227,-1.0849587733424308,1.2346810480633041,East-Eve,-0.9342934695665482,-0.8353644070508499,-1.2281972369137457,7,3,0.0,0.0,0.0,0.0,0.0,0.0,1.0,0.0,0.0,0.0,1.0,0.0,1.0,1.0
1004,0.4422364660109407,-0.8730261212811092,0.43214878114603694,0.37747492028968904,1.005207755978311,East-Alice,-0.5453873843674067,-0.7712732235251732,0.44034582298036723,6,3,0.0,0.0,0.0,0.0,0.0,0.0,0.0,0.0,0.0,1.0,0.0,1.0,0.0,1.0
1056,-0.7767805403714793,-0.02508492699755517,-0.9321610477593515,-0.9304641296905574,1.5788909861907932,North-Bob,0.0069812329951244685,-0.02478138583876604,-0.7781651023174304,12,0,1.0,0.0,0.0,1.0,0.0,0.0,0.0,0.0,0.0,0.0,1.0,0.0,0.0,1.0
1025,-0.031526776587174704,-1.5089820169937747,0.19458267387790112,0.1745059785999502,1.4641543401482973,West-David,-0.1998821970788893,-1.0269377786766751,-0.03372268157894281,3,4,0.0,0.0,1.0,0.0,0.0,1.0,0.0,0.0,0.0,1.0,1.0,0.0,1.0,0.0
1067,-1.4426139518176886,-1.0143496536617016,0.67767445026995,0.5809513724431078,1.3494176941058007,North-Bob,-0.9657803955017074,-0.9558815604395337,-1.443054221451784,6,4,1.0,0.0,0.0,1.0,0.0,0.0,0.0,0.0,0.0,1.0,0.0,1.0,0.0,1.0
1096,-0.12981991820111585,0.469547436334518,-1.0469325668942975,-1.1721307442358848,0.7757344638933183,East-Alice,-1.2709340943733194,-0.7575912490062156,-0.13091370345558748,5,1,0.0,0.0,0.0,0.0,0.0,0.0,0.0,0.0,0.0,1.0,1.0,0.0,0.0,1.0
1067,-0.6625773210942691,1.6707974615695529,0.10801538234715927,-0.059139151116659655,-0.4863686425741423,North-Bob,-1.68054779752982,-1.0467780200341879,-0.6621270805730199,5,1,1.0,0.0,0.0,1.0,0.0,0.0,0.0,0.0,0.0,1.0,1.0,1.0,0.0,0.0
1027,1.1324744675374991,-1.296996718422886,-0.07300114272931003,-0.19112711545561994,-1.4042618109141138,East-Alice,-1.1892382865415514,-1.0823860708440363,1.1361095825211858,4,6,0.0,0.0,0.0,0.0,0.0,0.0,0.0,0.0,1.0,0.0,0.0,1.0,0.0,1.0
1093,-1.530620193206229,1.4588121629986643,-1.4632501111576042,-1.3894368565245794,0.6609978178508219,North-Charlie,0.7267837065128647,1.8139730760675552,-1.5308215323675731,11,2,1.0,0.0,0.0,0.0,1.0,0.0,0.0,0.0,0.0,0.0,0.0,0.0,1.0,1.0
1032,-0.2723920676523725,-1.0143496536617016,1.1468793315093662,1.058412987419244,1.5788909861907932,South-David,-0.8776311861832304,-0.9307541410174099,-0.2744431878672645,12,1,0.0,1.0,0.0,0.0,0.0,1.0,0.0,0.0,0.0,0.0,0.0,0.0,0.0,0.0
1050,-0.13382994661149575,0.18690037157333333,-0.5388754271638262,-0.5478294351017126,0.7757344638933183,North-Alice,-0.09591860829297977,0.04065686112846733,-0.13492124400625297,11,0,1.0,0.0,0.0,0.0,0.0,0.0,0.0,0.0,1.0,0.0,0.0,1.0,0.0,0.0
1061,0.7936745124200248,1.1055033320471834,0.29557314309765803,0.3281054301839439,1.4641543401482973,South-Bob,0.330502305328912,1.066163578780063,0.7904707401246914,5,2,0.0,1.0,0.0,1.0,0.0,0.0,0.0,0.0,0.0,1.0,0.0,0.0,0.0,1.0
1051,0.26927455699390346,-0.16640845937814752,0.08670520787513097,0.22153528156761593,1.005207755978311,South-David,1.3574441397141734,0.6867272326477908,0.2675258683186051,1,0,0.0,1.0,0.0,0.0,0.0,1.0,0.0,0.0,0.0,1.0,1.0,0.0,1.0,0.0
1019,0.5925896872418477,1.3881503968083682,0.0813847206062869,0.21691834609941718,-1.174788518829121,West-Charlie,1.3644648731997144,2.4922424906421714,0.5950602800919885,9,1,0.0,0.0,1.0,0.0,1.0,0.0,0.0,0.0,0.0,0.0,0.0,0.0,0.0,1.0
1021,0.9747513693770857,-0.16640845937814752,-1.3368638413004865,-1.2492370909330217,-0.9453152267441279,South-David,0.8671274597238605,0.3944861376909387,0.9770869486878037,3,1,0.0,1.0,0.0,0.0,0.0,1.0,0.0,0.0,1.0,0.0,1.0,1.0,0.0,1.0
1005,1.2710295596065784,0.18690037157333333,-0.2321994361940207,-0.3911849207356399,-0.6011052886166387,South-Alice,-1.60204323219148,-1.0521809757206522,1.2727144915616058,12,0,0.0,1.0,0.0,0.0,0.0,0.0,0.0,0.0,0.0,1.0,1.0,1.0,0.0,1.0
1082,-0.6367880235698448,1.2468268644277758,-0.13130775586254462,-0.10392694953640616,-1.174788518829121,North-Charlie,0.2740527714451559,1.11343025233649,-0.6356479637507808,8,4,1.0,0.0,0.0,0.0,1.0,0.0,0.0,0.0,0.0,1.0,0.0,0.0,0.0,0.0
1092,0.14309396977403352,1.5294739291889605,0.8511547944404174,0.9505388188615166,0.20205123368083638,East-Bob,1.0091022924314967,2.2231808106762685,0.14278592952532937,2,4,0.0,0.0,0.0,1.0,0.0,0.0,0.0,0.0,0.0,1.0,1.0,1.0,0.0,1.0
1042,1.1941536950591192,0.045576839192741,1.222713915963302,1.055988215203885,1.5788909861907932,West-Charlie,-1.6641660860635512,-1.1040456748306624,1.1901645087348927,7,6,0.0,0.0,1.0,0.0,1.0,0.0,0.0,1.0,0.0,0.0,1.0,1.0,0.0,1.0
1061,1.7137704351771534,-0.02508492699755517,0.19218351516250717,0.2104546364439394,0.8904711099358149,South-Charlie,0.185903562126679,0.09113406651627638,1.7111845399855379,9,3,0.0,1.0,0.0,0.0,1.0,0.0,0.0,0.0,1.0,0.0,0.0,1.0,0.0,0.0
1022,1.366071801764252,0.2575621377636295,-1.4082529257817806,-1.2818587357373317,-0.2568953504891494,West-Eve,1.2563881274222728,1.1009630239769708,1.366871487657595,11,4,0.0,0.0,1.0,0.0,0.0,0.0,1.0,0.0,0.0,1.0,1.0,0.0,1.0,1.0
1021,-0.43640609557140136,-0.4490555241393322,-0.8840931972615185,-0.8907725821769293,-1.748471749041603,North-Charlie,-0.076771153332409,-0.3462223321229144,-0.43438431140751216,6,1,1.0,0.0,0.0,0.0,1.0,0.0,0.0,1.0,0.0,0.0,0.0,0.0,1.0,1.0
1070,-1.049817435353082,0.5402092025248142,-1.135285114763259,-1.3040270747411251,-0.7158419346591353,South-Charlie,-1.7099781449692142,-1.119462475937385,-1.0494105204695523,12,3,0.0,1.0,0.0,0.0,1.0,0.0,0.0,0.0,1.0,0.0,0.0,1.0,0.0,1.0
1001,-0.026103924845530504,0.7521945010957027,-1.2761157313568805,-1.4423166273374435,0.08731458763833985,North-David,-1.6859374515187204,-1.0904133192924998,-0.026217659886874644,11,1,1.0,0.0,0.0,0.0,0.0,1.0,0.0,0.0,0.0,1.0,0.0,0.0,0.0,1.0
1005,0.8515545806851846,-0.802364355090813,-0.43333361273398374,-0.460347318924899,-0.6011052886166387,West-Bob,-0.276472016921174,-0.6413247883055571,0.8529955920551765,3,5,0.0,0.0,1.0,1.0,0.0,0.0,0.0,0.0,0.0,0.0,1.0,0.0,1.0,1.0
1012,-0.01505438118011876,-0.802364355090813,-0.9101311256727053,-1.0269968491363284,-1.4042618109141138,North-David,-1.1856215450489993,-0.9711623687840791,-0.0128910847939412,11,1,1.0,0.0,0.0,0.0,0.0,1.0,0.0,1.0,0.0,0.0,1.0,0.0,0.0,1.0
1090,-0.04771801312233748,0.6815327349054066,-0.9488704825771538,-0.8897364149802498,-0.2568953504891494,West-David,0.584667040805519,0.9661831702200343,-0.04731562375221841,4,4,0.0,0.0,1.0,0.0,0.0,1.0,0.0,1.0,0.0,0.0,1.0,1.0,0.0,0.0
1046,1.1876202657734956,0.3282239039539257,-1.520343032234816,-1.4452771050422426,-0.8305785807016316,North-Alice,0.7387685949881844,0.7776310432025597,1.1898479573635985,9,4,1.0,0.0,0.0,0.0,0.0,0.0,0.0,0.0,0.0,1.0,1.0,1.0,0.0,1.0
1034,-0.4714209185798287,0.18690037157333333,-1.6496576869945467,-1.7578260143481885,1.3494176941058007,West-David,-1.1061241487127054,-0.6923441270020395,-0.4729500908479008,1,5,0.0,0.0,1.0,0.0,0.0,1.0,0.0,0.0,0.0,1.0,0.0,0.0,0.0,1.0
1049,1.2626510252241543,-0.5903790565199245,-1.3524230912047321,-1.2154594500725517,-1.4042618109141138,East-Eve,1.3633302092020512,0.19913988578473496,1.2664531044447545,3,5,0.0,0.0,0.0,0.0,0.0,0.0,1.0,1.0,0.0,0.0,1.0,0.0,1.0,0.0
1078,-0.31345532089240713,-1.5796437831840708,-1.109910483173387,-1.1274698234320581,-1.6337351029991065,North-Eve,-0.1886773901019642,-1.0674066518643148,-0.3113841821151248,7,3,1.0,0.0,0.0,0.0,0.0,0.0,1.0,0.0,0.0,0.0,0.0,0.0,0.0,1.0
1090,-0.5868331210061806,-0.6610408227102207,-0.20599921175208674,-0.3278236490964987,-1.748471749041603,North-Alice,-1.2278877789619609,-0.9570963065989736,-0.5850494738442727,11,4,1.0,0.0,0.0,0.0,0.0,0.0,0.0,0.0,0.0,0.0,1.0,0.0,0.0,1.0
1045,-0.14928314110793817,1.4588121629986643,0.07181631114136307,0.16432052554415308,-0.6011052886166387,East-Bob,0.9314487250914067,2.057944091411921,-0.14842410705457426,1,6,0.0,0.0,0.0,1.0,0.0,0.0,0.0,0.0,1.0,0.0,1.0,1.0,0.0,0.0
1027,0.9239424467400454,0.3282239039539257,-1.220307065827321,-1.1175240280952212,0.5462611718083257,East-Bob,1.0208744314072562,0.9969469383123598,0.9227333395785174,1,1,0.0,0.0,0.0,1.0,0.0,0.0,0.0,0.0,0.0,1.0,1.0,0.0,1.0,0.0
1073,-1.2904648282925621,0.2575621377636295,-0.2276551473330981,-0.17798823345146397,0.7757344638933183,North-David,0.49722699648558116,0.530445820546756,-1.2908385384206689,5,6,1.0,0.0,0.0,0.0,0.0,1.0,0.0,0.0,0.0,0.0,1.0,0.0,0.0,0.0
1026,-1.0454594728387339,1.3881503968083682,-0.5176852106275678,-0.3937295218104789,-0.1421587044466529,East-David,1.2414956624529403,2.348843636147303,-1.0454094332257948,10,1,0.0,0.0,0.0,0.0,0.0,1.0,0.0,0.0,1.0,0.0,1.0,0.0,1.0,0.0
1047,1.58153087426798,-0.7317025889005169,-1.070698350875023,-0.9862479881567007,0.6609978178508219,South-David,0.8380516947837349,-0.16874075104260577,1.5797104348073179,7,4,0.0,1.0,0.0,0.0,0.0,1.0,0.0,0.0,0.0,0.0,0.0,1.0,0.0,0.0
1086,-1.1182725916873335,1.4588121629986643,-1.687486774856978,-1.5523477153658105,-0.4863686425741423,West-Bob,1.341346094247322,2.5465624104314744,-1.1180416918284328,12,3,0.0,0.0,1.0,1.0,0.0,0.0,0.0,0.0,0.0,1.0,1.0,0.0,1.0,0.0
1056,0.24644797108205616,-0.02508492699755517,-0.08013511173302548,-0.10156561612900693,0.5462611718083257,West-Charlie,-0.21647665804471805,-0.1695493566555455,0.2455234745284572,1,5,0.0,0.0,1.0,0.0,1.0,0.0,0.0,0.0,1.0,0.0,1.0,1.0,0.0,0.0
1094,0.2867626388256745,0.893518033476295,0.6835312200751764,0.7696254360725311,-1.6337351029991065,West-Eve,0.8735808612105727,1.4357000193739016,0.2897238497920186,1,3,0.0,0.0,1.0,0.0,0.0,0.0,1.0,0.0,1.0,0.0,1.0,0.0,1.0,1.0
1063,-0.02529910757473559,1.1761650982374796,-0.9210190724310958,-0.7461039050024131,-0.37163199653164597,South-Charlie,1.7498251334061576,2.666030214263365,-0.024716271440649792,3,1,0.0,1.0,0.0,0.0,1.0,0.0,0.0,0.0,1.0,0.0,1.0,0.0,0.0,1.0
1048,0.5144204918836784,1.5294739291889605,-1.2509951283368739,-1.1706434566270452,1.005207755978311,East-Charlie,0.794863546372671,1.96224561712042,0.512470605538134,1,3,0.0,0.0,0.0,0.0,1.0,0.0,0.0,0.0,0.0,0.0,0.0,1.0,0.0,1.0
1061,-0.9292248807120936,0.893518033476295,1.3869645554286654,1.2535296144348256,1.005207755978311,East-Bob,-1.3274545447569237,-0.7317415977525279,-0.9299899296025174,1,2,0.0,0.0,0.0,1.0,0.0,0.0,0.0,0.0,0.0,1.0,1.0,0.0,0.0,0.0
1081,0.19403292838932445,-0.16640845937814752,-0.7507493671297587,-0.7422975765248141,0.6609978178508219,North-Charlie,0.0769049018511329,-0.0765064167065427,0.19293433638746776,10,5,1.0,0.0,0.0,0.0,1.0,0.0,0.0,0.0,1.0,0.0,0.0,1.0,0.0,1.0
1026,-0.43394946992823263,-0.02508492699755517,-0.9303263969769914,-0.8978424848862472,-1.0600518727866246,East-Alice,0.31674450435724083,0.17589982537281482,-0.43272309862982467,8,3,0.0,0.0,0.0,0.0,0.0,0.0,0.0,1.0,0.0,0.0,1.0,0.0,1.0,0.0
1036,0.5732986741440603,1.1761650982374796,1.2823682917866548,1.1697762904147704,-0.9453152267441279,North-David,-1.1188891186864214,-0.4562606918639046,0.5752801861836239,5,1,1.0,0.0,0.0,0.0,0.0,1.0,0.0,0.0,0.0,1.0,0.0,0.0,1.0,1.0
1001,-1.2375050402855372,-1.296996718422886,1.1426878601065897,1.3026523980651705,1.6936276322332897,South-Alice,1.6217499346698996,-0.5724756958437369,-1.2383334808881323,5,5,0.0,1.0,0.0,0.0,0.0,0.0,0.0,1.0,0.0,0.0,0.0,1.0,0.0,1.0
1008,0.25740965260000087,-0.23707022556844368,-0.14534989069676155,-0.25593338216496014,-1.4042618109141138,West-Eve,-1.1141377131962018,-0.8040456414696426,0.25992241090386176,2,4,0.0,0.0,1.0,0.0,0.0,0.0,1.0,1.0,0.0,0.0,0.0,1.0,0.0,1.0
1099,-1.0842488537023303,-0.5903790565199245,-0.0025223272900329087,-0.11257577368828355,-1.174788518829121,West-David,-1.1072588127103689,-0.8892542956732715,-1.0835930725629337,8,5,0.0,0.0,1.0,0.0,0.0,1.0,0.0,0.0,1.0,0.0,0.0,1.0,0.0,1.0
1052,-0.7593732917153776,-0.5197172903296283,-0.9508039222477946,-0.8050738013794352,-1.2895251648716173,West-Charlie,1.4558762415114757,0.32415766450544464,-0.7582652806104471,12,4,0.0,0.0,1.0,0.0,1.0,0.0,0.0,0.0,1.0,0.0,0.0,0.0,1.0,0.0
1079,-0.9679017980269329,1.6707974615695529,-1.4378825359168952,-1.447039294152242,-0.6011052886166387,East-Eve,-0.10769074726873727,0.9504245494678432,-0.9675187826916101,6,3,0.0,0.0,0.0,0.0,0.0,0.0,1.0,0.0,0.0,0.0,1.0,1.0,0.0,0.0
1047,-1.092715250232221,1.1055033320471834,0.2915580804239547,0.14168696861531982,-1.0600518727866246,North-David,-1.5046748778919863,-0.8836749169439823,-1.0921358682342386,8,2,1.0,0.0,0.0,0.0,0.0,1.0,0.0,0.0,0.0,0.0,0.0,1.0,0.0,1.0
1056,1.1440617275454072,-1.0850114198519978,-1.3678694395223712,-1.3311718357915567,-0.027422058404156683,North-Charlie,0.3544011657796965,-0.6352602462085033,1.1442164893960773,4,5,1.0,0.0,0.0,0.0,1.0,0.0,0.0,0.0,0.0,0.0,1.0,0.0,0.0,0.0
1086,-0.7347964918259937,-1.0850114198519978,-0.14211102643098,-0.10547767595320556,-0.1421587044466529,South-Alice,0.3670243027537044,-0.6319890689561528,-0.7346902666506252,11,6,0.0,1.0,0.0,0.0,0.0,0.0,0.0,0.0,0.0,1.0,0.0,1.0,0.0,0.0
1014,1.4969125972857558,-1.296996718422886,1.5736755542796137,1.4228830366622143,1.3494176941058007,East-David,-1.5000653054014812,-1.1387697726863677,1.4931765274426205,7,6,0.0,0.0,0.0,0.0,0.0,1.0,0.0,0.0,0.0,0.0,0.0,0.0,0.0,1.0
1090,1.645835422755905,1.6001356953792567,1.6167686786175857,1.7795501125261068,-1.6337351029991065,South-Charlie,1.6552225226009696,3.099545736241087,1.650812023079234,10,6,0.0,1.0,0.0,0.0,1.0,0.0,0.0,1.0,0.0,0.0,1.0,0.0,0.0,0.0
1028,0.25874164275559597,0.893518033476295,-0.8754209441402859,-0.8579606209487393,-0.6011052886166387,North-Alice,0.1661887751672738,0.7391046612260064,0.2598379392178999,11,4,1.0,0.0,0.0,0.0,0.0,0.0,0.0,0.0,0.0,0.0,0.0,0.0,0.0,0.0
1087,-1.2313195451038819,0.11623860538303717,0.4685807118742096,0.4900435606364553,0.3167878797233326,North-Eve,0.2210072295543902,0.218369997452483,-1.2315165345530577,10,4,1.0,0.0,0.0,0.0,0.0,0.0,1.0,0.0,1.0,0.0,0.0,0.0,1.0,0.0
1078,-0.42568691358046457,0.5402092025248142,-0.05548022775777174,-0.04715626516866326,0.3167878797233326,West-Eve,0.08314555383828255,0.4139569933025397,-0.42606096196357063,3,3,0.0,0.0,1.0,0.0,0.0,0.0,1.0,0.0,0.0,0.0,0.0,0.0,0.0,0.0
1088,1.0467139826382077,-1.7209673155646632,1.3472937604347115,1.385404798670746,-0.1421587044466529,East-Eve,0.3980148131898862,-1.1354636783734586,1.047142406382763,7,6,0.0,0.0,0.0,0.0,0.0,0.0,1.0,0.0,0.0,1.0,0.0,1.0,0.0,1.0
1002,-0.4505905606584247,1.317488630618072,-0.763302612290599,-0.842573185640224,1.005207755978311,North-Eve,-0.8057927718311652,-0.06421193590978945,-0.45174843723386787,5,1,1.0,0.0,0.0,0.0,0.0,0.0,1.0,0.0,0.0,1.0,1.0,0.0,1.0,1.0
1026,-1.426106411551646,0.6108709687151104,-1.6984452851069978,-1.7687868306123853,-1.5189984569566104,West-Bob,-0.7260826259953088,-0.2503639744488547,-1.42571908393779,2,0,0.0,0.0,1.0,1.0,0.0,0.0,0.0,1.0,0.0,0.0,0.0,0.0,1.0,0.0
1014,0.2083755453417879,-1.5089820169937747,-1.143569268680531,-1.1371054734855353,1.005207755978311,East-David,0.052651458901077274,-1.000761009697758,0.2066768380756051,12,0,0.0,0.0,0.0,0.0,0.0,1.0,0.0,0.0,0.0,1.0,0.0,0.0,1.0,1.0
1059,1.2115960885742076,-0.5903790565199245,-0.4905323790486393,-0.3827616567898422,-0.027422058404156683,South-David,1.0789550447876528,0.07386114797984918,1.2117563003568435,11,2,0.0,1.0,0.0,0.0,0.0,1.0,0.0,0.0,0.0,0.0,1.0,0.0,1.0,1.0
1056,1.0404300818513896,-1.5089820169937747,-0.6085992132426705,-0.7621045821212081,-1.2895251648716173,East-Bob,-1.550983352296625,-1.166988270837959,1.0436662525178,12,2,0.0,0.0,0.0,1.0,0.0,0.0,0.0,0.0,1.0,0.0,1.0,0.0,1.0,1.0
1007,-1.119555379040347,1.2468268644277758,1.0527688027234592,1.088666250059715,1.3494176941058007,East-Charlie,0.37255578974231185,1.2231929510730655,-1.1203578622805814,2,1,0.0,0.0,0.0,0.0,1.0,0.0,0.0,0.0,0.0,1.0,0.0,0.0,1.0,0.0
1003,0.6119088162268247,0.045576839192741,0.66574922018461,0.7723039635197301,0.4315245257658291,North-Charlie,1.079238710787067,0.7443716241502947,0.6110687605492183,5,3,1.0,0.0,0.0,0.0,1.0,0.0,0.0,1.0,0.0,0.0,0.0,0.0,1.0,0.0
1023,-0.9616600710708989,-1.5089820169937747,-0.6650641192443821,-0.7815309548698423,-1.174788518829121,North-Eve,-1.1789553940627262,-1.1284251340608178,-0.9608716143322164,7,4,1.0,0.0,0.0,0.0,0.0,0.0,1.0,0.0,0.0,0.0,1.0,0.0,0.0,1.0
1018,-0.9696520120044695,-1.7209673155646632,-0.11253081074000584,-0.27860218287599353,-1.6337351029991065,East-Alice,-1.6720378175473423,-1.1891073098319391,-0.9685539571142263,8,3,0.0,0.0,0.0,0.0,0.0,0.0,0.0,1.0,0.0,0.0,0.0,1.0,0.0,1.0
1038,1.3123247689159252,-1.296996718422886,-1.3776001450180422,-1.4394900760050042,-1.2895251648716173,North-Charlie,-0.6375788341775608,-0.982315613022569,1.315882438745239,2,5,1.0,0.0,0.0,0.0,1.0,0.0,0.0,0.0,0.0,1.0,1.0,1.0,0.0,0.0
1099,-0.8601863197186636,0.3282239039539257,1.4257462504280913,1.455969899391564,0.3167878797233326,North-Alice,0.319510247851543,0.45168947158638456,-0.8604648754434115,4,0,1.0,0.0,0.0,0.0,0.0,0.0,0.0,0.0,0.0,1.0,0.0,0.0,0.0,1.0
1015,-0.8129410857828722,-1.155673186042294,1.5559570615315137,1.4306648637719726,-1.174788518829121,North-David,-1.2437021584293952,-1.063685228304759,-0.8119916732040652,7,2,1.0,0.0,0.0,0.0,0.0,1.0,0.0,1.0,0.0,0.0,1.0,0.0,0.0,0.0
1064,-1.726594955887743,0.6815327349054066,1.7109709399426105,1.6849276060755756,-0.9453152267441279,West-Alice,-0.24349584448907818,0.215043687999251,-1.726641869790264,12,1,0.0,0.0,1.0,0.0,0.0,0.0,0.0,0.0,0.0,0.0,1.0,0.0,1.0,1.0
1089,1.3004844659233137,-1.2263349522325901,1.3223848478895923,1.3403491475062796,-1.6337351029991065,West-David,0.19505179060784017,-0.779702937040077,1.3049489401478387,11,1,0.0,0.0,1.0,0.0,0.0,1.0,0.0,0.0,0.0,1.0,1.0,0.0,1.0,0.0
1028,1.028839307357583,-0.09574669318785134,-1.1037502903541552,-1.0670972245234764,0.7757344638933183,East-Bob,0.3568123267747307,0.14609168209578308,1.0270266789142912,11,2,0.0,0.0,0.0,1.0,0.0,0.0,0.0,0.0,1.0,0.0,0.0,0.0,0.0,0.0
1074,0.4538237260188485,-0.4490555241393322,-1.550022036814071,-1.6249569554542285,1.005207755978311,North-Bob,-0.7706891044034527,-0.6878857696906907,0.45192357302140934,12,5,1.0,0.0,0.0,1.0,0.0,0.0,0.0,0.0,0.0,1.0,0.0,0.0,1.0,0.0
1039,0.8815612612880104,0.7521945010957027,0.31308700172003356,0.2795324495559186,1.005207755978311,West-Eve,-0.33419804780229867,0.17063653792858594,0.8793100529258892,8,1,0.0,0.0,1.0,0.0,0.0,0.0,1.0,0.0,0.0,0.0,0.0,1.0,0.0,0.0
1057,-1.1998402949095144,1.2468268644277758,1.4762485413871331,1.57211225925341,-1.2895251648716173,East-Charlie,0.9804520264904986,1.9005765749535082,-1.1992531096226322,6,3,0.0,0.0,0.0,0.0,1.0,0.0,0.0,0.0,0.0,1.0,0.0,1.0,0.0,1.0
1017,-0.13420599660265342,0.11623860538303717,-1.0919097364587702,-0.9370265219361955,1.3494176941058007,North-Eve,1.5464366118249875,1.145748748493694,-0.13611325459023793,1,1,1.0,0.0,0.0,0.0,0.0,0.0,1.0,1.0,0.0,0.0,1.0,0.0,1.0,0.0
1086,-0.5068574798960961,0.469547436334518,-1.6867811399406856,-1.5586634011360485,0.5462611718083257,South-David,1.270713260392773,1.3500760359236252,-0.5074655181905325,10,4,0.0,1.0,0.0,0.0,0.0,1.0,0.0,0.0,0.0,1.0,1.0,0.0,1.0,1.0
1090,-1.402587471917761,-0.802364355090813,1.10213502146727,1.1244668840184642,1.3494176941058007,North-Eve,0.23660885952226113,-0.45518010072660897,-1.4030726192825447,1,2,1.0,0.0,0.0,0.0,0.0,0.0,1.0,0.0,0.0,1.0,1.0,0.0,1.0,0.0
1044,-0.03745571429822756,-0.5197172903296283,-1.4431395160432732,-1.4712588212800748,-0.2568953504891494,North-Alice,-0.2985270483757563,-0.4941916460709264,-0.03705044106545767,8,1,1.0,0.0,0.0,0.0,0.0,0.0,0.0,0.0,0.0,0.0,0.0,1.0,0.0,0.0
1025,1.4746975319202762,0.18690037157333333,-0.2663521661425688,-0.32244544793278057,-0.2568953504891494,West-David,-0.5672296663224307,-0.3013245054643983,1.4755277433022518,12,5,0.0,0.0,1.0,0.0,0.0,1.0,0.0,1.0,0.0,0.0,0.0,0.0,1.0,1.0
1017,-1.5894878320089147,0.2575621377636295,0.6598995067285464,0.5309686405270827,1.005207755978311,East-Bob,-1.2900106328340355,-0.8126811818678412,-1.5897109858537994,1,4,0.0,0.0,0.0,1.0,0.0,0.0,0.0,0.0,0.0,0.0,0.0,0.0,0.0,1.0
1013,-0.7147779801471819,-0.6610408227102207,-0.8842696059905916,-1.0178969045722912,-1.4042618109141138,East-Charlie,-1.3539773157023132,-1.009376334955633,-0.7135121480881333,6,3,0.0,0.0,0.0,0.0,1.0,0.0,0.0,0.0,0.0,1.0,1.0,0.0,1.0,1.0
1084,-1.006761468608503,0.6815327349054066,-1.4181106455623842,-1.3502105269359912,0.08731458763833985,West-David,0.6677811786343666,1.0415672662264368,-1.0068561203930249,2,6,0.0,0.0,1.0,0.0,0.0,1.0,0.0,0.0,1.0,0.0,0.0,0.0,0.0,0.0
1025,-0.900276060364767,1.5294739291889605,0.9782255301663386,0.895523274847333,1.1199444020208076,North-David,-0.8214653182988932,-0.00638560814437384,-0.9011513788066716,6,0,1.0,0.0,0.0,0.0,0.0,1.0,0.0,0.0,0.0,1.0,0.0,0.0,1.0,0.0
1068,1.4318840647027051,0.3988856701442218,0.48975681571214197,0.4058038724220405,1.1199444020208076,South-Alice,-0.839336276262089,-0.42445676291493006,1.4288610963360493,4,3,0.0,1.0,0.0,0.0,0.0,0.0,0.0,0.0,0.0,0.0,1.0,0.0,1.0,1.0
1010,-0.10029823665230632,-1.5089820169937747,1.7413132413431802,1.9128279992935868,1.5788909861907932,North-Charlie,1.7444354794172565,-0.8253965051313299,-0.10257678190224807,4,5,1.0,0.0,0.0,0.0,1.0,0.0,0.0,0.0,1.0,0.0,1.0,1.0,0.0,0.0
1067,-0.10645561594677246,0.8228562672859988,-0.5087518725873071,-0.6146798411786524,0.6609978178508219,North-Bob,-1.0712332307845536,-0.49819056837492165,-0.10739787842556672,9,3,1.0,0.0,0.0,1.0,0.0,0.0,0.0,0.0,0.0,0.0,0.0,0.0,0.0,1.0
1018,0.9174336188557125,-0.5903790565199245,-1.4956528665137476,-1.6142851382040717,-1.0600518727866246,South-David,-1.209733154999348,-0.9343983794957305,0.9199872151335593,4,3,0.0,1.0,0.0,0.0,0.0,1.0,0.0,0.0,0.0,0.0,1.0,0.0,0.0,0.0
1100,-1.1913387535206368,0.9641797996665912,0.8536245166474405,0.7154134502925072,-1.6337351029991065,West-David,-1.3812801681460904,-0.7740206448691438,-1.1905694412148375,12,2,0.0,0.0,1.0,0.0,0.0,1.0,0.0,1.0,0.0,0.0,0.0,0.0,0.0,0.0
1086,-0.033505432148124716,1.6001356953792567,0.11097904899558689,0.1397344630814404,-0.1421587044466529,East-Alice,0.2905053994112736,1.4020032181946362,-0.03327237360340453,8,2,0.0,0.0,0.0,0.0,0.0,0.0,0.0,0.0,1.0,0.0,1.0,1.0,0.0,0.0
