age,income,tenure_months,purchase_frequency,avg_order_value,discount_used,support_tickets,sessions_per_month,income_thousands,sessions_duplicate,loyalty_score,noise_feature,churn
19,65431.071188803646,17.42969126903033,7.2661509411794025,50.15376027455453,0.30692020042296414,0,15.594484778878364,66.16006117040261,15.040200201048682,14.729042301872672,-0.1601228507933885,0
50,41640.301584955596,19.07779771433309,5.705618604342575,74.87923568484646,0.4136127015173542,1,23.07116196864395,39.642089509619055,22.478188954737977,23.263301740174352,-0.19454352283978163,0
37,31738.613237224225,120.0,5.841232587417432,76.08023946129492,0.20254445517054748,2,29.277617779267906,32.646882108947594,30.559679698196703,50.741627525370404,0.09928109187646775,1
48,68593.47558797053,108.530197628872,5.26903692373542,25.800974652722303,0.294685497350008,3,21.413405676027203,68.4426718177165,22.904781544800777,40.581079971070935,-0.36221390857498936,0
30,73910.46242559941,54.85957634049208,6.54112160590135,90.37306161166165,0.5933232213620663,6,16.737234215509606,72.72507819410876,17.189306621722384,22.25392765872637,-0.822139637178093,0
24,68148.73910189833,33.513179182799995,6.831272283945567,45.73611095996294,0.29981278713162984,3,26.58543682314696,70.20577145189517,27.754429809187474,28.23522400968005,-0.6297798430323548,0
46,56635.989170750385,35.745952919253796,9.039677670001907,49.05823497295252,0.5538642350262513,4,5.238456611907651,59.48563558699274,4.7097074235231515,13.63026977342943,0.5036413732745162,0
23,55022.51899508131,63.96777722543224,6.81289617079918,68.14839511674543,0.35443301439192726,4,14.130393246046276,53.98561986752924,14.11039507769751,23.424976832108413,0.24205709016149354,1
23,84336.15780049923,27.433458155788262,11.219461688977752,61.77357937100019,0.2136867835701692,4,16.52612458532813,81.38679478059183,15.814546228967657,27.892148243895335,-1.829708909028698,1
48,69428.3546970745,47.13610284320526,10.436794961911474,89.24396660549999,0.2544405365553089,1,10.075206379613594,70.63616020951677,9.57658072071213,23.699594377708166,-1.481687343488066,0
48,38754.19652865618,38.95787698309413,7.607991772494112,82.60365101267425,0.030406226243310297,2,3.2262210517834937,36.28406867783293,4.909024514843205,27.88418343605048,-0.8256405448812362,0
58,35725.937734888736,37.23376019467721,4.351370893692957,79.57069984294723,0.23169037606491455,2,16.81103534153348,37.054949921000556,17.75458644456855,28.367537540494943,-0.07057003253289312,1
38,66268.70300753064,115.29044488868568,8.058727377842139,55.01535239537664,0.4542717588487971,1,12.541700130432883,64.95939058876853,11.213526593047225,45.76234681705008,-0.4977381888012881,0
27,68184.8674108034,47.53978929320793,8.617314814406555,94.56737154198365,0.3229888265332646,2,18.80422295429748,68.43327750581125,17.93134823991828,29.291094844354568,-0.6079074347629777,0
27,44061.1987063555,52.88987900305779,10.047720574504254,35.32457696513974,0.2973368881832557,1,29.64188812382661,43.378636620968976,29.34336845722135,36.72765138879162,-0.8260850623125802,1
28,41453.30170299657,110.05752937111768,10.224636646055554,51.49725500624421,0.3692236953992021,2,17.769283196790266,40.66359536246144,17.352453281931243,44.071953644877716,-2.326458113729044,1
23,72391.89515441324,40.59863644958147,9.52991930424685,38.96549789895117,0.31253959203320536,0,6.932317505482992,72.01464890309467,7.013805474125895,25.280471312251642,0.5179363773834768,0
51,49415.034624670705,43.219716610376395,9.390990318716526,82.12119815373204,0.39465166034439264,1,21.736162518875332,49.3712115641388,22.94638598532749,37.166627668711094,0.8955615680614322,1
53,70068.6700845673,36.59822692895748,10.277130660278964,61.37619315782024,0.34050950652239576,1,17.86244653464937,71.86775029516431,18.064752575591253,21.37866905614178,-0.9994358248074913,1
40,35249.20444222734,44.28572991846297,13.392853377844565,74.06106417559221,0.28240939727940545,4,15.720628483868364,36.27840347830705,14.114216398969344,28.86546152380846,-0.6327790403917638,0
50,37355.89082557239,12.46366929152784,8.368951751263367,34.755260939145074,0.33682666197909006,1,24.873366719179206,36.86112753546188,23.32908022358731,16.992547979517717,0.6130278192709003,0
37,24398.91944416676,74.0206394377395,6.949445232221399,91.08060520397088,0.6946139432005107,2,7.3443340041116105,23.86449210878948,6.976356815323849,29.242342187011513,0.20791376776548845,1
52,54514.09009352746,72.48809537837883,13.529492211113823,53.130101772724146,0.3771878849812651,2,18.981960908514328,55.851420942092034,21.648090444648734,40.80140892902108,1.0282330316060841,1
34,47859.39664327149,66.56668960593831,10.09582554570595,85.05255315823118,0.32996678346665803,4,25.759723417591818,48.48279427895218,26.509328096890172,43.27987067577398,1.17329554319518,0
40,24957.236318952862,49.80734448813777,5.553411953506215,81.43118840791492,0.2845020004156168,1,22.570118963374448,26.291995059692788,22.90508973097889,29.21829119383949,-0.38982300033038564,0
21,57858.03979655252,96.09980038904474,8.14068840534964,54.61244434209708,0.36062482957066655,4,22.38057496269488,57.987463953116155,22.12210945361377,43.757462063747326,-0.16910062799515138,1
26,45582.92222756015,13.758934305024518,6.587368165980932,55.55492369192483,0.42422394765751315,2,33.936847594763115,45.399736450872155,34.110371588935706,14.109101890582656,-1.2892314798264704,0
39,51082.9314452527,76.10627336356927,12.210240327887913,62.437545381143885,0.7369968468814515,1,23.51247669249158,52.90112655152601,23.437428410078965,40.42243359671353,1.4361556884239537,0
25,80148.19327564345,62.74172963679636,5.4800972319943355,82.54666965846887,0.0,0,13.39231938165457,80.37969192844042,12.909964305798535,35.033468617443205,0.7395291785118189,1
32,72447.70693221857,60.389682543428975,6.333047102613575,47.24419389634528,0.4503582688478423,1,17.001540757004438,72.63385404922268,16.922913644532102,30.395099692818373,-0.9288705698043462,1
18,63904.995149493676,116.97859081907256,4.9718227235401615,30.453536335198166,0.3311387006434029,0,20.95707339106697,63.680457325817095,19.428763163964053,26.916707459862593,-0.15258697789602735,0
36,49116.002589580865,23.75442002071778,3.2677975890064968,91.8753080128148,0.28770595116085396,1,25.474703862273955,49.14502071282346,27.188616851809734,20.53551442333761,-1.2608959480646056,1
24,33706.73185712451,46.890059528037824,10.488399905522561,85.10566933968897,0.7233340545841781,3,30.05311367744006,33.323419691760314,29.89439437037779,22.810465537505664,2.3754761114289273,0
43,43267.52527388182,105.78133097535358,1.1928127755722544,25.94299364037206,0.15089167982187485,2,19.132499671106192,43.075521447556575,18.174958923956115,37.05123463089777,-1.0038359911094954,0
33,48307.77244828404,120.0,9.747525828515126,58.62147293526749,0.4087393259941621,0,21.223473538956586,47.05996097040972,21.958165919730774,51.65920844315193,-1.1659187646974296,1
50,77589.21608966032,62.54797751016495,6.782127260355937,63.73915478991824,0.48861379235924707,3,26.350084441568107,78.33906136051655,26.676088786205312,28.876338695645618,-0.8608404679993651,1
21,38433.47278262432,120.0,11.42741243611096,70.26665119976823,0.8365320355368557,3,25.902631360821545,37.94758361970554,26.98599638642326,66.1510919992927,-0.6743017285206397,1
47,45261.99885984331,16.665492934382907,7.506858499962869,54.37690870729947,0.3235545747041335,0,24.888463211660973,44.04504133710417,25.5566865438745,30.71182021883517,-1.260566439160286,0
20,54847.84058493701,35.037947314682945,12.03741633297122,76.59350992004494,0.46553386557464854,2,15.323816346096846,54.583783913668185,15.247665781390877,16.916608241201182,-0.6767000052825879,1
52,62027.54916753697,25.71170923333154,12.43263011267571,75.36875657024693,0.5736916345078449,1,27.148489454164668,62.47374406230258,27.91499331320681,32.52962470248147,-0.36683281046660954,1
31,74436.50643111521,26.328206438799377,12.914935295464797,75.3767394061455,0.3846729235143738,2,10.787309935684137,73.13658131800794,10.818729319634437,13.912408018571059,-1.1595942340447565,0
18,78842.60302670712,120.0,10.047317392439668,94.85969630781918,0.2815547230532072,3,33.56253139406121,78.32896893073763,33.376432926693646,55.403187842617506,0.27247217776068894,1
30,52338.81682369762,93.96204249187724,9.98382936192345,82.87123211658653,0.3039971885744509,5,16.533300435349396,52.43467440004513,17.4063022355405,37.79584420269546,-0.05672265363895723,1
48,89590.42694766648,41.58519289049576,10.335440184335905,73.71509066804457,0.4343917399123981,0,21.44354679612907,89.42735109580451,19.726186995121665,32.58900758633722,-0.35967158696354035,0
31,67076.26851290562,71.16107956871085,1.8577660841798558,57.051391817403015,0.25596364935722826,1,12.637329431280014,67.35764555863653,12.45404769226295,27.407993337810996,-2.3000936864838035,0
43,40910.39089267019,30.08200624619983,14.157347454967264,56.69045309064409,0.1739684849934089,3,19.196665311884033,37.92229745956394,19.924533394661495,29.947261721533184,2.041873900194144,1
62,37469.16422705009,70.67438024440133,7.828374064429179,65.55430256806737,0.14948719766628843,3,19.451771663574174,37.40772810345112,19.56721005531896,25.93837159683938,0.4610239335931289,0
58,47490.23546368951,39.71152225775127,7.5162594166651875,69.07052883967049,0.3767511155270167,1,16.26435542540373,47.96574534548229,16.459185215480368,16.25822493517954,-0.2667363582963005,0
23,50471.18613676351,46.13750471423682,9.069079170619752,92.40964468908574,0.0,4,15.210363450547824,50.07152090155602,15.98194800481297,33.25812757085247,-0.0040550904439859686,0
62,69151.74242406804,120.0,9.929677733446525,92.29417686975154,0.2123372657665937,1,6.742337345685675,70.30012392387299,7.149256744221038,36.53765203411482,0.9538148380906147,1
39,40321.80039186189,29.803266760065902,8.22755856961929,58.84755459123424,0.28518856534323095,0,30.42979341076957,39.45109869885018,31.114876737415397,31.607805362007056,-0.8178336710097716,0
18,44743.33961241074,46.16726579733702,5.668281423268878,63.31389938340408,0.6929310414199674,3,14.565003073890514,43.2158368678895,15.383119147709275,18.847250042332796,1.6158253683084494,0
28,39720.09823130795,33.425990804346476,6.593730238645647,81.8934781805853,0.4376112719703168,2,15.046695620794287,40.5240121996652,15.282503388860421,26.535436952252727,0.037923359688541325,0
56,59762.40999812243,14.799914245959913,11.809419038339893,77.98010639448928,0.18822074604448852,2,21.021783315654726,59.372196912540005,20.090353663163764,27.393542308907502,0.2391649264754806,0
54,28878.315302085935,16.92624074797067,8.509770038459587,50.04588249965556,0.3164585119609926,5,24.352811831303313,28.657057824203513,23.74965404642711,20.745377212922165,0.17073936315913144,0
29,64845.801710339685,62.942970838523024,6.961897037179129,99.37098062610121,0.26333255140376527,1,18.41650220034497,67.02689482657513,17.05665802351553,30.105702341370176,-1.4378827144500164,0
26,40759.91120242143,53.84267213540797,5.578229920444311,75.50319479552795,0.4958938053696944,4,17.66890759849846,40.58992732444096,18.70543620016056,18.605151089531915,-1.035184384985058,0
47,51061.743539760035,53.41523883923117,4.994645567480043,60.532347730169406,0.6285383154173811,4,12.164473821368366,49.085966842679255,12.858911818140081,29.50995461937171,0.7160229338673333,0
39,62713.24159909632,49.9904364434755,6.550954183655611,47.01459558892653,0.4127399748435927,0,9.47288987148654,62.09509788620701,10.69592686229681,19.78460148303144,0.983051745216083,0
53,60301.84176766742,28.999704379581377,9.026913257244427,78.27581852167606,0.5626865878861158,2,13.049795067699058,59.7562103159259,12.949720622303685,24.955262996141073,-1.5972440340764498,1
18,104909.85345803335,84.13026521117463,7.955696530166231,68.15595818956085,0.3586337576851172,2,17.1362527334758,105.74326202952395,18.38364480264951,42.502580693399935,1.5752652965558394,0
57,38624.83885361091,61.34151681181705,3.6027143076180144,65.86874954673448,0.3871991474273412,0,10.536475731459136,39.076296784441325,11.001396269051241,27.907656525826894,1.1711379063105447,0
45,17513.893981924863,47.66065692842333,5.143254119476372,94.18486997604427,0.2910199067979028,2,17.543086169408973,18.56453642521275,18.065406832131867,22.33971117433586,0.9957459233286606,0
62,31410.68841045017,30.385509443423448,2.114021188296535,76.51248279520767,0.002817232180031215,3,13.710117409121008,29.274559965229106,13.617429707300719,18.52756121544779,-0.7024262885067886,0
19,69811.5695632231,17.494573781254445,7.78617006109983,84.46603929797855,0.5781221016013555,2,11.606479846450565,69.11083744157894,13.654552933789292,16.06545960522189,0.47862322332524204,0
47,35737.58689542078,26.97653044236175,9.943203127000444,98.03253196346218,0.34870674824276454,2,26.171016295861666,34.67885603116867,26.023847400402325,16.066606707986892,-0.95670337804394,0
22,73368.51132087184,46.38306251887471,9.1461076207239,55.77381089923589,0.1410083965910829,3,25.332093880655627,73.57116131518961,25.316152102222123,30.32164324310388,-0.016461194199554413,0
58,51031.49814741868,27.921992440643024,12.859134081348817,62.47885605811569,0.12544296575434014,1,22.083190785555917,51.679923374865055,20.86563459146564,30.443507492138494,-0.7075753969199868,1
57,68277.37313270797,50.653372456029096,6.627214775510384,71.00706823805635,0.5094099469651012,3,13.998671222213952,67.28650197620775,11.683474966240942,29.211743572741007,-0.1511406216116085,0
41,27473.185467437437,34.5846307275267,13.290509163065934,69.20551080767981,0.4435888269426834,2,20.757619530572576,29.763252365740446,21.410138647775703,32.050202223654466,0.32507549155358717,0
25,73619.13885160717,50.336347567100134,4.532779455919995,67.06924500160947,0.27524356103239506,2,26.155970041809447,72.85276097026735,25.023879971628123,29.70973038031444,0.3468168945065947,1
28,75707.49933226168,44.24067116875348,8.67103116515573,88.4443422031957,0.17470347291285762,2,25.15046214035217,76.91677028141983,23.522454456914325,30.32698242780642,2.2340277166276343,0
44,38208.51748826956,120.0,6.7419358187232215,45.97907450382782,0.6157096686354395,0,5.678848676520312,39.13455805338939,6.33701579074031,34.94003030197474,0.21693664737193696,0
25,78639.27240003715,60.63963202706549,8.265890887399438,54.95149504796595,0.5172781414701118,2,18.858157790839773,80.15012981074442,18.940019084103596,23.44791650704547,-0.8907562791604263,0
44,102233.68608288019,56.56289556134444,9.815954821207386,62.245464495755336,0.4307123205162376,0,17.69252128405458,101.87293174860574,18.186478119027548,28.135269513818304,0.9862306227281419,0
41,54925.55261112573,29.15952905978083,5.692636599497648,59.745330876204584,0.3363358337551505,5,15.344209036031701,54.013427566591766,15.801975847831484,20.714181504282436,-0.5183814150857458,0
55,38130.023620098975,34.36596132777197,2.014424837047814,17.45250214523204,0.5120247994852427,2,11.268484216661736,39.76318094992921,12.321852969619858,16.611623868451563,-0.07801819943154825,0
53,44221.07138042363,120.0,5.098439174916178,49.338704045028635,0.3644466009140607,3,9.833109694812418,45.304930525776896,10.016500299738953,38.945801140647205,-0.05195656073806162,1
63,49784.17903080349,27.606874604424334,6.219766587664015,105.7606267843947,0.2374190658200663,5,12.261943087367147,49.81697527334556,12.3863146126696,20.266309462647797,-0.783470964986149,0
39,73098.69961368757,107.25153707521712,5.288105966916056,57.89736070094985,0.17592206505376695,3,5.723043975068647,73.17168734850485,4.896705988519015,33.462208888279015,-1.4137933373271891,0
37,87822.50580041738,102.2258042095881,12.87661109227958,122.49713235143311,0.17057619392649695,2,20.591913103236838,86.07499370626554,18.921508568099608,41.104719260176395,0.24963401252858483,1
50,47490.86872704391,48.13097709443837,6.634470886882505,15.422239999220821,0.11509355587739731,5,22.228608973987388,46.23885316015331,22.99488544942432,33.63851591534716,0.8780907148406408,0
30,50917.09541788707,50.21062780731111,5.555223806204392,68.8295625910494,0.20679082626227918,3,9.791036691792817,52.065921068659854,9.910603507140044,23.98333308237707,-0.5933766946844035,0
23,30052.757938654104,36.1962587591939,10.05267692954326,55.42664459135644,0.5892114921383849,0,17.71383631343322,28.274241446386082,19.152441850688437,23.231013664356343,0.37204974985278844,0
34,45579.990720043854,21.159414350024015,8.817314442116535,77.2899643850104,0.006673021552160818,1,35.55783256525347,43.564445502054056,36.864384023845346,25.80019691643834,0.8596088211244187,0
63,63440.925926019685,44.4915008644917,6.754184019782253,88.65426666038097,0.16941740678421605,0,16.825825504281266,63.01962796740951,15.721734531734738,28.398340291818865,0.07119304804628736,1
63,18904.88203832344,31.714223778521884,6.321668964728296,97.64536877390331,0.2519055130636997,2,30.80379129796245,18.788292383555213,31.390294734635688,29.11562430103788,0.23052774139862567,0
40,67354.50232109625,90.98628623100518,9.323955073097222,68.96027565073021,0.5853514426362083,2,18.249214137437555,68.34020202584526,17.52318652964586,45.8888255327834,-2.308653164987802,1
56,71059.16585859314,15.437344636073847,8.86107307153784,54.57594885833811,0.3426459722979583,1,17.312328261984664,69.5118569213356,16.46636132804962,20.392034679498753,-2.480659354276422,0
56,76659.92076523529,23.895560286047406,10.052551761350504,81.54882875561646,0.29808432560223364,1,7.771133862739941,76.15195501532087,9.198612929057305,11.401408604789962,-0.22608870290818758,0
20,44720.007410745544,11.146026261926792,9.41200818365714,57.48804409193283,0.5475309295947919,1,4.2855767007416254,45.94977995699853,5.977741857895161,8.584488110640953,-0.09487723075632198,0
52,26808.385418445076,69.60487664683171,4.457939913033338,71.00443927663181,0.27932196787374447,3,17.35781353010775,26.52392970022532,16.797775664815717,33.60070746384389,0.7832247613046919,0
19,49969.22719032995,45.06622618370682,10.337697754612075,53.466516081499584,0.0,5,16.67836136209399,49.353845979938875,15.097172611222751,20.756879074066134,0.22385078421880678,0
54,36378.00141532739,34.642573706119855,2.747813818194678,41.074143190643944,0.5736901886388832,2,18.4905856402764,36.86762851416687,17.220078038590376,18.00154034053315,0.30475306250944434,0
22,23317.504192510085,22.911698344327483,3.0553909475547103,40.80497244476084,0.22075668141644425,2,35.139310841604456,22.407436125962573,36.115427407557725,24.59023226562255,0.3103255306959159,0
36,41310.98257832572,24.905669421970895,2.636628515634416,94.2906738063695,0.6409804581180316,2,21.102237938655975,39.986413645734295,20.90957993435503,19.54132320995594,-0.33614493149639074,0
63,29953.059706670363,43.00011392323117,6.432744291388335,69.68848552869207,0.34676342346780054,1,12.280654723028238,29.382786378171183,13.074670546192179,25.62675388610916,0.501097092933685,1
23,89578.3560937909,65.36201661384104,13.701196358117555,76.6810183633521,0.6746432989046178,1,15.663259990037345,91.5974988903531,15.39283895278889,37.89750473153807,-1.41052478072921,1
21,68404.402089782,66.02776175638776,7.606105767106183,64.64109557662677,0.30759107467525737,1,19.22812177314645,68.26572090119537,18.420230597097753,30.868404432972067,0.8087688427077331,1
39,70788.58578573697,28.14326316914479,7.936731236081392,71.69741824418472,0.2248486250825338,5,24.380603643265097,70.88561873186896,25.143653807342382,31.287239279939534,-1.592590299742984,1
45,35035.38505263256,41.70833353262974,6.9182024197143,74.70446310583215,0.07100988964561533,0,12.21600622616608,34.63735796212115,11.915425298788854,20.239609006921622,-0.9759934963424608,0
33,79633.29147430071,44.783488301017385,11.71460625687726,70.38500003895406,0.3553756583465881,2,7.785467061870838,79.85951429933637,9.677114309736913,26.60677157659354,0.8304283948066055,0
35,48237.53959735871,59.122260013237266,2.1071528332885467,51.27691755927199,0.6074650601835252,1,18.202207959780598,48.389190566328644,16.8467469925664,9.921659339413248,-0.1657469667701055,0
36,70278.01805253708,78.09488044091637,8.879436107061311,59.43269166544394,0.6929895782391151,1,9.928270430286133,71.11959115339478,8.242023558919607,29.485643576926655,0.784324451341436,0
26,36656.342221914194,83.35293402451128,9.813918211274066,79.01133057668756,0.6584684929819715,1,25.71338080332913,38.17130497710373,24.212031929659297,43.615681017854804,-0.553476386645951,1
64,66198.96682378053,79.53546853240553,12.471473339056914,12.356369898396238,0.26446518609070835,0,9.955159246777152,65.91536779178247,10.870825069491783,28.262601125605794,-0.42042763177438935,0
30,24870.137745733857,38.49637762191438,7.9872665606050735,46.99353862641526,0.45343465803895355,1,4.623127521811192,23.911259302425528,3.228652440757256,16.926143679550652,-0.4123146743258671,0
32,51862.46803279881,55.35958520073255,7.110684835509718,76.23538115867495,0.6273419444467021,1,16.203211393353346,53.94972551683154,15.51036314625242,24.804246554656075,0.1805092312906018,0
29,50614.02479364515,77.17209491738737,6.807748231376944,60.31581313275938,0.3871640454123919,2,8.858127829758216,50.45976513632197,9.44597309823186,36.89085159304852,-0.6698476606096532,0
54,30415.22111299476,90.00276087519357,2.8268070616398795,42.27722222224472,0.0,2,16.57919576343328,31.56841910982051,15.206480523493921,29.36622328626179,0.7571586643440541,0
51,55457.249981051194,97.85005404650909,7.023535828349805,63.22426766743424,0.29459272899028494,4,15.737784843737096,54.384682086800694,16.331328107503932,46.366356672568536,1.0972181117073772,1
25,44752.04363530479,45.59214378468801,8.072313046587317,46.97531574998514,0.512134667064181,5,18.86691851821901,45.057722145620126,20.434209817834073,28.49278860914851,-0.3262962195484291,0
59,47866.842466860224,43.9993485387475,9.310037795785671,61.87275012137699,0.45328347932032703,1,21.69353570206148,47.30859164996422,20.912939172945002,27.958022267266117,-1.4112348924671823,0
45,68224.82620048727,120.0,10.238567529004246,70.1862542095299,0.48121503164827095,5,13.460166647543854,69.08932751308596,14.059378975795267,44.763388305764785,-0.6632738805849744,1
43,78248.48320061504,44.92143968274573,3.6842684162471073,37.41295019243901,0.5475034330336843,1,23.942741843352877,76.86173633695631,24.283164652091912,20.9969089827292,-1.9530736979861454,0
34,51410.55688577457,5.853883400331498,4.712083172171455,82.49784323374612,0.5385215368356696,0,25.043443956951695,49.47155736473985,24.13960249964224,24.126968329868696,-0.6389308990421,0
22,78045.98770140878,9.31192671251641,9.019972342467753,97.73827429035184,0.31723713334220827,3,16.00430125317644,77.4334518449983,15.355179489740197,22.282879625015866,0.7037250625185069,0
29,72978.46464608063,105.22371595814474,3.9054660170699043,49.55829820979249,0.26527635505743524,0,1.0,73.97731426562895,1.1665488431029534,30.32542415704811,-0.4026791526195463,0
19,68371.87862080266,21.409783025321943,13.551475230312018,33.02328299044853,0.4896490393575864,1,7.7550143124024,68.18811653112625,8.924941148022318,18.863025636040536,1.0086491232368733,0
36,83516.14289019113,7.644195950340821,3.4032085667894023,64.80202938992599,0.20108307689932692,1,14.415704208775798,84.48106244652367,13.596344313496573,1.974753556327773,0.7322582885526292,0
35,27961.09230759196,55.475113723559744,7.3612864590380065,57.11098200329908,0.5316971243604025,6,8.750655299826493,28.380109222527327,8.190504389104635,16.521223508345606,-0.14556152289520372,0
61,78899.22322685887,35.15267384824175,5.369148505692563,57.23289385604192,0.3963235584429088,1,20.738696610397355,77.90176715657276,20.49161406692547,25.339032560253592,-0.41734034346334203,0
26,61780.30044269331,35.28890783046512,9.960491242576072,60.01213420280591,0.09189130165531423,1,25.902156772090876,59.975746217270384,25.39316131039209,32.03370984796075,0.15434118923206813,0
45,47986.133144918116,36.692542196701524,5.675271201349817,71.89370822630863,0.24332975027020956,1,20.41009918382724,47.881738704064546,22.606127970403154,27.68583886575188,0.11070139244288185,1
46,51999.23662480446,6.951615845053495,8.579209647054052,24.207476027837373,0.24816649176456948,3,23.07800846579812,50.68570920163434,21.75896988938483,16.39928621857449,-1.6149342447919572,0
42,73303.3226754515,60.48951315772105,7.085193133458922,76.05275102409928,0.3329188187921155,2,13.408362064084866,74.7974009916539,14.517586974098922,22.73295684981223,-0.4087652798326202,0
41,76607.60865538791,68.58865753392355,6.4908641804416245,85.28618966576758,0.21914775851854978,1,7.377449159428574,76.51773545287524,8.593139944684793,20.300394069094352,-1.0255261139307337,0
55,67931.44272689246,27.219805858033027,8.601314951803035,62.534716172179586,0.41472981054987457,3,15.09007011872959,68.55684810234978,14.920951594630129,18.681356336007255,-0.07503680148164414,0
60,34233.927786962515,58.028234763912636,11.42888785514442,49.78739210707249,0.5570244493303659,3,21.98442522018541,31.3385315932249,22.977042860992874,35.370987668830224,-0.4001152354456638,0
41,28810.680019991974,34.51790776965173,9.391024423105538,23.82888509529336,0.5606652658137976,2,6.031690277833205,27.786372314418877,7.058514504564072,16.293167518197087,-0.2110660235815036,0
34,55896.85372978658,7.1968846975378105,7.221367474583459,72.82809157244739,0.1382301152700201,2,22.00241963777173,56.0264056899763,22.573503384823706,25.14063214159546,0.5455752411052794,0
23,66537.96325732453,117.86766502165037,3.9015356208205842,59.49130641173885,0.030948359339319498,0,13.020665856890734,65.23369111363203,13.271887454936737,30.72578804198373,0.3060529405877778,1
36,42744.63616069698,68.19557692946344,5.547484807030164,81.11750256204854,0.5463953906503991,0,20.70354386050752,42.81285667416463,19.951264660518966,29.674525069763842,0.63878112499779,0
24,70983.81368933564,29.19396342295361,2.864850545745904,84.31550342793338,0.11074765244310028,2,19.735400716001664,70.88352650380737,18.62470949643704,19.353390589820478,0.7133145818694887,0
40,66125.52527656044,69.19897489375946,11.0083782544469,73.08176660467606,0.15088924121920688,2,14.14431474563754,65.3674015650513,13.206536132701393,39.17646992699407,-2.058114273537274,1
51,63874.044140599086,120.0,4.670986905693578,44.335342801240756,0.2985929497903427,4,14.419291093818218,63.911258794351944,13.267190572875949,40.38491098879704,-0.7391408669939568,0
58,41520.90427555557,52.44512123046663,9.587872342550039,72.77279186278041,0.5534799675185482,1,18.266757621930005,41.35459632415937,17.63516770869507,33.114330524410285,0.8885088298283924,1
39,77554.34444742209,25.033220935644913,11.577322165443258,74.28593860494522,0.6214912468466686,1,16.217406714615855,80.54695466137278,15.507069175683435,26.951430837512053,0.13343270264495138,0
56,72638.05841354224,36.49680059500143,14.122114087193605,82.82454217992208,0.17634899027940432,1,10.067514984841912,75.42917202624128,11.067233156630566,30.990149482779664,0.09864182852899288,1
27,79595.11403556247,73.81618168744563,11.169887287108917,103.34722185599108,0.0,4,11.407497798213553,78.44571278920893,11.545115131033267,39.80353550793035,0.8377725722047231,0
41,62076.94691877848,37.47736269256246,5.478651783840842,81.82710150459054,0.46338094243578154,1,26.61504445756872,63.43773068104657,26.963238130445145,26.769636867361744,1.5224356402022372,0
63,32577.946668134853,120.0,8.321352864648663,104.76272957417102,0.3970648365934222,2,5.369589317750556,31.255649155021455,5.106717540412636,32.94136734086044,1.6103830250773599,0
35,62120.29208053458,61.04292877666214,7.122113686211838,58.6328690916017,0.10753999089121083,1,9.173070391676832,62.596582593806055,7.67172741530097,30.036731898303017,-0.6800015178701717,0
30,70853.54248558867,120.0,4.060832525684104,59.011771778681904,0.37520071365684604,3,19.01332147019134,70.43480083160213,19.895748303426046,35.522485057560104,-0.5204956192085315,0
18,52792.09638170105,33.058621062288466,1.8252085699698997,63.94819938170205,0.7705634518058064,1,13.021700740691692,54.44580529652632,13.178785720071124,13.760133427377184,-1.6477116528099132,0
54,34768.75856436524,54.44553492954056,11.284616985188613,74.94556008938449,0.6299891651481798,5,20.600685180449467,35.62517905592372,20.4799350914322,28.366851158664787,-0.565523578755242,1
30,65310.858218759386,51.619431618324796,6.9203356738698325,65.79841927084854,0.40626451105819905,0,20.036476537370206,65.93842867086263,19.378313860755252,25.810246194925778,-0.48253327771709836,1
32,66809.34636092375,63.30871184839451,9.72312302019849,33.463296106322844,0.24881691369118314,2,12.017216366055754,66.3156617304701,13.651778676604078,27.559434226018038,-0.8753463935912624,0
44,32776.339369106296,55.46458968605796,9.306506603915533,35.7591121909321,0.708588881037556,1,11.532404307886182,33.514522264207805,12.373395840313544,19.378068129749064,1.0224939573966563,0
53,42220.30810000996,25.727453490330817,7.01681189091469,58.327234863999166,0.0878028618774036,0,17.08369693547164,42.1048373819797,16.0970396661135,16.177953241664664,0.5571274877284178,0
38,29235.745622797513,38.33429743315693,7.395828145319144,47.94650522122604,0.4656306990202643,1,22.05561015099621,29.43263467540972,23.961353308444604,37.229671046033445,-0.7911524435299793,1
42,61053.851212797905,49.15600239758348,11.398869819179524,74.7980099592295,0.48306011221702516,3,14.719711537977664,62.167453886713716,15.364160124393223,25.761991741496274,-1.9479630272317963,0
59,58376.051899775615,81.6822459923541,11.847039411693244,102.58234986360227,0.5101165405113091,3,23.056569364721852,58.9626884514434,22.952909119190366,50.16466868643565,0.7558452123840793,1
19,86340.26048338073,22.19613192174846,11.689035040625317,63.07487287642629,0.6301399920909257,1,15.39021281478384,85.29404683803473,14.405000424925534,22.60934144100639,-2.013616096616816,0
22,38698.75618998712,120.0,8.585400930438993,39.781006320896864,0.5285514641225033,1,9.133472324486373,39.67027854905412,10.045212083144412,41.21239328949806,0.534447449105635,1
51,78988.60737990538,120.0,9.689419689617294,57.60390387931368,0.0,1,26.791605899630817,79.53563729829109,26.624030400703678,37.32479916069092,-1.5759974021487682,1
53,51161.215139434484,51.33662127586699,7.415175503815124,87.9436520516259,0.48105740256335516,3,18.403998467802545,52.33018227721751,18.024083318650536,34.588627740050065,1.113648755052123,1
31,59916.473434803,67.35795660663666,2.976483979062058,58.106172450324394,0.46839085039493955,3,21.56655572727496,59.63540152504666,21.90822413823024,23.992352602614282,-0.9364996362413176,0
57,32896.703078961844,105.46801746791422,11.229637471249344,75.43255389954922,0.45885421203261023,3,8.039558517911633,32.743724704054394,8.021729897215005,42.329532917457854,0.7789146819258949,1
38,55494.21415760198,48.236858105147114,4.432674338403109,87.7806705452361,0.3726588852045372,1,11.52807634864065,53.95190191043207,10.692019498611408,25.7202683067802,-0.6655549904259528,0
64,45538.67897276613,66.97311085891177,6.640917274610896,59.89431136780056,0.635171546166315,1,22.51705786716041,46.13641573660847,22.309800631718318,32.55214025475643,-1.4752104226375213,1
51,53043.89782368348,77.96458284486486,4.40660781863502,97.98353698752928,0.26515108577482427,1,25.133572499417404,52.66066585622829,23.85070256997615,32.92522041464116,0.6376766689408337,0
61,58334.83639565674,69.91485557759566,8.909585377341427,48.33683931738773,0.2012430505137274,0,17.886359704587786,60.146484979879574,18.07616213273363,28.20885752208173,-0.4809687958560962,1
64,63745.72664678584,31.736676634956986,13.096177339520246,46.00122908914892,0.39582297195617877,2,9.596609396091605,64.01984988476731,9.186464534160832,16.695567492127388,1.3359239468507693,1
61,69998.71160167624,25.329209755420084,12.087162102316269,66.21789112418439,0.30361869159304294,0,18.909470660517563,69.64905751318258,19.16895612695014,26.53171996360877,-0.8166722356242393,1
39,54657.72992468217,82.91821488849298,6.8861467362457605,78.10114468698464,0.4173094923151697,1,13.775240122511864,54.17759146876706,15.794658838058465,33.00672664099425,0.44759055635735184,1
18,39022.90879264733,104.31819313386427,11.842825984204561,21.820677356175366,0.36646817463366005,2,20.894641776789634,38.31993853875118,21.1388884504322,43.208741970643736,-1.2865515246009196,1
49,73453.85500075911,18.521750910091885,3.1814070570149164,64.26469970703278,0.5055975029730666,3,15.791987469479722,73.11278020720715,15.628427951834215,20.841592804154974,-0.7728298125067505,0
24,56520.156529451364,46.81094072205302,7.362115253493506,67.07594933130646,0.3796450791722747,0,27.48966740545616,55.59232010372159,28.005560721376472,30.542808062911305,-0.025127644028143752,0
40,44202.14739983195,35.06193144871244,5.048489612057985,79.88468005382863,0.3330304869059365,1,17.005046731889074,43.31919566138477,15.673139981955849,10.810363311900069,0.46605221017410947,0
54,79676.13505994374,19.338918077175446,6.697652634742413,54.63418887974459,0.3233986974589299,2,26.837026754070415,81.2298963675555,26.856499540242897,23.82490607569348,-0.4089986823456974,0
49,60267.96449473519,72.40307617373114,9.457840977786631,78.48606635821861,0.3939073823044322,1,19.397034457545487,58.85152471468126,18.64387755868139,35.54557893655619,-0.5089725896940476,1
55,68083.9480019784,28.81958467812712,3.0705631397978,39.89493893397305,0.36921528305172585,2,19.30229085645943,67.51639983233983,19.95323801438987,14.563679242361399,0.4057342431675299,0
25,24699.558025208236,68.47571114952322,12.093023521180141,47.43415700636879,0.23349045235126997,2,20.315263911330202,24.924184421616115,21.649065260053746,36.245214523250255,-0.86048913588124,1
18,43921.61934261262,70.62550521185939,11.272227312634506,60.871796061368414,0.3673025051585984,2,23.499891992080514,43.97213441230394,23.539495356705032,41.43218049808091,-1.5986818562990186,0
64,91262.3586947871,54.840415664267304,10.198060149434488,69.30208478656844,0.030507604374995223,2,11.842505067777342,90.48139887936348,13.314159153547026,27.052305483406705,-1.275303266363955,1
44,64115.704705047334,47.09569891085489,8.136311227939329,103.18596914144634,0.4880985984139931,3,6.612027780958831,63.29590315217538,7.15942010019286,20.152445308627073,-0.01868977059463639,0
24,63776.31945201257,49.583699087268315,10.620071638913165,61.946020870900746,0.35056504564177365,2,14.616779744197073,62.14930786064407,15.967559061382905,26.564211507167663,-2.0474487595902553,0
22,42393.11189345764,49.26358788409716,11.45500383672031,92.90211038177615,0.3387587928748649,0,20.57346735196351,43.34801358213897,21.400359630687525,29.301259024174065,-0.46793444377330057,1
49,52628.00745994136,7.356307368303148,7.235186369207158,44.05405434149195,0.4253383696879765,7,15.592016438174655,52.42990532983812,15.80904770033346,11.003046309009097,2.7328219171746326,0
47,61723.65283066605,27.52931027782607,2.881284856060998,51.2695841032473,0.23245721656389973,3,14.505985017791357,59.65923330826912,15.591844502496947,15.260644586775468,-1.3341208216052216,0
21,53730.05824249675,36.18963843980085,6.5086746656746435,55.15387506109828,0.2074472712515583,1,17.516064131700457,53.3633123965811,17.276531411962694,15.282324213695421,1.7947021540441828,0
52,53031.58276616359,17.684964895418958,7.8878951166416815,78.85646529209708,0.04286630025970872,1,13.42490415530968,55.295420029948346,13.130468606665024,9.104743892472865,1.629711247774995,0
22,23540.744791718695,41.82583139187351,2.1905219721159765,70.35149119540974,0.37063097281193275,3,16.50126193814485,21.94868661882054,16.666405231075426,16.136396081097125,-1.0555550231770248,0
25,40713.3176904901,103.44057834996842,9.540399960795419,86.68381735892471,0.34322101721775783,0,20.558892706048223,40.429658738792455,20.269237623316915,50.39146016602626,-1.4553308991009148,0
59,46905.085385654,41.50619442325905,6.801865756096584,58.96751847721417,0.28842536901646865,3,18.735446745332073,46.77559265934957,18.435002827701293,23.814120594998364,-0.7193962486421683,0
42,65101.87955118659,29.277275600786822,6.823980918883958,65.90598399710167,0.6318171174425431,1,10.323092988443381,62.53247151075106,9.098290277710168,16.985677718278556,-1.0738331063908684,1
53,64236.59610288374,59.24218795575938,11.642179489186631,53.15941070744243,0.011239870128458063,5,16.885760095933804,64.55706739416787,16.201561521672147,35.323042471790345,0.9044196316084382,0
21,54696.000300764565,51.27212510167056,5.9806627064382445,50.64065464420224,0.6037302312324639,3,28.00986372645972,53.79320216995779,28.644739023258015,29.270888764367395,0.0010954133802990637,0
22,41916.57662895579,36.06678177745164,5.096937292336621,51.77576146167365,0.16607429407030794,0,18.175955685882023,42.98347811023441,20.163367835743617,19.75002058982905,0.7544059900437398,0
21,41899.88656664281,73.0813819277118,9.218289004544127,95.43726973479949,0.41664747750191683,0,15.095044564081086,42.541945453793595,13.970624327378886,41.81894409978227,-1.1791922681892897,0
31,59304.36272086903,32.662763659510006,5.336866914375099,51.18437273969619,0.06377080432709031,1,19.27543248534931,56.81776763912278,19.566226461008245,20.73166203990111,0.04076853436033138,0
37,30581.536307362185,13.42766738315157,10.71988195477877,68.81782839078643,0.2541119896221609,2,20.70959296937922,31.60682329028288,19.966423688834908,28.691634605443003,-1.684530223944833,0
21,50860.79347443835,19.072375654352157,5.896501361788775,60.012127078569634,0.13892197697511785,2,19.825905609435413,51.54669585457956,20.74769254483083,16.41040065351188,0.5501214687451653,0
25,49181.6946014771,43.59575920273198,6.912405987515692,60.948095228362966,0.32794423801913786,2,18.203493337241333,49.086623627207956,19.65178872458891,28.449171328288735,1.6530328431645573,0
61,50211.800843345794,33.664630403663445,10.303378509163013,79.59431832848315,0.4060249573156649,1,19.707462657384912,51.232675644336744,19.30346722078843,33.00302993670983,0.38681919592871183,0
38,84494.75924267255,14.454124825449671,6.575691166630733,121.3317906330486,0.51371684389634,5,16.301742286567475,82.13096389646493,16.647660616609937,14.246459211163419,1.570861554576675,0
57,52148.3803075052,67.19196298756926,5.228030093096702,36.393616368314426,0.41542704577640677,4,1.0,52.001926764982066,-0.4921755013316802,20.563672638591864,0.5258762634196478,0
33,70175.42233037282,34.785584146577634,10.834261226495038,55.10082182514477,0.6029044038672237,2,19.65877674709832,69.10307388016608,19.298080974005984,34.77528334411458,0.03839831808676551,1
54,83319.9758155666,37.40529831434287,2.971789692294963,45.50825046234567,0.3914635494683929,2,15.034610746175934,84.27795386355136,15.318302160182638,17.804208933164656,-0.6168682454420125,0
60,63945.70980354007,23.04434338948858,5.140121809495466,79.14785016050325,0.63219562182947,3,26.851701210009445,64.38366602665013,27.560992562269377,23.915471723432468,0.42629298360241724,0
50,54748.826424798186,30.475050960501267,10.044370671185685,69.64523065560596,0.39499722445865904,1,14.633919925601493,53.919424496926325,14.218115728926271,24.453565786345102,-0.6619389574272619,1
21,32232.226281955926,88.81876785976276,7.603931968479612,77.04585839898473,0.33887446032651214,1,19.766070619002214,32.623859666476385,18.597242484457404,33.85195850109775,0.3294536507324003,1
49,83754.13848743102,79.28699853722561,10.534735332732925,67.96263956664176,0.5036858912813688,0,24.43690798378594,85.43773596279996,25.62293715341699,30.7590908078036,-0.10051728690628907,1
63,34797.70056787993,72.24653118841356,5.748739471639988,57.109268336539806,0.0,3,11.456068147237056,36.39942281554901,11.93813977877907,20.999573672665377,1.286522945438475,1
19,18050.89871166167,89.10515073869477,9.16261180320949,11.562126228427672,0.2771618992047161,2,13.007790041071486,19.466914566061746,12.98293733572739,34.41423123724962,-0.3078324829178982,0
55,73729.80778593596,58.909039778330595,6.853890330141191,61.63937462792512,0.5040878373715304,1,21.104317712767905,74.24612549385742,20.54519082566664,32.01602982767329,-0.010315479869545974,0
20,28322.49146829521,75.81083936893137,12.42082012603184,44.487094034078694,0.25340655400587525,1,15.77287697036282,28.882367731092874,16.135995781103354,33.314005209581104,0.9572396559938581,0
57,33067.55935165877,51.24945860826522,11.354918998602729,74.75064618409264,0.22961996378169724,3,17.479093686206443,34.146884396534375,16.092215781703995,25.72378314539037,-0.4280169671921465,1
32,41694.30729228257,41.40545261145214,12.29841674155499,86.46227976629243,0.6809175327208262,1,31.771854970621284,41.252203196955286,30.511103154279596,35.53698414023519,0.47978782895485045,0
36,33148.39832442577,46.58996360664949,10.733908669683967,36.94919438945174,0.5221378314854602,2,36.91282866422188,31.868346809818128,35.99406617239855,39.15770400059733,-0.44760477642471813,0
45,15294.011417743553,38.92769520895078,8.992093542929899,71.61728408596396,0.34887293781979667,1,1.8183162469188936,16.050534339333474,1.2021942527581793,17.726424773641067,0.8259342811285308,0
33,57739.7984135861,33.516525482422,8.706993048496797,44.8123295212495,0.26318799644243246,4,9.817699331015387,60.096403377099925,10.314822763105342,19.369942024684075,-1.0094394406025191,0
56,62930.831349556385,50.62223418323997,6.964109875284727,21.349718256610842,0.4740496472330591,2,20.262640046996317,61.924950066396164,20.87146344602501,32.59962501306573,0.9093488157883248,0
60,67783.5747009958,30.556885656092103,9.120732127677616,62.86496815179534,0.39225544746897056,6,17.050550816019985,68.20323688378775,18.848164388570243,21.537338884773842,0.4834279843543263,1
38,53640.22902299119,34.45980673605967,5.893531053283498,89.35003258010804,0.41617941580438883,3,8.008749653033393,54.66177896067392,9.259102572486455,18.429858812807872,0.12153469319200942,0
53,46969.98636423188,48.73896666142365,7.653494186509283,84.04950094493381,0.18085024792512536,2,15.583905635124712,47.576892782982654,16.388158967415045,25.678717235926385,1.044120144469875,0
29,44594.46047748475,9.580034795882565,2.7831968831479994,70.21108144312574,0.11150165139245927,1,11.519215123243315,45.17852464211608,11.507517284754568,8.911231577807285,-0.6220222558851521,0
50,75904.33754701112,14.593755633556643,9.544974108432529,43.86065916438371,0.27611378124485253,1,16.683798950200046,75.93262764944147,17.229743005451496,17.321896963859217,1.103116242189675,0
47,69165.40194127521,43.40155356708004,8.291582256545363,92.87083662401778,0.27377077193355354,1,20.522361479621857,68.71740365245653,20.891661587808837,13.262916613095374,0.1898425314328355,1
61,46183.01283419489,99.15080891651805,7.473418880597562,54.16932719454766,0.08932068688642153,3,23.558881832476846,44.65683931968918,23.861998425579564,36.24949228042903,0.215362026538694,0
62,59567.06652474543,94.68238167126839,6.880197711492392,32.313897818220234,0.3332458641232344,0,9.950373490544365,59.79522175571152,9.3948498830059,36.87909498931918,0.20166872612644504,1
54,32863.33942149956,43.41532723249973,8.320255523451003,55.340853629429176,0.0,0,12.894901797174809,32.74693186230709,13.59300344710842,26.173769371601413,-0.1991818088248192,0
40,62987.97478207595,36.95933918649611,5.552375075109983,72.82474525202264,0.1557161320652948,4,14.593014231619101,62.37044574606623,14.561168315033711,23.9404471279487,-0.04542388921836594,0
32,34734.1254860185,120.0,5.761088170266458,49.01307317656098,0.2628479744434425,2,33.20428075194041,34.42004810499761,33.335142399410984,48.148163902869854,-0.7355359355452975,1
44,51345.33122923648,47.583883846824676,12.088808161629563,68.3037490087276,0.35212359730341636,0,21.21134181299793,52.57659779885053,21.86637126835194,35.07025534503894,0.6811807334760868,0
21,49749.35847273919,41.28077584565277,0.9390644283309006,58.79137152718876,0.43661040201724566,3,24.641858114519245,47.34443980840271,25.369997500501345,23.143777674955196,0.6624721271188089,0
31,15000.0,120.0,10.05605032221814,86.76367459200618,0.29249468941550116,1,27.699260865850828,14.270205681197433,26.960141211418502,52.76840731738935,-0.6925698617345853,1
38,65917.32946882228,54.451913030898005,4.954223883328959,64.21439903521774,0.4609007034452095,0,16.89341431163965,65.31323171673642,17.91269032148157,27.153412854933904,0.3598826664777087,0
53,53352.0460740738,120.0,9.044030506424528,63.54228922768413,0.22188337434415156,3,9.30275852991929,53.56969182590009,10.04321256410435,40.674575741463016,0.01842437953347969,0
56,39820.61189549393,40.91053912811612,4.270770913366959,32.627160733147385,0.4296492987279064,2,18.325970184064175,38.89186699676676,19.09438987524334,17.114686377213374,0.04411697588080878,0
24,40939.81570421748,75.67832451702441,6.58960572887824,84.32324195935124,0.5296646580425031,4,26.42367720536258,39.68404025361698,25.677770735542612,40.45003730007931,-0.24275296676528163,1
19,51924.90176667968,71.79559184283065,13.132673362026763,84.99103760819968,0.6972533815845481,2,21.460193417128384,51.835453961544275,21.79115651604894,30.37267259444146,0.37679230765669913,0
49,50778.83732986486,43.4895760094077,4.850461576433733,72.17402879018688,0.21856408954301831,3,3.780110363538789,51.766154324409804,2.7316041619108296,18.716293021737197,-0.8972099769883806,0
54,61745.126087630895,37.40865400062742,5.7637904285341515,69.7162678962753,0.5134114236827293,1,16.247650553265135,61.17596726954951,14.950523839006859,29.833257596600696,-0.5904261614580777,0
28,56354.61317884666,80.50175425002357,8.880591634530797,56.301421838084735,0.5841962637428476,3,30.604724384647227,58.11062404854986,31.858080979545257,45.06734248156194,0.808741642469547,0
46,64556.20819558226,65.54811644932056,7.322682039460035,55.33075428801407,0.45777062558254533,5,12.55390049713347,64.97680946796456,12.439344228345853,28.081465435857904,-0.3233939132645772,0
49,58063.27949133403,43.272611762966875,5.823367074916314,74.07663960191493,0.13096301711268218,4,17.576955490057863,57.948007124827846,17.01673906441572,22.50376896127172,-0.2278827258482503,0
56,28781.145963943072,50.5257025318461,1.6183738004415407,69.35416366727213,0.7024381430979605,1,22.092679056217126,29.17896641540901,22.549091433565216,34.197331852540934,-2.0788629106591863,0
41,28658.928117962365,110.96944661639573,5.756107316341251,52.77660964727417,0.1461263612064283,1,1.0,27.851013881496723,0.7470667284112884,33.229301604154905,0.3579611860981547,1
29,62125.61546158351,61.138275572268604,5.6837054529087485,43.682195791644816,0.15890849936875404,2,25.16910822442614,62.49964438259268,25.60574788641079,31.966521728018428,-0.804445512983027,0
56,60798.1722621121,21.07122145005932,9.516901304612512,54.66277556068654,0.17197392404961567,3,17.8818412304406,62.382905705408405,17.730521631437572,28.191344398058064,0.05555762753205508,0
32,53708.347063471076,120.0,8.564696971220986,82.2226512325761,0.3372941151838573,2,19.768645973363217,53.40168911260753,20.616364596949268,48.10206427512037,-0.15191114096420266,1
44,30455.093071937397,120.0,2.555814689070438,51.76558390619979,0.3904354877782135,3,16.592614790754354,28.474879605488653,18.115873066364557,43.02218790080666,0.44894510916252184,1
19,41225.53369100878,40.60066317536591,8.310144713132148,108.49540852920333,0.19339991187710567,3,20.718274859404964,42.85179024056805,21.12582461095245,37.471125240760045,-1.73706363208452,0
60,39375.946154098034,84.55572533811348,10.525928414347685,65.3116505677575,0.3673240568409863,1,21.424732183670457,38.99625155238176,22.627511225638607,30.72239007816323,0.9157940324434314,1
62,65731.54476611956,53.41260636947479,10.617294534069305,42.02595997850772,0.4404845458507459,1,19.154013735662307,66.40559673426992,18.229182953866133,33.31071663290212,-0.40604968922471574,0
39,39466.42938282425,34.4200046487804,8.701938479888048,70.28389136015916,0.35831758415233034,1,11.704305808869352,40.011061587232085,11.062977851937323,17.871110470892443,0.6758142276537199,0
24,29682.988429483918,27.621072746707164,13.39229777485556,121.56088581974117,0.33759714627965,1,18.984351132032458,30.75561761490117,20.33412129494398,29.279791363515955,-1.2699651776665337,1
18,39684.64726253291,67.32760845058606,3.290004905641254,92.88236022133646,0.3199795619428109,5,15.4008260792687,38.70669394996366,15.945349265245445,29.81271493352335,0.3395337826751678,0
54,59402.43151492524,46.77793775073937,2.813003503640811,60.86484283775803,0.42916733374587845,3,21.068157020059814,59.337696513623094,20.816643439055305,24.841690891621212,-0.9142268106865851,0
63,82108.51041894924,59.726204197651825,13.071334237731268,43.746657601465,0.3913260461516051,2,7.771474305121965,83.41336185161786,7.996236325256554,31.390152305962946,-0.2948682960865307,1
29,45111.468416864074,40.31147156337921,7.58294276269133,88.75326863639724,0.2705520709350134,1,14.546447524894157,45.26142100829466,15.017928999146331,27.638780856562654,0.8343816945390284,0
54,73947.29236624116,48.74346145086772,9.320198421287243,45.68974277308561,0.47094158863964997,1,22.868716876782138,72.4823642495188,24.199242386273802,33.65746830067589,0.19290587579657945,0
38,46009.055397420205,36.10276500405282,6.687120604425781,68.73426750762847,0.07827710676758193,3,11.632009688986274,47.55607239601668,11.168365793602874,16.910710456252907,1.2322083736987792,0
56,46320.34165365133,28.23357574597276,7.466575514224319,76.22799564707843,0.7573957895203943,3,24.249920932326926,45.5642118643795,24.656911533916887,25.766595636705613,0.1473222986590288,0
28,38857.14441171126,46.28468714485704,15.141348272797483,44.99944749891445,0.36273338608365613,3,13.29248377169347,40.41810123805752,12.486194561475369,30.36099181471179,0.5084145720961215,0
56,68158.6254531804,35.70148112110086,13.101153786652095,58.38090393026083,0.20993539659355218,4,7.464222433681098,71.85158540254655,8.625482660968409,21.053873458315728,1.7048362176065417,1
49,45462.38287810336,41.82388110196965,12.092454395389202,48.60647421319446,0.2978010519828934,1,11.609423781465905,45.8001216361682,13.252964809447924,22.252504938146323,-1.2883298493016966,0
23,71007.17004339132,39.13668286620944,7.456079399406091,47.040059762138206,0.4011850713405012,1,12.631019476492659,70.06073790266488,11.783685886195,24.535918010593658,0.8195450648363372,0
60,46973.63914892871,27.79946449698078,8.192169811660952,21.220213115558522,0.305298449603245,1,18.842410664686554,46.687413543550925,18.496094794224902,20.20773971600306,0.07242023637233072,0
59,85268.72349140649,99.94219573365824,1.594005074526855,93.26297555718229,0.20129409917448182,2,15.750550845224566,83.86799777117815,15.542604102841926,35.10360078045472,0.5307924345908793,1
59,58201.68769697569,14.992798519953459,3.807333883254186,61.02861765821285,0.4138846094467933,3,9.09094562624926,56.53332858429254,9.600702335825568,14.221648422337612,-0.587790605507908,0
21,55316.189106856575,53.89287084672893,7.814521344120634,37.7750879322968,0.3332337755405743,1,21.621147863658763,55.77709710019265,21.559781204459266,38.27516420426177,-0.6546322731694513,1
36,33184.20348919769,57.27696316292223,8.427386718145314,69.17740986184825,0.14046760966183652,2,18.92136559159715,33.79311558075582,18.219778817991138,35.61520155537502,0.018553511943817873,0
32,77457.79059888236,17.33386790294267,7.426256947535983,65.7789591242411,0.7484984298202217,1,7.850578183477047,77.94240697537654,7.2717473671162836,18.51054704913718,1.1187106326041238,1
58,59897.30593815725,16.104350755868936,9.312029628491121,72.66168302248107,0.33888095791834455,2,21.95791980176133,59.282138700277535,22.276052871630085,23.902157886090507,1.045980191759983,0
25,55954.03416815784,65.51506446427884,12.379448680483732,55.26685011509629,0.30313331186419196,1,19.120949559289908,57.22068344821421,19.188378674669373,38.57881962989477,-0.5628576058555931,1
46,55021.78438050059,4.506200105766695,9.14765302671755,85.89649536167995,0.15428607251179188,1,16.95470035468584,54.21481527525912,17.514039862325284,10.111672359135772,1.3378335729004192,1
40,45856.23292285629,49.29365339541242,5.218610840893717,28.273934407779684,0.4440191183751719,3,13.053008489797742,43.868916603694366,11.274925114439805,25.88725796905776,-0.9537924437526214,0
33,45468.62023661287,33.562378722394506,9.236424066051026,70.72761666828039,0.7240228967759286,4,9.796444075671719,46.62834275494529,10.724387269038921,23.418105187430978,-2.701893715659514,0
26,60904.48688690545,83.44392750194493,7.879751272468051,111.62355550298138,0.2992990584036699,2,34.14982016835338,62.71948121158163,34.901174325487816,47.24749631492688,-0.050203066306006856,1
64,40517.374871558015,50.59214554917236,10.731737568322774,76.13872531191625,0.37671127714701097,0,14.132945335206347,42.39548463723759,13.963399634249454,23.659799223118398,0.16816202161962054,1
27,52286.62229849407,11.22028081590445,8.98077969046788,42.89529411678811,0.47428304752915224,3,16.83952910178019,50.900618970778766,16.572908310492874,13.524127852756745,0.4679795396439977,0
41,95169.44673397751,95.91113241257426,5.883808864750327,54.86646351874845,0.16237965173333097,1,23.861607925956584,93.94843290005407,23.566754274688158,34.61839779196619,0.8024656562350746,0
45,52619.12888858459,76.8197382934073,8.652257733814576,71.84153721555572,0.1620795343965061,7,15.990506890996112,55.329841998098466,16.88240761206645,37.8542823573597,0.08984142295428392,0
40,49863.188660880776,51.669012276800935,13.295942950812071,43.86432901773237,0.13677757446295777,4,22.633109261008272,48.69186508151973,22.33769057322167,35.72575577966241,-1.3792356001429222,0
25,70943.41753054665,32.891035389296505,15.33316328502902,24.97160961485376,0.4233148086170437,2,8.885551090330107,70.23238223949656,8.313544258066978,23.96946302981592,-0.865873421920665,0
58,37523.62510279214,24.361547809019534,12.70009995062913,51.51439842780098,0.5369833012045266,1,10.471929561938403,37.07974472197504,10.910487904454806,22.676356735760205,3.2851632555998265,0
40,79879.00740446798,36.11095661609853,6.508111951242348,32.152997262442675,0.4927655873855897,0,20.32818046141116,77.97614066653693,21.671656881939843,24.069985358654684,1.1756941827326,0
64,55075.16174740749,90.8798981098484,8.579328796050579,67.61307414708628,0.31435266247908145,2,8.532634961957413,55.72678041455946,9.224940506335896,27.658115624505914,-1.51451043458248,0
50,34196.842430652745,43.03826320221063,9.390160927146878,17.960615999804055,0.28305294103834344,1,13.167505068888534,33.76320143936414,13.195481141670292,26.611356069095315,-0.49865945080515484,0
60,52426.72967893665,22.542400688393613,5.707061670405981,48.2772366649713,0.5670886124186526,5,7.574824365299303,53.90318117261636,7.596346457378323,14.942312770351197,-0.2067633611580487,0
18,42614.81014302669,108.5317842587827,8.587006988243434,106.684766077651,0.2540336893336852,2,8.613121651516028,43.562292563318586,7.2884611111501325,40.94678356824771,-0.8136412186430962,1
34,67318.83285879774,36.62239139653812,5.545165682828731,65.1576492818175,0.42586883547983306,1,18.1903071087024,66.10920577702309,19.3123043951753,26.311851230128095,0.0851204183389866,0
59,46730.7595844653,78.76277614349098,1.4890964879864548,88.39157624536614,0.5829162695498068,3,30.47560230485017,46.504981265336276,30.649004787180328,38.302096204627105,-0.16156408518005974,0
46,67844.34348877563,33.91772601474295,7.961467119052744,72.92559615939588,0.21278503458362788,1,19.27438080595854,68.24395527870738,17.766415224075278,27.888150823042416,0.5627603196617715,0
53,20691.45316839079,28.123289245244774,6.709141758368442,22.577341928538523,0.43535238865430004,0,7.322057435232312,21.97800027292214,7.656174374544749,8.712576451932746,2.0054310925586556,1
30,47174.789891962166,39.63147573481159,14.313949786055545,55.198960835707496,0.23609858920044519,3,21.09312823363352,48.285138549445335,21.434431727871107,31.744427570071704,-0.2600445872326596,1
53,65102.09403084582,29.487534764810153,10.647013926676856,49.48625755262842,0.5115948288739747,2,16.124058147961673,64.63467838070517,17.84829240113281,20.053928387334185,0.0397907979908197,0
18,63979.86404467019,4.018328453603116,6.39493245313153,76.28495505334627,0.5369130800054177,1,21.983216521142822,63.52207691607866,21.13283608304564,15.50689343451516,-1.3905101108940328,0
52,56075.26643150916,55.406538973280675,5.848818053904938,31.17705319100942,0.30931226450602456,3,12.689600694474963,57.347807128933056,12.354060257448086,23.50588593623745,-0.45135502969767954,0
33,68350.62928349894,24.84414273494938,5.952780067708113,72.96918102283371,0.3477997784642273,1,4.711652537605296,67.9509192452708,4.716307378111109,4.23012641728949,-1.3372895523225619,0
63,68858.48391432295,55.31981043543061,15.931980472861138,40.242469939642206,0.12188460046685967,1,29.090254630777437,68.993350089802,29.556389110060618,41.43287976841925,1.1772658540694356,1
35,54941.361920414754,31.78894608784882,11.759213343195034,84.00463825684966,0.1995286942749471,2,14.047802116609066,53.94118168175367,14.93724699396342,26.902032522447083,0.1449084584273447,0
24,58748.039679984686,24.02982290652398,7.222075930209646,73.52414117702735,0.05010493779402314,5,21.750944456998212,58.76237881648344,21.153461314024305,20.55289070941882,-0.06052456735779753,0
23,71011.75876068893,83.87859618976363,4.061425608323703,76.55093252909624,0.3090977328329795,1,16.324977099015655,70.05154474327851,16.19828822991994,33.44281214672178,0.0715065129677437,0
21,57952.9619433687,85.6940153358672,12.04692928608288,103.77481702197225,0.4632431075108392,1,14.096638850583263,57.93918655168003,13.643301292965036,40.4446650722773,1.4069320441604756,1
27,15000.0,63.29080924133844,6.5935665079126045,60.47001004514787,0.4984104914764962,1,15.989124376464986,15.420996089247499,17.454408833952627,28.099330264308218,1.0249028251209669,0
52,26854.84975065842,81.13998585583109,3.857640987970882,67.52388498777451,0.3544458190429722,1,21.560432135220886,24.420457391180967,22.95199008459783,28.230757613578128,0.11012029314200862,0
23,43291.899173071295,39.974463859881,9.537895220182431,44.001301481707145,0.23151391903569363,3,20.685698984068097,43.742674563146714,20.396588597033393,28.67457153435811,0.6266942925118358,0
18,67159.02116092616,20.299867977834523,8.590844266170336,57.79260989087929,0.4470314622843864,2,19.09918077777032,66.03059274813445,18.67287589395536,16.33662254908706,0.9007701772742662,0
60,56117.59542596184,54.83482492587619,9.047563668573524,45.78969619988813,0.0752236766464568,0,17.47450770369481,57.110200528391815,16.027006752477536,26.69506243611086,1.1165403812539907,1
47,66509.29181241305,51.07948468116562,8.807687011126276,72.12437357924031,0.4009687998588642,2,23.10802094282908,65.46079663294496,23.289032980011598,27.157728044420548,-2.1254058879551767,0
31,72867.15467707942,20.831280187986035,7.7378406934591775,46.36453070773116,0.3817298017233738,2,1.0,72.17527849791455,1.1579280471825861,7.244644962677953,1.1613688533382223,0
47,64639.39051199594,57.49870829608492,8.59131419650669,65.84788426450166,0.0,1,14.645753954698755,62.584709245004476,13.412086700633392,30.085467831103635,0.7100170695442771,0
26,38084.459687823895,55.3224991409478,6.441930578069591,100.47813511948198,0.6123088424396975,4,15.822728502220668,39.364188359215014,18.070007397075845,26.3811565896586,0.7867589900195462,0
61,69874.43299763421,15.439867616693101,11.55036981512118,54.40349954845661,0.2603688306992264,1,12.474746393334165,69.16348645690276,11.576019464171498,23.12623325682127,-0.5400059447926265,0
44,30763.641672817543,42.21414752714112,4.170463498958565,65.21444225107498,0.37374537671821906,1,6.194596170124077,30.388243518018246,4.10729305855703,12.592138187786698,0.724631685792668,0
22,31874.829958679602,64.15831068436385,11.073252682913964,44.91328796584307,0.16654769633379723,2,15.564876967946587,32.7917683507095,15.886936573858387,33.317502750117654,-1.285335035530915,0
61,46816.88465837927,60.64179637179731,8.264373576185722,86.76772257038,0.3445748720612882,3,14.510512924292088,47.57541686941638,14.363002955309662,24.576011035667513,-0.07960631825567588,1
34,15000.0,31.981766016496458,4.066423161755012,86.13973530954095,0.24468575919348468,3,22.28668627789364,15.650225778492418,22.237879925700387,16.329440426699342,-1.550178533320927,0
53,84322.73928953076,43.449696148458685,10.840150287439437,78.00670680770716,0.23890207533957555,5,16.594329451057696,83.82514506478589,18.281751980119086,25.261329031780512,-0.31710277212231,1
53,96605.57258987894,71.98958779500117,8.139547090384948,80.76497485093074,0.0,1,20.879436609623884,94.96260238193219,18.760829124334062,38.56894115066581,1.1559498820680665,0
22,51297.72483102222,50.61018665993355,11.137804742405757,90.69928231322719,0.6888543329808461,2,27.036692623307268,52.72470812634472,26.92441742240874,38.29422487177358,-0.5890772844263011,0
34,47423.46288621561,104.12321136982936,15.38945890569707,66.13972422143716,0.5331042762801167,2,10.822568179697152,47.632609658936545,10.48994214435375,42.050239598252546,0.6564355191315004,1
47,16834.370127758208,70.86608720655197,7.459618799332741,50.21995178118628,0.05847419395179754,9,9.310317841118248,16.422606998582285,10.8100071274996,23.312875624782073,-0.9392751112776598,0
31,63495.48767540599,60.315406832786486,6.663871258844138,69.76892847676966,0.323985911894573,2,21.09879154374346,63.62442436187938,20.57078297449389,30.065089208403542,-1.074146487374185,0
62,41462.39817363284,43.741318982539774,4.260839430531976,26.28323935780366,0.7412253023613772,3,13.348353922820392,42.760743473895296,12.208207717534759,20.492201070227537,-0.051079206087368975,0
26,32327.043988584963,60.07199213159697,3.5927237440800974,43.81614936756367,0.3954644018228821,5,19.747323730372123,31.97699680835357,20.070102986388676,21.69588607623578,0.0831263797077495,0
50,29024.971972834133,42.68432114593715,5.140983199971581,40.003554471035216,0.4706765854055549,0,21.369904083959263,29.269887033377707,21.26781468386343,23.591029785310184,-0.33343240334117896,0
18,51557.56469001696,40.99189045074218,10.92725735790957,48.90266540722635,0.0,2,20.988341608834613,50.504574280603194,19.951880882249892,35.33689238307397,0.35728501310849303,0
22,49759.05997795102,37.64969816705936,11.420747890154079,77.75939976371778,0.0,1,17.032137139520884,50.195177796886384,18.501095859092004,19.919099701446896,-0.024444628107308068,0
42,51259.88843209968,15.483243844884816,4.984812556540277,23.807111819956965,0.33507575114530563,0,7.983277821102721,51.65223341909104,6.578201649225173,10.526750865976222,1.8487974395771691,0
45,42554.96034202852,13.49194245401308,11.820485657099962,84.47290355245936,0.48460930701707067,2,22.90493836583132,42.56774158402371,22.48834872969419,10.807929203661574,-2.5093495546039093,1
21,22648.480192228842,35.52919759335213,11.4291398046903,33.67174488497302,0.13543914015300096,2,19.830858379665965,20.01674112431283,20.962527368501604,22.304376748835047,0.030486359269785712,0
25,79092.35147592858,48.67877017108144,6.150106010695337,79.75044819836373,0.21563039200098696,3,16.221164823789,79.92315751232346,17.399549747944178,34.44783530792715,0.20520017181155448,0
40,67984.58948229677,35.90118549160656,5.856515543749104,36.73300779991489,0.5123563850610912,4,17.240192561896638,67.13550232505783,18.333066908720486,25.82410949538543,1.398404145595006,0
39,42911.80165485044,27.03508001548996,7.377398062375825,64.27938558872266,0.30971947437580094,1,23.084986929549977,43.72769827642232,21.55602409484852,19.902649106404326,-0.5493595245791243,0
52,29235.802010534826,93.22696438781169,4.991221591366167,37.7852732313939,0.5709393970167302,1,17.52401896394135,29.606581774238915,17.51386735386988,37.07612298250673,1.4747440887812002,0
52,35350.4947034802,64.38015727568501,3.792908235517233,78.47442601223081,0.1473797573175022,1,20.46582345926886,37.097308519273874,19.45299550862857,28.287057760618435,-0.07540150799011562,0
37,65737.49546515963,59.41372471604227,8.51400789580962,62.803240376890784,0.5751100297326616,4,34.52531693213051,66.17252302092481,32.01483497835141,30.11390794390479,-0.4427797575631109,0
20,62458.08351909163,112.33788242921389,6.771695408569996,18.315901449521093,0.15978380027412534,1,6.163476269163839,62.76606976320706,5.066604342928041,37.21907040490548,0.027729429625912638,1
46,58457.23497006131,82.62710243434162,1.1599625404729181,86.4686105253383,0.42284897638912533,0,15.56893897352435,56.532284892247496,16.604959281572764,34.718946709139054,1.4469322341585356,1
55,74754.9572521298,19.716725535506406,4.602837499360438,56.03392224908943,0.13525164376907603,3,11.977673937175242,71.96263317829579,11.938223698422078,25.784022990035666,0.1897965722185098,0
62,43548.01457002114,28.2768263129888,6.756226554837422,60.537863179112264,0.47295949706630935,0,10.710691742234987,41.96932988365914,10.85306929896744,19.081806230648148,0.4419952514361845,0
53,79010.59354462096,11.279756981307479,15.007020658642114,32.67372608546641,0.48788376957878654,3,18.641790129073826,79.09346871438878,18.186638111745882,28.619969497617213,0.8591053015307367,0
26,56458.256301335925,75.70714823189992,9.960939155012516,77.2180795548954,0.5395412757642108,2,26.376946675309224,54.89526287715603,25.728094994908062,37.99090197805865,-1.3411354946485936,1
26,40033.12624086316,41.84295630774342,8.497476598536306,58.8902049942285,0.3202747658590323,1,16.771041894056513,41.01373869075617,17.732669433449004,31.780392438766228,-2.7888004333540213,0
48,62632.50148473159,69.17609078363097,7.3212471564349935,34.62737980351548,0.23840630027330723,2,23.25118906692305,63.23324252170421,23.688419795929722,34.573288150086256,-1.9942356810786634,0
36,59228.52662769383,41.5109931786098,9.588133594992087,66.13411804407485,0.13928091131179068,1,17.429386657153362,58.90102549523511,15.897769011712976,23.44810794888734,1.637118356758007,0
49,41005.82659012537,49.97958120337972,6.749902278130081,58.80035861568328,0.4134539517336983,5,15.547795801258896,42.08410930489402,15.969301762499127,27.291340388768326,-0.28914897388363886,0
30,85568.74814359393,60.59853682411895,5.306541944587774,46.713918261706134,0.31706099446847436,1,16.507128377520097,85.46855179316928,15.667185795031164,30.2097316554845,-0.9190903583376075,0
41,24184.058184595702,72.79448933106616,14.803912509529843,69.25378150520517,0.4550461696111322,3,31.836829550810904,25.20965781437087,32.299236366988005,50.33927561429151,-1.215967049693338,0
19,58162.4622040591,71.39314932076704,3.190803604140747,24.472423728724806,0.4389681886013476,1,15.708754607019742,58.25051348498528,14.607508217243362,33.254808893304,1.0504423231391835,0
34,60879.81024500146,41.03490042126179,7.858307336915416,64.87416519752696,0.6241322967091161,2,8.07530611094042,60.57785478030474,7.075709743735249,17.833442163596597,-1.6165545423478485,0
61,40862.69585902077,4.3226384550944745,15.221031977913956,59.4611127511286,0.5968098727539313,0,14.422316764053983,42.249887386423374,14.020713000448149,22.277231504679616,0.2479260453804581,0
25,54575.16666352948,74.22114688760824,11.28933145698715,72.30685186310572,0.22407238216198527,5,20.14860237287101,52.53794649561831,20.59918975422341,42.527982965693994,-0.5525066624010015,1
38,77110.57600093966,97.7177941047374,12.941437794862644,51.13585126951036,0.2875372056126462,4,23.86589620931101,78.13413677064987,21.63181400477833,52.05118605787345,-0.050095285104144766,1
35,33709.96346827499,39.927121309043805,1.6546512388097998,56.08537730943705,0.5341440132731614,1,13.09911957667019,34.94454917090038,15.200367466737667,13.535037555060065,-0.44976967092089354,0
19,34348.58392213764,18.538463428246423,13.372970906817324,73.0950257269889,0.34041708222724587,5,19.41070588487834,33.91235113202597,20.452613744124577,28.834861612439937,-0.7472995573044822,1
44,47688.363150045174,45.592275022158915,10.752159000792892,76.73070099382926,0.09146105406206773,5,8.721742326677695,46.93129153817743,7.783372134057371,19.910441647652085,0.9415262294190643,0
19,62862.71929036419,53.75289526939949,3.615227946824197,82.16751491371593,0.6740613109117795,0,13.518302409745104,65.31113258138267,14.878836643787672,26.679651122263607,0.41356047696822207,0
63,73831.62869670257,34.53025010566,15.541175474519608,66.5368086035305,0.6279731117721953,2,24.178089360350462,70.2916000871358,22.184225309582494,36.3396985267025,-0.48216701089307623,1
35,64227.29982928852,90.00209659432795,13.623429334481592,84.82984793707965,0.23625469770544047,0,30.828082489104993,65.27663022205887,30.480948310296522,47.309715488739684,-0.008162189115286189,1
30,33789.701460950666,72.41946793105322,5.596977208696558,39.33040059668956,0.23842026639680308,2,12.468083121300328,31.255156791063676,11.518887868653195,37.52003822292206,-1.4170517131867906,0
47,73767.91878261592,101.37739226591844,7.678346278747234,91.21218477578634,0.3250581665463301,0,21.178327048864237,71.50692354920942,21.730804900777898,45.713138651601525,-0.6746541610242324,1
58,66612.9775777239,102.54576450502017,9.269356264267765,106.64057962015715,0.1882982720513577,1,3.9394780894794135,67.43973446870372,3.8074775130002094,26.20570721867617,0.5556466342405912,1
57,72234.87911334127,22.975046839549947,3.6255607942227464,49.39000568621321,0.4542860614986749,1,13.22428895021102,74.01189204971219,12.831446842625656,17.8909357982802,0.20209070167422175,0
54,24164.630427228607,106.56814829940177,6.712314712180455,41.27088640750446,0.23532674005026166,3,7.195672753140716,25.058513515606133,5.999379099644454,35.11859820915882,-1.5068647205307846,1
49,23380.054296220118,48.18991238595466,10.955335865487356,47.44049622111237,0.3430587295533877,1,12.265626074563741,23.44223361513953,11.870247969933727,34.531066033050635,-1.1007798424734645,0
35,41429.5849397834,82.2572993444561,8.000699174217164,88.9110736546878,0.12108548905871416,1,22.305311970866377,41.91356146910705,22.617674708269014,43.92092145686638,-0.29927165372222103,1
64,45311.38146158127,118.19273621436643,7.7113089816188864,72.01787815610818,0.29189277694398164,0,6.640490639168386,44.09151474143892,6.75489274294579,37.724665893344934,-0.06502672442374177,1
45,53066.04964701708,120.0,8.50430782930989,26.864714426509394,0.2904291754522788,3,26.116321640260733,52.59432624203698,25.8504116006192,51.35112097950007,-0.14077653388465963,1
55,33610.298394065256,21.471243102395867,8.88419800065128,32.244793356314766,0.0,2,23.431349962845356,34.15967968630313,23.53216198307459,25.015058900596976,-1.1367592615879005,0
19,34008.56920237484,47.677335218567144,9.127396564797817,76.48449348958401,0.07776694524750083,3,29.29429242786488,35.394871772566596,28.45407341171464,28.918524568532707,-1.320126689722495,1
28,60720.87955501143,102.99120089461175,5.001468822152392,55.87001150607039,0.09803478415759576,2,20.753661859805213,62.70500524029143,19.248327960081003,41.36519686784455,0.1721981657060759,1
64,15062.44864197397,22.090863555627063,15.000984179788716,43.6607330413694,0.41824867704415375,2,13.947224619927356,16.299909988272272,13.227456012194365,25.30289014390061,0.3187166353551258,0
60,31849.39618535647,77.4049953624824,9.98309837413485,46.92763128950352,0.6105200394801726,2,18.970348747460143,31.070506288766385,19.83572263350272,35.11627294958625,-0.957607524654672,0
41,53407.836851395965,17.247216778599793,9.172369108874106,49.606319659921375,0.312387895212618,0,13.122963432781841,52.81592014327437,14.613075631333778,19.3267646586189,2.230925117841044,0
26,66353.74327396015,57.3441100153409,6.276496462057375,23.547792862382522,0.16562853396049326,1,19.15104641317594,66.69387501214916,19.143851168486172,29.59199251073293,1.008313813815785,0
25,57881.41665006318,23.102600231981626,5.096199292911274,41.856983411987166,0.35895526105813136,0,26.68860102228537,57.77597502597706,25.53859927527208,23.346271198146077,-1.104093463453833,0
64,81485.63072544,34.25418931889224,10.195847949497374,58.49036334707528,0.5551162436423636,1,19.41776711161685,82.08620052876535,17.48448354849009,28.86741460070678,-1.4569457545457118,0
55,58391.66605662876,120.0,4.421752261375655,76.24790467260449,0.44334711531502236,3,23.53776756360824,59.29232303806154,23.55933400264867,42.70543474945257,-0.9691176625498503,1
23,65613.46613538577,53.8962977173162,4.434886528687026,77.66479218203773,0.805385721703024,1,27.163655765288265,67.22433146036977,27.845203055613222,28.9777324554874,1.278976436499947,1
58,67498.14056117854,114.87132322356952,6.630851150984179,35.211140332378434,0.34304825859829297,0,15.862680017031531,69.26089081020453,14.016331184614735,40.33599358615438,2.3022020956941667,1
46,53688.607952738406,37.9748229491106,12.32562273832875,77.1515400901458,0.435583267299128,0,27.829413626724993,51.94815032473693,27.121249824419582,33.14942533627777,-0.46925431530008926,0
52,29348.832904654686,7.771280562890635,7.473201772878656,38.65935794710515,0.4162357928865303,3,26.262585520338597,30.361284519035035,26.01477572905462,18.912066260853813,1.2301674611243265,0
53,47778.10913690918,30.9817335251849,10.249056413304162,95.13913625197927,0.7927493955958055,3,17.580118870605776,48.67983214508363,19.111078970816347,21.79161873965356,0.8259447244941202,1
64,49079.1298340121,120.0,5.351529182957558,78.78130019777771,0.2525973597972179,4,21.72871370981385,48.48361299684511,23.329759255740946,46.24788157648538,0.875065553361433,1
18,37151.6238068653,43.279570432717954,6.2799450701146995,97.8392660787184,0.3482522880402993,4,21.649582255420775,37.38884819823176,20.170872735715534,31.582436216917742,1.0307951662993613,0
31,64585.99841291988,11.608301030985615,5.3471148798198245,68.19714974500268,0.5726797265439004,3,16.768698718881534,64.797237653105,19.943113069754332,26.604851634275626,-0.454366175405473,0
42,43109.522036374095,86.75618013332986,8.406265843082773,41.76326334174053,0.6189411143710354,4,18.641310373219664,42.44122986495567,19.183710595067158,32.37619871688594,-1.2231562773259095,0
44,25898.164673168147,19.780022997996603,3.597953569246849,79.3829195784076,0.33642932879387105,0,9.822360854579799,26.153977354662143,9.019843650875861,20.858966801434853,0.8500086875648544,0
61,52256.219236739154,120.0,6.936577674850533,64.12476434791921,0.3940195563312746,1,12.486753743928777,53.057596316108906,14.161144940612074,39.49540323427691,-1.7489139100865543,1
38,34393.99889227477,48.28904367671981,3.8593314234712244,62.07045488589891,0.4690521358255981,3,18.455691153539675,34.518344556873515,17.892025367613186,30.561914498316856,-0.4789046865550915,0
23,61835.65278367638,36.96614490058871,10.208048733484608,41.229823652982496,0.6961618825219418,5,9.247876234041371,62.262860943039534,8.95789548034739,23.136501062868913,-1.5040539294524249,0
48,15000.0,66.06831522851033,10.204696663320446,99.13674074497911,0.2798708054625278,4,18.98721092116714,15.654057212815644,21.293451440218636,42.85921090661947,-0.546151041215991,0
51,21933.60664185191,55.85400927617939,9.408408563169491,71.69692046060142,0.31249195076019026,3,26.35888196752397,23.384997918863814,27.519664331601064,31.06165238611078,-0.9233313683419708,0
31,52452.9557972359,42.309795660558706,4.866978215894983,85.06245336091263,0.3861146718068531,0,9.01480840486691,51.22398810626818,11.042638810698467,21.07293620046786,1.0587447389117566,0
41,56767.381675383986,30.15217661124077,4.543668173237791,84.61256466358353,0.3561245307877708,1,24.79388873528412,57.797728302783156,25.01896691271901,38.29033269412691,-0.41037176555987637,0
50,53744.43534408628,45.77836161776379,4.251209628789045,58.0736396346438,0.25299797016119874,2,6.276982510272548,51.83081982372942,6.484553795440837,15.523449163419162,2.067071318724776,0
22,79399.35626017363,60.187342951714854,10.111322089143089,91.76272731899411,0.38437651274194307,1,21.459350318085846,78.1402960385215,20.75084756640659,31.03767959445507,2.4700765900992714,0
39,47873.48569705848,39.79343318033432,6.9656399431281635,67.80661865888682,0.19144809994472647,3,9.44938351928425,47.44670023079823,9.84501669021962,16.280745823817046,0.29442074928321615,1
34,43130.99948903922,14.491971072886857,8.475134037616778,77.74116438118821,0.2658206435119159,2,19.434329788054118,43.95339364609001,19.53596949761376,16.50824986820168,0.7143876256042216,0
36,67145.61284220236,83.90054751998558,10.808342029359244,51.32796696878238,0.19684757464004218,1,16.700172958044412,68.17659792673736,14.878198606500598,43.77981527195608,0.7751491324031714,1
24,46523.96013360967,37.63144328363852,14.188894876242378,80.3741177414235,0.6262952329246493,1,25.193558705609323,44.755489797044795,25.46430214221345,36.58095460271896,-1.3754583337426278,1
50,59388.71341337176,22.154757922295083,8.379725322217617,50.77077682640887,0.09039119494073217,2,23.321543454914053,58.1096407284097,22.94983444991258,18.97309108695021,0.7619226097479979,0
28,74920.49972810748,39.52983329552992,7.817118078286646,97.63976166432928,0.26577930672244177,0,20.5187019644768,75.21756887993607,18.396062186148153,27.717863874693357,-1.23991490915475,1
30,49513.21966722197,76.46665886883542,6.063642779612897,61.33356346870267,0.14258192284509733,3,11.630907270958746,50.29667014587978,11.220127633447547,33.78785042354087,-0.02147345088695305,1
41,50495.1920201461,91.85135021128106,11.356035654010538,29.578729043207588,0.2638267136879641,3,8.82831590592396,49.312490287497056,7.590250419596705,41.05968383393319,0.8872961639433755,1
33,41603.65442872583,30.510844425550534,5.583230569676671,97.08858217826572,0.656846216331137,4,22.417017182228236,42.57416089912199,22.07862567034254,21.547213266940222,-0.7428748127869934,0
57,59512.62593713462,80.40752084270746,13.763148382381182,43.104733511018225,0.07621770384103455,3,20.89407463116252,58.92302478480165,20.348425083326276,35.2928117020121,-0.34405530602751955,0
64,63668.05542166889,62.518796048216586,7.078279424408834,58.409721729122026,0.2914817531347195,3,24.94510907788075,65.67996563963192,24.344428166184656,31.529028126860155,0.6456862191994697,1
36,71135.85536305567,97.21275859805655,6.998521870150403,66.49101479101392,0.28884616190388873,0,26.746437777601614,71.75126387691327,26.562479579629272,32.712727137724016,-1.5150775988743477,1
36,64626.66967040558,66.489002214405,8.932768329226162,69.41604595402876,0.4626131503101761,4,11.865853084147112,64.09568101393273,11.175553920191408,30.525118059807948,0.16504293436755993,1
20,88456.74586069304,120.0,10.269859852606345,69.38783870050575,0.39295565055315834,5,27.652886688710314,92.27075574935233,26.77681695709849,54.114162271926155,-0.4502232638010784,1
33,55698.6142393479,68.4607261467211,7.825423744303799,74.64229688999924,0.4633152550206726,1,29.58304349129096,54.53196476945992,28.162711128291427,33.56642700811066,-0.615821051669396,0
21,55346.22532212788,1.8893237347088285,8.968049643565244,92.01472465200125,0.031040451425851934,1,16.763962687829185,53.43225378444713,17.18798661796742,14.594871206473268,1.0642348939687793,0
63,48029.79153490577,46.948725614253235,3.994037597917668,43.94751190215864,0.37531092901516094,1,17.91202200343779,47.029541884061466,17.125015816233137,29.143897942542687,-1.1450088548482737,0
18,75913.0011949244,27.72454637758829,9.668255618442066,68.78787810300481,0.480305963331867,0,27.288236296699125,72.8705273055068,27.435201018059782,31.149514925535776,-0.28316330883309676,0
62,54705.168503974564,52.63325711709707,5.890859556526355,76.3636797478458,0.3664646320231505,2,13.539835612730094,54.23152052386756,13.373601650742636,26.245271534816695,0.32655440371126754,1
52,48185.312636465416,35.60834658802831,7.564015180377943,68.17040039936649,0.12573195551709962,2,10.266124109489873,49.316663002267525,9.726507413691337,23.429950386737385,-0.5972426610687119,0
61,30162.892647673052,82.87906684794994,6.91121198117021,51.679609527741654,0.36956657286024047,2,18.900443458974877,30.735976558970876,16.68770697895967,29.684555375494412,-1.3143637743728414,1
52,51087.95870684201,99.90575362266262,9.269838800137377,85.90871975295819,0.4588327938477122,1,16.760235025282988,50.403165578755434,15.491068207032473,44.491066824382074,1.308219336354089,1
22,68804.53171466256,90.62033051559793,9.307420572024455,52.61968355012186,0.4141332679440079,1,11.929530908061047,69.61953803487779,11.800428355986545,37.60595896781934,1.7455826753659318,1
21,15000.0,44.71042069833676,6.691180064638552,68.50564293140764,0.4221029391887566,1,15.151919935628479,14.831123635648574,15.402273929308036,22.813633092108354,1.5414782472288606,0
55,33732.30332715923,42.086491594320876,11.580205843140279,69.0757016707004,0.4616225879402496,2,11.07922862327229,33.12828042555862,12.141711330955049,25.150484154593297,1.2389121053829066,0
61,37231.428587357135,26.10153784926917,3.771607822806663,81.43553803516136,0.3137503325550624,2,16.072134606920915,36.40549290248836,16.416197233589838,17.6501297145216,0.5081541588958954,0
27,39006.500700683326,75.53618769752367,0.0,54.20913846939272,0.42583693227519626,5,34.4610229070597,40.043752596377374,36.087660910877055,40.440820035209796,-1.8126233517306072,0
33,54419.72331979454,40.4487048350598,8.68727658006222,61.76095195172395,0.0664741800397512,0,17.85028458424974,54.11568729048792,18.497909028146957,22.53570988774007,0.6153847917921754,0
48,46850.07208417418,36.80434505573636,14.392617241019938,76.30575236928713,0.0,0,25.6357653665693,45.46213572549246,25.64707991324728,34.49453357003717,-1.039899862800649,0
45,56052.88665062513,43.9449330809857,1.6248336184098662,54.611969046333975,0.624553213687699,0,19.397580983148064,56.365469535938004,20.65711054377453,23.030177422369114,-0.3402170207366256,0
58,58841.0896849563,38.3896952948798,6.363663307293168,84.00995431616758,0.0,2,20.797527450874966,59.1207585701263,21.0775282089578,26.75112637980789,1.1334243753916147,0
40,77794.63726369945,20.433554720227235,7.613624815307055,72.78885072877168,0.5718847411493864,3,31.31037533922906,79.39438956765002,31.0216150056636,26.430237605193888,-2.0650283782947585,0
53,49324.95808287523,83.21581933825884,7.118470144263728,59.75316995607897,0.5510102764909097,2,12.23981658237231,48.54708420642243,11.766867852333856,30.911104625566942,0.41700750750576393,1
36,59984.51641958067,59.31229074526165,7.786784817568397,43.5090611679002,0.7265195178445794,4,5.916092805601716,59.21205913067413,5.634436679493787,22.745190184061762,1.8073691269066643,0
20,49866.94279457946,3.8420326070460162,7.8742005966827575,65.28358987160493,0.48493052629754974,4,14.913397840466764,47.47446785728835,15.302775914993228,14.049547365607825,-1.0116261080558426,0
36,56774.81084795782,92.89060412954859,8.116131037146818,73.07825416056194,0.4214808117631639,2,2.9503501622720467,55.8986483912901,2.122475714559458,27.708943320981597,0.7482222368119692,0
45,47835.125819879984,18.36353321344461,6.946908053567917,50.73152325251421,0.21075558549654513,0,16.421989062265627,47.398972193266985,16.20046962750743,19.620252675018314,0.6469449304564824,0
59,33512.037966831915,120.0,9.529027158163903,80.11217368261875,0.38803078586592366,5,15.374460010123585,31.490795206257495,15.385672857760206,51.888603278495765,-0.2506986002917951,1
26,61022.849687215545,60.547748253869855,5.682402180934917,63.799549904126444,0.4210069282398279,3,7.49793378005697,61.859966648615945,7.462969107845409,35.28484883972155,0.5228622383287777,0
23,73291.48510116144,34.75620114942324,5.151022223051143,86.33820199253373,0.0,1,22.404060233231064,72.77338988288426,23.013132425591824,21.731260174704246,-0.03853335064060321,0
56,37357.37327809507,30.52029812397865,3.8465897015058887,62.482875528585325,0.3010588690634681,4,25.55870621847023,37.122626117975635,26.510929217402257,22.4360097549432,1.6916388491374992,0
44,53495.38367577343,63.125377737536624,4.925596761889102,32.02920724977861,0.3510263569332336,5,17.5106313631582,52.749247654042534,16.349173094880026,33.61738661853272,-1.8878439394173223,0
28,53473.878463117886,28.66594482620133,1.6376213788627965,63.17945347409887,0.4291770194770471,5,22.112988611316915,54.11295790012371,21.749088751523914,13.04858209826735,-1.4095138540099905,0
41,16360.31095040172,53.09494940542366,7.505800058142563,38.709297885,0.5189885372931097,3,26.153648735018095,18.201050194664177,26.570715867871414,35.04124938028027,0.6455219128298583,0
27,88503.14883351536,26.28135366736118,7.6639353545199755,72.67822814200424,0.49741136716711076,2,31.659647834568695,88.87865445367238,31.592986843871373,16.490560124311976,0.18307474337929816,0
63,80030.79418794479,115.96659687929555,9.763381518684241,70.30271400383953,0.7548493873525652,2,21.76710631547166,80.219932726171,20.663966776802862,56.16090455833429,-0.9020294456145423,1
34,75011.34058181934,67.9557990430422,5.3865523691786645,22.01238294590126,0.14813639141484833,5,2.4354366637818927,77.17774073457265,0.02036805930837149,32.42335186426261,-1.8983517374412697,0
27,71756.4387089843,45.41881179312519,9.699329434288803,52.091630698158305,0.19004721915659326,3,29.406393955304544,71.75615900676611,30.89839751367167,31.17986574740152,-0.9154669678046783,0
43,38892.693365255654,59.62156445490986,7.323045080264125,84.31541709497921,0.036134666401188675,4,8.931377738373987,41.71402262206692,9.58830558475642,23.478864498516067,0.1402992934282748,0
35,15000.0,38.70967914814191,11.934581545450206,79.29337012931546,0.438708814986823,5,5.251796161468452,12.79500963181531,6.226323556107142,25.804136192537097,0.6725303566557795,0
60,52959.256850160265,49.47419726985208,8.748391622100739,77.99293790866477,0.088123683039392,1,15.439712563879073,54.79368807744067,15.882321579355002,33.51190339260681,2.12576208386536,1
41,55538.390705499965,34.117564413861274,8.70987618376587,72.14616421715562,0.13075797719494173,3,27.223412488297136,57.466703855128415,27.534076336041004,28.5182367753047,0.12252065052727579,0
26,49247.807224653785,47.8350804441279,5.905836393019329,38.04961496599037,0.4483163126469441,3,21.6109740622255,47.80301810906198,21.339204696897955,17.328726337962358,0.7102040410780128,0
22,46230.84138978647,19.76463350206596,10.506070894882162,36.63916336019204,0.4872299293597061,3,6.461920010143849,45.26441391775203,6.749550884547652,16.055337923736143,0.15117863245483362,0
57,71569.34466246609,48.5279823803962,6.628833908886862,100.24153235557276,0.12773528342327173,3,11.797227700816322,70.92388053822319,12.012217049937286,29.037157305243497,0.23073722116417808,1
60,67862.59813469373,7.803348800691946,12.242236538488596,41.027052897825655,0.4650214625545398,4,27.24171727963757,68.09144518501529,25.346768503413713,23.11102895042433,-0.8728602020635837,0
37,53667.726620620175,79.50904671929122,10.305055831540143,82.83759639405991,0.4570911835261411,1,25.056144653747076,56.70606187969593,26.14405690929463,42.75374332847955,1.9342790534867846,0
63,45087.591649435686,69.5538782775137,5.339609661386343,81.57016756241289,0.34856173388574985,2,21.23081880378269,46.07944884112737,21.64295700250201,28.94204927638642,2.323318488829201,0
64,94442.88876881544,62.43524153204321,7.912281600530624,50.80627789535696,0.34863567075701124,0,12.38508363332717,93.89771566546581,12.506256274526773,25.10763377730629,0.4614365365839976,0
22,68736.06657394691,85.16091372452082,9.12964919669093,64.64670868449844,0.45394016893865763,0,9.805777396379185,69.49210368601251,10.758722717720946,35.55729762015874,0.19569670115272336,0
47,55871.24189907956,29.893459581054948,12.51808061289185,66.29605451538006,0.6594487798129673,3,29.94904823570812,56.10695527120065,30.526150144933244,28.27725576823821,-0.6078932011641258,0
31,30869.54332798149,93.75339587918471,9.218335406937012,70.23355827912644,0.30823587826545945,2,19.309450319244075,32.12506813950713,20.847864063126636,43.0956857714754,-0.6995735727097013,1
28,26523.623559577518,120.0,8.411260343084521,49.63438671178931,0.07572157975271027,3,25.140323728705788,25.754712694048514,25.367861726642303,52.33844459383705,0.04184799026997786,1
43,15000.0,85.16465958552709,11.759417199716713,57.05124037547861,0.18776323115051555,0,17.305457473732858,14.219768834839117,18.563939548009643,49.87143652685627,-0.7264404025537795,1
41,49506.72095047246,28.924405379132374,5.476348758621665,43.65604050966538,0.19711553565747617,3,16.87852862479172,48.603237318052585,17.27529684819319,10.077438237995782,0.13267913705231543,0
30,59182.91965758316,48.81289409365964,4.758093912295023,69.14442786588711,0.3273487344720984,4,4.3381438148362665,59.637421220554565,4.925314629228017,20.218872951333154,0.7470350133584426,0
52,50858.568815745966,57.08701001694629,4.528651274564318,76.76552652923637,0.35326117264786877,1,20.115192990269897,51.3919269935578,19.299410070943942,19.271942308692864,0.536383986528078,0
61,53966.84579233644,51.67354990035308,8.9308483252705,62.325724175065965,0.15636773070999538,3,24.107631341099584,51.88808985710037,23.45687062980142,23.249000974683106,0.33048636702861317,0
57,58330.55343166248,29.0921385208594,3.897880412249588,89.27822071366577,0.40026677916976927,3,16.791873255786612,59.349230259057286,16.665567018257722,10.722717580313576,-0.7421641295212953,0
34,68878.87268418605,29.49044965201165,13.650816030927968,78.19769381371412,0.3344400612365559,1,13.071729086822307,67.87160377478543,13.48351762961546,28.425011137971318,0.8136042587911718,0
39,22473.596596765088,95.46085730444439,8.501814975644335,50.32707785568795,0.2202235584775157,1,14.450031141496758,23.321483974888945,13.010146120788328,41.49238515211394,0.39290080747053463,0
36,31863.917253059033,56.68021356638717,10.344141638845905,41.68550948594028,0.5228924874160152,1,18.91187181827732,32.281177900236855,17.593262324297513,28.997455103769767,-0.6583496483287377,1
35,69816.17757275657,81.06601611902269,9.049243512040274,61.323706948084066,0.2631443918380716,1,18.66656970219014,69.5307380183099,20.051782109758918,46.79324009328098,0.2884981531848381,1
18,59003.82182080746,24.764692582205917,5.724411054319866,70.55921285799458,0.2894350674273537,1,14.809825333017086,59.810506352776486,15.259708096240457,20.719838964269414,-1.0471245110377119,0
52,62963.50124069582,92.58211796053254,5.93619891503276,53.618605192210175,0.45532223414872636,1,13.51812962554846,64.33814425649808,12.796415913896332,27.02380427148268,0.6122477377824299,1
26,36211.23673075736,27.600110998891804,5.580896053936132,68.01243583450679,0.16272548810629875,1,16.199013886482593,35.08246303252295,15.783382133080396,24.297318274659403,0.6692744912126245,1
22,80901.62585024488,30.179347806512137,10.253239247219545,73.54264345767388,0.13285326428170233,3,22.513340389703913,80.73081917764392,24.497922641592705,32.19276601190413,1.9094116161780503,1
36,56224.845501107746,53.34013022942472,7.555766065519952,47.50237189398788,0.2774345784714888,1,17.527807937660462,56.128591838629475,17.519539179528103,32.98572707539865,-2.9298533211254476,0
51,49993.37752561667,86.286814593244,0.0,58.72531566198755,0.3807990324765903,6,12.21019581528141,50.091018606641626,12.26373496834725,27.83208193036255,1.159384536796539,0
36,38438.71624456928,30.145481677850086,8.665908622294117,81.42957467427586,0.49198988698108775,0,22.10018644774657,39.27270967167399,22.188914091567078,20.057523383838653,-1.42948283892175,0
36,57587.091503051415,71.8899104834472,11.46913389000571,47.489409164551766,0.1278858561435135,1,13.015324531327282,55.08784145608192,13.843383360794649,35.5471294272964,-1.535408422729108,1
44,57195.47105806034,57.52587922010945,10.027929436866417,62.22779289255545,0.06528759483939839,2,22.776919929666573,56.37432363202189,21.82314991061815,30.12435482373976,-1.3521821855200904,0
50,52195.67624678143,31.153707812281645,8.42395456555344,74.13204147963897,0.44861145117242684,0,18.390530330545484,52.535275110344834,16.18202586186792,14.657876217974302,0.5279410177181844,0
31,83146.8624777825,46.87603789944028,12.866848660009927,80.53149046285745,0.33480677870045517,1,22.28489810678449,84.36091665430745,22.248996366350006,43.14042016310859,1.223388098472531,1
22,75532.13224127746,31.838999922574356,8.434458776758763,52.585938947478326,0.45509026647326123,1,11.51881912531303,75.03737864146886,11.91347988470143,10.120844311925302,-0.001317774664252269,0
64,54229.20008345105,55.658050685517374,10.577459054177979,16.197784055631217,0.591866175744233,3,23.89159617138726,54.884080677310806,24.730012004730394,35.05266507168526,1.1891958150478694,0
29,44131.95743804286,35.889315679765495,8.391620662323964,17.69871874901662,0.27644667541132123,3,25.351326370299333,42.73304812017739,24.925190661302356,33.92471702966991,1.2829374700768428,0
33,46642.560030725785,54.0274469937945,9.286906114891737,66.40762644365057,0.0,0,19.497102904616664,47.208339633195926,20.24044572642017,31.085050118856415,0.7692378422403666,0
31,60608.618622107606,47.29749694881041,8.551809140841982,71.45727259120683,0.3364031048601258,3,14.583339238575087,60.9422730003481,14.217532761951462,18.96723905422268,1.4392942715024506,1
59,15000.0,103.67093054425618,3.427058575525291,36.199096266486166,0.21216417024853867,3,4.180143750764836,14.103273813089185,4.471753618681758,32.161960825262156,0.5273949139401359,0
32,60096.28623849538,111.20322925219129,8.350776334470815,73.90811051730084,0.3757801332160098,1,15.812442070613534,60.2963753946066,15.110608118505734,39.19299800508431,-0.19579327267647822,0
19,50720.1526150389,72.89698860014911,9.140102181970681,64.23860119378158,0.30438541070242775,4,13.303252964061986,49.77468525964522,14.163054572600583,39.29744649947388,-0.1951090860203862,0
63,92650.66147040226,33.747220974914995,8.3401756581943,38.879009556749935,0.30187988671190796,3,23.27353775451771,91.77262862623046,22.758937389929116,31.709877821814665,-0.6539891466689177,1
50,62609.83412201541,32.96888004034397,10.60230283072633,47.671781394247404,0.4941350339096892,0,19.784947231729376,62.64483842602212,19.459972441216287,16.424952769084506,0.9025069715088603,1
58,51813.67464486364,54.64966083148502,10.705135938950717,87.07824808780899,0.4191710879567568,1,15.639417892594814,51.34196636211784,14.541299340646015,18.053100000403735,0.8458289906804647,1
37,55771.52323147114,34.26519636000202,3.778578121454963,65.99851638909483,0.266484189228846,1,17.556899202606516,55.79990184778149,16.194940971531558,15.18212367321582,-1.1229587598745432,0
22,43672.1133182714,66.74850581600185,10.061677669782409,81.01416123269462,0.2228975859834705,2,15.093377825724843,42.288249109294355,14.622325748390681,38.43577956009995,0.1609923145298993,0
31,42539.86082747352,62.488962869603874,14.717210735631348,58.85064141566422,0.4881871539826105,3,23.23988946640717,40.91469473966106,21.984714474042356,42.96873223270563,-0.6584104151011606,1
45,53830.23087430945,51.78516957526305,8.991048782970879,71.61490039037217,0.3935593687548631,1,16.10920731204217,55.051637107678815,16.509345489373274,29.161157064396356,-1.0150050078940316,0
26,19266.611360236348,47.42208966286296,9.06804586504198,75.0487023443867,0.18680504439099407,2,7.665029076418897,17.826107947807685,7.08681308657278,18.859642759732292,-0.07705071442404941,0
62,55111.25024316904,38.40173922217486,3.9673253433286506,104.59326853147516,0.07064887161239164,1,19.40323957944724,53.707169404241526,20.744706977656254,16.104225535583275,2.18706028959186,0
31,25106.192027979145,80.45346947023171,9.3344506276779,93.27700084975177,0.4181245256072687,3,11.704593051321746,25.691184658387762,11.865837080035279,37.95895674380387,-1.2552546800831446,1
56,42250.30980289897,90.25947111620067,10.851369833326483,49.22970420492936,0.37246418754552,1,14.842400297866135,41.04765901307348,14.580273223492634,33.566911729724445,-0.6327789800058577,1
21,42023.74899505885,83.17653856476551,18.65162163681498,76.97780199422616,0.35615284535883696,3,35.05770938438582,42.22844320812538,34.60850392981061,51.35570685675493,-1.3594455770495923,1
20,67493.93600988104,120.0,12.368653808193427,56.94097508658414,0.24471843882761402,1,16.883277023419346,67.86225826346596,18.154666648870425,46.71132072520247,0.8318725937734954,1
55,82977.61579720658,94.76525065199307,11.816845539890807,65.54118530493949,0.7723486616013873,4,21.922889763929174,80.11760396976509,22.406765191261197,44.725209839864135,0.3690342344624536,1
52,80508.9855185645,10.760841795241257,7.734441535019451,60.9662323254236,0.4337620364356989,0,16.88298962567984,79.16632278433137,17.789694447228506,14.38660286623993,0.1528416604196372,0
25,46486.33493987172,50.72764712499078,7.124305921665486,74.90518268668563,0.09819225495366757,7,22.699497241414942,45.15820517142231,23.54105707194644,36.21184053348167,-1.8627518841813144,0
54,51016.04217796009,47.215767545096085,9.059770339608976,67.37529742968813,0.38760361893476514,1,15.074802537118902,51.3308203628473,13.702079540631333,32.24163456830486,0.20606993169893179,0
58,55794.643440829255,40.17963410714269,6.139263979817903,34.31507589489344,0.17075381615655705,2,29.40249354992079,54.51801934552903,29.112678320938752,35.907368261876854,1.3810271796230023,0
60,57935.16073648646,101.30287934197341,9.86053209700803,63.85860056345978,0.2927168294714868,4,22.631357393146672,56.072467360131526,22.68291409964307,40.39947189337982,-1.4781311153596246,1
18,75181.3229656023,49.059068507289815,11.9710014695827,83.83127903541653,0.6140769595368083,1,28.562898550934456,77.38448053503751,29.254132074142458,35.90189229706011,-1.6247260938344215,0
45,67252.45159504612,92.01318208500298,7.075182586981668,51.283383324411886,0.20552505190377116,3,17.01326073146879,66.4760621906016,16.132717038452533,40.899045435072,0.5316311897963717,0
29,55086.8381139313,16.981578862819134,13.026142791226302,61.574003738410035,0.28991871309659173,1,21.878754867632733,56.08857678688033,22.302030118161266,26.418091002302525,1.7518775750420372,0
38,89603.0532669345,35.001727854342214,7.932288021275254,72.34036655320497,0.12604768918475143,1,19.037346203839853,88.92091260529475,20.448187828482478,22.625802588066996,-0.29948988230388734,0
18,71342.62079674994,48.356211264405125,9.89382515781408,54.70189374727285,0.46970189340311863,1,7.077205473442769,70.70420218385989,8.267091553527344,15.997648110927283,1.0584272736786426,0
26,88136.15389323683,17.059280853459843,6.563702230064551,108.35613779803099,0.2834962083316446,2,24.252658662297648,87.882273334836,23.53552172716457,17.870034244488707,-0.1397352783931079,0
51,54310.55403783019,25.1812090127979,5.660198351998217,57.75845887310829,0.12097900493907301,2,12.504451757013712,55.09864162474479,11.598060752480498,11.284248855933166,1.006578850905856,0
45,65663.20037308091,75.03701623887434,9.84225196044087,48.80539884532269,0.5207667761196416,2,17.98060295354259,65.87672314341691,18.337080819007102,30.594314794165907,1.0244873569520008,0
32,61363.823191997675,62.08317419577342,6.534351291261679,27.833749207267637,0.5002961210002987,4,17.81197757509445,63.377173245567086,18.678007215569792,25.17003612786572,3.405233497186639,0
31,58627.49319869822,19.703357811185157,9.84752835880999,96.29599630398694,0.24887587459021032,4,19.095710561650563,56.790893224430064,19.985993279795878,20.76299140770245,-0.35362576969797854,0
28,36812.64507121833,79.44452259603555,9.504830020775321,89.87499711195818,0.6374013405941668,1,19.747068522223756,39.97048610151273,19.31848793424241,41.25199179861545,2.0644334146505012,1
31,60026.494099567,7.2535663211730474,4.686687456735408,112.76392625785614,0.30703891196283706,1,23.852007437459395,61.7651573006768,25.358685860981343,25.466448686950535,0.6248716687811143,0
37,29477.766630033108,56.13959762829868,7.8244872681547495,51.03080871415198,0.6082399322009975,3,25.8736650731024,31.52704669389302,26.932581788704745,33.07711058665401,1.390236605472689,1
42,62426.08446511466,27.81511682480163,10.444769702316478,62.28129215261325,0.16755835849980039,1,18.314144957842064,63.34629755146447,18.11483361006984,17.315574418606374,-0.10742810457709877,0
53,86352.40041284321,50.553278283348575,12.724375125821739,62.41484346729752,0.16657410350846696,5,18.11809007561965,85.90353075497953,18.949223809555765,33.35822285662303,0.8371751957847477,0
21,75926.33559537574,15.808136604355555,10.300964559083695,91.44619567458724,0.0004775955165496337,3,13.047766095549182,75.69492200582283,11.897711895688529,23.510925667040524,0.20717508962114342,1
22,60958.03891958842,32.211457618769145,8.382368189050153,33.468824171665,0.09253342841366952,2,14.83784601729859,60.4991955653824,15.339515233137845,24.853368316812006,0.5720691431979321,0
40,50442.00376096939,30.598572105797214,6.267705955703668,61.34000866615955,0.5279890650264925,3,24.049029104445623,51.11817170473029,24.079971093319323,23.12616096863017,0.06364789420866401,0
54,69288.0697012568,89.32171953610512,4.452076919940652,33.45160738963199,0.2082707669623602,2,23.24432320745613,68.1943844457777,23.294569968505495,34.11435399030515,-0.5749768778206165,1
29,37012.830494412614,51.750205812888474,9.173307454885448,44.03105621577671,0.22728859665738346,1,8.50246186750552,36.84795155989893,7.935895250995887,21.432799939553018,1.3417770369546256,0
19,34034.832673833094,28.169459643760646,9.642417833201534,31.26564475998449,0.4884197770636721,2,16.586977801057706,33.74727430271815,17.60837563070616,26.208849005577108,-0.43651109177294767,0
39,32314.888880319886,18.61484637805459,9.742706907090495,72.74809378782167,0.38144802071418754,0,16.77234657412295,31.784429581317383,17.508433460579887,17.348980069943384,0.8874845384747595,0
19,62549.11498628979,87.94797523835851,9.62619037411502,45.2904334584561,0.6652770161100994,1,25.500730925653254,63.075066797501655,26.45979498072134,38.05402461187587,0.08422282261412327,0
26,31995.91522635254,54.40252471426432,11.665641205999464,58.74084485402585,0.25481184129871126,1,12.826467388576525,33.50609164594002,14.010955431386664,31.885895297220866,-0.6897080123271816,0
53,66094.64062356213,59.87501465091121,7.777942539683373,11.691818890447607,0.413394496643057,1,12.36788273760404,67.63544303367215,12.610640075103658,25.376643698776874,-1.9277088399535371,0
53,73694.84571524296,23.95543150941624,9.090498569087762,87.06211575194943,0.3174746789792498,3,23.318696534856155,74.18096245292823,21.901288905179904,25.6933443548253,0.28518025615883474,0
28,67743.26632121988,48.88520452163725,11.924049031076866,60.5371245986415,0.1906848703126428,0,16.715828433605825,66.68210396182741,17.704162517029886,20.72956115769713,-1.252798581786831,0
58,53627.257282245824,10.247149524554354,5.552290321980924,72.18003854348359,0.40586820943132806,2,12.608166262184433,54.84005184088867,13.084840168350587,12.63284024645738,-1.1779427318779327,0
55,63042.289813821895,25.43823189072021,8.568892531528828,64.88020791366056,0.49043869311765265,3,15.714145061241299,62.38843820450819,15.549521169477506,19.94456257115542,1.4683626370603067,1
50,34064.50510302563,100.67255005341653,8.876387000819818,55.648935167449224,0.7023167338981651,2,24.122841398350193,33.14075247339952,23.608986790154844,43.08593020224572,-0.09927239439122501,0
47,59045.8557769348,76.494518949799,4.016016776978244,63.92242388145275,0.3708615556224303,3,15.072427806576604,58.79065934370099,14.672245269184488,22.423813576953314,-0.694372599315746,0
60,85393.7035141993,18.822106800029548,2.854214488837183,86.94522161567228,0.5518379300131568,5,9.097468040494721,85.83684865749548,10.379725842954862,18.115622542059892,2.3840765783629507,0
19,81528.7090780019,47.98562889403749,3.703070420139408,69.63933557542123,0.547877971620852,2,18.569405887233486,81.21852742220187,19.833151638775274,15.34810858917249,-0.31316044127762765,0
59,27167.089353625168,55.19106509218035,10.027513394564409,43.53147995155079,0.318134021361864,1,6.1658335256906724,28.236510802934948,5.376580368455332,22.388469283961875,2.836157803551357,0
47,54116.288163451645,46.955853347677774,7.451713491861492,80.33201727791585,0.02450964651921972,4,22.29271872936727,54.11579560208592,23.25769916959837,28.839357853312457,0.031190880173860607,0
45,49372.131255227796,120.0,4.671154253294331,19.06551292889265,0.3329771427921897,3,15.779359128760222,47.43732033077193,15.06337454959529,47.95755114192087,-0.8238408431798517,1
40,71642.89877277458,19.186697887200722,4.835651680322513,82.04852660363734,0.24301709647090347,2,11.011523451147871,73.0451893556077,11.91215944524516,22.132434603742826,-0.12701655321352914,0
53,60203.47832683958,48.49977853623071,7.149846734155467,30.346486873807642,0.5062285076741652,1,13.119752577237827,62.22588595422174,13.65362880453246,27.174299295567607,0.7435091201138332,0
56,53561.73851080207,52.50664526928972,12.02922947205316,76.90267097102696,0.4805267337555532,3,17.71010280953577,52.63330152305981,18.531010651620917,32.892881472932494,0.03481289551154989,0
24,43882.88558602872,50.76616919452526,13.681817734727073,79.82332281468024,0.07526185513714473,4,27.493378251161893,44.1166798545914,26.875246444031326,41.668316949137385,-0.5847921848179551,1
26,58036.48157853851,65.96098726794547,8.919904222787686,36.205569795599985,0.3693465424990059,3,6.890025101333169,58.820004820053384,6.641495400212083,26.058878657500056,0.079645627483389,0
44,52710.70256632576,97.71357699877848,7.079939236441668,33.17742385305175,0.10233015649050142,4,23.886028315025506,52.822881938014056,24.02217673472766,26.573790498776205,1.2951705050189926,1
32,56353.12475265126,61.697727273550655,9.10002880433597,87.44406484002215,0.2649666855875961,1,22.76435194475746,57.60651363976112,21.250640664215858,32.5928289594048,0.8013867503845369,1
63,52561.350715142325,22.131361305007086,6.678298198041113,44.71897499317634,0.20191013284914286,3,15.244576812107635,52.445147740559584,14.34482097162435,17.45670196526725,1.0093990232404502,0
46,33244.411163004814,107.43329458864027,6.059230275156147,44.29266134650925,0.123566379003895,3,27.682193079387158,34.48971078134074,27.577886379061283,50.0721476741459,-0.3940180301776248,0
53,62552.77600264579,99.77446109385258,4.015862939332111,57.04568241927427,0.3058125404364304,2,27.180536143867037,61.54108114386339,29.07155754002078,42.829265414778234,2.208201860190737,1
63,63285.097560082024,46.132594732298266,4.620599276600485,49.23334212623505,0.13233526095487466,2,17.777691212770232,64.14378038348542,17.46002340375853,21.641131662678532,0.1597413544567037,0
63,59129.955114409866,51.58195400605265,8.555574069177787,52.404631091548815,0.11686309457321287,2,17.461850508029563,58.98890926539435,16.808640468650065,24.901635556185425,0.21193840797850397,0
62,59846.611895956594,30.727894328847647,6.8719924105659,51.172852358124516,0.32183373516274494,5,21.90758225152861,61.20567708115444,22.968532305673815,30.20965044802619,0.37544074923037596,0
32,76974.70837620647,45.07015925912249,7.846075550362677,38.839009028613894,0.34352125639328296,2,19.644202262426496,77.84464069765559,20.586381465054178,23.883404153680473,1.0119000376434417,0
33,74630.8381437447,22.408772207140643,11.639197657267406,67.53214327855072,0.17553837814769052,0,29.627246756161426,75.94487246845983,29.4409131028362,23.590809479448847,-0.5827382340987974,0
24,84810.51314880705,72.43929826017565,4.758312792633855,64.98661440367039,0.6822106403349236,1,11.871610065481645,82.53468299280652,12.067754034403,31.995112090993217,1.6127189883311865,0
45,67667.21088471833,89.3190190234662,9.88959843480053,70.90534176981836,0.4826592722220442,2,19.588191304125715,66.57849486112534,20.098444431954537,38.89891661892189,-0.7705258119769908,1
20,70377.65702325139,47.907106750790035,5.71181526551341,83.49147498514436,0.17658937125983842,2,26.081689603875134,68.24624071238891,25.519060893791917,23.370514155031508,-0.5219819743747681,0
50,56255.625655966694,9.53515263763288,4.247914873509374,76.00317767554486,0.40399865433762583,2,11.767595317536902,55.808848004886,13.609931879310679,17.95123374734857,-1.6790244415388627,0
18,36723.92448515295,116.34078025634577,13.356621246808205,80.63963686277417,0.41616331096504783,3,22.07412340953558,35.653218456496276,22.595723887605754,53.11073556014685,-1.4765546048531908,1
50,34416.532833528734,85.92088304659003,5.482833427610548,65.1103199297445,0.23592961633511586,3,12.999929418921496,32.5748029517355,14.317570149944608,24.25918205672695,0.5223578806101687,0
45,64543.71084126856,57.67996137532712,6.8815093449773315,81.07396130606602,0.4312109830413937,2,21.541218395704856,63.39791505665209,21.432541017704516,27.934774650200268,-2.243272933559746,0
39,57557.594494950885,50.15759556155404,7.643552504639078,99.80064683326188,0.3727029491790798,0,22.13624407567673,58.65113088467821,22.07663061302017,28.844252556211643,-0.9828961335304823,1
51,65014.860908155024,64.34292958080718,10.778545266108633,54.57913808190249,0.0,2,16.240827001874127,63.89358383399626,15.322989469959124,32.72679235164231,-1.1006033716623767,1
35,15000.0,100.4735808963722,7.715834092437124,66.6948834844973,0.0,2,26.517013720039593,14.949675955903405,25.92718901538091,38.38892856304442,0.30329955441502804,1
26,51177.810097234826,54.8434446199561,11.31910284421374,66.52221148122383,0.35965342399413697,3,20.953650305001972,50.96132082328798,19.969842930849136,43.4406432982928,-1.1907245228976653,0
53,56889.85309844093,63.54663412326295,3.7311312178111358,72.0923168148537,0.21683784726626748,2,25.01361094142708,56.74866280754326,25.376501624710034,34.058692441680485,0.38279319322830546,0
62,48091.899942740274,53.82929874990027,8.505966758129228,86.19488833494432,0.37175342812597445,4,19.955840049470186,48.89617303872925,21.357416755173364,40.82227804743835,0.3611535552696554,0
37,49873.13342748955,30.578073383799172,5.236323332860736,35.191550518431065,0.0,4,11.116863443289969,51.04375702917291,10.828665987754373,17.728811409636513,-0.5781838783350315,0
31,22419.492277509704,41.99082784909494,8.453796527713344,82.44633470435497,0.20166112562971406,3,13.938903800596904,21.809933789168312,15.14106524150601,22.566561417798265,1.3835111802006825,0
41,52386.193560588006,99.598020128457,8.098015573282224,56.33869388042635,0.05094116856891412,5,22.34384623481101,54.45995386448612,21.947450846173503,39.79444518947535,1.11378711864268,1
29,76792.86386893986,107.58872599373048,5.171809910716371,66.69521468190209,0.5229286144702554,2,18.259957708789774,77.47308318411123,18.885449206225395,45.685496748807054,0.97085990714607,0
31,33837.38002079414,8.680769985149775,9.779802031620777,63.98533036100847,0.580277000840941,5,17.584356620627734,35.84506438815426,17.307844890858995,18.140935420906835,0.6472987157963667,0
51,63948.165811593986,50.01614524163961,7.84821142091862,46.48673623850121,0.198566839238508,0,17.198933466087357,62.816989450285185,16.71142260651999,27.720351314481686,0.27134245971101745,0
20,41227.33336829072,76.5988479013406,10.683608394623096,59.07866210005624,0.4238409179913467,5,35.6474016037897,39.48302786120751,35.122104008682186,46.00376454581758,0.2540222067779425,1
19,57313.16533804909,50.59179999636834,7.526089807112106,75.68957202540814,0.09101207476191969,2,5.5016272839573315,58.453232413145756,5.469107237923399,12.368939181774298,-0.7227113125964927,0
64,79594.72898094222,78.19453743638802,6.366911580142293,60.55442113200891,0.3221159813958346,2,19.268132369197716,80.02704288094571,20.91193858872671,34.89146985535659,-1.438306482486177,0
39,55130.16695338647,27.78676676462613,4.7624942069048,72.99994958311292,0.3950671982679457,3,1.6455557329144277,55.04899257250924,0.19618077688922209,8.643060484104375,-0.262863062410257,0
54,60813.17798443767,44.72977181857041,4.328726715021547,65.30633123738525,0.35792624734437756,2,5.102760751800179,60.34399199448992,6.677726873964389,9.431311494358063,-0.7574030423241574,0
49,65718.31067120726,56.212595082497714,1.5895311937992211,82.02877484176263,0.4482469010541199,3,19.231998651701105,65.27129198936373,19.836617778603276,24.153272484477824,1.1429436295623676,0
31,53695.71846122086,15.30642388483925,8.412313689208467,77.04080629910159,0.48307289843040657,3,18.987598922523812,53.672655869345014,18.846569346717843,25.04090979971189,0.346025534089912,0
44,76715.05511799976,120.0,7.896234514402622,93.02468157756473,0.4969913985117007,1,17.80515105477488,76.29085415163478,19.462944294605848,53.721031511335354,0.7100164257238757,1
44,18548.10399373631,120.0,5.248646452213462,61.60356614865461,0.5559756579735987,1,18.487543510239817,17.621806610809173,19.44271342505053,33.71587257995753,0.3060026553758928,1
28,48577.65550847207,97.85817163243037,9.018784027074863,25.0185261447347,0.2512438767825688,1,18.61345344017373,46.442530742147845,18.20131645688308,36.907851326556475,0.8953568130397485,1
25,20221.0091635618,13.677321411752816,7.947469268800176,46.588187348335126,0.4532408635167943,1,14.444873796930791,20.508424156396664,16.130193096738502,13.337889654729427,0.06309232442071869,0
55,27140.639914946307,72.8667495196086,4.890169190993696,61.745234438028966,0.38896690797133643,2,23.103061868860113,27.84984154230241,22.019325520196315,27.0621591519149,-0.22874924601150137,1
30,54098.76874593115,25.55163569540536,9.778951223648146,75.774422068209,0.4927462679717859,0,5.256199082563464,54.300228425135806,5.578519921678385,16.22283230584993,1.3280012751285701,0
44,32695.371084199527,61.613548188912354,9.7088839905904,61.199696196663496,0.33421240070850794,1,26.282404286845434,30.99848205510292,26.281931386882157,33.08239238220002,-1.902320112506447,0
33,47027.560394143744,33.04261583837011,9.765346181562336,97.48662763755087,0.4037017878917162,1,22.655841201659797,46.98452773500278,23.660277503808988,25.863783955412007,-1.0176958116729184,0
44,78490.32655538905,34.646578306629465,9.293529227475007,60.56372240246926,0.5083410859613067,2,11.987252118192227,78.77609734171635,12.550176723643897,25.78448047810563,-1.04653288662484,0
18,64051.664792244606,48.76317851952198,12.019335415120633,62.67053831194308,0.45000317484942065,1,15.64244138363851,62.72994032646541,15.65495902718981,28.807841563526452,1.027695883007784,0
36,121459.78149142425,43.962932474482294,8.417976852597809,66.80078917748175,0.5084357283423044,0,27.462852344593415,120.87278317583683,27.015658466082986,22.62536176308346,-2.265606126348258,0
22,52557.41027533645,120.0,12.450338379835284,67.0795487018734,0.10280676599754052,2,8.402052845321835,53.275351395476214,8.057188617337617,46.80540728581626,0.25923310264111016,1
63,55653.21963362621,59.86704589994848,12.504762661585014,77.50647892561042,0.3708652155394538,1,8.223991991898624,58.00222009119471,7.669204353350954,27.392756527044792,-0.9841123019847476,0
27,15000.0,43.953713921967285,11.077078514366214,41.11641031309693,0.461803840342534,2,20.404187442729956,13.474044770657429,21.010418714445684,27.657628832085326,-1.951666282289728,0
20,54064.1283525562,31.141569372791984,9.785928351394194,33.68060909018092,0.1649169140387644,1,20.783687521964186,55.01825259421895,21.22764879402118,24.459471600656755,0.6760744142622704,0
35,46247.76403481347,70.69039654514793,3.6936645085517226,64.20919183477673,0.13530067195056214,2,15.444680492469418,45.16232024721939,15.324730323161583,25.13966235867064,-0.3023936601043869,0
29,63002.11400146077,29.118920924700305,10.279165712579342,60.899148090242676,0.31783472490966835,1,24.409924707556414,61.659899625747414,23.071063269596607,43.784080706129245,-0.048777841020578104,0
49,55148.78641357661,84.61544177386395,7.899334550662738,65.28340070921655,0.6112558268090703,3,19.57531868404489,55.84150859647867,22.630990876874442,39.88118597257367,0.7038321880519035,0
51,42907.747677619336,27.806771015313966,13.884696632025577,30.559148934275775,0.2940954609340195,3,9.915784866832393,40.03526370576271,9.443635151704708,23.202233364243284,1.2769885812658353,0
32,19433.652635702354,39.86168067104094,9.968860713632038,89.05338760634035,0.038914361050129576,0,25.064042439394548,19.6467805678659,24.65709561612754,24.674227780462584,-1.2019120320195449,1
32,68130.1483052653,79.67104320395724,7.679234757950711,114.8598377362003,0.07443638003317216,2,22.945456096817175,67.80654755398938,24.243762001927696,37.47439026194044,-0.16355051143894983,1
49,41776.829521054904,15.44329123804042,2.8700772092813676,72.40456293836561,0.29711530222845434,1,3.1839498631431766,39.5916998275937,3.0228381704022205,6.509165667410975,-1.029941947124179,0
53,23386.309363546992,77.59885036828308,4.247460074313528,28.920096802207993,0.30095814891110984,4,18.60491902171431,23.431031089097164,17.343208859282637,23.289807561871072,-1.1751394832934183,0
30,61264.07419014355,51.38590396653787,6.070657339535737,97.49399150561702,0.32201823503713906,1,23.28074562412416,61.036288975417776,23.410728524916465,29.039517876741535,0.19944612423744004,0
53,18304.209663029724,90.49504911059557,7.084316407174624,77.87089462371488,0.0011515293970233986,5,1.917143088255255,16.87655958760922,2.337465884937368,36.543506487908815,-0.4718662299432186,0
63,42987.40684418481,120.0,9.966053391649172,70.45191039234076,0.547357839879141,0,7.010993085851245,42.70861169858536,7.89600056533494,44.311879129481454,-0.14793001202507045,1
37,16842.71530242206,42.55839123105988,10.000800278445176,74.02980588343091,0.31575012474375597,1,22.922974700364865,17.397028163318105,23.544650180005885,31.776665635126882,0.5087116536303894,0
33,48629.74978667069,103.98553210041953,6.237837578295131,71.18192885303648,0.19526360177725538,2,10.829444505745297,48.14087343515922,9.81305180819407,38.36972826309477,-0.4526979938321993,0
57,23425.10053972786,64.05136465850366,1.58225629569246,73.71443295278469,0.5073355041405664,1,12.145370905390845,23.66830784516039,13.5658197045779,27.923050041801254,0.2503713370089439,0
64,106020.78184373215,24.959376794670742,5.607390800433528,63.85153393632649,0.49778818051984586,1,16.407873846274597,103.92677227053049,15.51025531695024,23.2469545664109,-0.562643737520635,0
50,73879.69997033235,63.173609951811336,10.478629378750316,97.85550961518027,0.18920788552367665,3,13.94976301144236,74.80056491976048,12.918732845583238,36.662208357601344,1.774208045720133,1
34,62109.28536621977,77.18547012550157,9.521724789034543,61.204484847122515,0.04201527197573757,2,15.043940256289783,60.621713462504204,15.861313096822183,32.75887709598237,0.9552257642232149,1
49,59863.37179493821,120.0,10.629395603898804,52.17418758023426,0.21753062514658736,2,22.169312955584783,59.46224029889088,21.672462808827866,47.263620510169275,-0.04049821865429489,1
19,65398.022950636885,54.060240534020906,7.456421545680036,78.64031208310243,0.5525389669873451,3,22.97564195824425,65.93451814491837,23.401829717868903,33.0140726136794,0.6861901526980874,0
43,68865.67826454226,19.634935344852835,9.065774278195386,103.02648649027192,0.4536805959937626,3,28.246201974998655,68.79321535459081,28.83410296446208,23.70279495705854,-0.22256989551894404,1
25,58524.8080496494,20.23947466493094,12.631656738129276,79.22172076416936,0.37596598808697074,1,17.555881689291997,56.54289562603195,15.965747188463943,17.432596549645126,-0.5437659303852485,0
44,33903.14969840643,16.860377490886847,17.19400971057243,38.093218082293845,0.0950045316620804,3,28.998325655016544,33.92681487134475,28.663583649831903,35.450301138016634,0.09955738706113995,0
18,56523.68480132048,65.35636883426704,5.88964671096577,85.27086079289697,0.3300210066929954,1,1.0,57.93911998718136,1.6110339116479913,21.448066091319273,-1.414001118133275,0
61,25368.303330776576,49.92498405044644,8.334174391956429,37.75841126296268,0.014286343353860587,0,12.894686193136323,25.80582170955352,14.071881703304888,26.9428271389834,-1.3587263556122637,0
47,47023.62844743676,63.600854871554326,16.729307979840442,43.28046493908768,0.30740468774532503,1,18.70102365025084,46.141758355927514,19.02064489559001,40.653797862616806,-0.06196787750460705,1
57,60828.47536582023,50.707448597348495,6.651821980942214,53.63826049439492,0.6461185069199396,1,9.321714445923526,60.72548403158315,9.678928278404033,25.117205969164836,-0.30700305029838576,0
35,33912.52173446509,25.40283794790267,12.212933596745481,68.39315350789035,0.2405653148249447,2,12.573698407613124,35.27976775889313,12.39142155072832,18.200120170377318,-0.7583211899592499,0
29,61474.91889275307,93.04866788058189,9.121258498308528,47.768216313285514,0.19218588782730497,4,10.807624181182781,60.07554987688748,9.16308391425459,32.44207073247199,-2.0098245018709116,0
51,44847.359310975444,47.33742017519213,3.2075056377697297,84.45485756565759,0.4228850808840179,6,22.983461681873564,44.0224560043856,24.049874007549697,26.163330301273238,1.2333672233526645,0
59,96504.1987142578,19.149489444759894,4.731175263286126,28.975669118991874,0.11898537001220957,1,20.68379311312456,95.17438256830542,19.669064251723626,23.592070935595757,-0.8529081536502245,0
53,46742.449682596955,14.654325917665602,9.220755821670485,50.84150832087283,0.3258380901806445,3,15.828406705847694,46.54835571695395,17.13293047024133,8.868245125941042,-0.8642072891584592,0
46,62550.292650479154,120.0,9.913082666952315,57.20672136741382,0.04808356782980694,3,10.77322945602814,62.994942224278624,8.69141414835909,46.07054162149022,0.20100354661944345,1
23,64771.5537603522,58.969309995309864,9.426180626108293,37.97697880796218,0.17157483149092886,4,11.320252223744465,63.99895666599569,11.501347039338887,28.867807620344735,-1.2396965776714526,0
40,56169.52017165761,51.15606203521317,7.707964264995394,32.74978641415355,0.25058123456526227,5,8.555093938116192,56.00111604405327,7.52086925376957,22.846054433875366,-0.7712846900681425,0
40,59474.07356346721,56.23782404416402,8.006446996617097,65.13371758876517,0.48065833558512994,4,27.552450518159397,58.40570580456049,28.23670928391046,37.84818461595222,-2.121050992124558,0
43,48935.1654793173,70.7129164678926,7.16223858868225,50.01590103244318,0.3907867230224963,2,14.482629110093798,50.046850040977276,13.224805384891383,28.81149516905961,-0.9090977124180288,0
58,56224.51305637189,58.6826737779857,2.835335308969337,106.53743173485363,0.21512826440874247,0,20.14713522484493,55.626072702281824,21.126425019742157,39.3322137389578,1.7396374945109077,1
43,57041.3706681506,81.05307352260546,14.229797441354194,63.58669531515818,0.35413546027765724,3,24.427806915022312,57.95005928536605,26.052267383198565,42.80369625009022,-0.2147460007486847,1
45,68829.0117545169,75.17828194759848,14.614543790086701,40.033182044596316,0.1686562255308207,3,12.88974699740042,70.28168844961716,12.65765763755529,34.33313332927091,-1.4338207685037683,1
40,76935.92324663953,71.65854119843408,13.588394071479375,69.14161727449469,0.5631533107747503,0,7.5127507598595695,76.89482546410359,7.510351175540477,31.065650424122758,0.9446083172394498,0
39,53923.91731407297,66.17444577541241,4.599110328314509,102.5996316038447,0.6159307747846192,3,16.15558245231663,51.68629102470375,16.535232374559214,22.431601418516056,-0.6605469588876487,0
63,79789.20001998403,75.77950304391511,9.132961697946856,59.807002806703146,0.5155587335071116,1,12.464274571048513,78.74647728645104,11.423305003189396,32.119839631053594,-1.0957920129172327,0
19,54375.95469432723,34.7795190581067,3.4925257481627696,58.33361617779173,0.5756609490891895,3,8.78581863616737,53.04357002950708,9.494158799269655,8.481048567551076,0.443411102947237,0
53,37510.803182911324,18.829912967197586,6.086308116439205,70.10036415775816,0.28837267191031746,1,33.621887229680425,37.08141845597649,32.28690615856256,33.907794319334236,0.01630530749586644,0
34,46791.698012423476,69.57668008597473,14.04858610529649,80.65123172000249,0.5635690024512214,1,10.684217117753498,46.13977807506256,10.480603140790388,35.77235736329176,-0.7781369187403178,0
23,42757.77850549284,86.00015290061137,4.496121293734479,63.86132160279099,0.11486724117353486,1,24.593711783408935,42.48815143410476,22.914591818240304,42.23955645987834,0.2695305850762595,0
48,50739.89092849351,112.33008278829303,4.451053592800267,74.44800038007915,0.5343974619414955,3,22.06616079856718,51.347202462533936,21.899943731032174,43.06932013376854,-0.3869352084790202,0
31,56033.89012047708,62.302139289268325,10.505907647356388,84.77675854759951,0.710457801609899,2,29.577047012888222,56.90597636410321,29.459964121273227,44.95876491534491,-1.7611054462633646,0
47,58876.36232604847,89.17615700418744,11.496778789345377,56.980706773994285,0.3383927685829244,5,15.651198852085663,58.88213638984949,15.539102664325597,41.594528513568775,-0.2003108293954202,1
35,76088.85013239767,72.04673288781093,6.706633960124946,22.574392830782784,0.4359920028433658,7,12.105832536321234,74.6770841123749,10.88603270690961,33.2164778666335,0.008283102851269207,0
55,68388.04278318273,73.13665037296268,7.569280165005699,85.98415552181507,0.19888928072481002,1,22.123877675542506,68.80112487238029,22.1834624621625,42.0819950044207,0.278687677409481,1
64,47291.70790258988,105.7789225451311,6.883336728078166,56.85789775893468,0.46202786482358743,3,11.600431946235604,49.264688868223224,10.303530140830375,40.224773765453754,0.1150890723623585,0
61,64927.962527745636,42.44461764362235,1.073431143172363,73.84120438642525,0.2551668772798943,1,17.97313662079541,65.4688205380951,17.260650997721413,19.078578438248556,-1.0821604030875855,0
44,53771.25918241289,119.9489322238105,7.990717802119177,61.502885562262975,0.3046211605816911,1,20.716537195550444,54.11909780010931,20.250764415353235,57.755334699691346,0.08571936728664883,1
32,68954.70037433525,24.224023754764964,6.180295756118124,68.62793155066468,0.0,2,13.29688067059102,68.63420963456555,12.915183837301264,24.368153167611865,1.720915421757823,0
47,77370.62791376784,43.642748928219035,9.709619051678517,84.58294630184211,0.34652887090033063,0,22.030631503609154,75.81277359648895,22.035158484791435,27.481447247120663,-2.7813969792165802,0
24,53019.500984558406,23.942562510011232,9.055672884367706,36.90661144029031,0.30985904816513765,3,8.696282607678356,52.637227867779266,10.14733157481859,16.968173866438402,-0.4105556994264804,0
62,68895.911215237,66.82213816572134,2.448560015040848,102.73324641930972,0.39706026231353436,2,12.32544876899943,67.79848323812962,11.820594602150967,28.299686766077418,-0.9777355925117645,1
37,79869.66790840845,31.178079360835028,7.01060067510972,70.35912200883216,0.505317710374304,7,35.57058799149241,81.62098575266877,35.495299200875905,33.58549070362614,0.7314228720673959,0
56,61819.08288471263,44.8060840252582,6.231221051307394,35.079035203454154,0.13051361253446872,2,25.167872353215934,61.80326049830041,25.832370622362234,30.166504433169415,-1.750891937635727,1
57,35447.59779872051,23.145595408740697,10.099690695364023,58.185839925912944,0.32475144626277086,2,5.925563153301109,35.409769338238306,5.918048252902513,12.806115485783257,0.08884754701450759,0
29,53129.92143738119,35.29214146268857,9.342449185182744,62.43935221473295,0.34281705035984417,2,12.931172278625315,52.50881573010902,10.934040950001796,24.507428336567738,0.732832440583978,0
57,39017.05705208691,74.50611038433101,8.417564056495909,87.11020664913359,0.18599116024560988,3,7.19878373153475,39.053427309695685,6.3378861907922905,20.996421670344546,0.12368354049617512,0
30,73059.09043539337,23.915039499557185,7.458588283045041,45.46428480104736,0.3616748302582621,1,3.45471790080272,73.2722463200932,4.979918926018058,14.055013036185992,0.3345118364281975,0
63,58759.31174480037,57.31471591528043,8.769006369727588,72.13216725290866,0.606167511852744,1,21.00679888029159,58.59228753153958,20.505035833018248,29.28208853487254,2.2855331838188846,1
46,60887.05971667113,30.936433825937307,9.290343646335579,76.40215653741474,0.07056576276041998,2,20.806794763645676,61.48854627158737,22.18465404375664,26.43048684647429,1.097505189136771,0
61,87068.1896937881,33.188689301037726,5.7709606513367095,62.49528743023862,0.696821458556729,3,6.499637473491429,86.23917528995038,6.283223974721229,8.782632743417887,0.5875067855503504,0
41,68588.7728387457,71.39976845612563,6.708314012311801,26.574347595903767,0.4273675471236111,0,1.0,68.40570713486429,0.9819400202951891,20.095831014305414,0.13807128532474458,0
43,57629.738376340785,51.690540994653915,4.02691401945777,65.29811935274293,0.30690675219037367,0,1.0,58.074473261128915,0.5311794537491427,17.162380867500243,-0.9670707016419124,0
18,22576.949296295177,53.320302103205705,4.886983897412964,81.55606961587489,0.23672246925207285,1,19.728041282924796,24.594644546038264,20.380435844551783,23.60109937171909,-0.900791713302903,0
53,45657.568363958795,40.58375123371046,12.566077927608088,53.49693986943242,0.5152260261634447,2,16.740932867681778,47.34597376077655,15.216014149096223,28.54792993677006,-0.9263194873748656,0
43,42591.52967078156,72.74805968441684,8.82464005626016,63.76601769557264,0.6115497500437768,1,33.35733604827267,43.238665236571514,31.154492825507784,42.18419066930001,0.6666190579510068,1
64,51599.56438933366,18.315680164248246,9.065601016191671,61.13187904052346,0.11439819347797953,2,4.970594818350124,51.25814548124365,4.682044759591077,8.552750150202163,1.0103606516107384,0
62,32646.38418618095,16.29501251751926,8.097750087352413,47.948824439558415,0.657615421694028,6,17.420664062437243,31.354960965376332,16.711443735904886,27.426312669972305,-0.9070737630369441,0
20,66217.14376738893,27.0375348664155,1.4331555885966836,47.78225184770449,0.5661045020541317,1,13.972753173300848,65.47678634535116,13.904191105007037,12.083865226694646,0.1497588798942225,0
50,77487.10209603782,56.8023209918442,6.376720769325236,75.9062435021164,0.2888829372048702,2,14.72663673321534,77.14348004265837,15.10026573731434,21.090642746962736,-0.22421794936989334,0
28,48550.746535269835,99.23042459874199,11.704850934678479,78.57400214042848,0.20218484006377818,1,17.68220172918514,47.56637437648136,16.97638944134369,46.171377913972556,1.8174318112220367,1
24,28628.08942050802,55.68715933846029,9.803098516853238,75.5901283488001,0.2522013031880094,1,13.498294325687768,28.952359289524473,13.543723510343092,35.97577575225579,1.5115880959044006,0
18,56845.515708814986,35.0965463581331,6.457147894239271,54.45761330738055,0.526240706416325,3,16.272985048871732,53.79763037739685,15.081974821438877,26.275588483956042,1.310719065865962,1
51,50660.44492550606,64.41878953348547,10.500027517987865,63.13184338806636,0.3444002655021908,2,15.228130700939449,52.02084503025735,16.231227678527546,31.279870695044526,-1.0710539823434293,1
43,72815.1608596207,51.35134634122124,6.275585237125879,75.36791516882681,0.43321404454852896,4,16.286619510805675,72.83912678859016,15.236090562174681,25.75612024778073,0.11186861698539748,0
26,53845.350704908444,73.08161016394398,12.058333774026796,25.04167408231249,0.3947296408024376,2,16.749123580398454,53.02391479971201,19.451909980562036,37.840126274860005,-2.6001412136170168,0
29,41525.07741382012,49.71320919768824,7.043827418957612,54.4503047964687,0.30497247092571467,1,19.966219356267775,41.5535730714484,19.97696551113348,26.842269334994757,1.8527987732454125,0
63,29971.28422459244,38.55881279197927,12.770166576665456,59.30844300486502,0.2027343285326218,3,11.42259556280893,32.2066334664256,10.943919714591763,27.294769004056644,-1.794228593981292,1
36,55075.38135949777,44.358388516713354,5.988155346843335,40.9081271760698,0.414951786623511,3,16.454067248012862,54.32598526899721,15.919066460663856,28.155272505170792,0.4919291828017835,0
43,15000.0,56.455871019116664,4.228866898315826,55.38458981679606,0.4073221847261333,0,4.918804729574498,14.976729953208197,4.358116435184821,17.471956022480104,0.7402043020120456,0
53,35015.47013007623,44.626299293952925,7.771835331387694,42.7549627608381,0.5943277096161713,2,13.151835476567896,35.48346404024704,13.819511717573265,25.732219478631443,-0.654456301717259,0
59,67786.2548010838,67.82582414637218,8.64710355334069,81.72934767764019,0.4740931391680967,1,11.689767141618603,67.24772263101575,11.275728878568426,40.502355508651064,-0.34926173053318105,1
47,52057.80002348498,58.61448198207167,0.3632867234779926,36.12448395637031,0.21723148787485144,2,16.42916948390456,52.33689962774381,15.838809139826811,16.298443510683974,1.4362350102620738,0
54,54046.22182292723,34.27820874512015,6.220068252222115,62.82415580510313,0.5276356755918364,4,16.307411485264854,52.39388326200517,15.963156657491421,26.371787424423005,-0.4962843354385578,0
37,50569.03483208407,42.825138083102026,5.728401179273936,68.10274391586152,0.3334084738616079,5,22.333911591353328,48.31617374146315,22.443044667382104,35.21516993288793,0.6681001607627142,0
63,29916.562247467904,57.10800822616064,5.432880830952417,92.05074411699184,0.5291266769256346,3,24.86992001312972,31.85924300331738,26.489848709634604,30.831306355696135,-0.3949340418583818,0
51,47855.632241772204,18.636685681607567,6.932209127650545,81.93780581855751,0.35753047867651483,2,8.698744574325373,46.20090920962725,11.666568947301124,18.451166439501332,-0.8803561605560102,0
42,63110.585491192425,46.11361499665132,4.902037976703848,46.207526589778865,0.3350159714639538,2,16.76317990994505,65.41341808173372,16.119550689798228,22.983977845206603,0.2291321581688693,0
43,64162.89562873819,48.757033856917744,6.0782039940439825,104.14691595714041,0.10860729978398817,2,26.08413337294608,62.1989227326929,25.69048511411692,34.81363012466902,0.3563244830395948,1
41,36140.48998562181,23.928789597467514,8.30883814148785,85.79849597073363,0.4025838834249546,4,22.10771415588392,36.63683078463067,22.1276080073361,26.926861991881097,1.2871525730117956,0
37,56236.05039431242,40.00907718769695,5.941270959957455,78.61238166461067,0.2718857784377463,3,6.336776237988428,55.153406397317106,7.684795365920873,23.91177138917029,0.06463521616633783,0
20,71431.37917567443,21.792631726400373,12.765001879596186,23.7343511504752,0.4889744216473324,3,20.278465551691838,72.04882030215465,19.18076380718541,27.54394311614443,0.4661428289645896,0
58,59376.30039010057,10.3456912611187,4.035100314676104,57.12388724382539,0.37851213262103844,0,19.447266640976114,59.059672501342256,19.453343210851436,21.372721850533082,1.375006740174259,0
49,82096.27755955922,17.74103408295716,4.252024780887336,46.095331480833195,0.20670884697596337,4,20.306200489092976,83.03036448436441,19.85981711307192,16.265469565392273,-0.9528578619054147,0
60,55068.420104909725,32.575104760621585,4.932345895580746,83.67691361573087,0.5587973511955373,2,7.119784359872783,53.41703265295674,6.643646754839295,13.79863510100939,-1.531452992035137,0
29,25426.601839407816,42.17020824295821,9.096051124228014,62.76825604895497,0.0,0,3.009290528093411,25.81492912999372,3.4874215472676227,14.895459385996194,-0.4135672006788742,0
30,54653.55310097435,107.246918607366,3.6465566787458794,73.45810315085753,0.3670011408766497,2,28.155219655031647,56.14445253466507,28.59490140922358,34.128299156421804,-1.0426355467011124,0
30,57705.742673054025,80.08793649393508,14.462325042328692,67.16883832593672,0.2642708241067731,1,19.756986948280144,59.52550909591751,21.27119106251876,45.82256744550694,-0.13822378719234563,1
32,66928.60413102913,92.32936147567933,10.7381518772937,53.471367944028046,0.534653615526868,3,32.36086452968679,68.50651506357586,31.362212532872967,42.18355640630728,-0.0025447875959915627,1
45,63931.00204425114,17.962763721744288,7.885762733482689,17.348574019905996,0.4632235608575137,1,14.459816695127925,63.959059465736416,14.30068420465184,14.269309201833286,1.586268321319243,0
55,82182.07783613929,61.77553162509056,5.440361553325633,84.13243634008549,0.2436592328653765,1,13.252162511547898,82.2334181991844,12.641000375693922,30.02465702522779,-0.4096835519084554,1
49,65769.62312528101,9.51143058164601,8.382284065981896,49.28020098134926,0.4544334324813689,4,20.594290085539264,64.2834253986901,19.082195017145207,22.899445123093667,-1.24427279749583,0
62,58461.80836368634,14.479656681436163,5.8829509464354555,66.04275247081216,0.6155147577650768,2,13.295817723891172,56.91837014336984,13.96901392416839,10.928613245261438,-1.0386712639269482,0
23,45598.900515519315,51.0293001232011,7.1801362688795445,93.36986192006775,0.48393378365106526,2,12.22744634744263,45.44814277352624,11.237171674238084,26.452918160307576,0.8895848316394527,0
35,50746.03225042228,7.0166679835721295,12.650486948784675,61.97158979857138,0.2190435316134898,2,19.886869064017688,53.842569532699486,21.332839346989516,14.421580355072393,0.649825291658253,0
43,78414.0241966059,83.91909227786186,7.889947743999107,68.74774938980157,0.3285197382481468,2,18.781073563974026,77.16412960712131,18.4321926226871,34.27358844750409,1.078769225931486,1
50,89147.29521350304,76.24080478290496,10.219380712121565,36.378218379640984,0.3668394371435703,4,19.46570679350546,89.11979796670188,19.748584934461512,38.934373824759284,-0.0789624307736933,1
18,61375.39433464319,52.30451571313401,9.516049318825328,69.49224995017262,0.24071368168915233,2,17.582657275065493,61.67718524086281,18.651552035227986,36.580373069292854,-1.0008053992659696,0
36,58607.95845171669,45.69120401424968,12.050697899656472,73.46657910229784,0.30370690602666417,3,20.740984686821076,57.01025031416455,22.15447614166669,37.898013645330934,1.9558263707098054,0
19,51506.25766930636,30.83944237565247,6.517226985766971,78.70833539214951,0.39420593499039835,1,30.498868235985405,51.93329734007804,30.468192895294628,21.017491652227108,0.5908473624448525,0
38,59387.444511985734,80.03727831634362,12.848470046665499,20.480187680119485,0.3978664601965135,2,22.59382310727048,60.66447214107907,24.373673606636988,45.795774884952635,0.4734633205338577,0
44,56107.71634981638,44.70995187079083,15.466174671494974,63.1445971790677,0.305688589310489,2,13.760114533938783,57.653137040537366,14.728422612136354,32.63124014785818,-1.1030405439906863,0
26,46222.413844143746,15.493179747553873,6.212515448722121,57.230108450598266,0.055138163418551656,4,8.412071766557643,47.85887892418066,7.436135796353411,20.216838078395448,-1.9378026082041195,0
51,71256.09215244938,30.983522449369296,10.56652546990141,28.447096664693056,0.5615300700126646,3,9.786640852524062,71.07833561859324,10.731040305927454,23.645784879942568,1.7636101608032242,0
50,35407.155856916776,28.699348640608697,7.408066698086937,52.04316514892746,0.1759897267552003,2,24.140508111772398,36.3313902741847,22.855829745413708,15.235914311654875,0.32790195510697406,0
37,57741.93859975672,69.53081384109417,8.984007249405543,46.452957667106105,0.4466228452200298,0,18.565625756220722,55.25973647624906,18.407229128285945,30.943733069684605,-0.271539349739543,0
33,58041.01722810588,6.591401539249276,6.7489218059015785,76.91436354529995,0.2353874922598726,0,17.73758389589704,57.42752460273888,16.767392824327864,14.903708616567455,-2.3875962184683734,0
47,66868.55393630605,52.60427626604039,6.417581728123013,61.644163554140675,0.2580201907150277,3,18.37114307394938,66.45238672161267,18.53705196427242,30.25241656871917,-1.519093009890551,0
55,52247.67923045776,100.95352157042493,7.99442070610184,70.17108540765211,0.08975868315404606,2,24.09696550801933,52.16531166973056,23.42770458470431,44.81195060293385,-0.7266798467751922,1
57,37982.6832450371,72.59017713460932,6.713886414958296,85.47385647174515,0.6717917764178921,2,15.692843712284095,38.86529095228094,15.952433276343337,28.385160023956676,1.069706349929578,0
53,53290.89783547177,52.804024611079456,7.582432092096867,69.63404056269087,0.39681626714690893,1,16.550475469491722,52.31576822362036,16.236842903345217,12.611575098658108,-0.4373730344994425,0
43,36603.976120049425,30.918666712113893,5.567370228611757,76.24819266927685,0.408148062235882,5,24.823258175861273,37.51361507946976,25.56136029265646,23.728559849058815,1.4945919542176123,0
56,48646.87912693244,33.62515333936297,2.044968101854451,85.41215028265724,0.4091361504918597,3,17.1790972725999,47.55332144120295,14.896012706566692,27.08299292359454,-0.5742359816324062,0
59,41310.204308785964,37.102624945838,12.77227705827397,61.3085711564366,0.33054984575239155,4,18.82356876944913,40.04327696128053,19.922158873440146,30.96516805061957,0.7327723652028383,0
21,98458.45064901645,105.88346186871262,7.831257507472152,119.8278230707775,0.2051807330547771,2,10.95942649984797,99.76634190483027,12.090893449621401,47.21114331658748,-0.47564420138917113,0
40,16087.169192262445,19.0390537151219,6.1864575006062,64.09740875156878,0.33894186552801875,4,17.434081898183848,17.64874530511539,16.357957175672674,15.874103335027606,-2.096172465035803,0
28,33413.23800265808,40.8998830952891,3.695834113377118,64.67094322335437,0.0,0,22.447394496268316,33.7160866372527,22.648418494127622,16.738373039989725,1.111897895412296,0
56,77021.39101655106,82.48511569185389,11.35191021984855,87.93621127394657,0.2541707504143508,3,13.627413029827249,76.86730874938061,14.108104049614068,31.509339208156298,2.1744066765879775,1
36,51255.839542124406,33.14690165630298,5.50162301210117,52.610666124686055,0.2525190174669719,0,17.89601573311474,50.92171567755746,18.15835044015779,24.905910109658933,-1.393778045755234,0
48,30325.909635825265,44.43589570388197,10.69543589328263,66.63164609596198,0.36778974398921244,2,11.68931206426836,30.079414984189597,12.295470725030018,14.578754460283857,0.7623845575537286,0
46,66176.689161349,26.458174580108697,7.150040500586349,32.310594875482145,0.5737512835910903,3,13.152657744395158,66.55488915334075,13.401840526157887,16.511331083537634,0.1325890458521895,0
47,92713.49576683049,59.91104170697055,14.234125356327207,17.525336517019845,0.4698901728563689,3,16.78525306748913,88.77917860684207,17.43014961308441,44.4495255250829,-0.6874846603402386,0
45,55578.241480920035,119.62269012449356,7.024063090478415,67.65882385862962,0.20049734804028302,2,21.30051270301108,52.391773533591866,20.8210713621686,53.47452501725399,1.0296346171018156,0
41,70654.46215466746,39.12464241487361,10.508344579050704,60.201386358085664,0.492008970345913,2,19.046420972527685,71.1801617354776,18.205510692438672,25.634675416870447,-0.49564320317791827,0
46,30959.523121856557,93.87751889672336,5.920701938748339,68.62061567414318,0.15728387240071687,0,24.94254085955489,30.78074347499991,24.399704634080663,42.25592282910864,-0.12565132640314525,0
55,44547.06438921548,59.85249632984536,8.078029050894774,34.68379255568334,0.3447597866651778,2,22.85757487470294,44.358780773426844,21.80996587845437,37.02761305662839,-0.5028137922899436,0
50,58632.14495231801,25.20555502715702,14.92932745711298,83.4060721771062,0.10273784380606105,3,29.305107610436686,57.2418395616802,31.570680010277236,29.56509983765632,0.5004486933259956,0
47,58238.092481806525,30.66696226965865,7.180247447665071,95.70003336802877,0.20499382159458693,6,16.127935435958264,58.196436966780645,14.602706000156562,13.173434625017777,1.050650925257417,1
55,42909.02285876988,62.02419701024477,8.966548476106363,84.04101589360162,0.3119682685668301,0,13.393782392240237,44.07676984231595,15.143918920538459,34.27568415960499,0.8824210321370788,0
58,44536.08937673085,94.4648455397581,3.9844042001627553,45.18541873482192,0.25825263830494943,5,6.480551302449655,42.89788973744149,6.864495429576333,34.28723595412159,-0.6575432144288383,0
21,43897.569405080445,32.01349033597711,4.52021649556942,85.1579134409051,0.2374048337184937,3,15.929826260385628,45.103112670863574,15.277058219281098,20.48959445206661,-0.7369333302750312,0
57,40888.385767569154,30.641470087624796,8.488755113690443,47.45573106047806,0.42827351787316575,0,3.3434720061277083,39.99464365986095,2.1732250115106746,7.9766961619515815,-1.5364355217256638,0
38,45127.69319355851,6.746217392316375,10.116282421112818,93.06922967123495,0.49743896757849326,3,29.08258168265763,43.441698195965635,28.74113040792586,24.478301187774356,0.5404026773260893,0
49,44758.351414010554,91.91012238594779,9.534449542938944,51.52357105743591,0.1449013077956353,0,14.718470091569735,45.920679478223654,14.02591301052975,34.91522423066626,-0.7195836695722394,0
37,63028.71040708454,65.0066038787736,6.60182953098016,83.57175984852043,0.204020919534741,1,9.250342874457774,61.4535385280568,8.181203031249092,27.61164958971796,-0.05333724432937695,1
34,29513.028818032562,23.006709927841374,7.680910194526074,75.91899150313651,0.20966594532459096,0,25.309773156235686,28.64595716854279,24.603448428733323,19.28145794072835,0.47798083406014846,0
59,63822.72328654207,34.18272060776658,11.010778207929347,73.15482415964564,0.41097064986469556,1,25.503993852954103,63.91205367437314,25.794771273311735,25.973491407826554,-1.5977636731342963,0
62,86303.99356959166,41.6681345666468,6.53648302607467,69.95556087851025,0.715820140540999,1,18.7714064158676,83.90363559110139,17.62327522526312,23.275607982134588,-1.0969159199374063,0
39,57875.49332610544,47.029764626639064,8.507824604723687,48.77001217915878,0.37641519478851476,2,24.043802255477495,60.113714955223216,26.070254408301423,26.982243084439688,-0.37746092443599216,0
47,46558.15503452378,41.60037194948025,8.425588331681896,28.086307531517235,0.3188524810261015,2,31.526149154527047,43.69983951467185,32.485460023810425,34.523362525984325,1.0290620035169573,0
47,38231.438095051315,30.244386655876376,5.937695341647315,67.28194657205093,0.5622874474818217,1,20.446423620818152,38.8173087982019,20.271122143287602,29.96652854529456,0.06049002182473927,0
30,45677.33487948247,25.536773459176374,5.420720366020062,76.35092122433976,0.6351546670552327,0,15.849991843429166,46.0352419998299,16.369530513146984,15.956232494719446,0.5960147705503009,0
48,33287.396348684335,33.48870734876938,9.013195383736978,55.6716436849355,0.40008067714401946,4,8.567305787282033,33.85900106128495,7.094917976407776,21.344349405017745,-1.5527296115441038,0
56,59438.5938953053,100.10559014305841,9.996555717485144,69.97189637080798,0.3361289171008923,2,26.26944559882657,58.54037431412781,27.48528270064045,51.18288162957681,0.8933532860815417,1
24,53130.75750819135,23.979593887023096,11.651380981702587,95.51727243231996,0.6632587157760808,0,9.817902868406273,54.38524952742305,10.095720246437917,19.43496028182121,-0.45408202081520554,0
28,68587.14243539069,92.78720772326172,6.689153155102909,58.415812361383985,0.4672661558242,5,19.492367921690384,69.27594983344187,20.52012765550867,45.608321211359076,-0.24979347632495774,0
43,59855.56656615077,14.81827318398376,9.105539251134275,81.07021895069457,0.21356169869494646,1,18.729955247325208,59.854275728995106,18.131734729312246,14.517186699487105,-1.066375024696648,0
18,69425.00442395578,39.123605452262275,12.167355505661082,62.13826667969085,0.5717261564469774,2,26.527198753588475,69.18117255879167,26.0550833446767,31.3585882309378,0.6148275098568615,0
49,82210.95648998827,30.044226197446882,11.916478572146643,65.80265679312838,0.3194815854693878,0,22.211704946419133,84.21416618931498,22.394705726205334,25.954601027483235,0.3631205424908274,1
59,72644.24003503034,24.613668382898453,4.3028609266593465,39.33607338406193,0.5144846016019056,3,14.59930381359848,71.95931103869623,13.008927664177751,22.35447832065951,-1.1491766915539876,0
44,104853.6221695958,45.83410492725771,6.689426769799669,72.4265200840005,0.26496376367508834,4,20.271162279609623,103.76724346021268,21.29533510376736,27.731982885635812,-0.37005082452455074,0
29,76142.02321211148,11.169172325143936,5.909765609719144,22.4185988206007,0.0,1,15.251857261145567,74.39481324368252,14.101402159603248,11.250934335893511,1.7632225453028558,0
32,47572.11106923736,95.14527185287554,10.281165164905143,40.89663664120836,0.23728558891561155,1,16.75552231942522,45.2237829720602,16.35055337855129,49.343972615518496,0.34370463172366195,1
34,66884.39354697465,15.441444205953383,5.8723040717713895,78.7457157181987,0.41891628349112864,2,27.56864599922931,68.93475521401298,28.953906308403067,25.4599632443349,-0.14203596902027923,0
42,69705.69984430606,12.729908873385362,11.484587424733675,43.0427683319229,0.12870025543396352,3,6.6336173470657425,69.44500871800393,6.62311166091864,7.179595123530545,-0.2090575645113018,0
40,58146.744055541334,29.12027516813404,9.542578507513978,38.59773265278034,0.21383762458078626,1,11.80051049718584,57.00387347372516,13.405610505106452,22.168647030964674,0.6483675799055221,0
36,69547.43882660192,94.3163946166925,3.9855812023449326,68.01740434914485,0.3068563421780631,3,16.49542145873519,68.93540997582586,16.4764388529195,30.899730123860806,0.09969504967195363,1
22,66676.72310864495,21.36683689485008,5.014545068677398,78.2957231879651,0.5633097886281482,1,22.08474367286986,67.08786052219202,21.854918216885814,12.294870004291885,-0.2286551808524563,0
23,80279.03683411879,23.827110382187914,10.16492821121073,45.37032513125752,0.2562228917792285,1,12.697198258348346,81.41763412923082,13.839321640193628,20.189354863676595,-0.25499804010760957,0
41,54314.99286326132,26.98858609781443,8.379617324299494,84.01075559659685,0.46964485918742493,1,26.797702547249763,53.07744104138831,27.934335477109556,18.783517157976874,-0.44521632304975756,0
64,39679.23954016542,66.67368171069188,8.434018719125078,65.21487016307678,0.3596252850182624,1,22.79116877838137,38.71493404132732,21.608461935384685,37.16509285960776,0.3502961765820819,0
35,48654.57383307313,8.301951159426912,5.949412122408857,40.71165365846399,0.4771551106743473,1,15.207040117265493,45.8550641197206,14.228469789815318,15.687880860641476,1.2173102713578472,0
50,21768.99629979104,19.955777107408306,7.040087262449552,48.390876376736585,0.2736950680312329,1,8.602031657446462,23.80470570607715,9.112389574518456,18.16636008583653,-0.21300925032798523,0
19,15000.0,22.800804584628303,7.577330342724288,109.628682478661,0.48751717424279184,1,23.024238271944792,15.643937862372592,23.426295485292094,20.09141521201179,-0.4644099262444023,0
21,37206.164842079306,51.09310966086909,8.986633427057042,68.32421005459628,0.2947332708923528,2,5.204260636236382,36.56820563003268,6.736552292156071,18.245628657795535,-0.03329068285567846,0
34,46372.138169557664,38.72565627711012,11.043931031627896,83.34139245088514,0.5882096465496942,2,18.485121986743913,46.679414343573676,18.87518092498895,35.85509063585232,-1.030421417528584,0
22,43180.78422677014,76.36214062033486,5.269911162440801,78.67819215159388,0.36336996145517253,2,18.627396102302672,44.58493230181871,18.475729551397453,27.933669201027122,-1.4286618647953064,0
49,76886.44607110877,43.968629017910864,11.739690328805485,67.46845259630626,0.5792853524990145,3,19.574658608441673,79.38423155694338,17.916969935523436,37.97229519529737,0.10324451318455585,0
23,35911.78024672049,34.53973647614312,9.227234615581763,71.97535327816544,0.40353788031326926,1,8.111603562938651,37.792935506121836,7.523553094838825,22.401596130381403,1.396801306948401,0
61,33609.37926528811,81.47302955634633,5.444516921277507,84.4535089952719,0.029012830024909952,2,3.935974898335127,32.98880307368215,4.016531017555758,25.13991835503695,-0.1621812869641561,0
45,91121.58379838322,94.9489794521327,11.812794484206908,57.4239006298627,0.0,3,26.346838016265277,90.8127313860678,25.637768690329086,39.26026676753614,0.4655524389136051,1
46,27854.13864232465,52.81221036672074,6.789679073208834,100.27457960846525,0.751191883291521,3,25.984190597261183,29.21605155458482,28.275049405703427,31.02268734071431,-0.3720760290536744,0
23,69266.41014706151,58.751115005103145,12.58940470644287,85.08216920365847,0.3413086087027539,2,19.96763824957023,70.87868702674902,20.78525814813402,33.92993933508094,1.0108029934003673,0
63,53541.88797718392,29.97087828639923,9.133294031871662,68.36111076517929,0.0,3,14.199099447680155,55.565195003585366,13.863921992564922,20.50354738747558,-0.14559768174081203,0
19,15000.0,18.5099143362546,10.597203554994364,60.421088863227006,0.5132152155316947,1,17.241842543349147,14.553888259886422,17.265677655957195,25.907763752756594,-0.10172094352340419,0
46,73191.46554395772,120.0,9.373969393458466,73.09641338424144,0.45466934280741433,0,13.52631846796762,73.21637456028547,13.136566480549432,42.63362291680302,-1.209427889790751,1
45,49588.636613616254,14.644208740152258,10.237170333939558,57.68883616056641,0.2676804683033511,4,23.719411703535087,49.127743952199026,22.42401995533356,28.204994394650228,-0.11483629591403682,0
36,62357.13324813242,53.287538808207586,2.697619203331948,92.7746748589562,0.2639702133468234,1,24.298591240267616,63.04378829086141,23.626979287579065,27.88049685703455,0.989765163585765,0
38,59606.9064398194,114.26872862435705,9.041187802741804,94.44853306905267,0.47758271928113855,2,15.016481552500512,59.38164551868552,14.429409983020257,35.314115475589475,0.7868995738524204,1
47,61687.58543152396,29.54640721096881,9.789264738992882,49.44141499930289,0.0,0,17.669449529840406,59.79608426892765,15.882822857719983,25.95076627500326,0.19465857537715678,0
43,71878.85297227226,58.788296792933345,8.548921903176392,40.76849191320198,0.2632046272996676,2,17.785829343876465,71.67532088110548,17.899861535799754,29.492376303348983,0.8254332421324053,0
47,94822.85992847462,118.53173809709864,4.828578268227495,77.85724511029683,0.4596870586895674,4,19.179367703565642,94.53444625467698,19.61956369335672,50.93276258064986,0.37612160586957294,1
41,60525.197108084336,10.256857595327183,14.023531661560305,56.60861096991092,0.427974092342447,1,10.855284641212624,60.03454200600492,9.496930428575606,21.41675376299817,0.43434146739581536,0
56,52284.676254604696,46.83810839171875,14.27571811713819,73.77789511813783,0.42745476340271865,2,23.12395945023423,51.4868033231862,22.790451207682857,27.484471729273427,1.1264628068721179,0
25,71977.83139334402,45.89104498008096,5.91803734421227,19.57477893811795,0.33929343800534506,3,22.548020701147678,72.99602408176969,21.114274106297295,34.038477151377464,-1.3865300426919942,0
40,64126.581926790495,50.956979404791355,6.035393151807329,70.80848431011798,0.29358056472040117,2,26.743458267548462,63.61712835758833,25.899362250999264,36.59873067308585,2.0724369077468525,1
47,15000.0,10.972459122152852,4.930049215018222,49.21154070141949,0.06700973877756028,2,21.43748380590271,12.640171563017141,21.718938429385624,13.232780506037791,0.6937309431988711,0
55,63776.52386457426,29.45963707315312,11.87556052020331,95.34192101310586,0.27345504211627464,3,29.713527535229538,63.25794460391862,28.877460444997244,39.441576879173574,0.3183460414585741,1
56,48591.13589049659,17.42019849909217,5.953055669887206,57.88161226472624,0.0820510395827489,4,14.657287638608938,46.99191660114877,14.19924828832654,14.419438922555164,-0.5362111818098899,0
28,51338.135825437,38.21243144561738,5.072841525838481,50.06508447096878,0.2994519557768127,0,14.556664728863922,52.132106986141046,16.689069706537165,18.59327994074175,0.32271846030293344,0
20,29547.003147388794,45.98705847868911,3.843228077645315,60.01056051757409,0.5234378404694978,1,18.94306636537193,29.718231071207995,18.000370040351452,27.977110299858502,-0.9585631649291247,0
32,89839.90008052695,45.13737742252532,7.816055251715652,81.50931894757585,0.4959137882278457,1,28.372339086294623,88.9305490927555,28.195408562110636,27.2922286958168,-0.8105226370189846,0
23,64532.702815879784,53.562873670438094,6.855674406272685,77.20730602442264,0.38039068209415156,5,28.45758307579053,66.32132021400514,28.785203506733886,43.591247956061956,-1.4505007313800433,1
38,47429.42089544583,39.572711968621874,2.7623823885281285,77.2120213188859,0.4373819039212261,3,22.928103968554414,49.058216531771734,23.47596212722231,22.283334711265457,-0.36227695102102586,0
20,47938.16073277066,80.38720369222604,6.784593933596206,67.4552880827466,0.020064314771032044,1,26.422647058070485,47.811799592697554,24.70062961692213,40.595028698915556,0.0688301899067002,0
30,52136.735735519374,36.04055750669594,9.164768569359584,32.17339022126295,0.470488292268919,3,22.536352610801483,53.37968402553317,22.98750769485365,24.07729957588825,-1.1575036403585073,1
64,53547.89641683463,43.667796179938456,4.815424549339949,66.22155514882522,0.05589604307728119,0,25.950869054844517,52.99197682581845,26.692870111635642,28.224964732999545,-1.36038359143997,0
32,69651.53294790827,49.61632559803154,7.329194120892643,56.69413249430189,0.11970665304577685,4,12.88027301285908,70.77363190672425,13.170520747067105,17.678912410191515,0.49626603221706567,0
27,62462.57929405399,80.98353528384185,9.6502546616079,75.67158279678392,0.2541078359448594,1,9.957635816416623,62.67261315809105,10.584139613003117,38.267837585745156,-1.1054395622818116,1
34,46277.442631481324,93.26990890834915,9.894921421172864,53.2590078345777,0.4559074541945672,3,20.58033325932953,45.54242672255197,21.474239245182822,40.28267723882238,-0.7477720362379283,1
52,51090.80790080011,31.030079645598786,9.859613710908016,67.6810452437477,0.5050124998265006,2,22.20512088198483,49.9277939420964,21.6653257733172,27.900496045048452,-0.13308410384852754,0
53,66392.09307040441,30.302851820817327,4.926322318791638,50.67981340303728,0.19107566331988468,0,16.83794956815149,65.57993924078957,17.11545902536984,21.75812302790784,0.3090799054922472,1
59,37874.252700109784,103.68777630659652,9.828867229089997,46.08533011835868,0.4854754185811802,2,16.557160358026348,37.84540143770417,16.808532471943025,39.749883788601295,0.3130769792484354,1
40,48047.968695694304,99.98994156038329,6.5149394042081274,74.11588127802082,0.3006670192109125,1,21.368570133966983,48.20585758669036,22.807765754280915,44.060558968596965,0.06644004104318812,1
59,72728.4200744764,67.98997677772383,7.845033502664252,93.72230640545614,0.3359032529516246,1,12.091332955199334,73.98893589008928,13.383663013536987,29.753975811866674,-0.7447855123519492,0
28,55525.98875989636,96.11569735381751,9.943534173490395,40.26109953760992,0.2769746516353201,1,3.656352334587247,54.95724409725419,5.775985425734104,32.543475215756516,-0.8716249613249614,0
19,81461.45967409367,53.29650011936516,8.800237732921392,51.892236099036296,0.5729063066126829,6,18.393255099749517,82.15100383502096,17.051840944444237,27.421295660419712,0.6821330545866414,0
21,35113.84261394353,19.60144570049306,8.614260462909108,55.57132228118539,0.31777657504105306,3,15.367735798646144,34.17397380036312,13.159376812617086,29.14188425682911,0.7831459706505183,0
28,47558.40792319676,52.478706428400024,9.262644962898731,104.75049447887163,0.34863617962652566,3,18.826029024617263,46.47580991242811,19.818247540820668,37.70075176436852,-0.0954963115684066,0
58,41211.23365015126,19.14031613330963,5.931547383199143,61.11151907550524,0.21284059742510386,2,19.917206432112913,41.60662659281771,20.228962960764008,19.61289444631984,-0.4472871908899219,0
53,40234.9277805088,91.02728463664361,2.73830094145862,77.86794655294544,0.19169139523336615,2,30.713480132321315,40.24975894719849,29.905320373887985,38.998371056169574,-0.01195835224663326,1
51,69511.11420977395,89.72170110316496,11.460261666451377,66.43320273763976,0.5348223062572507,2,22.396638997885155,69.0944329459881,23.18140953941192,52.91879820965567,-0.049467745908317255,1
35,75017.28772792128,58.67889839043413,6.05087787189162,81.04552938621879,0.38890737163412736,1,12.59163537348618,75.2043981284114,13.382325766946435,23.408067993242046,0.8345527413042352,0
49,57807.26525117953,35.07474736680057,8.59647786338813,66.25089085935205,0.24423916751265237,2,17.202733815944132,57.071243799602726,18.10848493326131,32.249697118316114,-0.037468868717292395,0
37,54066.58192619231,120.0,2.6803172371329733,91.59256899716752,0.14935770665918116,3,24.844889848011128,54.90043559095411,25.173873766318017,53.735398927694234,1.18507852870018,1
21,88317.18984457271,39.42817215728115,14.611321179375581,73.20203393512578,0.6084436052232016,2,14.093615757022317,87.92304888439752,14.598957392930467,33.31848452776443,0.6324516135680971,1
25,85285.1814020178,39.315775666242985,8.573792027511438,77.1996900571634,0.8517908213278155,4,17.81505256638894,85.44675282597865,17.798675432878706,28.095268803793726,-0.32483042683454055,0
19,19261.295221946217,85.49821028592233,6.885727374195485,42.36253919362751,0.5093796995339634,0,17.30364946429768,17.127405364179186,15.6972988282978,30.265943061790967,0.19552186219314888,0
49,54933.61647798149,76.62980322539752,10.433764019605679,35.52781698927468,0.45277320176478175,3,11.058986978149171,56.769083881150216,10.764395343649014,27.49672082322636,0.5648300771005709,0
33,19965.58693449955,120.0,8.891722531726009,73.73645582166675,0.4564502041841465,1,21.918263514511114,18.86158241201669,23.697110559791717,45.972384669361276,0.5611889196349835,1
45,28635.48790044101,63.52110388667705,6.502027685332694,37.590765514078626,0.5677503377270633,2,31.255474174087226,29.25016974528968,30.7141382528367,41.82605980592518,1.0298556623407866,0
19,44497.32838025248,108.8355043739205,7.694904347751116,47.94995500057058,0.36971420254996196,3,23.69537864503275,43.71744048060817,21.62345406180949,37.29774456127537,0.3961806075723984,1
21,35676.83657050382,35.018548724502885,12.954324210700381,68.35678175830405,0.5083857213299356,3,12.524125101053581,36.8688349047996,11.286108481277324,18.90170047752451,-0.17087727438506548,0
27,67125.90893306877,53.3212786920798,12.322459166114838,85.16577048157068,0.48569942532833477,1,15.220353076409452,66.6232681367159,16.851311360178418,34.27772259094819,1.4357855715187253,1
25,48809.761831760654,34.2426630779469,5.9016603529474265,43.548229552275174,0.3542307186528987,2,19.1068112370205,49.98188208308369,20.264363283387244,23.39898109656173,-1.1572942681161689,0
63,52164.1725138837,85.15236408368432,11.629147159049484,62.48350643155817,0.24314119032061696,2,20.60699736230393,49.79479286915654,19.903046382340946,34.80516195800136,0.7522430011134701,1
43,54856.63142697579,52.59218148691682,12.320390560066869,76.00454383698312,0.6764900211351008,2,17.64077346114776,55.09254746812845,18.237023547138083,41.65138587321925,2.441179681841064,1
38,87675.97441169471,31.429804826782224,7.063120132306113,35.43474108805988,0.22028223329485944,4,15.208197406542666,89.24948047192576,16.380719421338593,19.805272108658233,1.4697531759829723,0
56,61893.73828573327,75.42367089825991,12.276354876070625,86.07650378834018,0.37962782227890596,5,9.404055507754551,61.09706649262442,8.404723480950986,25.255352115042257,-0.5802918889042757,1
53,72882.59801308924,104.81615537331106,2.595944501768172,93.97586168373142,0.37605935055690204,1,24.480150693467067,73.38595628424359,23.179916217882855,33.68868704517635,-2.8934166020389935,1
20,65867.24266517154,52.628574426267164,7.353243927718497,71.85905820382428,0.2840549766921764,3,14.113549598665873,65.74342180291721,13.63819989847903,23.910965830650188,-1.1970499759749245,0
60,78283.94572339306,17.259419415584702,7.158231017560436,63.120397668892316,0.11579148779815723,1,26.71577294257071,78.25966349920407,24.029613718787303,21.42560595923192,0.9291320933038089,1
38,57331.36387654611,38.31493046547983,6.507344209712853,95.88083684885225,0.2076604585465525,0,16.860742041226036,55.55871181858649,17.05351474736222,28.441390766902984,0.24743519296443023,0
41,55366.0233059494,39.82493655024011,10.245223471838244,51.40278176608457,0.3999645720266017,4,20.562409282022596,57.06880930352588,19.749275057119135,23.55059488217337,0.6964674866071017,0
52,79507.4132493869,8.608928262376889,8.520832583320141,64.99263134329266,0.15633815074498228,3,22.682891442703784,80.51644816664891,23.481723020934194,21.147353762524318,0.27267848794053035,0
54,59485.48572620416,8.94112455828721,5.749865603074669,55.916200120074535,0.10244550623557036,3,21.582900191257547,59.898502598558785,25.008791056540144,18.709372988851705,-0.5086567251467804,0
61,27724.003480014155,41.6465247220617,5.338474923363776,76.56379320263909,0.3445957187315316,5,26.69079274743683,27.46708166788077,26.842555048556438,26.159037513135896,0.5701621954752569,0
45,33755.944889273494,54.40986274900966,5.696978914077525,68.55244346239671,0.3859133190874455,2,20.129747471306626,35.00277006964776,20.13609636161211,28.60056297381411,0.1198499058103433,0
41,48589.12002649891,68.1534708779323,6.824785823603109,64.66394800243302,0.4951473520012989,2,20.026030302381095,46.611288422114704,20.513572379322525,31.228314723780784,0.08819278941018399,0
39,65356.02967056987,47.80876245006671,3.2965797044832517,63.69959487959555,0.15950575111950144,1,28.83354580332661,64.31308251572217,29.638586450312143,36.01243503285258,0.6396222720915963,0
44,42518.43805696352,61.11846843085327,7.361276489738375,33.244353735694126,0.19348472532417063,2,26.69183322526143,42.558090907691245,28.188449373817658,27.802563510065344,-1.0757973576506783,0
54,83344.79910757352,85.99653941188234,10.434055390974954,84.6567660346173,0.4752824051716553,2,12.726355336974505,84.15529173869268,14.176652650780696,27.382011712131597,-0.47273274865055775,1
44,63964.81101694699,78.98845615758411,9.18597564734296,40.3133016678899,0.375110126445978,6,4.340500959287551,66.02916356852978,4.1180062819136305,25.839964525236176,-1.839328558162589,0
27,51706.97385761613,29.740934035484717,2.0132729766076327,47.500400631565554,0.389590470273468,2,21.04204995982122,50.390262447556815,21.675940663660885,17.19358853776805,0.13645346120436785,0
40,34474.54259849455,58.18313312965893,3.698316697082289,101.5472605858701,0.39033619950446474,2,18.186014937348403,36.02194382040524,18.357036617177226,30.150453701218613,-0.8611181233899796,0
29,69025.56772297405,39.96211774480633,7.454954494332051,87.40453556549248,0.10918709044534533,3,20.810555900958576,68.2115711597492,20.530099514836326,31.403460305014107,0.350019379528364,0
48,67457.85564880802,43.69980059964222,9.969822085890765,66.83235188306935,0.5643501644517831,2,17.490458787984707,66.39849244399674,16.336346142650935,21.917721820950316,-0.14655483846161585,0
45,35490.503680539536,8.99349979668239,16.773505486955607,47.8052719420847,0.6843121446160451,0,15.949142795753062,36.37125996347294,15.077384665878574,18.1443853223295,0.23543978587880898,0
45,80042.47681495518,22.87840194390885,7.620987161123139,65.86541633749331,0.2245368426411044,0,2.125900323753715,79.58269618984286,0.8795220566589708,7.066485112674755,-0.3015973119080738,0
29,78244.81426102594,60.11035019877815,9.785620483409735,93.4393657442165,0.2532013739355694,3,10.913463854765748,79.4742040325649,10.802798915609506,24.915668642636923,0.6026937030639026,1
26,82770.27410169308,69.30984742843029,3.81895496996746,96.81422832913736,0.40612544625755453,1,11.912375250211447,82.66085798269712,12.614230870979782,32.23306124208946,-0.45223786841836255,1
23,55673.16164008553,33.90419772271275,8.083520146985958,82.83210029235971,0.0,1,26.389219890757516,53.298609857302885,26.08210283369109,18.834429907946213,-0.31619603921959,0
46,72943.64450771532,90.97863136343925,4.98354429298894,59.37364444489667,0.29570680508827785,2,18.728574431705376,74.04131852460836,19.265029783155395,33.19320203623627,1.3228105163945902,0
44,19321.5553115683,39.054472920415336,7.945481143197451,21.75852710960573,0.4816484742389676,5,25.75456005483585,17.752706997890233,24.38674637272161,31.31534683460949,-0.41344674238616996,0
41,63590.1232286838,54.23155408692148,11.506068670906217,73.24388949779305,0.39617275031648963,1,27.593800840832934,63.5485290987999,26.97637481777755,39.20745930085566,1.422459454362813,1
50,48556.93635082307,81.4162229683592,6.6011681593086795,45.38663488440067,0.1318266524229367,3,9.278943467033056,48.28749446815094,9.423954019151843,23.62142266645006,-0.43735674361257004,1
51,54224.341768598904,23.91976616430106,13.600584295210563,53.35199874136227,0.7136935899028682,3,10.492866080804177,54.651736915034036,9.368115846776528,18.217188608058468,0.30916617822250253,0
35,64010.069360036956,82.77056583711418,9.372046868864546,42.82214120879075,0.6341864916297351,0,14.474074392038773,63.900392093767884,14.0971702718961,34.40939857433873,0.1592178083425941,1
26,43222.935873516995,120.0,9.418723922463078,86.37996009195913,0.5865719124342449,2,30.66979920796809,43.49733997504395,29.56637382919099,56.463298157816,1.392163792649339,1
36,52452.429512157934,30.635001953077776,12.418426260620318,60.578576674598004,0.48633849553143016,1,27.59217270215326,50.63255370113307,27.00635093962006,28.086606766467355,-1.0224849282385648,1
64,37942.54773681122,38.374060773131205,6.504240189844856,78.81710827608777,0.4607381807675002,1,14.293207002000596,37.94028905514143,14.094032089077874,16.257698668568132,0.44832091570242577,0
46,41455.27386608348,58.714713789243866,11.103355733841596,72.18791073030897,0.0,0,18.063603445291072,41.833330245768785,19.30421574586142,38.031084122150794,-0.3969425109182062,1
44,35445.28282114037,37.626418712903984,5.720223343678593,45.84241618995169,0.5632388862330666,0,23.173570140827884,34.105325210096176,22.18472944923199,34.89372547177521,-0.2856110497616567,0
31,61805.84519527419,54.57887153221142,8.266866235440443,95.4994411731451,0.43086696085334425,1,28.059656770099288,62.5358740810469,28.411908147795792,42.524940613358766,-0.7960756704604968,0
57,78131.34179401357,59.440771837124544,9.060451203656356,17.055116718089955,0.3975175374304693,4,23.444148616377205,77.7615353681194,22.64999851560908,26.907131292143635,0.49345487069388644,0
33,38171.547418865004,64.99064571367536,5.854632920790344,58.449069477786495,0.49995152451160685,2,11.354107543645881,37.65752023950775,11.381843626290127,17.753973216615094,0.2513936710972424,0
35,26845.383627539963,97.56794589790283,10.918222484332183,70.95221839440426,0.10869054245208887,1,20.117961073577547,27.767046524667368,18.737061291800153,35.251515872830446,1.4512369758226698,0
26,51559.170791511395,48.71278504173762,7.730160422628369,95.84603535984289,0.6850629362270884,5,35.65508850005919,50.82871278967518,35.23800024250528,40.37403534776641,-1.4172960022759236,0
63,62533.67970803248,22.088466208286118,11.384660912523302,79.16234406223023,0.17877858069657215,2,27.61011372740244,62.92254338628051,28.511059368559565,26.95997707059736,-0.02973627585903788,0
51,59926.258569082594,15.016812697728136,9.298866870501383,54.73421991651703,0.6680875815857051,2,14.70791565060264,61.92080184195569,14.089252271662316,21.990829661792347,1.542447584571667,0
55,34330.596945729485,98.74074554517225,2.3792681303908596,71.12673825297148,0.19777084428662217,2,16.482265835948755,32.66322770724036,15.24318392056073,33.07508981670946,-0.04528850502151844,1
40,55266.28220134596,58.27529520679013,6.503403856415287,68.86656761537864,0.46704222619251007,2,4.896640797473003,55.78674314811808,3.3514832893313526,15.651309232136168,0.3827288754291004,0
29,40042.32314913304,63.37562335190081,6.67036133883213,66.78070554977997,0.4418575354602773,4,16.723127987020817,39.349297017280946,15.509372114845949,33.18699410647528,-0.02583692904482862,0
54,47620.21318393546,11.106674163961978,4.330541676468448,114.22932871781406,0.5368791052066763,3,31.168881173511497,47.15515769057756,30.068635013650976,13.658948510380364,0.7037883641846461,0
60,52766.042703901476,17.95386624939607,9.853622186210238,43.52084497397182,0.663138235088162,0,16.86563809488257,52.96337381515941,17.99012093009829,17.738334421856692,1.4484831277874515,0
42,47372.03943331759,54.18998272926844,4.354229913115002,75.82665329378135,0.32660143649801393,1,23.043473996262694,43.62811389027514,24.0871255522465,27.840447791181,-0.3406128338401816,0
37,63262.65412645672,64.16711598138326,10.020675226189596,64.80742065108163,0.43241684069959685,3,26.337483169148648,63.843525304806874,26.25202913292515,39.97727650875878,-1.7408521493584734,0
56,45968.243169851135,25.45338435824293,10.522941898239338,48.906781035051296,0.22662902696591847,2,30.012010029704776,45.308959976075776,29.920991474590707,28.576221271160787,-0.10701898503300963,0
24,82125.86396936061,52.77854270320439,7.102706003515353,44.0683322412418,0.1824461447423592,3,24.088194670902435,81.06737402313588,23.772936978566932,28.29866171277675,-1.7989883723552649,0
48,57157.30578117464,42.71121719147315,6.0979488724853885,83.16032409700236,0.15640627717497224,2,20.506432021672175,57.215357158827445,20.44604418093831,30.789846143377595,0.9291977999086195,0
35,34854.37200926643,95.72982326018796,5.939855118641445,75.72278333449296,0.4906178572233546,0,12.57409846358939,35.45013996629742,10.495139904943024,36.816005551586635,-1.3904306837469393,1
40,72606.4081933593,116.87553067662365,4.238499629269178,46.82232964823554,0.4722596858766707,0,16.504152599771693,72.24316101786273,16.22773107154866,33.16459908050861,0.34728426372122395,1
18,70394.95624618306,54.62776506552246,8.63910707420161,100.64321464747167,0.11068218181132841,2,14.924739540630286,71.25228293375092,15.505040620460282,26.259508150209992,-0.52074755416966,1
47,59814.403634525515,43.87751174830036,5.071890208768394,45.70832878816043,0.34624401056578963,1,8.539586331195958,59.73273556379991,9.79785160875845,31.169854406070318,0.012008346912290942,0
56,55041.745035483975,40.99335401362117,12.521399493705152,77.6483311185427,0.2571263167987155,2,10.810825471129291,52.253351372246335,10.554286522940652,21.2400825715141,-0.5387518029713001,0
49,61148.01911436807,42.78459345197381,9.543154930887578,42.933545369725266,0.4477504665539205,1,11.971878550395475,63.76590761107397,11.969647938520765,28.773719506054466,0.6401033272410506,0
26,70374.74699493195,54.62938062210057,13.024939995707896,96.60500211730414,0.31086416157647073,2,13.793332004645482,69.75092136520874,13.780178464299535,28.621161072244075,-0.6926578609696914,1
26,52835.74527534127,83.77391138571537,5.813570922425273,72.18422056435061,0.3383042703828876,0,14.598528916512034,54.58529994388576,12.058176703298026,29.334237976125614,-0.6652718529954836,0
52,69864.3724058403,76.86993966367181,6.293147637269859,73.51179645579738,0.5393605541680175,2,23.0938463582683,68.05315557509508,23.704453232203406,34.067421750179285,0.50549086550339,1
39,44917.26304366668,48.38530275511702,9.343365422554182,55.82279521596686,0.531224607912787,2,15.849624466743705,43.92842548730734,16.93997710842452,28.097171369951987,-1.1226823054496171,0
64,63996.32242781481,25.05740023394424,13.90737699296494,71.8181252066055,0.08880267866925523,2,6.630623978430922,62.32858430927675,5.303554288097579,9.977491854506264,0.20041699230785612,0
25,37326.745471517024,91.111717444041,8.119247266542496,40.706257494907675,0.5033819185177353,1,17.944277433656364,38.94221359972213,18.702372585733762,33.504100897321,-2.2483020933496976,0
38,61302.99708900122,80.25748594215528,2.3063967664536644,55.30327933794193,0.14604680274223525,1,32.18203772196031,57.79382201244796,31.522689435406193,44.24134529975549,1.037082577177252,0
53,65321.37299012053,88.84567537487806,6.238700441801073,38.30323408973185,0.5619261922506676,3,22.350635751254277,65.36904085754375,23.077391406146624,36.798374032740355,-0.1533495016295321,0
35,45495.303713163186,49.43463423744127,5.803449781765826,69.36893624006402,0.39201451463321474,2,16.710212666033613,44.95215827995999,18.327104279294787,27.857947517460328,0.20385575962910726,0
42,61603.83103997694,51.10185771820518,3.7459935174296985,83.54586909488835,0.3026618664964623,1,20.64024372157369,62.300894735225036,20.227602921467003,19.868329188185985,-0.7713340066344312,0
35,21953.272314317175,26.260247608912827,4.305702004304786,64.05400477866831,0.5322260275454771,2,16.351308901364835,20.74142376860064,16.93539626849839,24.376535545854047,0.8182891699570536,0
57,53365.78775241221,9.068054981275319,9.127860437575196,91.55514075255056,0.4162025514159614,4,16.7208817783073,53.60877266253592,15.81600583301362,17.456868550070357,2.1373220660596886,0
49,50464.79034702423,71.50224153154772,8.689059558573613,46.00332324110259,0.34828330092533116,3,8.901714986554417,49.178106412771044,8.178663748641984,29.613861712145763,-0.3383319775676854,0
35,66270.02287602812,13.561161226527776,0.0,95.97191513837498,0.37890493880076026,2,22.490157805989845,68.12176472570624,21.341605685955006,14.570787326096829,0.6142014781833358,0
48,54420.943851796146,23.32681909295858,9.188526111226587,99.9484818398669,0.4344755724827992,1,13.88138445090151,54.50253805819363,14.831998436229753,27.648242576074654,-0.4908590048659096,0
58,73283.1905454238,24.954216506456458,4.195864289677037,49.96943632028587,0.37971851272124935,3,17.760625554093192,75.21969516766622,17.37632312962059,13.041840104968692,-1.205694119727491,0
21,89053.62464408932,90.57973665697443,8.656683515359045,75.09200449503383,0.45807445231724825,1,21.21463467864341,90.98236074081092,20.578942256702366,44.66674997609372,-0.59737415495855,1
20,56977.93393822351,46.12042563498412,13.922166091849691,77.91316989492384,0.34864171427615864,1,18.716303329171513,58.06941601998477,19.76714311025878,35.56437874075551,0.6230024483170177,0
28,70856.27831984838,120.0,4.037100333080325,33.81697882309791,0.06732685910941544,1,15.893600252097116,72.01725401177673,13.553281594013699,42.24554522512912,-0.5128427434603582,1
21,85039.13124105328,27.683122945675485,6.674989401317643,45.58159813902638,0.19538337525932617,1,24.082237263232148,85.80044474270346,22.56565338409898,36.48497564602957,1.7326454631354204,0
44,72257.92611638672,49.23953453096741,12.737888684184282,46.00819916175198,0.298828082699601,3,20.187515640698177,72.0374466657376,21.056793359238476,36.84346737340522,0.2644653906661515,0
33,74825.45493180797,43.74338447977886,8.762360887668462,86.99073834724462,0.2564902000834215,4,22.337810049747496,74.7450699496373,21.50059828554202,31.228228973966463,-0.2041521761300652,0
30,51740.361615921254,120.0,9.809328499623488,61.87951943119967,0.06324696942877822,3,25.826693409051355,51.33983204110077,25.370470686897832,51.3667703830906,0.3550023267342264,0
28,62480.4726336009,35.446294067120895,6.447735520802187,52.30611585065409,0.24265796513421606,1,21.920320510686775,61.43603920523093,21.68496810486419,21.307807238873313,0.3860709293351025,0
50,37789.38989581364,41.00276772990004,11.07813422549481,111.13784756196596,0.21585138378055949,2,15.402725284982647,38.28349247370992,14.00126826998967,26.217124851247707,1.396609034666156,1
40,71131.95073305066,26.494956586577608,1.6665783288518696,42.965510302462434,0.5446769692884311,1,17.66798116677121,69.44971824609159,18.215559561643012,16.347274535607355,-0.1706685987059079,0
50,63365.97242545488,37.63956063229572,8.43742708240356,79.44762125500603,0.500716938645584,0,21.902868749231146,61.105724828135,20.271047759071557,23.13824759577604,-0.1084325133550223,0
30,63452.49754461377,85.32118218379878,1.6879839798437901,58.55451915311992,0.37903190822532,2,20.652884827421598,64.37907320910621,20.96749071721676,28.345934861042554,-0.12179473657457988,0
54,22946.622067147036,60.62607202959677,8.411874621843513,58.61314016680229,0.24670916210566624,4,8.30101641123614,23.165060874249537,8.977927662162477,29.685827443254652,-2.388195312814096,0
51,74137.54839633996,45.901366859749025,7.826281538178071,72.07934984678188,0.18827812826785909,0,22.17469549299696,75.59620493974339,21.128776070623132,30.65209354086495,-1.2419015582308117,1
56,83137.02497700589,68.21347182248643,9.12388177645001,65.33294321031984,0.6331032199167691,1,16.9665830747632,84.28471787240562,16.52987057115292,35.81200182778781,0.6987057620301804,1
56,80870.90100787734,64.67732195703863,5.756703304925159,80.09321979354905,0.4794945798311381,2,11.671539501468809,81.56557378195932,11.649862543066735,26.761327241353754,0.36896019714088346,1
22,64376.773630354466,38.32709467887172,9.185173360441143,73.33957382524076,0.4784627685140852,0,8.661015840860534,64.34687775311698,8.579835449459441,24.704919396216244,0.9852976895498766,0
55,79925.00323687882,48.03501513022854,8.93089266054361,53.90510943543135,0.47915536631703387,1,32.360994779555355,79.11449160794064,30.849425012967036,27.783776165127538,-0.8464249797594838,1
52,57123.92347362814,58.32364643454652,9.477891155071497,40.05824704242903,0.33515063036817144,0,5.539790953590757,56.94138356433647,6.07387108451698,21.03388987442252,1.7282406173681086,0
56,45006.27745692198,53.15270003550849,5.874507073668397,10.0,0.19546688283994357,1,27.508993792861922,45.72704824440849,27.65349262507918,38.799691567061416,0.8773692530753658,0
44,55652.31606190304,77.10094945583425,5.952648526342295,47.250922895428,0.24094333103450527,1,29.39788370121434,57.37054142396826,28.894805670540332,37.74403661584336,1.6567689271853017,0
24,43832.95254145313,55.18803814145273,6.866609204320601,57.04302004875282,0.5114547926267856,0,22.299698554939084,44.83788408742134,22.14120018163397,35.16664156909157,0.4976246101499487,0
64,87516.54797688064,80.99021173071355,5.679351724294578,48.72985853121551,0.312206451347653,3,14.584153044468328,88.09802952728,14.887816987930556,37.9730881094189,0.7049544614213761,1
28,15000.0,32.05194549524292,9.136244902988816,77.86561417286123,0.7307307701419563,1,9.924190598632839,14.68537156012711,9.476596315650848,25.590646020968858,-0.6351125235617019,0
22,60788.142246117895,76.19576229368785,7.379930716709721,53.66091147183853,0.46165208134017804,0,25.979862584362632,61.35981574548853,24.93735282821109,41.49819835821434,0.5912404384879845,1
59,41350.68271290253,35.99908708426907,9.187191909539326,111.38934246216566,0.31674189457602664,3,22.51088381890478,42.323994114497346,22.484535417589562,36.34193926232652,-0.6051121100371726,0
48,46633.13430284129,10.363226420716531,10.172031315301343,87.58665192775507,0.40018685282419236,3,25.000174142248195,45.047097771818,23.256033204370027,28.898841079378627,-0.052788305944246015,0
60,68897.83512023915,51.67855151708661,7.712943756768264,83.92624524121518,0.2125979710105698,5,15.692004116188139,70.47814552713828,15.629279692997452,26.650191068670622,0.7822145093832655,1
40,55019.311719303885,12.05642057801498,10.528087106010549,79.10864827740278,0.4766451043954584,2,10.792277115479074,55.058345608624656,11.267918741172542,21.582445093507665,1.2013240395579712,0
63,75516.43908679593,64.29872461169907,9.01602016757572,36.35018601653286,0.5552516459535505,2,21.195842196944554,76.13242585459413,20.661494564524865,26.021062340634863,1.5557419538083235,0
25,53640.83734838955,18.011466634665716,1.2195076456356233,47.531255544889035,0.3333947632210904,3,16.609757539463246,53.78609005834159,16.7986305887681,17.963309667463772,0.12977164422355295,0
61,53871.77873028665,59.06608317602953,14.663721533600603,57.519191630556975,0.5440176168632871,1,23.015337455412542,52.37262929122967,23.809203708109642,37.754678951549444,-1.456483964498243,1
54,57745.89487193267,79.14030800062174,11.06948774241446,64.29845274525353,0.3791217573229207,1,16.598476208765305,57.78908904029559,16.4604025806669,34.27606801771147,1.7467493258580624,0
42,77879.15671941765,41.650265052597426,5.381155707342678,68.90555928809829,0.4015663105413141,3,10.700503030581613,77.85033056971831,10.90622329349822,20.303206152885565,2.1972117853631707,0
54,43855.01457471197,82.88211815061665,14.395609314495427,71.98862415721283,0.1342790578833757,1,8.210211446950023,41.89079446171142,9.079977829474126,37.49618693926892,0.5600691900910163,1
30,50299.211050035854,57.476336168021376,5.079059406425385,58.95364668683417,0.3391405783407421,3,18.103672253188677,51.13361318475847,18.845315967637685,27.736330434547796,1.3012540095259597,0
63,46008.47223821634,30.90288259601683,7.967083105305909,70.69368246208838,0.7462154754805541,4,19.367323954328317,45.920162579824996,18.416306066817874,18.878352185645525,-2.309957470356824,0
19,47575.0572330849,27.38563447818729,10.171132743448617,39.733845564505614,0.4083751037409852,4,12.334853207280439,46.685177688340296,13.069346262405963,24.805250114255685,0.8900549539213063,0
26,33943.20688098615,50.68417670454382,7.837507026531859,23.335026717176355,0.34287391492126074,5,20.761217264416217,34.901464343734716,21.716416566348347,40.639751344208044,-0.314598785973436,0
41,50121.495264329205,51.05827862537927,7.4473940390233135,66.70888187670555,0.40758044868014115,2,20.75381751613351,49.94236841899501,21.784529144467456,26.41132303931628,-0.3011963242443775,0
27,63208.39087424912,70.41744244069142,10.837239440807325,90.59150158772195,0.6200247823475551,3,15.483921256530872,63.375746589233515,17.11630209080451,37.126200304840566,-1.7296390027980195,0
20,80251.93094359667,33.10632935614697,9.750976628868129,70.8038670944297,0.0,1,12.608281216586636,78.6518293835183,12.460392011129503,17.68667328758493,0.7014568200064865,1
41,63624.40280340161,68.19655628882732,12.402758774398038,54.21425612880955,0.20224624706514707,0,7.9518299492418,62.375134389549075,7.535685696034089,30.763670775705904,-1.1326814895774262,1
44,45127.49632448607,120.0,9.564590341198798,87.2708435775516,0.4438773449584535,1,25.878119247135896,45.634613639862266,26.18408547768875,46.0714521899301,-1.896208248133829,1
43,80742.70228320346,43.38414917022325,6.8050746398246345,97.13628779135624,0.2310958583948805,2,8.460650464331454,81.20660966213337,10.589666725282964,15.495948474350953,0.18885207850654018,0
23,25066.45211488627,88.67385365263273,8.973136230532857,59.350119653342745,0.4666452391870338,0,20.33550650125218,24.878762147752596,21.341385919357347,32.9465490122718,0.09392512146228368,1
36,63890.19016936143,14.13480920451998,13.501439881790102,48.86402263947571,0.3210996525435918,3,26.60893851139455,62.50627556724529,26.613099812629684,24.045507871051704,0.3831945002801352,0
26,34032.397302487145,33.41403865019382,8.291913131309371,45.68772086500794,0.5276536459224386,2,27.82032048914696,33.57779324095477,26.964856913171786,26.404789807879716,-0.5223891184423409,0
52,52954.47204356547,40.69453638432321,12.842108316690148,39.08788915329533,0.5693238741828366,1,20.216778917328988,51.89750087812785,20.155163259930536,28.97614682510783,-0.12838521990839338,0
29,31680.89256412486,90.27881768857247,11.97112068462755,98.79626847931897,0.22066557809147722,1,20.889142915484555,31.24335893161708,21.335152758752752,30.505154501181675,-0.6260964743712085,1
39,28470.493047322336,88.81068052019452,7.836342505537218,48.54828044384381,0.16770358512340922,4,6.8859471653880355,30.422068638942733,6.613183332473123,27.756101052505933,-1.3167911221896766,0
40,45530.801014804034,54.97326575254951,3.1531104607483993,65.37876474434607,0.3106575843422283,4,22.527765383777243,45.42590513476944,21.69347821633939,31.572044550771047,1.1863848788698168,0
39,86374.32151031384,22.185673184200446,6.1001044212762725,63.700792513401495,0.6154020543822656,2,13.933084077136936,86.95182662584588,13.730234422743607,8.384791505766007,1.272102529522925,0
28,61441.54371738293,47.98795967380839,4.8275046837449285,51.86798349717141,0.520036711252179,0,5.487295038988156,60.10943629616625,6.445081790222658,21.159550546832758,-1.5544239097755228,0
51,70990.10012436398,41.335089150299765,8.702726453363049,103.41269295144875,0.5536160895762534,1,14.326503011048198,70.1307812510357,15.787377442604695,13.123303517405045,1.2544477290209661,0
37,49386.77645699225,63.786366444281626,6.918688108894749,72.45764911474207,0.2868425423988562,2,13.792043486312684,49.028198342870276,14.01035941068524,20.65584078595497,0.5380289134019879,0
36,55633.0641454271,25.61191379039732,7.223521190478199,38.97458351096857,0.0,0,15.134233808920388,58.28053582742138,15.164468438761922,23.984278932917434,1.218830226169343,0
60,41834.99224757167,24.64869433693655,10.319640297657648,67.07622387843388,0.37407022725459144,2,18.43309002531383,41.28506085008686,18.27964435713897,22.8562009714511,-0.21174403572360645,0
18,45019.843955881326,63.387965339996036,12.168628529638823,109.40698185405063,0.659164441650903,2,25.035311001217515,45.49814790557451,26.57181961417457,42.71943056877244,0.7623773065003373,0
37,49561.0641576717,118.96523697748968,8.559684675071274,56.58809975074677,0.14343268424732927,2,10.170729602218314,49.77462364558795,10.848295754945552,45.517002981553226,-0.8285413313675387,1
53,71953.54335170172,50.262665537321894,14.642454367958278,79.17090423448204,0.4718683988192709,3,9.692831063121291,72.31414866537092,10.74319419576757,31.3414469281155,0.017160788399771632,0
58,61038.76714857361,54.25775739187556,2.7210111435999336,92.35129415117075,0.0,2,20.984186919024523,63.6138491006721,22.095437285673484,28.16706436160912,1.7259750251020864,0
29,42430.159216185755,13.390422924628037,9.184625525500191,66.61689931183402,0.5123044061700145,2,16.837742046317167,40.95368650531519,18.023823357084176,17.191539865990094,0.9450001040712479,0
36,52318.961331288345,51.041950177740155,17.859821747653978,56.26867459708983,0.4591037875281065,2,33.6816686018819,54.420260853878275,35.87466764270161,46.15697136452749,0.12573528934540648,1
45,40111.541850914204,39.16698777166102,7.79223749181308,65.85717245045788,0.2694742066087408,2,3.872774036726449,38.85368790603345,2.9653106676088576,14.960613857559672,0.7420277041487511,0
26,64734.595932150725,60.30884502134591,5.90035599097725,42.90691085866946,0.5857450503050603,3,8.724884184885841,62.654228479231314,9.20770816837534,22.602395049751653,1.0602720127674548,0
36,60006.5970573443,56.000985201279654,5.260911835373424,74.64808853792303,0.37667701066091014,1,12.348553863610736,61.0410723812095,11.46403009646665,17.08107464129237,-1.5305200408554043,0
34,59831.41243305636,120.0,8.361290849632114,39.78929141467778,0.38015501595117734,2,21.553576957098915,58.731993384343696,20.955624874073422,48.21907550997537,0.41310409022072797,0
63,67830.23692802944,63.62751518953901,9.369122516517665,72.23448703494581,0.6375507303667407,4,11.819208605202673,67.60914686886757,12.293927267924127,26.744302286652697,0.029227416802698022,0
58,65368.64282751678,32.098579650533146,11.530872650617603,70.15504789763395,0.469913849597396,2,30.200552211396282,65.46196193890668,29.590085216763924,30.624364472802664,-0.11033934502630362,0
19,81132.54689552491,69.53946623900507,3.98373790743,81.31413977243619,0.0,0,24.26505798544327,80.94693545899327,23.24367095987147,27.971380377610558,0.9583467946588775,1
46,42571.46932183197,23.411773450518293,5.818363795236543,28.39028185990334,0.5245709151025527,2,15.460353782508355,42.37759013454385,14.97612437165588,16.874289584589256,-0.43667209121605677,0
38,68617.29163462565,42.73834212853689,7.2309413881939815,54.73863836219321,0.5169591937233732,2,25.328201552232827,68.52228080810127,25.38840993173919,33.08166253836917,0.3739378968599423,0
34,52669.414522159364,51.654900189588076,8.259329365324358,57.56482051197443,0.08972440058199038,1,14.388610201214451,54.57585666812222,13.294523845692014,29.41178667908536,-1.0386701590872425,0
49,72010.76216172386,120.0,6.248348395401511,86.52570538480475,0.5898261757952058,1,26.110624619023845,73.21977222943086,25.68517708794172,39.35553252627328,-0.07532370374682498,1
28,47009.864237988724,13.32234071579606,11.634173424701203,48.30695044995864,0.325773879246067,6,18.5311453033948,47.38618214512278,17.524815609052794,26.585289004294925,0.5672516042896943,0
47,26972.849628265245,51.08180783983464,8.354651432189737,57.45146107989033,0.34730568956834174,2,26.272726975787222,26.553404683655437,26.404558685292745,34.11371123069469,0.22818484748751736,0
48,48457.3539602238,71.94240837820075,5.200214866353576,40.01856417821983,0.6636907375906153,1,32.59112554695423,49.033109991540115,33.473021361595016,34.62304459777768,-0.5539054334754121,1
56,44835.33593399171,100.3089276730192,7.152839127809966,83.28404502933606,0.1936901828831746,1,21.99917632075577,45.057589008741736,22.70618886775725,43.31604907701611,-0.2713366548236179,1
36,36912.81468281659,21.051846961087293,10.139174517835322,69.23532401947857,0.049592003834572296,2,9.796326336422437,40.18753221309635,10.286032209377705,18.814345765232897,0.5894634576814742,0
41,49282.09343214122,59.16818554400385,10.241451955282294,58.02466048215708,0.673591135060495,0,8.760254256695475,48.16331682737499,9.382095462078894,30.426783988644164,0.40245492142855854,0
56,75984.82447056261,29.001751502794722,10.632586457257771,43.652132088450735,0.35251055561812933,1,10.730987666880164,76.38959297539292,11.609465651180194,16.540027878873865,-1.5430924486671909,1
30,50015.335131362765,22.288966424219055,8.527074365161276,48.090535558143316,0.5925889716359519,1,1.0,51.52572893686326,-0.6304422509156118,14.73766100888911,-0.12464935249808887,0
25,67785.5987621315,76.67550804905761,9.45326260759212,41.630416890836486,0.14580065958440333,4,28.047084413756952,67.03368797272695,27.144101020078292,43.292297683844644,0.6639771976975493,1
42,79887.65963586792,52.772977344276576,4.768637463709046,60.2264873654107,0.3958358637565751,2,21.1110064580143,80.48607096313087,20.396099918433794,36.41489142305957,0.08927499134828369,1
61,73874.66801909228,46.927250893833055,7.587165855935249,52.02610215640867,0.6188434557225888,1,17.316422802274314,72.25904144391042,18.18200325237501,14.895149176435531,-0.1013431767864503,0
57,64096.822734891626,64.3774665758423,7.256554269583482,48.13938010203507,0.26514421251760034,1,16.02355807203098,67.42616832822519,16.543584148899917,36.01382041342276,-0.6416287913923269,1
53,72046.94337824866,50.27784539674187,10.711983851893972,86.2048976684091,0.34212688602268954,0,10.219925182939537,73.23685707043916,10.519106303940504,31.50527845214791,-0.9895724519702226,0
34,48461.604913368996,70.58856189145662,0.0,66.14373779240451,0.34159907135970474,3,16.658942681361776,47.184010226969754,16.78472122017625,21.655699183851908,0.7626184084385196,0
54,33194.6078572106,82.64004620150911,6.2173033288255635,98.33231601280801,0.04125126199101442,1,32.31332332470229,33.29184741047471,32.497065191116654,41.775659283579735,-0.3726529801977841,1
33,29517.6279359266,20.8349744643886,8.452099241406437,50.8284741886209,0.7302064575968901,1,16.674348201352945,26.16542512364234,15.695527101979373,24.880998291432846,0.0900709873197901,0
43,72167.53858580596,62.503969141719836,4.169390021467054,104.09693277763135,0.4051262033444761,3,19.17164271895137,72.15889813094674,18.345767683549354,25.4988648704221,0.48679933005146264,1
33,79663.73554087715,42.43595664470516,3.8312141185001085,80.8514327688936,0.47549155215374583,2,21.008036747935602,79.98702588088288,19.891614779901584,28.19699408242354,1.6790909530025857,0
50,50663.36828209679,35.31967130391406,8.650811651707526,49.238900074808896,0.0,0,29.748563941547104,52.518442990913684,30.76771619372672,28.60039903703067,-0.03792695515577334,0
61,56326.97614612436,120.0,8.92764268880221,59.43822297814108,0.5716668999685257,4,13.24340397297803,58.07546904379575,11.52541462525496,45.79119837481745,1.3320919703382297,1
27,15482.58077582324,52.15352459424167,4.9660123223565655,78.48202478522768,0.04459335346933507,3,23.791757262422223,16.356324485383706,24.651179724091296,25.250158225501586,-0.47871237043330817,0
20,68488.83966183242,40.81760135939914,10.434825606246838,22.32902450944691,0.5306541536484977,2,22.060599104463765,67.6698005877631,21.93020357386615,30.160896173439028,-0.4564001901858768,0
42,53934.04605100074,66.55799226804055,9.122505890258044,81.2887427463576,0.4481249973255267,1,5.015337448822978,54.53533438487595,5.571625143005646,21.996761242811317,0.00595420108149371,0
26,23323.430469537627,76.77193544143155,7.675641051478406,38.8107768843231,0.711527284127432,2,15.077301097503849,23.735005155085243,13.406565304077066,33.79411503016337,-0.2045730963990534,0
46,64457.897919067036,62.30402360473592,7.269482504026141,55.056725563450705,0.3798366534075844,1,27.31200632232617,64.89439773039369,28.66280402118185,30.843120895494497,0.7965128374775703,0
25,66312.2386139888,43.88091843182539,0.6121916629268949,71.45405323289395,0.25121713381467914,1,17.23541742915961,67.12878674448683,17.671728729638872,19.866248493822713,-1.9837987781883895,0
35,70455.25420572872,38.46906138386627,14.329942452492478,49.97025779060592,0.21917372578482022,3,21.097997201536604,69.77635930960984,21.113862917749923,35.22150614516888,-0.5337766314664822,0
41,53894.630838417084,58.75801113855057,11.006280349705097,58.708695962976606,0.40163428151946345,1,26.108116496021417,53.258367240923185,25.99245489493916,34.7104830510514,-0.16705732675727644,1
43,60315.05732929622,79.41830706726583,9.799455242133792,72.98986060430303,0.1497615474088239,1,16.526106313702975,59.5570214655843,15.302543157892888,39.1663081356895,-1.160150959050305,0
20,40628.80569751403,32.42913395739499,7.554198676958779,75.97047029801725,0.5279653087531797,1,16.36426818801683,40.33200322353935,18.556374746309775,16.560036216422233,-0.05001545061580383,0
60,80464.60750634546,33.732240157400305,10.59661137379821,18.5838942740923,0.343484617180021,2,21.219914243791717,79.03268646756622,19.04648733634904,14.948917442426124,0.97975466845857,1
26,50068.151599773504,29.688504446669516,5.290794932065794,82.59769333380909,0.156800709574483,2,23.4330750695978,50.15060532834622,24.963348041277037,26.205250253866023,-0.01835061096215372,0
37,78049.53549615748,53.445060246540976,4.936952434433678,51.022328837021504,0.18032854654914846,0,17.28677303801573,78.59037428603382,15.996861827985732,24.908665118702093,2.037338372168889,0
24,65452.94509398048,69.23295569868647,7.094248944908999,55.8485393783546,0.08481851448481909,1,9.708308702774966,64.87990481741733,10.729578504121527,28.118058847800445,-1.0989112677982522,0
32,52110.06847130341,120.0,13.22581568534362,30.77788013099363,0.285525794118841,1,19.71216117063544,53.318686108688794,20.548278982893976,50.61223662140659,0.47213352151245846,1
22,79087.00195053616,41.342855184282605,6.74711547642708,47.17781633142089,0.42985279628711065,0,15.502254066938749,79.3261500798001,14.79490647306368,21.72441578976315,0.3483538856957911,0
38,44724.68129828781,37.416380753240794,8.768457502649339,90.2179664193709,0.2815492121936321,0,7.582820943539826,46.86843374036506,6.895684005667875,8.322707480853623,-0.4253185171576624,0
62,62750.87225486059,31.348699114114673,4.399596556552067,32.35008270797821,0.17751141534387116,3,19.412876731228092,63.46411387361213,18.505192494464623,17.10502938398904,-0.11911676629362498,0
59,58812.57875749931,120.0,11.272038703379154,66.03530449804103,0.0,4,13.038000936827137,58.823205956089254,13.15828005953804,39.80199761002501,0.1246852144897315,1
56,54086.774987063145,89.50082171611659,5.271849770927188,95.68538364173429,0.6526491393973136,2,12.93298932119134,53.39130237550103,11.679822740053499,40.474532853498935,-0.1770272058769718,0
24,59697.67799515593,22.561145099242815,6.220248923120256,85.00996899851941,0.4324979596411017,1,25.98731405034347,59.10370346135419,27.195110586951497,14.652286853994095,0.5766810080796971,0
30,68811.29676585355,26.906214666963415,7.554663745383143,65.98131647773897,0.24899902620174447,3,12.10972844926414,70.62247072280843,13.790299451537091,19.06291059269455,-0.5877403923544335,0
38,49837.90837538633,59.38113582354948,3.5902183228869156,43.16099484114152,0.47716747954840233,1,27.58634086033018,50.007710304302854,27.439874046506528,22.099395266492298,2.0635829721708183,0
35,47751.83475845634,22.721900877412704,5.4071630081791735,62.450914100141766,0.2727128690090089,3,10.273911059680891,45.52074086594837,11.266865110430128,4.873034012680868,0.9501698658743496,0
50,52954.940290138045,43.3571918882832,8.212510905525539,62.88067681415563,0.1469894070148735,2,29.3936571062136,53.285604098622386,28.433283606274554,34.415030952357824,1.4986897872746405,0
44,46744.755487282004,27.566823682181706,7.163296051334788,51.037682759644696,0.24253891371352537,1,7.714638767271545,47.42481457333126,6.291503210391513,22.17535417166402,-0.09455006741726549,0
31,39085.618579789225,59.6707863366289,11.230853365243375,51.99793197878889,0.43242850542175193,3,17.03486929086127,40.99205723557162,17.882361339808263,30.454003121015965,-0.5786875471784674,0
38,61035.81318748286,120.0,3.608995465695828,57.28958263955566,0.2754287539210734,4,24.404333724944046,61.48148248609649,24.398566990390247,40.417504851844726,1.7300400984099547,0
42,25803.27629551304,46.7660500393567,6.146333665621829,51.088773007924395,0.12381469534969355,1,21.804059939500856,25.668605523425192,21.557126738454876,37.28555497186988,-0.6027208884576787,0
58,54323.806476010424,37.35590441229531,9.932557684240823,74.46379881506778,0.4781424675925443,2,29.421865038644132,53.450575614588,29.97263738964733,34.53837468843228,-1.3117073082574544,1
60,47407.65907347142,77.49667910155762,11.56340714335213,74.15269926011813,0.24582093567700045,3,12.21423488342418,45.578822518330796,13.23535892208399,35.61028709504452,1.1238314358430257,1
25,58215.997562804296,22.346128579850927,11.46484442559419,36.8400188069794,0.3924827552788571,1,10.981788730299169,56.05680613235265,10.71995505467493,14.414057380224023,0.9760366252415523,0
32,63446.073844704384,28.822399383095686,9.535044834692123,79.72620391671222,0.5734683288785344,1,25.700578879834428,63.00430131680155,25.57046272224902,30.097639792003037,0.14578385482012124,0
41,59675.70961998267,42.11513087717877,9.091524149375342,53.096575566116144,0.26254019653296573,1,23.663439694136255,61.0172248663035,22.16589159415251,32.404074209050776,1.5109864425341983,0
38,55055.83136554586,39.99531903353991,10.48515514419596,30.907142520127728,0.5979371062807376,1,28.131569411985495,53.79608891816494,27.356080651146392,20.362804228762137,-0.21151507601934064,1
49,78285.05825869957,82.74438963554812,12.920079445217237,72.76334422507571,0.26051934533181376,4,17.42286037093862,77.08716529001833,17.744150962199225,43.14231379734421,1.7532548138126,0
20,46064.79434678975,52.89195341031359,1.6386192388770713,68.46090995584626,0.1126058596825398,1,7.781470020222148,45.25352945394108,7.264174374264902,9.17788613256556,1.61335351245952,0
46,34277.798488941036,36.08156439989618,7.966695669525633,40.487732730966,0.111978888997782,1,14.152517948829301,33.15518763607366,13.127702644028037,19.77394423266965,0.34175957717497435,0
47,51021.71674018155,12.74352775417364,2.936159706644391,78.89845446782243,0.2398125319403355,2,10.844792479971211,51.70706617830725,12.560780828229024,3.0910805298074013,-0.7193977972238419,0
27,67422.75970564704,67.33546388558389,3.203640040321339,92.28243269028235,0.07702143962793073,1,14.977530534023135,67.82268458871378,15.26062914877252,27.327943007945432,2.2506326577682136,0
23,86769.39420747622,60.352313659271964,0.985918976636329,48.32173701326856,0.1218550126084515,0,19.961321286793133,89.68947032166287,20.38212444652337,33.256268896900764,0.9830831231680841,0
53,91850.5708072443,107.01257064401369,6.443618104033478,94.53681679852909,0.4641949058349249,2,23.381209450828464,91.93476929673203,21.589932675337426,48.70856180754362,-1.2294056595112017,1
23,62003.99019445737,35.805937747317486,14.869779857711443,58.114494504886125,0.22279630437693163,2,21.146083517563426,61.03454180049587,20.331682747573048,32.00695236673421,-2.4364894265921375,1
59,75930.70213868876,23.010376708422108,7.7401042814178345,53.82213632379305,0.2533406238144867,2,11.458747300062901,76.57039204770098,11.647578438375396,15.730965550134782,-0.9792869661953393,0
48,84121.97060876561,31.227015310090245,6.89847177770074,56.69494450997205,0.1349315817201061,1,12.468108978977224,85.13058105330185,12.71940533032485,22.02879361430354,-0.2601513016692677,0
48,47503.22109869985,47.999288382178406,4.958141666281322,69.30082109039468,0.5588587867431808,3,18.556426519946886,45.59291139396265,17.322871268889287,17.207072607266685,-0.5948636036265587,0
44,82048.78450716106,16.112654307204586,7.8746060809746,76.8598678262337,0.5690554816216181,3,11.581447469112398,82.7481872594768,12.738976167974918,21.43104624335306,0.6400373377592689,0
19,63808.290921352214,41.15511511166389,11.690207071738218,80.93663527684157,0.5891026133107466,2,7.510945303545894,64.99294920343829,7.164809477682487,22.915670686974373,-0.5647125096783265,1
54,54014.69552427781,45.41587316154024,3.670689240652318,48.54931079181249,0.2867030769192063,3,22.980899780775047,52.641428819402186,24.967123528050458,27.218389891290386,-0.5344182465443499,0
40,65734.27885866264,72.66809287160306,7.625537775795965,69.69865300491524,0.41787390001185487,0,19.363135438468642,65.69500436703235,20.75566060582218,34.66541410473055,0.17149062219754954,1
27,67604.57096184797,72.3559043879337,9.372638020078693,82.82655126111695,0.29486571267857725,4,8.970976291431413,67.7816814883509,9.472016980011666,19.865933698194635,-0.15282147697669787,0
57,21076.999488677087,63.6114833922422,9.792777699260785,21.48332899196126,0.46274666363678024,0,22.255894994111102,21.938578584335396,22.46748067914627,31.485133257887355,-1.1210648976194677,0
19,57459.84565949208,19.78430310851426,4.890499899380897,46.54887813138125,0.29651635447522606,0,20.61328048375045,58.78876229991407,20.113459835466454,15.81863593356043,0.17868150523094642,0
36,59831.307974906835,54.74154108433239,6.153012308520234,64.96847040094767,0.2549856692708007,1,15.333724307927191,60.528730427996905,13.52247797501015,27.564516029288416,-0.5920031753006952,0
58,43739.1515007018,69.35046524000668,8.369498022508223,78.96186269190018,0.23054437460361393,3,22.60363844117683,43.89574504401465,22.843971236602343,25.533721958845526,-2.6073202752478015,0
24,59043.90011078843,56.63415785140008,5.127935507380002,48.52989638873372,0.26215781597694615,2,20.68181313892211,57.93380942313086,20.95361288659578,39.73723281992346,0.7937655586648621,1
57,48961.99809225415,64.31648627646408,9.752797627392393,57.02686211365734,0.11652255524242444,2,31.510646132587084,49.334349740270184,30.487869548415052,47.27995427017359,-1.8901251140629083,1
46,41743.15880167042,29.789002012925184,8.9578288186967,79.19591312646791,0.3101701308105785,5,17.511840420198876,41.385808585558514,17.32572915791127,28.852097928230762,-0.6151300416307461,0
36,53606.50630862227,35.57668213240431,13.58907762914046,77.28587611282818,0.5019514078512616,1,13.393380518184138,54.51387154764036,14.319193122633571,34.0402769244766,-1.8136270777232808,0
28,20897.463892445034,31.227467451017375,6.211479843293571,69.12648542388574,0.6864816378618719,0,6.756479247254346,19.801495494331427,5.460771791095412,26.032917580895287,-0.11173611159612916,0
26,62986.5624715805,64.61088446837688,10.665714626185,52.54622521705619,0.1413371645226902,2,11.59492892985925,63.32902908676763,12.02897059276096,30.75798081525669,-1.9486284679713999,0
60,64915.32241669934,120.0,3.7725937760315364,47.04814540338698,0.28437279130023935,2,13.886779579996917,66.36150575872384,15.99187393570757,39.730678881311825,-0.7260644051749698,0
48,61011.68253465619,120.0,6.862833719207437,101.78423015513155,0.32892247287259185,0,16.010313421614423,62.56838180037536,16.089998494975198,45.677976735138714,-1.4214297694835112,1
21,65167.34466501379,83.39570279104085,3.5460694942171456,76.35820888212217,0.5539862682907816,0,13.134941516309972,64.45343107287638,13.259610774335915,34.021668188305085,-0.3748907331927073,0
43,47894.85824027842,68.22724933354993,7.96886557596227,85.44035277952219,0.24939852600257112,3,32.06608656556594,47.91023353369512,32.509393701266276,46.63085763557035,1.7650648205370645,1
23,45526.46695257662,114.41565900254507,10.550940058254508,79.96997996133474,0.29147511786318037,2,33.296580691606344,48.857261380125365,32.10937209628915,40.64647748963098,-0.4812322048024711,1
42,24627.577417129236,86.6658281764947,12.039159178782697,79.66336399491868,0.2577993313354456,0,15.34037426327898,23.201711057471535,14.138423321048567,39.29122577606631,0.6244156741452492,1
54,25000.74032745621,95.8316838393168,7.339018478645288,54.91024994449698,0.5660900382409064,2,28.4604831472275,25.083013155458755,29.48973005212568,40.44849183646747,0.14807379791386252,0
21,42134.599671566684,20.189439727839023,8.255553179028674,66.75651516923529,0.566466155004403,0,24.749004346938236,42.92126427047874,24.659821831270644,27.845118646847776,0.514330563900181,0
44,71244.52779128731,36.708236968141875,2.981594203654778,98.12152922753364,0.36172555072015394,2,12.154212680957738,70.66553331710179,13.03972911149005,17.21984118173237,-0.990039439492658,0
24,54762.48376854134,19.549895682148332,6.911942068676165,75.59438430176293,0.39073346308007234,1,20.417267988965424,54.18619021307365,20.5267608631948,13.427354203808534,0.061743569169317336,0
36,78575.04960652892,84.59852754205504,9.618025857957948,61.61875925406364,0.4648436783016192,4,11.929483451679078,77.5866190753342,13.352450198123645,36.467920829494446,-0.5636969783343132,1
34,68624.90160851247,71.00185322050287,7.266463024232172,87.0276715909686,0.8794192416367682,0,29.81090014741399,67.4376544798499,28.704217079583636,34.93477663330111,-0.00963153756972794,1
42,37374.87235898442,30.20489653779548,9.579606855749185,88.37824492603572,0.25531254176648904,2,14.679496097430004,36.68309839298811,14.604144199981484,21.005559414743907,-0.4200458949428881,0
34,44794.66699974864,12.721516910184455,4.614417131596412,66.1535906071214,0.31960353816023135,2,8.214557981482683,43.28015848800386,7.830937589465465,9.972592728728706,-0.5989732624568838,0
35,36041.47677099687,78.34363238448194,2.9150972949490512,140.72863528062123,0.25002651215201877,0,24.311162870897288,36.36886223858346,23.00022356584058,29.510261567065257,-0.33498900727212966,0
58,29696.68295632473,120.0,7.265409171830955,52.773882522841824,0.4512561499464889,4,17.356837419162773,30.912854922000104,17.589045078345116,43.842001969689534,-0.1593686906898622,0
58,59455.912249426525,88.03878181708454,14.507342594101253,81.33090649122784,0.5346484088520393,3,4.937133657766822,60.03187194810008,3.84439232409476,34.56549200479076,-1.0675960445037551,0
23,66791.62114179613,51.06968405493686,7.792822575336117,53.126512552075575,0.4087932816308382,1,12.91813017074577,67.89064142846448,12.866485612941892,31.388625962206415,0.7851583322829513,0
50,39309.595308575226,48.553450577460936,10.066025612369078,70.43545189434009,0.31424268205340367,2,11.849560897602881,39.82122436450923,10.993209566104643,21.04765221022428,-1.4650183357258408,0
54,73628.47512941189,32.643498732940344,5.682842849215849,90.82612370125709,0.2510838303425079,4,25.18111556085971,73.37373165397084,24.095252480657052,21.027824363439528,0.19296507365294788,0
50,70583.27667462795,69.40393764460008,5.24842652858111,79.23409039875744,0.4409943589725773,2,6.368532479964566,70.18435125450851,6.344233106688964,22.377730282047096,-0.20861437430633747,0
24,45271.143528382636,22.477578013468715,1.9215672515746451,73.27737257276664,0.37385905081939264,1,11.883849452076582,46.214732876328924,10.6980847335942,13.224649967969263,-0.3446886927211585,0
64,61269.827955466644,98.64535111097811,7.2207086822885795,58.67344923424545,0.1545137758922809,2,10.84550953693031,59.87829196801965,11.00801911003988,41.51824715584942,0.44221779280841905,1
44,38428.97054297013,90.91186545904677,10.72073650010775,27.14541359154881,0.4500163146553382,1,14.408076550265736,39.51099797570377,14.01274472812994,37.37646783557751,-0.09315452787026177,0
19,55648.68034929861,69.60561051714257,5.605418664566098,44.50536510239996,0.24000634113557184,2,35.670048471089984,54.64869288717186,34.75540206486657,42.09962532049971,-2.1836939160481905,1
59,64562.61029049159,72.345654061397,7.445266358431516,33.46163742784654,0.3195522053063433,2,18.94443379141093,64.96420509407322,21.31868418048148,37.68506261005675,-0.1531386034657618,0
26,22932.76250737903,24.321673409638652,12.060601607450842,59.09664172673615,0.4339092496156071,0,28.336738157256733,22.076440108346528,29.582687846642738,31.230238315138447,0.958075348200228,0
22,81111.8584475965,58.61003054951044,11.618790063361626,60.55661216529535,0.6012657906282932,1,43.124904910369054,78.86658764443948,41.888661575806964,44.043802481451046,-0.35232966161063406,0
29,25656.20549109249,27.07494324081964,8.774467175430049,48.56426716533765,0.37463968806024023,3,18.377414127052056,25.078399270187727,18.247637173755802,20.28294693122564,-0.8190020014859035,0
58,57055.79892808274,98.89946499900013,9.783597342087708,45.54723773739388,0.292110077590197,0,22.53712761080179,57.55623008002165,22.037364608743278,50.621033359150104,-2.882493229328355,1
52,47005.719371051746,60.08961122870037,12.797649174264018,100.92657410417887,0.26504785657242314,4,10.852031220291762,46.303784174226045,11.93624165914272,34.94528874895427,0.7621126355373036,0
51,70998.64771064743,37.88742270197009,6.418910957507867,31.393495026463768,0.6846555413189191,2,8.718036243960045,70.65822730671741,9.706614508118456,21.694771816613216,-0.15649879039789225,0
36,40238.592170390584,10.966081951053159,3.0945342346645432,38.971513298713234,0.5134137460901929,2,19.607056258732257,40.560370666395286,19.01330210217048,23.09380637958908,0.5964235433076932,0
51,47082.89075846781,17.11777606127145,7.7787860731086145,67.81197511424138,0.4088144376346569,1,23.651878355272096,46.86389084743751,23.72358063816467,18.02244476272644,-1.1420884702594227,1
39,110507.12585174787,67.96798789082823,8.931322434536721,54.81841704094363,0.4760082519849642,1,4.890842021948986,110.2667050014916,6.26235889057938,32.40590345312394,-0.4232032926007954,1
41,85680.92726133035,47.28278140869663,10.335216758096633,48.457888922382054,0.3736820803859018,1,23.57928089177753,85.74621477153748,23.383425312530232,31.23855219837394,-1.939022917544039,1
44,71089.24325239741,32.084692802311814,2.5209605357460285,56.61427886053316,0.4267573031657337,5,16.140046386414916,70.02549380338932,16.63065272047694,9.930578256112703,-0.5863857143040241,0
21,43419.98720728712,29.574306929971147,5.808473848629911,65.26380988372892,0.29650274485376826,3,19.58899194453517,43.71588759176729,20.330538331419167,17.22902680596816,0.6702973350080387,0
43,61997.17033068165,39.77533160698988,6.3392113049863505,51.748075321418206,0.15120015663752864,2,29.180179700394298,61.96913108370425,29.27531647649391,30.597388123946768,-0.8169058039302562,0
58,26750.535375397878,59.871230723063576,7.605704181774606,76.11329580703165,0.24237150962516113,2,27.193613158287054,25.850853182134795,28.81621482527992,41.134629450186054,0.9486259433075598,0
20,41893.87551782442,30.889374254011557,13.608634365558727,51.67921578699702,0.43775177298591106,3,14.04949027908568,42.530280779689065,14.119704804835653,15.168748029860113,1.0931288602177125,0
59,63390.93131613213,11.80256262552321,8.472206601039785,43.315603260795704,0.28352591056361,2,18.89800417942069,63.57195967208021,18.138300117744745,24.736663439525437,-0.048474126123985696,0
18,69681.82452893407,62.37436123145151,7.099139100086407,28.840173309469705,0.18357079981938887,0,21.108434470844934,69.19511855929044,21.86667799986583,30.620835545336597,-1.2649824180668565,0
22,49671.485593858786,65.66188230005183,5.398227060175817,69.79334251645662,0.13318621365078773,4,28.34761481635561,50.2848671721636,27.520697286597464,35.35450929854608,-0.2734755156338228,0
35,68648.90852852842,35.4073391988011,13.653793683664325,44.30701171477001,0.3410535850081454,3,11.240048683399927,66.69329659582249,10.997446948774837,28.02294643532937,-0.07868916435195762,0
43,70484.62971984512,39.756441500332,6.753501525193145,62.322437063062615,0.01604881974964628,1,25.678749208212793,69.80189770762733,25.373725338337735,20.532572485658363,0.580485219822375,1
29,38355.27140381507,120.0,2.179254211246432,42.514910516609895,0.6803833592706462,2,11.490471826713758,39.01825844716692,12.546083957060194,38.72442036531625,0.510142747071737,1
28,60032.28006724459,94.37515971368032,4.420206432430992,51.775958143153915,0.3521742572674527,0,21.528629464139875,57.11972657479291,21.69167284940453,36.47426387543723,-0.16656885915946287,0
50,54778.47328607216,35.051186684865684,7.955897407592915,46.13033839100896,0.28143499783979936,2,26.765811463257585,55.795153611544144,26.363783398287698,28.460316192241205,-1.6546873357464773,0
56,80905.86509945864,40.82146641578319,5.538800425613442,64.31659756168901,0.5809233688751909,2,18.575491570009472,79.71131174284695,17.497317395611038,35.10270367848512,0.35730152971822926,1
58,33656.41739815092,39.54917242033258,8.145606514181111,49.109091072686454,0.27973047660459405,3,18.555544714864006,32.97527492656159,19.86431725225223,27.156493213435038,-0.9801246805307877,1
29,63552.69433246055,57.75158363379974,7.278840189121903,31.5848907059176,0.5855958849720698,2,24.530014463875112,66.85938639466738,24.043272799058744,31.772814885966127,-1.0282184856061507,0
63,52776.35194668796,55.29717596565304,8.852839948597383,59.1136551211163,0.3640420589333209,1,13.110755516032564,51.60587969245137,12.206857397002528,28.022564837949155,-0.42933796757995046,0
37,91518.97830344448,58.57370000631194,7.375843684125643,93.43044053510889,0.1501197571400762,2,1.0,91.67914154491136,1.8797136076375294,32.31297783687401,0.5958195700660229,0
18,15012.131817509304,21.857897640920083,6.616259086644224,40.19243887390959,0.19506852283620932,2,22.434144993871026,14.109392712301522,22.44472815303355,29.737575137090992,0.8045058804404782,0
53,85645.50847147102,97.56847535787692,11.521317884738927,77.03183628759388,0.2577623497533741,1,30.280758976729693,86.56500219790391,30.243602398240196,53.5055301246666,2.054845987379884,1
58,52126.30244139418,94.07965055400082,5.522970182654433,57.88559334471596,0.28410461451442026,3,23.154295283648395,51.36727541480865,23.52448178242577,40.160058025075635,-0.24861916900878206,0
32,64967.62266135467,7.218294632492508,4.821245379585788,42.52811220746649,0.44281960908451035,2,17.469280136686745,67.93287510039124,18.534741834876513,14.767735653354265,1.2135550914085886,0
40,28975.111143847404,78.86951574820715,10.884420772001246,49.191726717366535,0.3630132309754458,3,27.68390750724613,26.711529769557337,27.81617932717691,36.442242836571744,-2.1273223441223026,0
21,32205.78621301631,45.79395116403574,11.441294140599906,48.37758198032541,0.16552253596986305,3,11.580189000522527,31.218445680765864,10.039991431754114,19.40976053465036,1.4953834126084915,0
18,50871.22472116451,22.557282586822257,1.542617184573361,44.264326127087244,0.33655127444724225,1,13.130362762379281,50.43588739192404,12.01862446008928,19.99105163104559,1.361455369205393,0
30,56660.46727118724,56.09223620840388,9.64215549641413,54.821132802843074,0.1948732251592975,0,8.482095118962619,57.41856272795946,8.273899128581936,29.94785250609659,-0.3636499971685166,0
18,15000.0,16.927922849751223,11.363640469596035,48.27748053408619,0.34993831184889473,1,20.37511561726845,13.982059289198073,20.593605097805234,24.24792873835129,-0.42746475656190436,0
33,43520.54161989191,89.18928669215057,7.128328756412775,74.06022958999553,0.3470863236469403,1,16.377645385291416,43.33382480903543,15.41347275896494,36.071366867338114,0.3646213555590279,0
23,47057.73497363761,36.570863458410095,6.4749614240121325,69.84183626761917,0.1692026796616734,4,20.40983854126915,49.6864452143705,20.15058526526161,19.197369777524216,0.7768528318771725,0
22,52259.87270181491,47.807651922457254,7.276289352552033,60.84747551227902,0.5557436779873941,2,13.843303517393338,52.60254202739673,13.656846238396657,29.82880116557783,-0.4701624614930115,0
28,67106.47348078174,48.841412941066366,9.624753802934473,96.48929051513637,0.5658721123333658,2,8.63436121252165,68.36130889367959,7.361618109713866,26.02170977075839,-0.2545241958023998,0
57,60611.05621402519,28.843424181108425,7.03300295039738,104.29181782845555,0.4681048958611691,2,26.122047016399186,61.67368883332688,24.94209239358287,27.609813799569356,1.6484393002910052,0
39,50421.3700037583,43.44749842934822,7.183614815998649,60.833228306291254,0.3310145846177237,0,1.720295697625339,51.51842667375907,2.174253725344164,11.365561039524707,-0.6212163881609993,0
35,33262.57120333484,60.72040913443824,7.510881025725219,72.95670248676812,0.3496559804382909,0,17.639543540961174,32.62137147240161,16.988650557339515,39.50381167505478,0.6077966070845215,0
58,26348.494674472033,91.7287293361399,8.732743050992248,100.65266172728451,0.3279650976616801,3,23.71009097521734,28.973341801691163,25.241283826519215,40.278423609333316,0.25781944176421384,0
32,56770.10481414399,108.96310473206725,8.567966291312832,85.51670933111932,0.6325368958131304,2,15.498021264111337,54.50394288104394,15.316926992674363,37.76546992429549,-0.3289717088927,0
46,81025.51445052194,20.99091535971246,11.381877872551337,80.30138464933879,0.41090680599309143,4,24.06994921435249,80.78008232765123,22.241422178618297,25.757355658634573,0.7313160388609287,0
49,55249.59413058439,58.802993829060405,8.20853518370762,55.916783592912815,0.45092774267408975,3,4.984379014252207,53.68382736499848,4.371430243502449,22.191158420417935,0.05071485113964786,0
25,71515.29241586733,73.34665515132569,5.480377078316897,49.28890698637149,0.42108591095813497,4,29.559922730580027,69.93213188300656,30.602784099970297,42.51991646816265,-0.0002734715874931759,0
32,34921.570294120145,71.57260101111548,1.1497002933275366,114.45285603781655,0.4458179212103022,2,15.054793548419585,32.94813050608608,15.240063674897446,27.27445440402868,-1.2605037970760946,0
23,71532.52048352745,81.39573952212834,2.6356798974729365,31.500656826798654,0.39553572964574313,2,20.70609003763318,73.53645945504304,19.62599405940504,27.919416692321015,-0.11251403057015143,0
45,51493.919882188784,80.18446136104299,9.871642928550518,59.27263771310906,0.0025472351855910236,0,14.696419925971568,50.903346833837055,14.484876200866895,27.561826444481643,1.534479616932142,1
25,57093.45257267568,32.36119621171165,4.73606194017175,44.335438685788574,0.006619167082097255,2,23.875272896517036,58.39172641744062,24.921352147154206,14.351305353082246,-0.3101575215103058,0
51,67000.06285916678,95.04911800793897,7.11021504609948,83.3746317011315,0.18237987317357554,3,31.5496182974069,67.72825028266443,30.498961825416096,40.74319894885977,-0.3605069990355745,1
39,68777.33523056917,33.31726312225855,7.959644643066879,70.16732580219956,0.06491632238688227,3,11.487199631788005,67.4111459667211,10.653963377628594,21.81871031985286,-0.4283414602041615,0
45,59948.67350277076,5.490587091500441,10.821024030059805,75.50620574864536,0.32158081738529876,1,24.093872798114575,57.57210278052615,24.003519232538796,15.970610589645641,0.660784806049766,0
22,62176.89704910254,52.76985961404239,3.145984232061105,91.40528602397026,0.31489601712968296,0,16.568676076777976,61.52779293655749,16.873578756283496,24.17640759254106,0.9098770646912889,1
20,61130.62142234683,47.29381149908358,13.075464157479221,55.76229459690402,0.5120934396672707,1,14.547182849705658,60.04290810367592,14.282110056231947,21.57676238580033,-0.12201969567197557,0
46,42676.905144866774,74.60734353952492,4.648510090830851,108.74114869765066,0.29174873877284513,3,19.830340708595873,43.281983442496625,20.519097006066627,32.0033217219971,-1.940290705731137,0
62,49844.58830768793,73.43619375457979,4.00781398143434,79.89364505878027,0.21710899757726407,5,18.190126494450496,48.735781041931,18.490685200860494,28.876802429357426,1.4272607113383897,0
37,55495.20606383984,32.655378812752794,12.567877532769737,74.71102880848956,0.09643071514861146,2,22.623205156584405,55.828648280877815,21.75162777209839,23.835129406121226,0.09486346893082324,1
63,84329.62544048832,35.828913334889954,7.540820826821224,31.70305862335983,0.2139271323802476,1,13.775270849480352,84.44740691229946,12.794500494945721,24.450362542357674,0.7991479657861228,1
19,34249.49442472781,50.911389042751864,10.410060291105681,104.92126491512846,0.2864606140792078,2,26.642918011597008,31.78789549716888,24.35634628111285,40.354234372437766,-0.20375522072049654,0
40,57024.413054659955,8.144876159825637,6.091250644673609,84.02982369938118,0.5530223168315536,1,7.204164832757842,58.61979799036606,6.995385343424467,9.251180837119719,1.048156347303409,0
23,73011.2950790658,19.014488564778283,10.4034709755825,95.26412915201652,0.4500418458890608,2,23.391288037054565,72.54310680970814,23.421950612984702,23.73563038096897,0.4468472173593106,0
38,67498.5329762434,44.21392232035616,6.369014845401146,69.93661078069677,0.267100787181343,3,15.67840631259681,67.42181016823123,16.33461608685723,21.459801056451838,0.46892439886959936,0
25,38881.51446582931,26.881772336850517,9.33930489612041,39.907997554288784,0.6440568363353959,1,6.1229227973391644,39.23864679554822,6.562327138361426,17.77987150948021,-1.0722120822581513,0
48,32978.469694091895,52.53893444285026,9.179151860903291,73.88439887187664,0.3177252305679581,3,9.46978920110122,33.20513672766029,8.767956571728204,27.932509434222208,-0.22953085693630093,0
33,45729.92863240962,91.63714348930351,6.3705153312610285,61.38558271182267,0.3309145280155971,1,15.989606280092392,44.43407279912964,20.46807338006003,40.736409527751434,0.48046800398419104,1
35,60587.938531602915,35.513575783405344,12.643480659065862,49.117422853093274,0.3120793437759826,2,7.705537575698127,64.22883822677089,8.217213702781473,22.3683713757228,1.4331971066756086,1
56,69676.04563305076,61.76874151435253,9.367480612635761,85.87597987030986,0.2539497108243875,4,24.689475513901364,72.5439090062621,24.40544683016759,46.15890145899991,0.8226428894368795,0
32,51535.709410163116,30.360692032929478,9.526718397021265,28.861196211987433,0.3962356318766209,2,25.510566212848264,50.595772908897565,25.802490518376636,43.32339736693359,1.717264356157938,0
64,57378.65882773463,10.274649096709387,10.433886120187639,68.15218881421313,0.25803937665322985,2,25.94097068097755,60.729256132418314,26.786567176777975,36.64883651964444,-1.059249033296156,0
31,48248.7310828517,46.73872682033426,5.880694382559828,77.60893133524723,0.16844529986777967,2,23.66386280386739,48.63694931611954,23.4819414086578,18.028681018571092,-0.5641518929818855,0
24,40499.57478856028,56.952369198403304,7.753671033899719,46.40972212418622,0.46062969268109266,0,31.02021265338893,40.38058520186059,31.867863896218825,29.17394554481747,0.02798222865943213,0
21,76804.91282523416,18.556444889322663,10.64224129098439,85.60345294389012,0.47532802560467646,0,20.075132699468853,77.86322564274438,19.91414540961621,19.861915214117367,0.9366338003284644,1
25,86286.35430783882,63.47751565108806,1.7027834064961223,33.10581998368645,0.19786828957727715,3,18.38545230205113,85.9925617174435,19.95445430041799,27.010104256982757,-0.013244673252014337,0
58,52624.00214624561,32.177194217839165,10.50319058880146,62.07071738282183,0.23099693065503007,1,31.292529737620956,54.112251253948365,29.962777319369962,37.28717039854079,-0.3669690455548795,1
57,40776.119390811495,67.16218926070391,10.560818518301634,22.448441864833995,0.22241997908229696,1,14.592519551270907,39.25985301758563,14.231960909334656,30.35113825109802,-0.5421122711113271,1
22,66828.00541109091,17.291930400119853,7.897506848503282,86.30025307330357,0.5589275181644892,0,11.028564812338908,66.077073531939,10.791999637254227,12.188295666487551,-0.4003004328256581,0
24,29241.645719372696,26.342033196144783,7.969158743573814,81.09532230745822,0.4283802551786389,4,9.109656944097114,32.51449960162328,10.336083359723615,15.197320256459546,1.6145030860862124,0
32,31611.45657568964,60.24551258630652,4.237129965807075,79.63640355142839,0.2561846157338929,1,19.875788315283206,32.06580796517487,18.868194346778743,22.980306836957322,0.45332801170035286,0
26,57858.56159863407,68.00340898682995,10.485476067543923,72.96373161796018,0.0,2,22.70080029260441,57.61284229730798,20.624571017782692,32.03134194793446,-0.5623696289398707,1
57,87501.20272869886,40.59409929408434,3.4371748326812455,87.7229487683964,0.2692118492481176,4,18.180866389832048,87.43150439299,18.878380409889598,22.15311630256309,0.18432670148946864,0
61,48447.902145883745,17.11579774629705,9.971020663341838,58.5779497670785,0.19869529808697778,1,27.058679835189174,47.31261466158433,26.228060466799924,9.817443717632571,0.9756110827568717,0
53,56325.729818551976,97.15517538692004,3.1823271260496035,54.891956816017796,0.47241235742889365,0,19.199360934624085,56.79931120106843,19.533385296324905,46.62014512219129,-0.15794026982123513,0
54,82655.41170039549,60.2042572314203,7.640232450671696,78.65119939278074,0.39504027922616425,0,13.727745290238907,82.09396167969811,14.55895037209791,30.420640918434945,-1.550491461113085,0
58,34394.95150909816,20.581762652892362,2.4174588563361166,76.4903796909685,0.5021468013457147,1,25.693453093569,34.8786783212348,26.529272948820218,22.574113525622668,-0.7173760370788952,0
38,27649.23456490087,30.647373310752062,10.127936018068377,71.23994897924727,0.3577463872713166,3,17.379247279991077,31.64572965685775,15.958404928882853,31.49542338467224,0.1002058182176552,0
18,93655.34746991856,31.40601401555853,7.615220525862013,71.42664332502132,0.24403471682553363,4,22.329208099683648,94.02652074549863,23.488520752895624,22.086022277813928,-1.376245185502922,0
60,73239.29709614781,71.8567470482633,7.007679445463568,66.60267699145817,0.30975289278150303,0,16.025740607524178,74.57757390600763,16.31214546496593,30.40727137701873,-0.7866997365109091,0
33,48303.71246067006,32.96707322324322,5.649689719831883,100.79211125031784,0.15985718012806727,2,22.883709572368595,48.898222316035564,24.680440517586877,25.212113561931186,0.39101269850437387,1
38,64504.91630944838,55.70167056047627,3.7323332369337825,28.23344487687133,0.4864848530951237,1,29.967305104902195,62.60696500490045,28.936480555519257,27.69566723276723,1.2187768115001272,0
40,71433.4246330927,69.46734892953245,4.4662589288689,66.30183542217345,0.5104199770291336,1,13.756962656765605,72.2883476627187,15.965779005709624,28.034993315842698,-0.06914899692821519,0
47,50614.41942540173,16.384322472677074,7.462440983505081,61.545075909263744,0.009748281515963186,2,24.784245747448434,50.86680770291618,24.464390628099572,23.11161647116035,-1.8619261197085009,0
48,100090.61436823069,52.81893285289275,8.779688278791832,63.08625061892532,0.21802464619338524,0,24.826395473025464,101.11513498955016,24.934743058011854,34.98282569240008,2.051651673622125,1
32,26198.771872259873,52.63763260504434,10.718049452926088,81.32012554464877,0.42214433347222485,2,17.86344120086285,23.292548568305296,19.218156271017456,36.341003106644266,-0.9050835623875243,0
32,83968.40154499802,35.3848880352392,6.480274980175873,33.51188363630027,0.1318540754841334,3,12.177498901293479,84.23693379554447,11.20687403100336,23.274997021785275,0.47448867637267056,0
40,62297.97067775289,26.90747168725279,1.6587571689598892,98.22986660062143,0.6106239015773078,4,20.25322509378313,62.89303134955055,20.87961102268786,15.593372417033983,-1.8111682305452212,0
39,58659.65875110123,49.15500884300697,6.845553229108367,60.486888938321734,0.44013821946463133,5,20.200269069825442,59.503640967616754,21.614912344415988,22.590326465765216,-0.5493093897602019,1
28,60014.9217427485,25.518103108794392,3.2538278023882157,38.93765995348505,0.4562512222992086,2,27.222546813617456,60.25384924872172,27.8270463677426,19.56642723214255,0.8388256639652055,0
63,44021.45817899761,40.297137733923286,11.429535291497821,74.6703064483238,0.23449867948622172,1,27.051600854496396,45.04127203988431,26.35297634560578,36.13392141667447,-0.5245376156990407,1
57,51923.588435112746,64.67723435234836,7.0437819842734655,16.166597126533652,0.27564247578634365,0,17.793044900648823,50.24904497627435,16.586491697602398,19.634457875693528,1.4531694647129716,0
36,46544.532332559254,51.7226848068767,6.068405215995505,38.792454650402064,0.4845979811972977,1,12.028381720791671,48.02387514650789,11.041029470131685,25.196981381134382,-0.4909199583626958,0
